year,state,district,office,county_name,county_fips,jurisdiction,precinct,candidate,party,party_abbr,votes,precinct_total_votes,candidate_vote_share,modes_used,used_total_row
2016,Indiana,9,US House,Brown,18013,Brown,Hamblen 1,Shelli Yoder,Democratic,D,235,691,0.340087,TOTAL,yes
2016,Indiana,9,US House,Brown,18013,Brown,Hamblen 1,Russell Brooksbank,Libertarian,L,49,691,0.070912,TOTAL,yes
2016,Indiana,9,US House,Brown,18013,Brown,Hamblen 1,Trey Hollingsworth,Republican,R,407,691,0.589001,TOTAL,yes
2016,Indiana,9,US House,Brown,18013,Brown,Hamblen 2,Shelli Yoder,Democratic,D,208,723,0.28769,TOTAL,yes
2016,Indiana,9,US House,Brown,18013,Brown,Hamblen 2,Russell Brooksbank,Libertarian,L,53,723,0.073306,TOTAL,yes
2016,Indiana,9,US House,Brown,18013,Brown,Hamblen 2,Trey Hollingsworth,Republican,R,462,723,0.639004,TOTAL,yes
2016,Indiana,9,US House,Brown,18013,Brown,Hamblen 3,Shelli Yoder,Democratic,D,179,623,0.287319,TOTAL,yes
2016,Indiana,9,US House,Brown,18013,Brown,Hamblen 3,Russell Brooksbank,Libertarian,L,32,623,0.051364,TOTAL,yes
2016,Indiana,9,US House,Brown,18013,Brown,Hamblen 3,Trey Hollingsworth,Republican,R,412,623,0.661316,TOTAL,yes
2016,Indiana,9,US House,Brown,18013,Brown,Jackson 1,Shelli Yoder,Democratic,D,206,660,0.312121,TOTAL,yes
2016,Indiana,9,US House,Brown,18013,Brown,Jackson 1,Russell Brooksbank,Libertarian,L,28,660,0.042424,TOTAL,yes
2016,Indiana,9,US House,Brown,18013,Brown,Jackson 1,Trey Hollingsworth,Republican,R,426,660,0.645455,TOTAL,yes
2016,Indiana,9,US House,Brown,18013,Brown,Jackson 2,Shelli Yoder,Democratic,D,192,427,0.449649,TOTAL,yes
2016,Indiana,9,US House,Brown,18013,Brown,Jackson 2,Russell Brooksbank,Libertarian,L,23,427,0.053864,TOTAL,yes
2016,Indiana,9,US House,Brown,18013,Brown,Jackson 2,Trey Hollingsworth,Republican,R,212,427,0.496487,TOTAL,yes
2016,Indiana,9,US House,Brown,18013,Brown,Jackson 3,Shelli Yoder,Democratic,D,188,527,0.356736,TOTAL,yes
2016,Indiana,9,US House,Brown,18013,Brown,Jackson 3,Russell Brooksbank,Libertarian,L,21,527,0.039848,TOTAL,yes
2016,Indiana,9,US House,Brown,18013,Brown,Jackson 3,Trey Hollingsworth,Republican,R,318,527,0.603416,TOTAL,yes
2016,Indiana,9,US House,Brown,18013,Brown,Jackson 4,Shelli Yoder,Democratic,D,237,490,0.483673,TOTAL,yes
2016,Indiana,9,US House,Brown,18013,Brown,Jackson 4,Russell Brooksbank,Libertarian,L,20,490,0.040816,TOTAL,yes
2016,Indiana,9,US House,Brown,18013,Brown,Jackson 4,Trey Hollingsworth,Republican,R,233,490,0.47551,TOTAL,yes
2016,Indiana,9,US House,Brown,18013,Brown,Van Buren,Shelli Yoder,Democratic,D,360,1006,0.357853,TOTAL,yes
2016,Indiana,9,US House,Brown,18013,Brown,Van Buren,Russell Brooksbank,Libertarian,L,74,1006,0.073559,TOTAL,yes
2016,Indiana,9,US House,Brown,18013,Brown,Van Buren,Trey Hollingsworth,Republican,R,572,1006,0.568588,TOTAL,yes
2016,Indiana,9,US House,Brown,18013,Brown,Washington 1,Shelli Yoder,Democratic,D,310,808,0.383663,TOTAL,yes
2016,Indiana,9,US House,Brown,18013,Brown,Washington 1,Russell Brooksbank,Libertarian,L,39,808,0.048267,TOTAL,yes
2016,Indiana,9,US House,Brown,18013,Brown,Washington 1,Trey Hollingsworth,Republican,R,459,808,0.568069,TOTAL,yes
2016,Indiana,9,US House,Brown,18013,Brown,Washington 2,Shelli Yoder,Democratic,D,286,648,0.441358,TOTAL,yes
2016,Indiana,9,US House,Brown,18013,Brown,Washington 2,Russell Brooksbank,Libertarian,L,39,648,0.060185,TOTAL,yes
2016,Indiana,9,US House,Brown,18013,Brown,Washington 2,Trey Hollingsworth,Republican,R,323,648,0.498457,TOTAL,yes
2016,Indiana,9,US House,Brown,18013,Brown,Washington 3,Shelli Yoder,Democratic,D,311,669,0.464873,TOTAL,yes
2016,Indiana,9,US House,Brown,18013,Brown,Washington 3,Russell Brooksbank,Libertarian,L,35,669,0.052317,TOTAL,yes
2016,Indiana,9,US House,Brown,18013,Brown,Washington 3,Trey Hollingsworth,Republican,R,323,669,0.48281,TOTAL,yes
2016,Indiana,9,US House,Brown,18013,Brown,Washington 4,Shelli Yoder,Democratic,D,324,663,0.488688,TOTAL,yes
2016,Indiana,9,US House,Brown,18013,Brown,Washington 4,Russell Brooksbank,Libertarian,L,35,663,0.05279,TOTAL,yes
2016,Indiana,9,US House,Brown,18013,Brown,Washington 4,Trey Hollingsworth,Republican,R,304,663,0.458522,TOTAL,yes
2016,Indiana,9,US House,Clark,18019,Clark,Bethlehem 01,Shelli Yoder,Democratic,D,45,159,0.283019,TOTAL,yes
2016,Indiana,9,US House,Clark,18019,Clark,Bethlehem 01,Russell Brooksbank,Libertarian,L,17,159,0.106918,TOTAL,yes
2016,Indiana,9,US House,Clark,18019,Clark,Bethlehem 01,Trey Hollingsworth,Republican,R,97,159,0.610063,TOTAL,yes
2016,Indiana,9,US House,Clark,18019,Clark,Carr 01,Shelli Yoder,Democratic,D,768,2325,0.330323,TOTAL,yes
2016,Indiana,9,US House,Clark,18019,Clark,Carr 01,Russell Brooksbank,Libertarian,L,99,2325,0.042581,TOTAL,yes
2016,Indiana,9,US House,Clark,18019,Clark,Carr 01,Trey Hollingsworth,Republican,R,1458,2325,0.627097,TOTAL,yes
2016,Indiana,9,US House,Clark,18019,Clark,Charlestown 01,Shelli Yoder,Democratic,D,321,821,0.390987,TOTAL,yes
2016,Indiana,9,US House,Clark,18019,Clark,Charlestown 01,Russell Brooksbank,Libertarian,L,65,821,0.079172,TOTAL,yes
2016,Indiana,9,US House,Clark,18019,Clark,Charlestown 01,Trey Hollingsworth,Republican,R,435,821,0.529842,TOTAL,yes
2016,Indiana,9,US House,Clark,18019,Clark,Charlestown 02,Shelli Yoder,Democratic,D,199,429,0.463869,TOTAL,yes
2016,Indiana,9,US House,Clark,18019,Clark,Charlestown 02,Russell Brooksbank,Libertarian,L,21,429,0.048951,TOTAL,yes
2016,Indiana,9,US House,Clark,18019,Clark,Charlestown 02,Trey Hollingsworth,Republican,R,209,429,0.487179,TOTAL,yes
2016,Indiana,9,US House,Clark,18019,Clark,Charlestown 03,Shelli Yoder,Democratic,D,99,199,0.497487,TOTAL,yes
2016,Indiana,9,US House,Clark,18019,Clark,Charlestown 03,Russell Brooksbank,Libertarian,L,22,199,0.110553,TOTAL,yes
2016,Indiana,9,US House,Clark,18019,Clark,Charlestown 03,Trey Hollingsworth,Republican,R,78,199,0.39196,TOTAL,yes
2016,Indiana,9,US House,Clark,18019,Clark,Charlestown 04,Shelli Yoder,Democratic,D,134,298,0.449664,TOTAL,yes
2016,Indiana,9,US House,Clark,18019,Clark,Charlestown 04,Russell Brooksbank,Libertarian,L,22,298,0.073826,TOTAL,yes
2016,Indiana,9,US House,Clark,18019,Clark,Charlestown 04,Trey Hollingsworth,Republican,R,142,298,0.47651,TOTAL,yes
2016,Indiana,9,US House,Clark,18019,Clark,Charlestown 05,Shelli Yoder,Democratic,D,171,444,0.385135,TOTAL,yes
2016,Indiana,9,US House,Clark,18019,Clark,Charlestown 05,Russell Brooksbank,Libertarian,L,24,444,0.054054,TOTAL,yes
2016,Indiana,9,US House,Clark,18019,Clark,Charlestown 05,Trey Hollingsworth,Republican,R,249,444,0.560811,TOTAL,yes
2016,Indiana,9,US House,Clark,18019,Clark,Charlestown 06,Shelli Yoder,Democratic,D,550,1640,0.335366,TOTAL,yes
2016,Indiana,9,US House,Clark,18019,Clark,Charlestown 06,Russell Brooksbank,Libertarian,L,74,1640,0.045122,TOTAL,yes
2016,Indiana,9,US House,Clark,18019,Clark,Charlestown 06,Trey Hollingsworth,Republican,R,1016,1640,0.619512,TOTAL,yes
2016,Indiana,9,US House,Clark,18019,Clark,Charlestown 07,Shelli Yoder,Democratic,D,617,1789,0.344885,TOTAL,yes
2016,Indiana,9,US House,Clark,18019,Clark,Charlestown 07,Russell Brooksbank,Libertarian,L,68,1789,0.03801,TOTAL,yes
2016,Indiana,9,US House,Clark,18019,Clark,Charlestown 07,Trey Hollingsworth,Republican,R,1104,1789,0.617105,TOTAL,yes
2016,Indiana,9,US House,Clark,18019,Clark,Charlestown 08,Shelli Yoder,Democratic,D,224,646,0.346749,TOTAL,yes
2016,Indiana,9,US House,Clark,18019,Clark,Charlestown 08,Russell Brooksbank,Libertarian,L,35,646,0.05418,TOTAL,yes
2016,Indiana,9,US House,Clark,18019,Clark,Charlestown 08,Trey Hollingsworth,Republican,R,387,646,0.599071,TOTAL,yes
2016,Indiana,9,US House,Clark,18019,Clark,Jeffersonville 01,Shelli Yoder,Democratic,D,171,311,0.549839,TOTAL,yes
2016,Indiana,9,US House,Clark,18019,Clark,Jeffersonville 01,Russell Brooksbank,Libertarian,L,8,311,0.025723,TOTAL,yes
2016,Indiana,9,US House,Clark,18019,Clark,Jeffersonville 01,Trey Hollingsworth,Republican,R,132,311,0.424437,TOTAL,yes
2016,Indiana,9,US House,Clark,18019,Clark,Jeffersonville 02,Shelli Yoder,Democratic,D,230,364,0.631868,TOTAL,yes
2016,Indiana,9,US House,Clark,18019,Clark,Jeffersonville 02,Russell Brooksbank,Libertarian,L,24,364,0.065934,TOTAL,yes
2016,Indiana,9,US House,Clark,18019,Clark,Jeffersonville 02,Trey Hollingsworth,Republican,R,110,364,0.302198,TOTAL,yes
2016,Indiana,9,US House,Clark,18019,Clark,Jeffersonville 03,Shelli Yoder,Democratic,D,430,585,0.735043,TOTAL,yes
2016,Indiana,9,US House,Clark,18019,Clark,Jeffersonville 03,Russell Brooksbank,Libertarian,L,33,585,0.05641,TOTAL,yes
2016,Indiana,9,US House,Clark,18019,Clark,Jeffersonville 03,Trey Hollingsworth,Republican,R,122,585,0.208547,TOTAL,yes
2016,Indiana,9,US House,Clark,18019,Clark,Jeffersonville 04,Shelli Yoder,Democratic,D,303,518,0.584942,TOTAL,yes
2016,Indiana,9,US House,Clark,18019,Clark,Jeffersonville 04,Russell Brooksbank,Libertarian,L,46,518,0.088803,TOTAL,yes
2016,Indiana,9,US House,Clark,18019,Clark,Jeffersonville 04,Trey Hollingsworth,Republican,R,169,518,0.326255,TOTAL,yes
2016,Indiana,9,US House,Clark,18019,Clark,Jeffersonville 05,Shelli Yoder,Democratic,D,282,477,0.591195,TOTAL,yes
2016,Indiana,9,US House,Clark,18019,Clark,Jeffersonville 05,Russell Brooksbank,Libertarian,L,34,477,0.071279,TOTAL,yes
2016,Indiana,9,US House,Clark,18019,Clark,Jeffersonville 05,Trey Hollingsworth,Republican,R,161,477,0.337526,TOTAL,yes
2016,Indiana,9,US House,Clark,18019,Clark,Jeffersonville 06,Shelli Yoder,Democratic,D,226,432,0.523148,TOTAL,yes
2016,Indiana,9,US House,Clark,18019,Clark,Jeffersonville 06,Russell Brooksbank,Libertarian,L,23,432,0.053241,TOTAL,yes
2016,Indiana,9,US House,Clark,18019,Clark,Jeffersonville 06,Trey Hollingsworth,Republican,R,183,432,0.423611,TOTAL,yes
2016,Indiana,9,US House,Clark,18019,Clark,Jeffersonville 07,Shelli Yoder,Democratic,D,358,671,0.533532,TOTAL,yes
2016,Indiana,9,US House,Clark,18019,Clark,Jeffersonville 07,Russell Brooksbank,Libertarian,L,38,671,0.056632,TOTAL,yes
2016,Indiana,9,US House,Clark,18019,Clark,Jeffersonville 07,Trey Hollingsworth,Republican,R,275,671,0.409836,TOTAL,yes
2016,Indiana,9,US House,Clark,18019,Clark,Jeffersonville 08,Shelli Yoder,Democratic,D,260,479,0.542797,TOTAL,yes
2016,Indiana,9,US House,Clark,18019,Clark,Jeffersonville 08,Russell Brooksbank,Libertarian,L,37,479,0.077244,TOTAL,yes
2016,Indiana,9,US House,Clark,18019,Clark,Jeffersonville 08,Trey Hollingsworth,Republican,R,182,479,0.379958,TOTAL,yes
2016,Indiana,9,US House,Clark,18019,Clark,Jeffersonville 09,Shelli Yoder,Democratic,D,362,641,0.564743,TOTAL,yes
2016,Indiana,9,US House,Clark,18019,Clark,Jeffersonville 09,Russell Brooksbank,Libertarian,L,43,641,0.067083,TOTAL,yes
2016,Indiana,9,US House,Clark,18019,Clark,Jeffersonville 09,Trey Hollingsworth,Republican,R,236,641,0.368175,TOTAL,yes
2016,Indiana,9,US House,Clark,18019,Clark,Jeffersonville 10,Shelli Yoder,Democratic,D,298,519,0.574181,TOTAL,yes
2016,Indiana,9,US House,Clark,18019,Clark,Jeffersonville 10,Russell Brooksbank,Libertarian,L,26,519,0.050096,TOTAL,yes
2016,Indiana,9,US House,Clark,18019,Clark,Jeffersonville 10,Trey Hollingsworth,Republican,R,195,519,0.375723,TOTAL,yes
2016,Indiana,9,US House,Clark,18019,Clark,Jeffersonville 11,Shelli Yoder,Democratic,D,329,621,0.529791,TOTAL,yes
2016,Indiana,9,US House,Clark,18019,Clark,Jeffersonville 11,Russell Brooksbank,Libertarian,L,34,621,0.05475,TOTAL,yes
2016,Indiana,9,US House,Clark,18019,Clark,Jeffersonville 11,Trey Hollingsworth,Republican,R,258,621,0.415459,TOTAL,yes
2016,Indiana,9,US House,Clark,18019,Clark,Jeffersonville 11A,Shelli Yoder,Democratic,D,128,259,0.494208,TOTAL,yes
2016,Indiana,9,US House,Clark,18019,Clark,Jeffersonville 11A,Russell Brooksbank,Libertarian,L,8,259,0.030888,TOTAL,yes
2016,Indiana,9,US House,Clark,18019,Clark,Jeffersonville 11A,Trey Hollingsworth,Republican,R,123,259,0.474903,TOTAL,yes
2016,Indiana,9,US House,Clark,18019,Clark,Jeffersonville 12,Shelli Yoder,Democratic,D,260,571,0.455342,TOTAL,yes
2016,Indiana,9,US House,Clark,18019,Clark,Jeffersonville 12,Russell Brooksbank,Libertarian,L,37,571,0.064799,TOTAL,yes
2016,Indiana,9,US House,Clark,18019,Clark,Jeffersonville 12,Trey Hollingsworth,Republican,R,274,571,0.47986,TOTAL,yes
2016,Indiana,9,US House,Clark,18019,Clark,Jeffersonville 13,Shelli Yoder,Democratic,D,416,762,0.545932,TOTAL,yes
2016,Indiana,9,US House,Clark,18019,Clark,Jeffersonville 13,Russell Brooksbank,Libertarian,L,45,762,0.059055,TOTAL,yes
2016,Indiana,9,US House,Clark,18019,Clark,Jeffersonville 13,Trey Hollingsworth,Republican,R,301,762,0.395013,TOTAL,yes
2016,Indiana,9,US House,Clark,18019,Clark,Jeffersonville 14,Shelli Yoder,Democratic,D,216,474,0.455696,TOTAL,yes
2016,Indiana,9,US House,Clark,18019,Clark,Jeffersonville 14,Russell Brooksbank,Libertarian,L,45,474,0.094937,TOTAL,yes
2016,Indiana,9,US House,Clark,18019,Clark,Jeffersonville 14,Trey Hollingsworth,Republican,R,213,474,0.449367,TOTAL,yes
2016,Indiana,9,US House,Clark,18019,Clark,Jeffersonville 15,Shelli Yoder,Democratic,D,283,648,0.436728,TOTAL,yes
2016,Indiana,9,US House,Clark,18019,Clark,Jeffersonville 15,Russell Brooksbank,Libertarian,L,32,648,0.049383,TOTAL,yes
2016,Indiana,9,US House,Clark,18019,Clark,Jeffersonville 15,Trey Hollingsworth,Republican,R,333,648,0.513889,TOTAL,yes
2016,Indiana,9,US House,Clark,18019,Clark,Jeffersonville 16,Shelli Yoder,Democratic,D,472,1050,0.449524,TOTAL,yes
2016,Indiana,9,US House,Clark,18019,Clark,Jeffersonville 16,Russell Brooksbank,Libertarian,L,45,1050,0.042857,TOTAL,yes
2016,Indiana,9,US House,Clark,18019,Clark,Jeffersonville 16,Trey Hollingsworth,Republican,R,533,1050,0.507619,TOTAL,yes
2016,Indiana,9,US House,Clark,18019,Clark,Jeffersonville 17,Shelli Yoder,Democratic,D,471,1021,0.461312,TOTAL,yes
2016,Indiana,9,US House,Clark,18019,Clark,Jeffersonville 17,Russell Brooksbank,Libertarian,L,65,1021,0.063663,TOTAL,yes
2016,Indiana,9,US House,Clark,18019,Clark,Jeffersonville 17,Trey Hollingsworth,Republican,R,485,1021,0.475024,TOTAL,yes
2016,Indiana,9,US House,Clark,18019,Clark,Jeffersonville 18,Shelli Yoder,Democratic,D,915,1860,0.491935,TOTAL,yes
2016,Indiana,9,US House,Clark,18019,Clark,Jeffersonville 18,Russell Brooksbank,Libertarian,L,81,1860,0.043548,TOTAL,yes
2016,Indiana,9,US House,Clark,18019,Clark,Jeffersonville 18,Trey Hollingsworth,Republican,R,864,1860,0.464516,TOTAL,yes
2016,Indiana,9,US House,Clark,18019,Clark,Jeffersonville 20,Shelli Yoder,Democratic,D,287,603,0.475954,TOTAL,yes
2016,Indiana,9,US House,Clark,18019,Clark,Jeffersonville 20,Russell Brooksbank,Libertarian,L,28,603,0.046434,TOTAL,yes
2016,Indiana,9,US House,Clark,18019,Clark,Jeffersonville 20,Trey Hollingsworth,Republican,R,288,603,0.477612,TOTAL,yes
2016,Indiana,9,US House,Clark,18019,Clark,Jeffersonville 21,Shelli Yoder,Democratic,D,231,454,0.508811,TOTAL,yes
2016,Indiana,9,US House,Clark,18019,Clark,Jeffersonville 21,Russell Brooksbank,Libertarian,L,24,454,0.052863,TOTAL,yes
2016,Indiana,9,US House,Clark,18019,Clark,Jeffersonville 21,Trey Hollingsworth,Republican,R,199,454,0.438326,TOTAL,yes
2016,Indiana,9,US House,Clark,18019,Clark,Jeffersonville 22,Shelli Yoder,Democratic,D,401,751,0.533955,TOTAL,yes
2016,Indiana,9,US House,Clark,18019,Clark,Jeffersonville 22,Russell Brooksbank,Libertarian,L,49,751,0.065246,TOTAL,yes
2016,Indiana,9,US House,Clark,18019,Clark,Jeffersonville 22,Trey Hollingsworth,Republican,R,301,751,0.400799,TOTAL,yes
2016,Indiana,9,US House,Clark,18019,Clark,Jeffersonville 23,Shelli Yoder,Democratic,D,389,814,0.477887,TOTAL,yes
2016,Indiana,9,US House,Clark,18019,Clark,Jeffersonville 23,Russell Brooksbank,Libertarian,L,49,814,0.060197,TOTAL,yes
2016,Indiana,9,US House,Clark,18019,Clark,Jeffersonville 23,Trey Hollingsworth,Republican,R,376,814,0.461916,TOTAL,yes
2016,Indiana,9,US House,Clark,18019,Clark,Jeffersonville 24,Shelli Yoder,Democratic,D,759,1471,0.515976,TOTAL,yes
2016,Indiana,9,US House,Clark,18019,Clark,Jeffersonville 24,Russell Brooksbank,Libertarian,L,87,1471,0.059143,TOTAL,yes
2016,Indiana,9,US House,Clark,18019,Clark,Jeffersonville 24,Trey Hollingsworth,Republican,R,625,1471,0.424881,TOTAL,yes
2016,Indiana,9,US House,Clark,18019,Clark,Jeffersonville 25,Shelli Yoder,Democratic,D,400,988,0.404858,TOTAL,yes
2016,Indiana,9,US House,Clark,18019,Clark,Jeffersonville 25,Russell Brooksbank,Libertarian,L,63,988,0.063765,TOTAL,yes
2016,Indiana,9,US House,Clark,18019,Clark,Jeffersonville 25,Trey Hollingsworth,Republican,R,525,988,0.531377,TOTAL,yes
2016,Indiana,9,US House,Clark,18019,Clark,Jeffersonville 27,Shelli Yoder,Democratic,D,110,231,0.47619,TOTAL,yes
2016,Indiana,9,US House,Clark,18019,Clark,Jeffersonville 27,Russell Brooksbank,Libertarian,L,18,231,0.077922,TOTAL,yes
2016,Indiana,9,US House,Clark,18019,Clark,Jeffersonville 27,Trey Hollingsworth,Republican,R,103,231,0.445887,TOTAL,yes
2016,Indiana,9,US House,Clark,18019,Clark,Jeffersonville 30,Shelli Yoder,Democratic,D,200,417,0.479616,TOTAL,yes
2016,Indiana,9,US House,Clark,18019,Clark,Jeffersonville 30,Russell Brooksbank,Libertarian,L,33,417,0.079137,TOTAL,yes
2016,Indiana,9,US House,Clark,18019,Clark,Jeffersonville 30,Trey Hollingsworth,Republican,R,184,417,0.441247,TOTAL,yes
2016,Indiana,9,US House,Clark,18019,Clark,Jeffersonville 31,Shelli Yoder,Democratic,D,203,421,0.482185,TOTAL,yes
2016,Indiana,9,US House,Clark,18019,Clark,Jeffersonville 31,Russell Brooksbank,Libertarian,L,28,421,0.066508,TOTAL,yes
2016,Indiana,9,US House,Clark,18019,Clark,Jeffersonville 31,Trey Hollingsworth,Republican,R,190,421,0.451306,TOTAL,yes
2016,Indiana,9,US House,Clark,18019,Clark,Jeffersonville 32,Shelli Yoder,Democratic,D,146,293,0.498294,TOTAL,yes
2016,Indiana,9,US House,Clark,18019,Clark,Jeffersonville 32,Russell Brooksbank,Libertarian,L,27,293,0.09215,TOTAL,yes
2016,Indiana,9,US House,Clark,18019,Clark,Jeffersonville 32,Trey Hollingsworth,Republican,R,120,293,0.409556,TOTAL,yes
2016,Indiana,9,US House,Clark,18019,Clark,Jeffersonville 33,Shelli Yoder,Democratic,D,231,496,0.465726,TOTAL,yes
2016,Indiana,9,US House,Clark,18019,Clark,Jeffersonville 33,Russell Brooksbank,Libertarian,L,42,496,0.084677,TOTAL,yes
2016,Indiana,9,US House,Clark,18019,Clark,Jeffersonville 33,Trey Hollingsworth,Republican,R,223,496,0.449597,TOTAL,yes
2016,Indiana,9,US House,Clark,18019,Clark,Jeffersonville 34,Shelli Yoder,Democratic,D,197,357,0.551821,TOTAL,yes
2016,Indiana,9,US House,Clark,18019,Clark,Jeffersonville 34,Russell Brooksbank,Libertarian,L,25,357,0.070028,TOTAL,yes
2016,Indiana,9,US House,Clark,18019,Clark,Jeffersonville 34,Trey Hollingsworth,Republican,R,135,357,0.378151,TOTAL,yes
2016,Indiana,9,US House,Clark,18019,Clark,Jeffersonville 35,Shelli Yoder,Democratic,D,270,524,0.515267,TOTAL,yes
2016,Indiana,9,US House,Clark,18019,Clark,Jeffersonville 35,Russell Brooksbank,Libertarian,L,47,524,0.089695,TOTAL,yes
2016,Indiana,9,US House,Clark,18019,Clark,Jeffersonville 35,Trey Hollingsworth,Republican,R,207,524,0.395038,TOTAL,yes
2016,Indiana,9,US House,Clark,18019,Clark,Jeffersonville 36,Shelli Yoder,Democratic,D,260,561,0.463458,TOTAL,yes
2016,Indiana,9,US House,Clark,18019,Clark,Jeffersonville 36,Russell Brooksbank,Libertarian,L,32,561,0.057041,TOTAL,yes
2016,Indiana,9,US House,Clark,18019,Clark,Jeffersonville 36,Trey Hollingsworth,Republican,R,269,561,0.479501,TOTAL,yes
2016,Indiana,9,US House,Clark,18019,Clark,Jeffersonville 37,Shelli Yoder,Democratic,D,377,791,0.476612,TOTAL,yes
2016,Indiana,9,US House,Clark,18019,Clark,Jeffersonville 37,Russell Brooksbank,Libertarian,L,35,791,0.044248,TOTAL,yes
2016,Indiana,9,US House,Clark,18019,Clark,Jeffersonville 37,Trey Hollingsworth,Republican,R,379,791,0.47914,TOTAL,yes
2016,Indiana,9,US House,Clark,18019,Clark,Jeffersonville 38,Shelli Yoder,Democratic,D,329,730,0.450685,TOTAL,yes
2016,Indiana,9,US House,Clark,18019,Clark,Jeffersonville 38,Russell Brooksbank,Libertarian,L,48,730,0.065753,TOTAL,yes
2016,Indiana,9,US House,Clark,18019,Clark,Jeffersonville 38,Trey Hollingsworth,Republican,R,353,730,0.483562,TOTAL,yes
2016,Indiana,9,US House,Clark,18019,Clark,Jeffersonville 39,Shelli Yoder,Democratic,D,248,519,0.477842,TOTAL,yes
2016,Indiana,9,US House,Clark,18019,Clark,Jeffersonville 39,Russell Brooksbank,Libertarian,L,50,519,0.096339,TOTAL,yes
2016,Indiana,9,US House,Clark,18019,Clark,Jeffersonville 39,Trey Hollingsworth,Republican,R,221,519,0.425819,TOTAL,yes
2016,Indiana,9,US House,Clark,18019,Clark,Jeffersonville 40,Shelli Yoder,Democratic,D,366,786,0.465649,TOTAL,yes
2016,Indiana,9,US House,Clark,18019,Clark,Jeffersonville 40,Russell Brooksbank,Libertarian,L,57,786,0.072519,TOTAL,yes
2016,Indiana,9,US House,Clark,18019,Clark,Jeffersonville 40,Trey Hollingsworth,Republican,R,363,786,0.461832,TOTAL,yes
2016,Indiana,9,US House,Clark,18019,Clark,Jeffersonville 41,Shelli Yoder,Democratic,D,206,439,0.469248,TOTAL,yes
2016,Indiana,9,US House,Clark,18019,Clark,Jeffersonville 41,Russell Brooksbank,Libertarian,L,42,439,0.095672,TOTAL,yes
2016,Indiana,9,US House,Clark,18019,Clark,Jeffersonville 41,Trey Hollingsworth,Republican,R,191,439,0.43508,TOTAL,yes
2016,Indiana,9,US House,Clark,18019,Clark,Jeffersonville 42,Shelli Yoder,Democratic,D,255,604,0.422185,TOTAL,yes
2016,Indiana,9,US House,Clark,18019,Clark,Jeffersonville 42,Russell Brooksbank,Libertarian,L,50,604,0.082781,TOTAL,yes
2016,Indiana,9,US House,Clark,18019,Clark,Jeffersonville 42,Trey Hollingsworth,Republican,R,299,604,0.495033,TOTAL,yes
2016,Indiana,9,US House,Clark,18019,Clark,Monroe 01,Shelli Yoder,Democratic,D,239,726,0.329201,TOTAL,yes
2016,Indiana,9,US House,Clark,18019,Clark,Monroe 01,Russell Brooksbank,Libertarian,L,35,726,0.048209,TOTAL,yes
2016,Indiana,9,US House,Clark,18019,Clark,Monroe 01,Trey Hollingsworth,Republican,R,452,726,0.62259,TOTAL,yes
2016,Indiana,9,US House,Clark,18019,Clark,Monroe 02,Shelli Yoder,Democratic,D,266,985,0.270051,TOTAL,yes
2016,Indiana,9,US House,Clark,18019,Clark,Monroe 02,Russell Brooksbank,Libertarian,L,64,985,0.064975,TOTAL,yes
2016,Indiana,9,US House,Clark,18019,Clark,Monroe 02,Trey Hollingsworth,Republican,R,655,985,0.664975,TOTAL,yes
2016,Indiana,9,US House,Clark,18019,Clark,Monroe 03,Shelli Yoder,Democratic,D,205,670,0.30597,TOTAL,yes
2016,Indiana,9,US House,Clark,18019,Clark,Monroe 03,Russell Brooksbank,Libertarian,L,46,670,0.068657,TOTAL,yes
2016,Indiana,9,US House,Clark,18019,Clark,Monroe 03,Trey Hollingsworth,Republican,R,419,670,0.625373,TOTAL,yes
2016,Indiana,9,US House,Clark,18019,Clark,Oregon 01,Shelli Yoder,Democratic,D,254,795,0.319497,TOTAL,yes
2016,Indiana,9,US House,Clark,18019,Clark,Oregon 01,Russell Brooksbank,Libertarian,L,58,795,0.072956,TOTAL,yes
2016,Indiana,9,US House,Clark,18019,Clark,Oregon 01,Trey Hollingsworth,Republican,R,483,795,0.607547,TOTAL,yes
2016,Indiana,9,US House,Clark,18019,Clark,Owen 01,Shelli Yoder,Democratic,D,142,419,0.338902,TOTAL,yes
2016,Indiana,9,US House,Clark,18019,Clark,Owen 01,Russell Brooksbank,Libertarian,L,24,419,0.057279,TOTAL,yes
2016,Indiana,9,US House,Clark,18019,Clark,Owen 01,Trey Hollingsworth,Republican,R,253,419,0.603819,TOTAL,yes
2016,Indiana,9,US House,Clark,18019,Clark,Silver Ck / Cville 43,Shelli Yoder,Democratic,D,518,1449,0.357488,TOTAL,yes
2016,Indiana,9,US House,Clark,18019,Clark,Silver Ck / Cville 43,Russell Brooksbank,Libertarian,L,62,1449,0.042788,TOTAL,yes
2016,Indiana,9,US House,Clark,18019,Clark,Silver Ck / Cville 43,Trey Hollingsworth,Republican,R,869,1449,0.599724,TOTAL,yes
2016,Indiana,9,US House,Clark,18019,Clark,Silver Creek 01,Shelli Yoder,Democratic,D,231,534,0.432584,TOTAL,yes
2016,Indiana,9,US House,Clark,18019,Clark,Silver Creek 01,Russell Brooksbank,Libertarian,L,21,534,0.039326,TOTAL,yes
2016,Indiana,9,US House,Clark,18019,Clark,Silver Creek 01,Trey Hollingsworth,Republican,R,282,534,0.52809,TOTAL,yes
2016,Indiana,9,US House,Clark,18019,Clark,Silver Creek 02,Shelli Yoder,Democratic,D,181,450,0.402222,TOTAL,yes
2016,Indiana,9,US House,Clark,18019,Clark,Silver Creek 02,Russell Brooksbank,Libertarian,L,36,450,0.08,TOTAL,yes
2016,Indiana,9,US House,Clark,18019,Clark,Silver Creek 02,Trey Hollingsworth,Republican,R,233,450,0.517778,TOTAL,yes
2016,Indiana,9,US House,Clark,18019,Clark,Silver Creek 03,Shelli Yoder,Democratic,D,199,544,0.365809,TOTAL,yes
2016,Indiana,9,US House,Clark,18019,Clark,Silver Creek 03,Russell Brooksbank,Libertarian,L,26,544,0.047794,TOTAL,yes
2016,Indiana,9,US House,Clark,18019,Clark,Silver Creek 03,Trey Hollingsworth,Republican,R,319,544,0.586397,TOTAL,yes
2016,Indiana,9,US House,Clark,18019,Clark,Silver Creek 04,Shelli Yoder,Democratic,D,316,825,0.38303,TOTAL,yes
2016,Indiana,9,US House,Clark,18019,Clark,Silver Creek 04,Russell Brooksbank,Libertarian,L,39,825,0.047273,TOTAL,yes
2016,Indiana,9,US House,Clark,18019,Clark,Silver Creek 04,Trey Hollingsworth,Republican,R,470,825,0.569697,TOTAL,yes
2016,Indiana,9,US House,Clark,18019,Clark,Silver Creek 05,Shelli Yoder,Democratic,D,166,431,0.385151,TOTAL,yes
2016,Indiana,9,US House,Clark,18019,Clark,Silver Creek 05,Russell Brooksbank,Libertarian,L,25,431,0.058005,TOTAL,yes
2016,Indiana,9,US House,Clark,18019,Clark,Silver Creek 05,Trey Hollingsworth,Republican,R,240,431,0.556845,TOTAL,yes
2016,Indiana,9,US House,Clark,18019,Clark,Silver Creek 06,Shelli Yoder,Democratic,D,538,1516,0.354881,TOTAL,yes
2016,Indiana,9,US House,Clark,18019,Clark,Silver Creek 06,Russell Brooksbank,Libertarian,L,86,1516,0.056728,TOTAL,yes
2016,Indiana,9,US House,Clark,18019,Clark,Silver Creek 06,Trey Hollingsworth,Republican,R,892,1516,0.588391,TOTAL,yes
2016,Indiana,9,US House,Clark,18019,Clark,Silver Creek 07,Shelli Yoder,Democratic,D,101,264,0.382576,TOTAL,yes
2016,Indiana,9,US House,Clark,18019,Clark,Silver Creek 07,Russell Brooksbank,Libertarian,L,26,264,0.098485,TOTAL,yes
2016,Indiana,9,US House,Clark,18019,Clark,Silver Creek 07,Trey Hollingsworth,Republican,R,137,264,0.518939,TOTAL,yes
2016,Indiana,9,US House,Clark,18019,Clark,Union 01,Shelli Yoder,Democratic,D,556,1768,0.31448,TOTAL,yes
2016,Indiana,9,US House,Clark,18019,Clark,Union 01,Russell Brooksbank,Libertarian,L,123,1768,0.06957,TOTAL,yes
2016,Indiana,9,US House,Clark,18019,Clark,Union 01,Trey Hollingsworth,Republican,R,1089,1768,0.61595,TOTAL,yes
2016,Indiana,9,US House,Clark,18019,Clark,Utica / Jeff City 19,Shelli Yoder,Democratic,D,7,23,0.304348,TOTAL,yes
2016,Indiana,9,US House,Clark,18019,Clark,Utica / Jeff City 19,Russell Brooksbank,Libertarian,L,2,23,0.086957,TOTAL,yes
2016,Indiana,9,US House,Clark,18019,Clark,Utica / Jeff City 19,Trey Hollingsworth,Republican,R,14,23,0.608696,TOTAL,yes
2016,Indiana,9,US House,Clark,18019,Clark,Utica 01,Shelli Yoder,Democratic,D,151,347,0.435159,TOTAL,yes
2016,Indiana,9,US House,Clark,18019,Clark,Utica 01,Russell Brooksbank,Libertarian,L,24,347,0.069164,TOTAL,yes
2016,Indiana,9,US House,Clark,18019,Clark,Utica 01,Trey Hollingsworth,Republican,R,172,347,0.495677,TOTAL,yes
2016,Indiana,9,US House,Clark,18019,Clark,Utica 02,Shelli Yoder,Democratic,D,435,1002,0.434132,TOTAL,yes
2016,Indiana,9,US House,Clark,18019,Clark,Utica 02,Russell Brooksbank,Libertarian,L,52,1002,0.051896,TOTAL,yes
2016,Indiana,9,US House,Clark,18019,Clark,Utica 02,Trey Hollingsworth,Republican,R,515,1002,0.513972,TOTAL,yes
2016,Indiana,9,US House,Clark,18019,Clark,Utica 03,Shelli Yoder,Democratic,D,566,1390,0.407194,TOTAL,yes
2016,Indiana,9,US House,Clark,18019,Clark,Utica 03,Russell Brooksbank,Libertarian,L,90,1390,0.064748,TOTAL,yes
2016,Indiana,9,US House,Clark,18019,Clark,Utica 03,Trey Hollingsworth,Republican,R,734,1390,0.528058,TOTAL,yes
2016,Indiana,9,US House,Clark,18019,Clark,Utica 04,Shelli Yoder,Democratic,D,396,856,0.462617,TOTAL,yes
2016,Indiana,9,US House,Clark,18019,Clark,Utica 04,Russell Brooksbank,Libertarian,L,33,856,0.038551,TOTAL,yes
2016,Indiana,9,US House,Clark,18019,Clark,Utica 04,Trey Hollingsworth,Republican,R,427,856,0.498832,TOTAL,yes
2016,Indiana,9,US House,Clark,18019,Clark,Washington 01,Shelli Yoder,Democratic,D,283,820,0.345122,TOTAL,yes
2016,Indiana,9,US House,Clark,18019,Clark,Washington 01,Russell Brooksbank,Libertarian,L,37,820,0.045122,TOTAL,yes
2016,Indiana,9,US House,Clark,18019,Clark,Washington 01,Trey Hollingsworth,Republican,R,500,820,0.609756,TOTAL,yes
2016,Indiana,9,US House,Clark,18019,Clark,Wood 01,Shelli Yoder,Democratic,D,112,332,0.337349,TOTAL,yes
2016,Indiana,9,US House,Clark,18019,Clark,Wood 01,Russell Brooksbank,Libertarian,L,16,332,0.048193,TOTAL,yes
2016,Indiana,9,US House,Clark,18019,Clark,Wood 01,Trey Hollingsworth,Republican,R,204,332,0.614458,TOTAL,yes
2016,Indiana,9,US House,Clark,18019,Clark,Wood 02,Shelli Yoder,Democratic,D,241,677,0.355982,TOTAL,yes
2016,Indiana,9,US House,Clark,18019,Clark,Wood 02,Russell Brooksbank,Libertarian,L,46,677,0.067947,TOTAL,yes
2016,Indiana,9,US House,Clark,18019,Clark,Wood 02,Trey Hollingsworth,Republican,R,390,677,0.576071,TOTAL,yes
2016,Indiana,9,US House,Clark,18019,Clark,Wood 03,Shelli Yoder,Democratic,D,93,278,0.334532,TOTAL,yes
2016,Indiana,9,US House,Clark,18019,Clark,Wood 03,Russell Brooksbank,Libertarian,L,7,278,0.02518,TOTAL,yes
2016,Indiana,9,US House,Clark,18019,Clark,Wood 03,Trey Hollingsworth,Republican,R,178,278,0.640288,TOTAL,yes
2016,Indiana,9,US House,Crawford,18025,Crawford,01 Jennings 1,Shelli Yoder,Democratic,D,113,318,0.355346,TOTAL,yes
2016,Indiana,9,US House,Crawford,18025,Crawford,01 Jennings 1,Russell Brooksbank,Libertarian,L,21,318,0.066038,TOTAL,yes
2016,Indiana,9,US House,Crawford,18025,Crawford,01 Jennings 1,Trey Hollingsworth,Republican,R,184,318,0.578616,TOTAL,yes
2016,Indiana,9,US House,Crawford,18025,Crawford,02 Jennings 2,Shelli Yoder,Democratic,D,116,300,0.386667,TOTAL,yes
2016,Indiana,9,US House,Crawford,18025,Crawford,02 Jennings 2,Russell Brooksbank,Libertarian,L,14,300,0.046667,TOTAL,yes
2016,Indiana,9,US House,Crawford,18025,Crawford,02 Jennings 2,Trey Hollingsworth,Republican,R,170,300,0.566667,TOTAL,yes
2016,Indiana,9,US House,Crawford,18025,Crawford,03 Whiskey Run 1,Shelli Yoder,Democratic,D,192,452,0.424779,TOTAL,yes
2016,Indiana,9,US House,Crawford,18025,Crawford,03 Whiskey Run 1,Russell Brooksbank,Libertarian,L,31,452,0.068584,TOTAL,yes
2016,Indiana,9,US House,Crawford,18025,Crawford,03 Whiskey Run 1,Trey Hollingsworth,Republican,R,229,452,0.506637,TOTAL,yes
2016,Indiana,9,US House,Crawford,18025,Crawford,04 Whiskey Run 2,Shelli Yoder,Democratic,D,170,417,0.407674,TOTAL,yes
2016,Indiana,9,US House,Crawford,18025,Crawford,04 Whiskey Run 2,Russell Brooksbank,Libertarian,L,23,417,0.055156,TOTAL,yes
2016,Indiana,9,US House,Crawford,18025,Crawford,04 Whiskey Run 2,Trey Hollingsworth,Republican,R,224,417,0.53717,TOTAL,yes
2016,Indiana,9,US House,Crawford,18025,Crawford,05 Liberty 1,Shelli Yoder,Democratic,D,198,399,0.496241,TOTAL,yes
2016,Indiana,9,US House,Crawford,18025,Crawford,05 Liberty 1,Russell Brooksbank,Libertarian,L,29,399,0.072682,TOTAL,yes
2016,Indiana,9,US House,Crawford,18025,Crawford,05 Liberty 1,Trey Hollingsworth,Republican,R,172,399,0.431078,TOTAL,yes
2016,Indiana,9,US House,Crawford,18025,Crawford,06 Liberty 2,Shelli Yoder,Democratic,D,195,423,0.460993,TOTAL,yes
2016,Indiana,9,US House,Crawford,18025,Crawford,06 Liberty 2,Russell Brooksbank,Libertarian,L,29,423,0.068558,TOTAL,yes
2016,Indiana,9,US House,Crawford,18025,Crawford,06 Liberty 2,Trey Hollingsworth,Republican,R,199,423,0.470449,TOTAL,yes
2016,Indiana,9,US House,Crawford,18025,Crawford,07 Sterling 1,Shelli Yoder,Democratic,D,62,153,0.405229,TOTAL,yes
2016,Indiana,9,US House,Crawford,18025,Crawford,07 Sterling 1,Russell Brooksbank,Libertarian,L,18,153,0.117647,TOTAL,yes
2016,Indiana,9,US House,Crawford,18025,Crawford,07 Sterling 1,Trey Hollingsworth,Republican,R,73,153,0.477124,TOTAL,yes
2016,Indiana,9,US House,Crawford,18025,Crawford,08 Sterling 2,Shelli Yoder,Democratic,D,102,240,0.425,TOTAL,yes
2016,Indiana,9,US House,Crawford,18025,Crawford,08 Sterling 2,Russell Brooksbank,Libertarian,L,17,240,0.070833,TOTAL,yes
2016,Indiana,9,US House,Crawford,18025,Crawford,08 Sterling 2,Trey Hollingsworth,Republican,R,121,240,0.504167,TOTAL,yes
2016,Indiana,9,US House,Crawford,18025,Crawford,09 Sterling 3,Shelli Yoder,Democratic,D,95,264,0.359848,TOTAL,yes
2016,Indiana,9,US House,Crawford,18025,Crawford,09 Sterling 3,Russell Brooksbank,Libertarian,L,15,264,0.056818,TOTAL,yes
2016,Indiana,9,US House,Crawford,18025,Crawford,09 Sterling 3,Trey Hollingsworth,Republican,R,154,264,0.583333,TOTAL,yes
2016,Indiana,9,US House,Crawford,18025,Crawford,10 Patoka 1,Shelli Yoder,Democratic,D,225,470,0.478723,TOTAL,yes
2016,Indiana,9,US House,Crawford,18025,Crawford,10 Patoka 1,Russell Brooksbank,Libertarian,L,21,470,0.044681,TOTAL,yes
2016,Indiana,9,US House,Crawford,18025,Crawford,10 Patoka 1,Trey Hollingsworth,Republican,R,224,470,0.476596,TOTAL,yes
2016,Indiana,9,US House,Crawford,18025,Crawford,13 Johnson 2,Shelli Yoder,Democratic,D,0,0,,TOTAL,yes
2016,Indiana,9,US House,Crawford,18025,Crawford,13 Johnson 2,Russell Brooksbank,Libertarian,L,0,0,,TOTAL,yes
2016,Indiana,9,US House,Crawford,18025,Crawford,13 Johnson 2,Trey Hollingsworth,Republican,R,0,0,,TOTAL,yes
2016,Indiana,9,US House,Crawford,18025,Crawford,14 Union 1,Shelli Yoder,Democratic,D,81,191,0.424084,TOTAL,yes
2016,Indiana,9,US House,Crawford,18025,Crawford,14 Union 1,Russell Brooksbank,Libertarian,L,11,191,0.057592,TOTAL,yes
2016,Indiana,9,US House,Crawford,18025,Crawford,14 Union 1,Trey Hollingsworth,Republican,R,99,191,0.518325,TOTAL,yes
2016,Indiana,9,US House,Crawford,18025,Crawford,16 Ohio 1,Shelli Yoder,Democratic,D,74,183,0.404372,TOTAL,yes
2016,Indiana,9,US House,Crawford,18025,Crawford,16 Ohio 1,Russell Brooksbank,Libertarian,L,10,183,0.054645,TOTAL,yes
2016,Indiana,9,US House,Crawford,18025,Crawford,16 Ohio 1,Trey Hollingsworth,Republican,R,99,183,0.540984,TOTAL,yes
2016,Indiana,9,US House,Floyd,18043,Floyd,FRANKLIN - 1,Shelli Yoder,Democratic,D,268,687,0.390102,TOTAL,yes
2016,Indiana,9,US House,Floyd,18043,Floyd,FRANKLIN - 1,Russell Brooksbank,Libertarian,L,33,687,0.048035,TOTAL,yes
2016,Indiana,9,US House,Floyd,18043,Floyd,FRANKLIN - 1,Trey Hollingsworth,Republican,R,386,687,0.561863,TOTAL,yes
2016,Indiana,9,US House,Floyd,18043,Floyd,GEORGETOWN - 1,Shelli Yoder,Democratic,D,336,832,0.403846,TOTAL,yes
2016,Indiana,9,US House,Floyd,18043,Floyd,GEORGETOWN - 1,Russell Brooksbank,Libertarian,L,28,832,0.033654,TOTAL,yes
2016,Indiana,9,US House,Floyd,18043,Floyd,GEORGETOWN - 1,Trey Hollingsworth,Republican,R,468,832,0.5625,TOTAL,yes
2016,Indiana,9,US House,Floyd,18043,Floyd,GEORGETOWN - 2,Shelli Yoder,Democratic,D,348,960,0.3625,TOTAL,yes
2016,Indiana,9,US House,Floyd,18043,Floyd,GEORGETOWN - 2,Russell Brooksbank,Libertarian,L,40,960,0.041667,TOTAL,yes
2016,Indiana,9,US House,Floyd,18043,Floyd,GEORGETOWN - 2,Trey Hollingsworth,Republican,R,572,960,0.595833,TOTAL,yes
2016,Indiana,9,US House,Floyd,18043,Floyd,GEORGETOWN - 3,Shelli Yoder,Democratic,D,258,757,0.340819,TOTAL,yes
2016,Indiana,9,US House,Floyd,18043,Floyd,GEORGETOWN - 3,Russell Brooksbank,Libertarian,L,36,757,0.047556,TOTAL,yes
2016,Indiana,9,US House,Floyd,18043,Floyd,GEORGETOWN - 3,Trey Hollingsworth,Republican,R,463,757,0.611625,TOTAL,yes
2016,Indiana,9,US House,Floyd,18043,Floyd,GEORGETOWN - 4,Shelli Yoder,Democratic,D,331,1054,0.314042,TOTAL,yes
2016,Indiana,9,US House,Floyd,18043,Floyd,GEORGETOWN - 4,Russell Brooksbank,Libertarian,L,43,1054,0.040797,TOTAL,yes
2016,Indiana,9,US House,Floyd,18043,Floyd,GEORGETOWN - 4,Trey Hollingsworth,Republican,R,680,1054,0.645161,TOTAL,yes
2016,Indiana,9,US House,Floyd,18043,Floyd,GEORGETOWN - 5,Shelli Yoder,Democratic,D,383,1018,0.376228,TOTAL,yes
2016,Indiana,9,US House,Floyd,18043,Floyd,GEORGETOWN - 5,Russell Brooksbank,Libertarian,L,49,1018,0.048134,TOTAL,yes
2016,Indiana,9,US House,Floyd,18043,Floyd,GEORGETOWN - 5,Trey Hollingsworth,Republican,R,586,1018,0.575639,TOTAL,yes
2016,Indiana,9,US House,Floyd,18043,Floyd,GEORGETOWN - 6,Shelli Yoder,Democratic,D,261,706,0.369688,TOTAL,yes
2016,Indiana,9,US House,Floyd,18043,Floyd,GEORGETOWN - 6,Russell Brooksbank,Libertarian,L,40,706,0.056657,TOTAL,yes
2016,Indiana,9,US House,Floyd,18043,Floyd,GEORGETOWN - 6,Trey Hollingsworth,Republican,R,405,706,0.573654,TOTAL,yes
2016,Indiana,9,US House,Floyd,18043,Floyd,GEORGETOWN - 7,Shelli Yoder,Democratic,D,126,399,0.315789,TOTAL,yes
2016,Indiana,9,US House,Floyd,18043,Floyd,GEORGETOWN - 7,Russell Brooksbank,Libertarian,L,12,399,0.030075,TOTAL,yes
2016,Indiana,9,US House,Floyd,18043,Floyd,GEORGETOWN - 7,Trey Hollingsworth,Republican,R,261,399,0.654135,TOTAL,yes
2016,Indiana,9,US House,Floyd,18043,Floyd,GREENVILLE - 1,Shelli Yoder,Democratic,D,303,879,0.34471,TOTAL,yes
2016,Indiana,9,US House,Floyd,18043,Floyd,GREENVILLE - 1,Russell Brooksbank,Libertarian,L,41,879,0.046644,TOTAL,yes
2016,Indiana,9,US House,Floyd,18043,Floyd,GREENVILLE - 1,Trey Hollingsworth,Republican,R,535,879,0.608646,TOTAL,yes
2016,Indiana,9,US House,Floyd,18043,Floyd,GREENVILLE - 2,Shelli Yoder,Democratic,D,259,719,0.360223,TOTAL,yes
2016,Indiana,9,US House,Floyd,18043,Floyd,GREENVILLE - 2,Russell Brooksbank,Libertarian,L,33,719,0.045897,TOTAL,yes
2016,Indiana,9,US House,Floyd,18043,Floyd,GREENVILLE - 2,Trey Hollingsworth,Republican,R,427,719,0.59388,TOTAL,yes
2016,Indiana,9,US House,Floyd,18043,Floyd,GREENVILLE - 3,Shelli Yoder,Democratic,D,163,517,0.31528,TOTAL,yes
2016,Indiana,9,US House,Floyd,18043,Floyd,GREENVILLE - 3,Russell Brooksbank,Libertarian,L,25,517,0.048356,TOTAL,yes
2016,Indiana,9,US House,Floyd,18043,Floyd,GREENVILLE - 3,Trey Hollingsworth,Republican,R,329,517,0.636364,TOTAL,yes
2016,Indiana,9,US House,Floyd,18043,Floyd,GREENVILLE - 4,Shelli Yoder,Democratic,D,304,818,0.371638,TOTAL,yes
2016,Indiana,9,US House,Floyd,18043,Floyd,GREENVILLE - 4,Russell Brooksbank,Libertarian,L,47,818,0.057457,TOTAL,yes
2016,Indiana,9,US House,Floyd,18043,Floyd,GREENVILLE - 4,Trey Hollingsworth,Republican,R,467,818,0.570905,TOTAL,yes
2016,Indiana,9,US House,Floyd,18043,Floyd,GREENVILLE - 5,Shelli Yoder,Democratic,D,250,742,0.336927,TOTAL,yes
2016,Indiana,9,US House,Floyd,18043,Floyd,GREENVILLE - 5,Russell Brooksbank,Libertarian,L,34,742,0.045822,TOTAL,yes
2016,Indiana,9,US House,Floyd,18043,Floyd,GREENVILLE - 5,Trey Hollingsworth,Republican,R,458,742,0.617251,TOTAL,yes
2016,Indiana,9,US House,Floyd,18043,Floyd,GREENVILLE - 6,Shelli Yoder,Democratic,D,122,348,0.350575,TOTAL,yes
2016,Indiana,9,US House,Floyd,18043,Floyd,GREENVILLE - 6,Russell Brooksbank,Libertarian,L,15,348,0.043103,TOTAL,yes
2016,Indiana,9,US House,Floyd,18043,Floyd,GREENVILLE - 6,Trey Hollingsworth,Republican,R,211,348,0.606322,TOTAL,yes
2016,Indiana,9,US House,Floyd,18043,Floyd,LAFAYETTE - 1,Shelli Yoder,Democratic,D,341,959,0.355579,TOTAL,yes
2016,Indiana,9,US House,Floyd,18043,Floyd,LAFAYETTE - 1,Russell Brooksbank,Libertarian,L,33,959,0.034411,TOTAL,yes
2016,Indiana,9,US House,Floyd,18043,Floyd,LAFAYETTE - 1,Trey Hollingsworth,Republican,R,585,959,0.61001,TOTAL,yes
2016,Indiana,9,US House,Floyd,18043,Floyd,LAFAYETTE - 2,Shelli Yoder,Democratic,D,214,515,0.415534,TOTAL,yes
2016,Indiana,9,US House,Floyd,18043,Floyd,LAFAYETTE - 2,Russell Brooksbank,Libertarian,L,21,515,0.040777,TOTAL,yes
2016,Indiana,9,US House,Floyd,18043,Floyd,LAFAYETTE - 2,Trey Hollingsworth,Republican,R,280,515,0.543689,TOTAL,yes
2016,Indiana,9,US House,Floyd,18043,Floyd,LAFAYETTE - 3,Shelli Yoder,Democratic,D,182,500,0.364,TOTAL,yes
2016,Indiana,9,US House,Floyd,18043,Floyd,LAFAYETTE - 3,Russell Brooksbank,Libertarian,L,21,500,0.042,TOTAL,yes
2016,Indiana,9,US House,Floyd,18043,Floyd,LAFAYETTE - 3,Trey Hollingsworth,Republican,R,297,500,0.594,TOTAL,yes
2016,Indiana,9,US House,Floyd,18043,Floyd,LAFAYETTE - 4,Shelli Yoder,Democratic,D,253,697,0.362984,TOTAL,yes
2016,Indiana,9,US House,Floyd,18043,Floyd,LAFAYETTE - 4,Russell Brooksbank,Libertarian,L,39,697,0.055954,TOTAL,yes
2016,Indiana,9,US House,Floyd,18043,Floyd,LAFAYETTE - 4,Trey Hollingsworth,Republican,R,405,697,0.581062,TOTAL,yes
2016,Indiana,9,US House,Floyd,18043,Floyd,LAFAYETTE - 5,Shelli Yoder,Democratic,D,371,922,0.402386,TOTAL,yes
2016,Indiana,9,US House,Floyd,18043,Floyd,LAFAYETTE - 5,Russell Brooksbank,Libertarian,L,33,922,0.035792,TOTAL,yes
2016,Indiana,9,US House,Floyd,18043,Floyd,LAFAYETTE - 5,Trey Hollingsworth,Republican,R,518,922,0.561822,TOTAL,yes
2016,Indiana,9,US House,Floyd,18043,Floyd,LAFAYETTE - 6,Shelli Yoder,Democratic,D,231,595,0.388235,TOTAL,yes
2016,Indiana,9,US House,Floyd,18043,Floyd,LAFAYETTE - 6,Russell Brooksbank,Libertarian,L,32,595,0.053782,TOTAL,yes
2016,Indiana,9,US House,Floyd,18043,Floyd,LAFAYETTE - 6,Trey Hollingsworth,Republican,R,332,595,0.557983,TOTAL,yes
2016,Indiana,9,US House,Floyd,18043,Floyd,LAFAYETTE - 7,Shelli Yoder,Democratic,D,199,534,0.372659,TOTAL,yes
2016,Indiana,9,US House,Floyd,18043,Floyd,LAFAYETTE - 7,Russell Brooksbank,Libertarian,L,18,534,0.033708,TOTAL,yes
2016,Indiana,9,US House,Floyd,18043,Floyd,LAFAYETTE - 7,Trey Hollingsworth,Republican,R,317,534,0.593633,TOTAL,yes
2016,Indiana,9,US House,Floyd,18043,Floyd,NEW ALBANY - 01,Shelli Yoder,Democratic,D,378,706,0.535411,TOTAL,yes
2016,Indiana,9,US House,Floyd,18043,Floyd,NEW ALBANY - 01,Russell Brooksbank,Libertarian,L,40,706,0.056657,TOTAL,yes
2016,Indiana,9,US House,Floyd,18043,Floyd,NEW ALBANY - 01,Trey Hollingsworth,Republican,R,288,706,0.407932,TOTAL,yes
2016,Indiana,9,US House,Floyd,18043,Floyd,NEW ALBANY - 03,Shelli Yoder,Democratic,D,265,452,0.586283,TOTAL,yes
2016,Indiana,9,US House,Floyd,18043,Floyd,NEW ALBANY - 03,Russell Brooksbank,Libertarian,L,27,452,0.059735,TOTAL,yes
2016,Indiana,9,US House,Floyd,18043,Floyd,NEW ALBANY - 03,Trey Hollingsworth,Republican,R,160,452,0.353982,TOTAL,yes
2016,Indiana,9,US House,Floyd,18043,Floyd,NEW ALBANY - 05,Shelli Yoder,Democratic,D,342,571,0.598949,TOTAL,yes
2016,Indiana,9,US House,Floyd,18043,Floyd,NEW ALBANY - 05,Russell Brooksbank,Libertarian,L,41,571,0.071804,TOTAL,yes
2016,Indiana,9,US House,Floyd,18043,Floyd,NEW ALBANY - 05,Trey Hollingsworth,Republican,R,188,571,0.329247,TOTAL,yes
2016,Indiana,9,US House,Floyd,18043,Floyd,NEW ALBANY - 07,Shelli Yoder,Democratic,D,221,389,0.568123,TOTAL,yes
2016,Indiana,9,US House,Floyd,18043,Floyd,NEW ALBANY - 07,Russell Brooksbank,Libertarian,L,38,389,0.097686,TOTAL,yes
2016,Indiana,9,US House,Floyd,18043,Floyd,NEW ALBANY - 07,Trey Hollingsworth,Republican,R,130,389,0.33419,TOTAL,yes
2016,Indiana,9,US House,Floyd,18043,Floyd,NEW ALBANY - 09,Shelli Yoder,Democratic,D,331,644,0.513975,TOTAL,yes
2016,Indiana,9,US House,Floyd,18043,Floyd,NEW ALBANY - 09,Russell Brooksbank,Libertarian,L,41,644,0.063665,TOTAL,yes
2016,Indiana,9,US House,Floyd,18043,Floyd,NEW ALBANY - 09,Trey Hollingsworth,Republican,R,272,644,0.42236,TOTAL,yes
2016,Indiana,9,US House,Floyd,18043,Floyd,NEW ALBANY - 10,Shelli Yoder,Democratic,D,280,581,0.481928,TOTAL,yes
2016,Indiana,9,US House,Floyd,18043,Floyd,NEW ALBANY - 10,Russell Brooksbank,Libertarian,L,49,581,0.084337,TOTAL,yes
2016,Indiana,9,US House,Floyd,18043,Floyd,NEW ALBANY - 10,Trey Hollingsworth,Republican,R,252,581,0.433735,TOTAL,yes
2016,Indiana,9,US House,Floyd,18043,Floyd,NEW ALBANY - 11,Shelli Yoder,Democratic,D,424,694,0.610951,TOTAL,yes
2016,Indiana,9,US House,Floyd,18043,Floyd,NEW ALBANY - 11,Russell Brooksbank,Libertarian,L,44,694,0.063401,TOTAL,yes
2016,Indiana,9,US House,Floyd,18043,Floyd,NEW ALBANY - 11,Trey Hollingsworth,Republican,R,226,694,0.325648,TOTAL,yes
2016,Indiana,9,US House,Floyd,18043,Floyd,NEW ALBANY - 13,Shelli Yoder,Democratic,D,175,360,0.486111,TOTAL,yes
2016,Indiana,9,US House,Floyd,18043,Floyd,NEW ALBANY - 13,Russell Brooksbank,Libertarian,L,22,360,0.061111,TOTAL,yes
2016,Indiana,9,US House,Floyd,18043,Floyd,NEW ALBANY - 13,Trey Hollingsworth,Republican,R,163,360,0.452778,TOTAL,yes
2016,Indiana,9,US House,Floyd,18043,Floyd,NEW ALBANY - 14,Shelli Yoder,Democratic,D,329,614,0.535831,TOTAL,yes
2016,Indiana,9,US House,Floyd,18043,Floyd,NEW ALBANY - 14,Russell Brooksbank,Libertarian,L,31,614,0.050489,TOTAL,yes
2016,Indiana,9,US House,Floyd,18043,Floyd,NEW ALBANY - 14,Trey Hollingsworth,Republican,R,254,614,0.413681,TOTAL,yes
2016,Indiana,9,US House,Floyd,18043,Floyd,NEW ALBANY - 16,Shelli Yoder,Democratic,D,263,516,0.50969,TOTAL,yes
2016,Indiana,9,US House,Floyd,18043,Floyd,NEW ALBANY - 16,Russell Brooksbank,Libertarian,L,22,516,0.042636,TOTAL,yes
2016,Indiana,9,US House,Floyd,18043,Floyd,NEW ALBANY - 16,Trey Hollingsworth,Republican,R,231,516,0.447674,TOTAL,yes
2016,Indiana,9,US House,Floyd,18043,Floyd,NEW ALBANY - 18,Shelli Yoder,Democratic,D,303,556,0.544964,TOTAL,yes
2016,Indiana,9,US House,Floyd,18043,Floyd,NEW ALBANY - 18,Russell Brooksbank,Libertarian,L,27,556,0.048561,TOTAL,yes
2016,Indiana,9,US House,Floyd,18043,Floyd,NEW ALBANY - 18,Trey Hollingsworth,Republican,R,226,556,0.406475,TOTAL,yes
2016,Indiana,9,US House,Floyd,18043,Floyd,NEW ALBANY - 19,Shelli Yoder,Democratic,D,260,514,0.505837,TOTAL,yes
2016,Indiana,9,US House,Floyd,18043,Floyd,NEW ALBANY - 19,Russell Brooksbank,Libertarian,L,20,514,0.038911,TOTAL,yes
2016,Indiana,9,US House,Floyd,18043,Floyd,NEW ALBANY - 19,Trey Hollingsworth,Republican,R,234,514,0.455253,TOTAL,yes
2016,Indiana,9,US House,Floyd,18043,Floyd,NEW ALBANY - 20,Shelli Yoder,Democratic,D,325,706,0.46034,TOTAL,yes
2016,Indiana,9,US House,Floyd,18043,Floyd,NEW ALBANY - 20,Russell Brooksbank,Libertarian,L,29,706,0.041076,TOTAL,yes
2016,Indiana,9,US House,Floyd,18043,Floyd,NEW ALBANY - 20,Trey Hollingsworth,Republican,R,352,706,0.498584,TOTAL,yes
2016,Indiana,9,US House,Floyd,18043,Floyd,NEW ALBANY - 21,Shelli Yoder,Democratic,D,265,425,0.623529,TOTAL,yes
2016,Indiana,9,US House,Floyd,18043,Floyd,NEW ALBANY - 21,Russell Brooksbank,Libertarian,L,20,425,0.047059,TOTAL,yes
2016,Indiana,9,US House,Floyd,18043,Floyd,NEW ALBANY - 21,Trey Hollingsworth,Republican,R,140,425,0.329412,TOTAL,yes
2016,Indiana,9,US House,Floyd,18043,Floyd,NEW ALBANY - 22,Shelli Yoder,Democratic,D,267,540,0.494444,TOTAL,yes
2016,Indiana,9,US House,Floyd,18043,Floyd,NEW ALBANY - 22,Russell Brooksbank,Libertarian,L,32,540,0.059259,TOTAL,yes
2016,Indiana,9,US House,Floyd,18043,Floyd,NEW ALBANY - 22,Trey Hollingsworth,Republican,R,241,540,0.446296,TOTAL,yes
2016,Indiana,9,US House,Floyd,18043,Floyd,NEW ALBANY - 23,Shelli Yoder,Democratic,D,347,587,0.591141,TOTAL,yes
2016,Indiana,9,US House,Floyd,18043,Floyd,NEW ALBANY - 23,Russell Brooksbank,Libertarian,L,36,587,0.061329,TOTAL,yes
2016,Indiana,9,US House,Floyd,18043,Floyd,NEW ALBANY - 23,Trey Hollingsworth,Republican,R,204,587,0.34753,TOTAL,yes
2016,Indiana,9,US House,Floyd,18043,Floyd,NEW ALBANY - 24,Shelli Yoder,Democratic,D,203,374,0.542781,TOTAL,yes
2016,Indiana,9,US House,Floyd,18043,Floyd,NEW ALBANY - 24,Russell Brooksbank,Libertarian,L,31,374,0.082888,TOTAL,yes
2016,Indiana,9,US House,Floyd,18043,Floyd,NEW ALBANY - 24,Trey Hollingsworth,Republican,R,140,374,0.374332,TOTAL,yes
2016,Indiana,9,US House,Floyd,18043,Floyd,NEW ALBANY - 25,Shelli Yoder,Democratic,D,107,245,0.436735,TOTAL,yes
2016,Indiana,9,US House,Floyd,18043,Floyd,NEW ALBANY - 25,Russell Brooksbank,Libertarian,L,16,245,0.065306,TOTAL,yes
2016,Indiana,9,US House,Floyd,18043,Floyd,NEW ALBANY - 25,Trey Hollingsworth,Republican,R,122,245,0.497959,TOTAL,yes
2016,Indiana,9,US House,Floyd,18043,Floyd,NEW ALBANY - 26,Shelli Yoder,Democratic,D,288,623,0.462279,TOTAL,yes
2016,Indiana,9,US House,Floyd,18043,Floyd,NEW ALBANY - 26,Russell Brooksbank,Libertarian,L,37,623,0.05939,TOTAL,yes
2016,Indiana,9,US House,Floyd,18043,Floyd,NEW ALBANY - 26,Trey Hollingsworth,Republican,R,298,623,0.478331,TOTAL,yes
2016,Indiana,9,US House,Floyd,18043,Floyd,NEW ALBANY - 27,Shelli Yoder,Democratic,D,310,552,0.561594,TOTAL,yes
2016,Indiana,9,US House,Floyd,18043,Floyd,NEW ALBANY - 27,Russell Brooksbank,Libertarian,L,27,552,0.048913,TOTAL,yes
2016,Indiana,9,US House,Floyd,18043,Floyd,NEW ALBANY - 27,Trey Hollingsworth,Republican,R,215,552,0.389493,TOTAL,yes
2016,Indiana,9,US House,Floyd,18043,Floyd,NEW ALBANY - 28,Shelli Yoder,Democratic,D,294,634,0.463722,TOTAL,yes
2016,Indiana,9,US House,Floyd,18043,Floyd,NEW ALBANY - 28,Russell Brooksbank,Libertarian,L,23,634,0.036278,TOTAL,yes
2016,Indiana,9,US House,Floyd,18043,Floyd,NEW ALBANY - 28,Trey Hollingsworth,Republican,R,317,634,0.5,TOTAL,yes
2016,Indiana,9,US House,Floyd,18043,Floyd,NEW ALBANY - 29,Shelli Yoder,Democratic,D,275,584,0.47089,TOTAL,yes
2016,Indiana,9,US House,Floyd,18043,Floyd,NEW ALBANY - 29,Russell Brooksbank,Libertarian,L,26,584,0.044521,TOTAL,yes
2016,Indiana,9,US House,Floyd,18043,Floyd,NEW ALBANY - 29,Trey Hollingsworth,Republican,R,283,584,0.484589,TOTAL,yes
2016,Indiana,9,US House,Floyd,18043,Floyd,NEW ALBANY - 30,Shelli Yoder,Democratic,D,212,510,0.415686,TOTAL,yes
2016,Indiana,9,US House,Floyd,18043,Floyd,NEW ALBANY - 30,Russell Brooksbank,Libertarian,L,17,510,0.033333,TOTAL,yes
2016,Indiana,9,US House,Floyd,18043,Floyd,NEW ALBANY - 30,Trey Hollingsworth,Republican,R,281,510,0.55098,TOTAL,yes
2016,Indiana,9,US House,Floyd,18043,Floyd,NEW ALBANY - 31,Shelli Yoder,Democratic,D,241,700,0.344286,TOTAL,yes
2016,Indiana,9,US House,Floyd,18043,Floyd,NEW ALBANY - 31,Russell Brooksbank,Libertarian,L,23,700,0.032857,TOTAL,yes
2016,Indiana,9,US House,Floyd,18043,Floyd,NEW ALBANY - 31,Trey Hollingsworth,Republican,R,436,700,0.622857,TOTAL,yes
2016,Indiana,9,US House,Floyd,18043,Floyd,NEW ALBANY - 32,Shelli Yoder,Democratic,D,240,629,0.381558,TOTAL,yes
2016,Indiana,9,US House,Floyd,18043,Floyd,NEW ALBANY - 32,Russell Brooksbank,Libertarian,L,27,629,0.042925,TOTAL,yes
2016,Indiana,9,US House,Floyd,18043,Floyd,NEW ALBANY - 32,Trey Hollingsworth,Republican,R,362,629,0.575517,TOTAL,yes
2016,Indiana,9,US House,Floyd,18043,Floyd,NEW ALBANY - 33,Shelli Yoder,Democratic,D,191,510,0.37451,TOTAL,yes
2016,Indiana,9,US House,Floyd,18043,Floyd,NEW ALBANY - 33,Russell Brooksbank,Libertarian,L,18,510,0.035294,TOTAL,yes
2016,Indiana,9,US House,Floyd,18043,Floyd,NEW ALBANY - 33,Trey Hollingsworth,Republican,R,301,510,0.590196,TOTAL,yes
2016,Indiana,9,US House,Floyd,18043,Floyd,NEW ALBANY - 34,Shelli Yoder,Democratic,D,260,657,0.395738,TOTAL,yes
2016,Indiana,9,US House,Floyd,18043,Floyd,NEW ALBANY - 34,Russell Brooksbank,Libertarian,L,29,657,0.04414,TOTAL,yes
2016,Indiana,9,US House,Floyd,18043,Floyd,NEW ALBANY - 34,Trey Hollingsworth,Republican,R,368,657,0.560122,TOTAL,yes
2016,Indiana,9,US House,Floyd,18043,Floyd,NEW ALBANY - 35,Shelli Yoder,Democratic,D,329,760,0.432895,TOTAL,yes
2016,Indiana,9,US House,Floyd,18043,Floyd,NEW ALBANY - 35,Russell Brooksbank,Libertarian,L,37,760,0.048684,TOTAL,yes
2016,Indiana,9,US House,Floyd,18043,Floyd,NEW ALBANY - 35,Trey Hollingsworth,Republican,R,394,760,0.518421,TOTAL,yes
2016,Indiana,9,US House,Floyd,18043,Floyd,NEW ALBANY - 36,Shelli Yoder,Democratic,D,263,593,0.443508,TOTAL,yes
2016,Indiana,9,US House,Floyd,18043,Floyd,NEW ALBANY - 36,Russell Brooksbank,Libertarian,L,24,593,0.040472,TOTAL,yes
2016,Indiana,9,US House,Floyd,18043,Floyd,NEW ALBANY - 36,Trey Hollingsworth,Republican,R,306,593,0.51602,TOTAL,yes
2016,Indiana,9,US House,Floyd,18043,Floyd,NEW ALBANY - 37,Shelli Yoder,Democratic,D,313,700,0.447143,TOTAL,yes
2016,Indiana,9,US House,Floyd,18043,Floyd,NEW ALBANY - 37,Russell Brooksbank,Libertarian,L,24,700,0.034286,TOTAL,yes
2016,Indiana,9,US House,Floyd,18043,Floyd,NEW ALBANY - 37,Trey Hollingsworth,Republican,R,363,700,0.518571,TOTAL,yes
2016,Indiana,9,US House,Floyd,18043,Floyd,NEW ALBANY - 38,Shelli Yoder,Democratic,D,263,725,0.362759,TOTAL,yes
2016,Indiana,9,US House,Floyd,18043,Floyd,NEW ALBANY - 38,Russell Brooksbank,Libertarian,L,24,725,0.033103,TOTAL,yes
2016,Indiana,9,US House,Floyd,18043,Floyd,NEW ALBANY - 38,Trey Hollingsworth,Republican,R,438,725,0.604138,TOTAL,yes
2016,Indiana,9,US House,Floyd,18043,Floyd,NEW ALBANY - 39,Shelli Yoder,Democratic,D,243,687,0.353712,TOTAL,yes
2016,Indiana,9,US House,Floyd,18043,Floyd,NEW ALBANY - 39,Russell Brooksbank,Libertarian,L,17,687,0.024745,TOTAL,yes
2016,Indiana,9,US House,Floyd,18043,Floyd,NEW ALBANY - 39,Trey Hollingsworth,Republican,R,427,687,0.621543,TOTAL,yes
2016,Indiana,9,US House,Floyd,18043,Floyd,NEW ALBANY - 40,Shelli Yoder,Democratic,D,292,568,0.514085,TOTAL,yes
2016,Indiana,9,US House,Floyd,18043,Floyd,NEW ALBANY - 40,Russell Brooksbank,Libertarian,L,25,568,0.044014,TOTAL,yes
2016,Indiana,9,US House,Floyd,18043,Floyd,NEW ALBANY - 40,Trey Hollingsworth,Republican,R,251,568,0.441901,TOTAL,yes
2016,Indiana,9,US House,Floyd,18043,Floyd,NEW ALBANY - 41,Shelli Yoder,Democratic,D,329,737,0.446404,TOTAL,yes
2016,Indiana,9,US House,Floyd,18043,Floyd,NEW ALBANY - 41,Russell Brooksbank,Libertarian,L,33,737,0.044776,TOTAL,yes
2016,Indiana,9,US House,Floyd,18043,Floyd,NEW ALBANY - 41,Trey Hollingsworth,Republican,R,375,737,0.50882,TOTAL,yes
2016,Indiana,9,US House,Floyd,18043,Floyd,NEW ALBANY - 42,Shelli Yoder,Democratic,D,274,569,0.481547,TOTAL,yes
2016,Indiana,9,US House,Floyd,18043,Floyd,NEW ALBANY - 42,Russell Brooksbank,Libertarian,L,19,569,0.033392,TOTAL,yes
2016,Indiana,9,US House,Floyd,18043,Floyd,NEW ALBANY - 42,Trey Hollingsworth,Republican,R,276,569,0.485062,TOTAL,yes
2016,Indiana,9,US House,Floyd,18043,Floyd,NEW ALBANY - 43,Shelli Yoder,Democratic,D,198,374,0.529412,TOTAL,yes
2016,Indiana,9,US House,Floyd,18043,Floyd,NEW ALBANY - 43,Russell Brooksbank,Libertarian,L,15,374,0.040107,TOTAL,yes
2016,Indiana,9,US House,Floyd,18043,Floyd,NEW ALBANY - 43,Trey Hollingsworth,Republican,R,161,374,0.430481,TOTAL,yes
2016,Indiana,9,US House,Floyd,18043,Floyd,NEW ALBANY - 44,Shelli Yoder,Democratic,D,331,723,0.457815,TOTAL,yes
2016,Indiana,9,US House,Floyd,18043,Floyd,NEW ALBANY - 44,Russell Brooksbank,Libertarian,L,28,723,0.038728,TOTAL,yes
2016,Indiana,9,US House,Floyd,18043,Floyd,NEW ALBANY - 44,Trey Hollingsworth,Republican,R,364,723,0.503458,TOTAL,yes
2016,Indiana,9,US House,Floyd,18043,Floyd,NEW ALBANY - 45,Shelli Yoder,Democratic,D,144,336,0.428571,TOTAL,yes
2016,Indiana,9,US House,Floyd,18043,Floyd,NEW ALBANY - 45,Russell Brooksbank,Libertarian,L,21,336,0.0625,TOTAL,yes
2016,Indiana,9,US House,Floyd,18043,Floyd,NEW ALBANY - 45,Trey Hollingsworth,Republican,R,171,336,0.508929,TOTAL,yes
2016,Indiana,9,US House,Floyd,18043,Floyd,NEW ALBANY - 46,Shelli Yoder,Democratic,D,119,336,0.354167,TOTAL,yes
2016,Indiana,9,US House,Floyd,18043,Floyd,NEW ALBANY - 46,Russell Brooksbank,Libertarian,L,3,336,0.008929,TOTAL,yes
2016,Indiana,9,US House,Floyd,18043,Floyd,NEW ALBANY - 46,Trey Hollingsworth,Republican,R,214,336,0.636905,TOTAL,yes
2016,Indiana,9,US House,Harrison,18061,Harrison,1,Shelli Yoder,Democratic,D,159,448,0.354911,TOTAL,yes
2016,Indiana,9,US House,Harrison,18061,Harrison,1,Russell Brooksbank,Libertarian,L,23,448,0.051339,TOTAL,yes
2016,Indiana,9,US House,Harrison,18061,Harrison,1,Trey Hollingsworth,Republican,R,266,448,0.59375,TOTAL,yes
2016,Indiana,9,US House,Harrison,18061,Harrison,10,Shelli Yoder,Democratic,D,201,600,0.335,TOTAL,yes
2016,Indiana,9,US House,Harrison,18061,Harrison,10,Russell Brooksbank,Libertarian,L,20,600,0.033333,TOTAL,yes
2016,Indiana,9,US House,Harrison,18061,Harrison,10,Trey Hollingsworth,Republican,R,379,600,0.631667,TOTAL,yes
2016,Indiana,9,US House,Harrison,18061,Harrison,11,Shelli Yoder,Democratic,D,149,345,0.431884,TOTAL,yes
2016,Indiana,9,US House,Harrison,18061,Harrison,11,Russell Brooksbank,Libertarian,L,15,345,0.043478,TOTAL,yes
2016,Indiana,9,US House,Harrison,18061,Harrison,11,Trey Hollingsworth,Republican,R,181,345,0.524638,TOTAL,yes
2016,Indiana,9,US House,Harrison,18061,Harrison,12,Shelli Yoder,Democratic,D,227,597,0.380235,TOTAL,yes
2016,Indiana,9,US House,Harrison,18061,Harrison,12,Russell Brooksbank,Libertarian,L,22,597,0.036851,TOTAL,yes
2016,Indiana,9,US House,Harrison,18061,Harrison,12,Trey Hollingsworth,Republican,R,348,597,0.582915,TOTAL,yes
2016,Indiana,9,US House,Harrison,18061,Harrison,13,Shelli Yoder,Democratic,D,206,573,0.359511,TOTAL,yes
2016,Indiana,9,US House,Harrison,18061,Harrison,13,Russell Brooksbank,Libertarian,L,30,573,0.052356,TOTAL,yes
2016,Indiana,9,US House,Harrison,18061,Harrison,13,Trey Hollingsworth,Republican,R,337,573,0.588133,TOTAL,yes
2016,Indiana,9,US House,Harrison,18061,Harrison,14,Shelli Yoder,Democratic,D,246,582,0.42268,TOTAL,yes
2016,Indiana,9,US House,Harrison,18061,Harrison,14,Russell Brooksbank,Libertarian,L,42,582,0.072165,TOTAL,yes
2016,Indiana,9,US House,Harrison,18061,Harrison,14,Trey Hollingsworth,Republican,R,294,582,0.505155,TOTAL,yes
2016,Indiana,9,US House,Harrison,18061,Harrison,15,Shelli Yoder,Democratic,D,80,274,0.291971,TOTAL,yes
2016,Indiana,9,US House,Harrison,18061,Harrison,15,Russell Brooksbank,Libertarian,L,19,274,0.069343,TOTAL,yes
2016,Indiana,9,US House,Harrison,18061,Harrison,15,Trey Hollingsworth,Republican,R,175,274,0.638686,TOTAL,yes
2016,Indiana,9,US House,Harrison,18061,Harrison,16,Shelli Yoder,Democratic,D,74,241,0.307054,TOTAL,yes
2016,Indiana,9,US House,Harrison,18061,Harrison,16,Russell Brooksbank,Libertarian,L,17,241,0.070539,TOTAL,yes
2016,Indiana,9,US House,Harrison,18061,Harrison,16,Trey Hollingsworth,Republican,R,150,241,0.622407,TOTAL,yes
2016,Indiana,9,US House,Harrison,18061,Harrison,17,Shelli Yoder,Democratic,D,187,581,0.321859,TOTAL,yes
2016,Indiana,9,US House,Harrison,18061,Harrison,17,Russell Brooksbank,Libertarian,L,31,581,0.053356,TOTAL,yes
2016,Indiana,9,US House,Harrison,18061,Harrison,17,Trey Hollingsworth,Republican,R,363,581,0.624785,TOTAL,yes
2016,Indiana,9,US House,Harrison,18061,Harrison,18,Shelli Yoder,Democratic,D,170,472,0.360169,TOTAL,yes
2016,Indiana,9,US House,Harrison,18061,Harrison,18,Russell Brooksbank,Libertarian,L,32,472,0.067797,TOTAL,yes
2016,Indiana,9,US House,Harrison,18061,Harrison,18,Trey Hollingsworth,Republican,R,270,472,0.572034,TOTAL,yes
2016,Indiana,9,US House,Harrison,18061,Harrison,19,Shelli Yoder,Democratic,D,222,576,0.385417,TOTAL,yes
2016,Indiana,9,US House,Harrison,18061,Harrison,19,Russell Brooksbank,Libertarian,L,28,576,0.048611,TOTAL,yes
2016,Indiana,9,US House,Harrison,18061,Harrison,19,Trey Hollingsworth,Republican,R,326,576,0.565972,TOTAL,yes
2016,Indiana,9,US House,Harrison,18061,Harrison,2,Shelli Yoder,Democratic,D,226,521,0.433781,TOTAL,yes
2016,Indiana,9,US House,Harrison,18061,Harrison,2,Russell Brooksbank,Libertarian,L,26,521,0.049904,TOTAL,yes
2016,Indiana,9,US House,Harrison,18061,Harrison,2,Trey Hollingsworth,Republican,R,269,521,0.516315,TOTAL,yes
2016,Indiana,9,US House,Harrison,18061,Harrison,20,Shelli Yoder,Democratic,D,216,606,0.356436,TOTAL,yes
2016,Indiana,9,US House,Harrison,18061,Harrison,20,Russell Brooksbank,Libertarian,L,34,606,0.056106,TOTAL,yes
2016,Indiana,9,US House,Harrison,18061,Harrison,20,Trey Hollingsworth,Republican,R,356,606,0.587459,TOTAL,yes
2016,Indiana,9,US House,Harrison,18061,Harrison,21,Shelli Yoder,Democratic,D,206,517,0.398453,TOTAL,yes
2016,Indiana,9,US House,Harrison,18061,Harrison,21,Russell Brooksbank,Libertarian,L,21,517,0.040619,TOTAL,yes
2016,Indiana,9,US House,Harrison,18061,Harrison,21,Trey Hollingsworth,Republican,R,290,517,0.560928,TOTAL,yes
2016,Indiana,9,US House,Harrison,18061,Harrison,22,Shelli Yoder,Democratic,D,177,467,0.379015,TOTAL,yes
2016,Indiana,9,US House,Harrison,18061,Harrison,22,Russell Brooksbank,Libertarian,L,30,467,0.06424,TOTAL,yes
2016,Indiana,9,US House,Harrison,18061,Harrison,22,Trey Hollingsworth,Republican,R,260,467,0.556745,TOTAL,yes
2016,Indiana,9,US House,Harrison,18061,Harrison,23,Shelli Yoder,Democratic,D,220,598,0.367893,TOTAL,yes
2016,Indiana,9,US House,Harrison,18061,Harrison,23,Russell Brooksbank,Libertarian,L,34,598,0.056856,TOTAL,yes
2016,Indiana,9,US House,Harrison,18061,Harrison,23,Trey Hollingsworth,Republican,R,344,598,0.575251,TOTAL,yes
2016,Indiana,9,US House,Harrison,18061,Harrison,24,Shelli Yoder,Democratic,D,150,530,0.283019,TOTAL,yes
2016,Indiana,9,US House,Harrison,18061,Harrison,24,Russell Brooksbank,Libertarian,L,25,530,0.04717,TOTAL,yes
2016,Indiana,9,US House,Harrison,18061,Harrison,24,Trey Hollingsworth,Republican,R,355,530,0.669811,TOTAL,yes
2016,Indiana,9,US House,Harrison,18061,Harrison,25,Shelli Yoder,Democratic,D,126,392,0.321429,TOTAL,yes
2016,Indiana,9,US House,Harrison,18061,Harrison,25,Russell Brooksbank,Libertarian,L,19,392,0.048469,TOTAL,yes
2016,Indiana,9,US House,Harrison,18061,Harrison,25,Trey Hollingsworth,Republican,R,247,392,0.630102,TOTAL,yes
2016,Indiana,9,US House,Harrison,18061,Harrison,26,Shelli Yoder,Democratic,D,193,546,0.35348,TOTAL,yes
2016,Indiana,9,US House,Harrison,18061,Harrison,26,Russell Brooksbank,Libertarian,L,32,546,0.058608,TOTAL,yes
2016,Indiana,9,US House,Harrison,18061,Harrison,26,Trey Hollingsworth,Republican,R,321,546,0.587912,TOTAL,yes
2016,Indiana,9,US House,Harrison,18061,Harrison,27,Shelli Yoder,Democratic,D,183,471,0.388535,TOTAL,yes
2016,Indiana,9,US House,Harrison,18061,Harrison,27,Russell Brooksbank,Libertarian,L,18,471,0.038217,TOTAL,yes
2016,Indiana,9,US House,Harrison,18061,Harrison,27,Trey Hollingsworth,Republican,R,270,471,0.573248,TOTAL,yes
2016,Indiana,9,US House,Harrison,18061,Harrison,28,Shelli Yoder,Democratic,D,198,444,0.445946,TOTAL,yes
2016,Indiana,9,US House,Harrison,18061,Harrison,28,Russell Brooksbank,Libertarian,L,14,444,0.031532,TOTAL,yes
2016,Indiana,9,US House,Harrison,18061,Harrison,28,Trey Hollingsworth,Republican,R,232,444,0.522523,TOTAL,yes
2016,Indiana,9,US House,Harrison,18061,Harrison,29,Shelli Yoder,Democratic,D,127,348,0.364943,TOTAL,yes
2016,Indiana,9,US House,Harrison,18061,Harrison,29,Russell Brooksbank,Libertarian,L,20,348,0.057471,TOTAL,yes
2016,Indiana,9,US House,Harrison,18061,Harrison,29,Trey Hollingsworth,Republican,R,201,348,0.577586,TOTAL,yes
2016,Indiana,9,US House,Harrison,18061,Harrison,3,Shelli Yoder,Democratic,D,98,297,0.329966,TOTAL,yes
2016,Indiana,9,US House,Harrison,18061,Harrison,3,Russell Brooksbank,Libertarian,L,14,297,0.047138,TOTAL,yes
2016,Indiana,9,US House,Harrison,18061,Harrison,3,Trey Hollingsworth,Republican,R,185,297,0.622896,TOTAL,yes
2016,Indiana,9,US House,Harrison,18061,Harrison,30,Shelli Yoder,Democratic,D,44,189,0.232804,TOTAL,yes
2016,Indiana,9,US House,Harrison,18061,Harrison,30,Russell Brooksbank,Libertarian,L,14,189,0.074074,TOTAL,yes
2016,Indiana,9,US House,Harrison,18061,Harrison,30,Trey Hollingsworth,Republican,R,131,189,0.693122,TOTAL,yes
2016,Indiana,9,US House,Harrison,18061,Harrison,31,Shelli Yoder,Democratic,D,75,209,0.358852,TOTAL,yes
2016,Indiana,9,US House,Harrison,18061,Harrison,31,Russell Brooksbank,Libertarian,L,13,209,0.062201,TOTAL,yes
2016,Indiana,9,US House,Harrison,18061,Harrison,31,Trey Hollingsworth,Republican,R,121,209,0.578947,TOTAL,yes
2016,Indiana,9,US House,Harrison,18061,Harrison,32,Shelli Yoder,Democratic,D,154,458,0.336245,TOTAL,yes
2016,Indiana,9,US House,Harrison,18061,Harrison,32,Russell Brooksbank,Libertarian,L,19,458,0.041485,TOTAL,yes
2016,Indiana,9,US House,Harrison,18061,Harrison,32,Trey Hollingsworth,Republican,R,285,458,0.622271,TOTAL,yes
2016,Indiana,9,US House,Harrison,18061,Harrison,33,Shelli Yoder,Democratic,D,143,426,0.335681,TOTAL,yes
2016,Indiana,9,US House,Harrison,18061,Harrison,33,Russell Brooksbank,Libertarian,L,20,426,0.046948,TOTAL,yes
2016,Indiana,9,US House,Harrison,18061,Harrison,33,Trey Hollingsworth,Republican,R,263,426,0.617371,TOTAL,yes
2016,Indiana,9,US House,Harrison,18061,Harrison,34,Shelli Yoder,Democratic,D,121,386,0.313472,TOTAL,yes
2016,Indiana,9,US House,Harrison,18061,Harrison,34,Russell Brooksbank,Libertarian,L,16,386,0.041451,TOTAL,yes
2016,Indiana,9,US House,Harrison,18061,Harrison,34,Trey Hollingsworth,Republican,R,249,386,0.645078,TOTAL,yes
2016,Indiana,9,US House,Harrison,18061,Harrison,35,Shelli Yoder,Democratic,D,190,465,0.408602,TOTAL,yes
2016,Indiana,9,US House,Harrison,18061,Harrison,35,Russell Brooksbank,Libertarian,L,31,465,0.066667,TOTAL,yes
2016,Indiana,9,US House,Harrison,18061,Harrison,35,Trey Hollingsworth,Republican,R,244,465,0.524731,TOTAL,yes
2016,Indiana,9,US House,Harrison,18061,Harrison,36,Shelli Yoder,Democratic,D,239,610,0.391803,TOTAL,yes
2016,Indiana,9,US House,Harrison,18061,Harrison,36,Russell Brooksbank,Libertarian,L,22,610,0.036066,TOTAL,yes
2016,Indiana,9,US House,Harrison,18061,Harrison,36,Trey Hollingsworth,Republican,R,349,610,0.572131,TOTAL,yes
2016,Indiana,9,US House,Harrison,18061,Harrison,37,Shelli Yoder,Democratic,D,202,641,0.315133,TOTAL,yes
2016,Indiana,9,US House,Harrison,18061,Harrison,37,Russell Brooksbank,Libertarian,L,21,641,0.032761,TOTAL,yes
2016,Indiana,9,US House,Harrison,18061,Harrison,37,Trey Hollingsworth,Republican,R,418,641,0.652106,TOTAL,yes
2016,Indiana,9,US House,Harrison,18061,Harrison,38,Shelli Yoder,Democratic,D,177,509,0.347741,TOTAL,yes
2016,Indiana,9,US House,Harrison,18061,Harrison,38,Russell Brooksbank,Libertarian,L,25,509,0.049116,TOTAL,yes
2016,Indiana,9,US House,Harrison,18061,Harrison,38,Trey Hollingsworth,Republican,R,307,509,0.603143,TOTAL,yes
2016,Indiana,9,US House,Harrison,18061,Harrison,39,Shelli Yoder,Democratic,D,178,393,0.452926,TOTAL,yes
2016,Indiana,9,US House,Harrison,18061,Harrison,39,Russell Brooksbank,Libertarian,L,21,393,0.053435,TOTAL,yes
2016,Indiana,9,US House,Harrison,18061,Harrison,39,Trey Hollingsworth,Republican,R,194,393,0.493639,TOTAL,yes
2016,Indiana,9,US House,Harrison,18061,Harrison,4,Shelli Yoder,Democratic,D,110,372,0.295699,TOTAL,yes
2016,Indiana,9,US House,Harrison,18061,Harrison,4,Russell Brooksbank,Libertarian,L,14,372,0.037634,TOTAL,yes
2016,Indiana,9,US House,Harrison,18061,Harrison,4,Trey Hollingsworth,Republican,R,248,372,0.666667,TOTAL,yes
2016,Indiana,9,US House,Harrison,18061,Harrison,5,Shelli Yoder,Democratic,D,214,536,0.399254,TOTAL,yes
2016,Indiana,9,US House,Harrison,18061,Harrison,5,Russell Brooksbank,Libertarian,L,24,536,0.044776,TOTAL,yes
2016,Indiana,9,US House,Harrison,18061,Harrison,5,Trey Hollingsworth,Republican,R,298,536,0.55597,TOTAL,yes
2016,Indiana,9,US House,Harrison,18061,Harrison,6,Shelli Yoder,Democratic,D,171,516,0.331395,TOTAL,yes
2016,Indiana,9,US House,Harrison,18061,Harrison,6,Russell Brooksbank,Libertarian,L,24,516,0.046512,TOTAL,yes
2016,Indiana,9,US House,Harrison,18061,Harrison,6,Trey Hollingsworth,Republican,R,321,516,0.622093,TOTAL,yes
2016,Indiana,9,US House,Harrison,18061,Harrison,7,Shelli Yoder,Democratic,D,259,632,0.40981,TOTAL,yes
2016,Indiana,9,US House,Harrison,18061,Harrison,7,Russell Brooksbank,Libertarian,L,21,632,0.033228,TOTAL,yes
2016,Indiana,9,US House,Harrison,18061,Harrison,7,Trey Hollingsworth,Republican,R,352,632,0.556962,TOTAL,yes
2016,Indiana,9,US House,Harrison,18061,Harrison,8,Shelli Yoder,Democratic,D,212,563,0.376554,TOTAL,yes
2016,Indiana,9,US House,Harrison,18061,Harrison,8,Russell Brooksbank,Libertarian,L,16,563,0.028419,TOTAL,yes
2016,Indiana,9,US House,Harrison,18061,Harrison,8,Trey Hollingsworth,Republican,R,335,563,0.595027,TOTAL,yes
2016,Indiana,9,US House,Harrison,18061,Harrison,9,Shelli Yoder,Democratic,D,176,479,0.367432,TOTAL,yes
2016,Indiana,9,US House,Harrison,18061,Harrison,9,Russell Brooksbank,Libertarian,L,28,479,0.058455,TOTAL,yes
2016,Indiana,9,US House,Harrison,18061,Harrison,9,Trey Hollingsworth,Republican,R,275,479,0.574113,TOTAL,yes
2016,Indiana,9,US House,Jackson,18071,Jackson,Brownstown 01,Shelli Yoder,Democratic,D,158,484,0.326446,TOTAL,yes
2016,Indiana,9,US House,Jackson,18071,Jackson,Brownstown 01,Russell Brooksbank,Libertarian,L,20,484,0.041322,TOTAL,yes
2016,Indiana,9,US House,Jackson,18071,Jackson,Brownstown 01,Trey Hollingsworth,Republican,R,306,484,0.632231,TOTAL,yes
2016,Indiana,9,US House,Jackson,18071,Jackson,Brownstown 02,Shelli Yoder,Democratic,D,172,567,0.303351,TOTAL,yes
2016,Indiana,9,US House,Jackson,18071,Jackson,Brownstown 02,Russell Brooksbank,Libertarian,L,32,567,0.056437,TOTAL,yes
2016,Indiana,9,US House,Jackson,18071,Jackson,Brownstown 02,Trey Hollingsworth,Republican,R,363,567,0.640212,TOTAL,yes
2016,Indiana,9,US House,Jackson,18071,Jackson,Brownstown 04,Shelli Yoder,Democratic,D,22,80,0.275,TOTAL,yes
2016,Indiana,9,US House,Jackson,18071,Jackson,Brownstown 04,Russell Brooksbank,Libertarian,L,3,80,0.0375,TOTAL,yes
2016,Indiana,9,US House,Jackson,18071,Jackson,Brownstown 04,Trey Hollingsworth,Republican,R,55,80,0.6875,TOTAL,yes
2016,Indiana,9,US House,Jackson,18071,Jackson,Brownstown East,Shelli Yoder,Democratic,D,271,895,0.302793,TOTAL,yes
2016,Indiana,9,US House,Jackson,18071,Jackson,Brownstown East,Russell Brooksbank,Libertarian,L,28,895,0.031285,TOTAL,yes
2016,Indiana,9,US House,Jackson,18071,Jackson,Brownstown East,Trey Hollingsworth,Republican,R,596,895,0.665922,TOTAL,yes
2016,Indiana,9,US House,Jackson,18071,Jackson,Brownstown West,Shelli Yoder,Democratic,D,131,388,0.337629,TOTAL,yes
2016,Indiana,9,US House,Jackson,18071,Jackson,Brownstown West,Russell Brooksbank,Libertarian,L,31,388,0.079897,TOTAL,yes
2016,Indiana,9,US House,Jackson,18071,Jackson,Brownstown West,Trey Hollingsworth,Republican,R,226,388,0.582474,TOTAL,yes
2016,Indiana,9,US House,Jackson,18071,Jackson,Carr,Shelli Yoder,Democratic,D,181,554,0.326715,TOTAL,yes
2016,Indiana,9,US House,Jackson,18071,Jackson,Carr,Russell Brooksbank,Libertarian,L,41,554,0.074007,TOTAL,yes
2016,Indiana,9,US House,Jackson,18071,Jackson,Carr,Trey Hollingsworth,Republican,R,332,554,0.599278,TOTAL,yes
2016,Indiana,9,US House,Jackson,18071,Jackson,Driftwood,Shelli Yoder,Democratic,D,151,452,0.334071,TOTAL,yes
2016,Indiana,9,US House,Jackson,18071,Jackson,Driftwood,Russell Brooksbank,Libertarian,L,27,452,0.059735,TOTAL,yes
2016,Indiana,9,US House,Jackson,18071,Jackson,Driftwood,Trey Hollingsworth,Republican,R,274,452,0.606195,TOTAL,yes
2016,Indiana,9,US House,Jackson,18071,Jackson,Grassy Fork,Shelli Yoder,Democratic,D,96,323,0.297214,TOTAL,yes
2016,Indiana,9,US House,Jackson,18071,Jackson,Grassy Fork,Russell Brooksbank,Libertarian,L,12,323,0.037152,TOTAL,yes
2016,Indiana,9,US House,Jackson,18071,Jackson,Grassy Fork,Trey Hollingsworth,Republican,R,215,323,0.665635,TOTAL,yes
2016,Indiana,9,US House,Jackson,18071,Jackson,Hamilton,Shelli Yoder,Democratic,D,251,841,0.298454,TOTAL,yes
2016,Indiana,9,US House,Jackson,18071,Jackson,Hamilton,Russell Brooksbank,Libertarian,L,58,841,0.068966,TOTAL,yes
2016,Indiana,9,US House,Jackson,18071,Jackson,Hamilton,Trey Hollingsworth,Republican,R,532,841,0.63258,TOTAL,yes
2016,Indiana,9,US House,Jackson,18071,Jackson,Jackson 1 East,Shelli Yoder,Democratic,D,223,610,0.365574,TOTAL,yes
2016,Indiana,9,US House,Jackson,18071,Jackson,Jackson 1 East,Russell Brooksbank,Libertarian,L,52,610,0.085246,TOTAL,yes
2016,Indiana,9,US House,Jackson,18071,Jackson,Jackson 1 East,Trey Hollingsworth,Republican,R,335,610,0.54918,TOTAL,yes
2016,Indiana,9,US House,Jackson,18071,Jackson,Jackson 2 East,Shelli Yoder,Democratic,D,222,533,0.41651,TOTAL,yes
2016,Indiana,9,US House,Jackson,18071,Jackson,Jackson 2 East,Russell Brooksbank,Libertarian,L,36,533,0.067542,TOTAL,yes
2016,Indiana,9,US House,Jackson,18071,Jackson,Jackson 2 East,Trey Hollingsworth,Republican,R,275,533,0.515947,TOTAL,yes
2016,Indiana,9,US House,Jackson,18071,Jackson,Jackson 2 West,Shelli Yoder,Democratic,D,100,283,0.353357,TOTAL,yes
2016,Indiana,9,US House,Jackson,18071,Jackson,Jackson 2 West,Russell Brooksbank,Libertarian,L,22,283,0.077739,TOTAL,yes
2016,Indiana,9,US House,Jackson,18071,Jackson,Jackson 2 West,Trey Hollingsworth,Republican,R,161,283,0.568905,TOTAL,yes
2016,Indiana,9,US House,Jackson,18071,Jackson,Jackson 3 North,Shelli Yoder,Democratic,D,146,458,0.318777,TOTAL,yes
2016,Indiana,9,US House,Jackson,18071,Jackson,Jackson 3 North,Russell Brooksbank,Libertarian,L,46,458,0.100437,TOTAL,yes
2016,Indiana,9,US House,Jackson,18071,Jackson,Jackson 3 North,Trey Hollingsworth,Republican,R,266,458,0.580786,TOTAL,yes
2016,Indiana,9,US House,Jackson,18071,Jackson,Jackson 3 South,Shelli Yoder,Democratic,D,201,582,0.345361,TOTAL,yes
2016,Indiana,9,US House,Jackson,18071,Jackson,Jackson 3 South,Russell Brooksbank,Libertarian,L,38,582,0.065292,TOTAL,yes
2016,Indiana,9,US House,Jackson,18071,Jackson,Jackson 3 South,Trey Hollingsworth,Republican,R,343,582,0.589347,TOTAL,yes
2016,Indiana,9,US House,Jackson,18071,Jackson,Jackson 4 North,Shelli Yoder,Democratic,D,390,1042,0.37428,TOTAL,yes
2016,Indiana,9,US House,Jackson,18071,Jackson,Jackson 4 North,Russell Brooksbank,Libertarian,L,30,1042,0.028791,TOTAL,yes
2016,Indiana,9,US House,Jackson,18071,Jackson,Jackson 4 North,Trey Hollingsworth,Republican,R,622,1042,0.596929,TOTAL,yes
2016,Indiana,9,US House,Jackson,18071,Jackson,Jackson 4 South,Shelli Yoder,Democratic,D,212,604,0.350993,TOTAL,yes
2016,Indiana,9,US House,Jackson,18071,Jackson,Jackson 4 South,Russell Brooksbank,Libertarian,L,31,604,0.051325,TOTAL,yes
2016,Indiana,9,US House,Jackson,18071,Jackson,Jackson 4 South,Trey Hollingsworth,Republican,R,361,604,0.597682,TOTAL,yes
2016,Indiana,9,US House,Jackson,18071,Jackson,Jackson 5 East,Shelli Yoder,Democratic,D,253,746,0.339142,TOTAL,yes
2016,Indiana,9,US House,Jackson,18071,Jackson,Jackson 5 East,Russell Brooksbank,Libertarian,L,44,746,0.058981,TOTAL,yes
2016,Indiana,9,US House,Jackson,18071,Jackson,Jackson 5 East,Trey Hollingsworth,Republican,R,449,746,0.601877,TOTAL,yes
2016,Indiana,9,US House,Jackson,18071,Jackson,Jackson 5 North,Shelli Yoder,Democratic,D,315,876,0.359589,TOTAL,yes
2016,Indiana,9,US House,Jackson,18071,Jackson,Jackson 5 North,Russell Brooksbank,Libertarian,L,37,876,0.042237,TOTAL,yes
2016,Indiana,9,US House,Jackson,18071,Jackson,Jackson 5 North,Trey Hollingsworth,Republican,R,524,876,0.598174,TOTAL,yes
2016,Indiana,9,US House,Jackson,18071,Jackson,Jackson 6,Shelli Yoder,Democratic,D,244,760,0.321053,TOTAL,yes
2016,Indiana,9,US House,Jackson,18071,Jackson,Jackson 6,Russell Brooksbank,Libertarian,L,40,760,0.052632,TOTAL,yes
2016,Indiana,9,US House,Jackson,18071,Jackson,Jackson 6,Trey Hollingsworth,Republican,R,476,760,0.626316,TOTAL,yes
2016,Indiana,9,US House,Jackson,18071,Jackson,Jackson 7,Shelli Yoder,Democratic,D,232,768,0.302083,TOTAL,yes
2016,Indiana,9,US House,Jackson,18071,Jackson,Jackson 7,Russell Brooksbank,Libertarian,L,23,768,0.029948,TOTAL,yes
2016,Indiana,9,US House,Jackson,18071,Jackson,Jackson 7,Trey Hollingsworth,Republican,R,513,768,0.667969,TOTAL,yes
2016,Indiana,9,US House,Jackson,18071,Jackson,Owen,Shelli Yoder,Democratic,D,192,687,0.279476,TOTAL,yes
2016,Indiana,9,US House,Jackson,18071,Jackson,Owen,Russell Brooksbank,Libertarian,L,42,687,0.061135,TOTAL,yes
2016,Indiana,9,US House,Jackson,18071,Jackson,Owen,Trey Hollingsworth,Republican,R,453,687,0.659389,TOTAL,yes
2016,Indiana,9,US House,Jackson,18071,Jackson,Pershing,Shelli Yoder,Democratic,D,137,605,0.226446,TOTAL,yes
2016,Indiana,9,US House,Jackson,18071,Jackson,Pershing,Russell Brooksbank,Libertarian,L,43,605,0.071074,TOTAL,yes
2016,Indiana,9,US House,Jackson,18071,Jackson,Pershing,Trey Hollingsworth,Republican,R,425,605,0.702479,TOTAL,yes
2016,Indiana,9,US House,Jackson,18071,Jackson,Redding East,Shelli Yoder,Democratic,D,229,827,0.276904,TOTAL,yes
2016,Indiana,9,US House,Jackson,18071,Jackson,Redding East,Russell Brooksbank,Libertarian,L,47,827,0.056832,TOTAL,yes
2016,Indiana,9,US House,Jackson,18071,Jackson,Redding East,Trey Hollingsworth,Republican,R,551,827,0.666264,TOTAL,yes
2016,Indiana,9,US House,Jackson,18071,Jackson,Redding Seymour City,Shelli Yoder,Democratic,D,178,546,0.326007,TOTAL,yes
2016,Indiana,9,US House,Jackson,18071,Jackson,Redding Seymour City,Russell Brooksbank,Libertarian,L,43,546,0.078755,TOTAL,yes
2016,Indiana,9,US House,Jackson,18071,Jackson,Redding Seymour City,Trey Hollingsworth,Republican,R,325,546,0.595238,TOTAL,yes
2016,Indiana,9,US House,Jackson,18071,Jackson,Redding West,Shelli Yoder,Democratic,D,200,750,0.266667,TOTAL,yes
2016,Indiana,9,US House,Jackson,18071,Jackson,Redding West,Russell Brooksbank,Libertarian,L,44,750,0.058667,TOTAL,yes
2016,Indiana,9,US House,Jackson,18071,Jackson,Redding West,Trey Hollingsworth,Republican,R,506,750,0.674667,TOTAL,yes
2016,Indiana,9,US House,Jackson,18071,Jackson,Salt Creek,Shelli Yoder,Democratic,D,39,143,0.272727,TOTAL,yes
2016,Indiana,9,US House,Jackson,18071,Jackson,Salt Creek,Russell Brooksbank,Libertarian,L,2,143,0.013986,TOTAL,yes
2016,Indiana,9,US House,Jackson,18071,Jackson,Salt Creek,Trey Hollingsworth,Republican,R,102,143,0.713287,TOTAL,yes
2016,Indiana,9,US House,Jackson,18071,Jackson,Vernon Crothersville,Shelli Yoder,Democratic,D,177,527,0.335863,TOTAL,yes
2016,Indiana,9,US House,Jackson,18071,Jackson,Vernon Crothersville,Russell Brooksbank,Libertarian,L,39,527,0.074004,TOTAL,yes
2016,Indiana,9,US House,Jackson,18071,Jackson,Vernon Crothersville,Trey Hollingsworth,Republican,R,311,527,0.590133,TOTAL,yes
2016,Indiana,9,US House,Jackson,18071,Jackson,Vernon North,Shelli Yoder,Democratic,D,113,361,0.313019,TOTAL,yes
2016,Indiana,9,US House,Jackson,18071,Jackson,Vernon North,Russell Brooksbank,Libertarian,L,21,361,0.058172,TOTAL,yes
2016,Indiana,9,US House,Jackson,18071,Jackson,Vernon North,Trey Hollingsworth,Republican,R,227,361,0.628809,TOTAL,yes
2016,Indiana,9,US House,Jackson,18071,Jackson,Vernon South,Shelli Yoder,Democratic,D,173,444,0.38964,TOTAL,yes
2016,Indiana,9,US House,Jackson,18071,Jackson,Vernon South,Russell Brooksbank,Libertarian,L,23,444,0.051802,TOTAL,yes
2016,Indiana,9,US House,Jackson,18071,Jackson,Vernon South,Trey Hollingsworth,Republican,R,248,444,0.558559,TOTAL,yes
2016,Indiana,9,US House,Jackson,18071,Jackson,Washington,Shelli Yoder,Democratic,D,187,640,0.292187,TOTAL,yes
2016,Indiana,9,US House,Jackson,18071,Jackson,Washington,Russell Brooksbank,Libertarian,L,21,640,0.032813,TOTAL,yes
2016,Indiana,9,US House,Jackson,18071,Jackson,Washington,Trey Hollingsworth,Republican,R,432,640,0.675,TOTAL,yes
2016,Indiana,9,US House,Johnson,18081,Johnson,0001 BLUE RIVER 1,Shelli Yoder,Democratic,D,50,240,0.208333,TOTAL,yes
2016,Indiana,9,US House,Johnson,18081,Johnson,0001 BLUE RIVER 1,Russell Brooksbank,Libertarian,L,11,240,0.045833,TOTAL,yes
2016,Indiana,9,US House,Johnson,18081,Johnson,0001 BLUE RIVER 1,Trey Hollingsworth,Republican,R,179,240,0.745833,TOTAL,yes
2016,Indiana,9,US House,Johnson,18081,Johnson,0002 BLUE RIVER 2,Shelli Yoder,Democratic,D,89,357,0.2493,TOTAL,yes
2016,Indiana,9,US House,Johnson,18081,Johnson,0002 BLUE RIVER 2,Russell Brooksbank,Libertarian,L,27,357,0.07563,TOTAL,yes
2016,Indiana,9,US House,Johnson,18081,Johnson,0002 BLUE RIVER 2,Trey Hollingsworth,Republican,R,241,357,0.67507,TOTAL,yes
2016,Indiana,9,US House,Johnson,18081,Johnson,0003 BLUE RIVER 3,Shelli Yoder,Democratic,D,83,425,0.195294,TOTAL,yes
2016,Indiana,9,US House,Johnson,18081,Johnson,0003 BLUE RIVER 3,Russell Brooksbank,Libertarian,L,29,425,0.068235,TOTAL,yes
2016,Indiana,9,US House,Johnson,18081,Johnson,0003 BLUE RIVER 3,Trey Hollingsworth,Republican,R,313,425,0.736471,TOTAL,yes
2016,Indiana,9,US House,Johnson,18081,Johnson,0004 BLUE RIVER 4,Shelli Yoder,Democratic,D,78,315,0.247619,TOTAL,yes
2016,Indiana,9,US House,Johnson,18081,Johnson,0004 BLUE RIVER 4,Russell Brooksbank,Libertarian,L,31,315,0.098413,TOTAL,yes
2016,Indiana,9,US House,Johnson,18081,Johnson,0004 BLUE RIVER 4,Trey Hollingsworth,Republican,R,206,315,0.653968,TOTAL,yes
2016,Indiana,9,US House,Johnson,18081,Johnson,0005 BLUE RIVER 5,Shelli Yoder,Democratic,D,75,303,0.247525,TOTAL,yes
2016,Indiana,9,US House,Johnson,18081,Johnson,0005 BLUE RIVER 5,Russell Brooksbank,Libertarian,L,19,303,0.062706,TOTAL,yes
2016,Indiana,9,US House,Johnson,18081,Johnson,0005 BLUE RIVER 5,Trey Hollingsworth,Republican,R,209,303,0.689769,TOTAL,yes
2016,Indiana,9,US House,Johnson,18081,Johnson,0006 CLARK 1,Shelli Yoder,Democratic,D,55,295,0.186441,TOTAL,yes
2016,Indiana,9,US House,Johnson,18081,Johnson,0006 CLARK 1,Russell Brooksbank,Libertarian,L,10,295,0.033898,TOTAL,yes
2016,Indiana,9,US House,Johnson,18081,Johnson,0006 CLARK 1,Trey Hollingsworth,Republican,R,230,295,0.779661,TOTAL,yes
2016,Indiana,9,US House,Johnson,18081,Johnson,0007 CLARK 2,Shelli Yoder,Democratic,D,126,557,0.226212,TOTAL,yes
2016,Indiana,9,US House,Johnson,18081,Johnson,0007 CLARK 2,Russell Brooksbank,Libertarian,L,28,557,0.050269,TOTAL,yes
2016,Indiana,9,US House,Johnson,18081,Johnson,0007 CLARK 2,Trey Hollingsworth,Republican,R,403,557,0.723519,TOTAL,yes
2016,Indiana,9,US House,Johnson,18081,Johnson,0008 CLARK 3,Shelli Yoder,Democratic,D,182,584,0.311644,TOTAL,yes
2016,Indiana,9,US House,Johnson,18081,Johnson,0008 CLARK 3,Russell Brooksbank,Libertarian,L,30,584,0.05137,TOTAL,yes
2016,Indiana,9,US House,Johnson,18081,Johnson,0008 CLARK 3,Trey Hollingsworth,Republican,R,372,584,0.636986,TOTAL,yes
2016,Indiana,9,US House,Johnson,18081,Johnson,0009 FRANKLIN 1,Shelli Yoder,Democratic,D,204,651,0.313364,TOTAL,yes
2016,Indiana,9,US House,Johnson,18081,Johnson,0009 FRANKLIN 1,Russell Brooksbank,Libertarian,L,39,651,0.059908,TOTAL,yes
2016,Indiana,9,US House,Johnson,18081,Johnson,0009 FRANKLIN 1,Trey Hollingsworth,Republican,R,408,651,0.626728,TOTAL,yes
2016,Indiana,9,US House,Johnson,18081,Johnson,0010 FRANKLIN 2,Shelli Yoder,Democratic,D,173,435,0.397701,TOTAL,yes
2016,Indiana,9,US House,Johnson,18081,Johnson,0010 FRANKLIN 2,Russell Brooksbank,Libertarian,L,32,435,0.073563,TOTAL,yes
2016,Indiana,9,US House,Johnson,18081,Johnson,0010 FRANKLIN 2,Trey Hollingsworth,Republican,R,230,435,0.528736,TOTAL,yes
2016,Indiana,9,US House,Johnson,18081,Johnson,0011 FRANKLIN 3,Shelli Yoder,Democratic,D,81,257,0.315175,TOTAL,yes
2016,Indiana,9,US House,Johnson,18081,Johnson,0011 FRANKLIN 3,Russell Brooksbank,Libertarian,L,26,257,0.101167,TOTAL,yes
2016,Indiana,9,US House,Johnson,18081,Johnson,0011 FRANKLIN 3,Trey Hollingsworth,Republican,R,150,257,0.583658,TOTAL,yes
2016,Indiana,9,US House,Johnson,18081,Johnson,0012 FRANKLIN 4,Shelli Yoder,Democratic,D,154,424,0.363208,TOTAL,yes
2016,Indiana,9,US House,Johnson,18081,Johnson,0012 FRANKLIN 4,Russell Brooksbank,Libertarian,L,21,424,0.049528,TOTAL,yes
2016,Indiana,9,US House,Johnson,18081,Johnson,0012 FRANKLIN 4,Trey Hollingsworth,Republican,R,249,424,0.587264,TOTAL,yes
2016,Indiana,9,US House,Johnson,18081,Johnson,0013 FRANKLIN 5,Shelli Yoder,Democratic,D,97,220,0.440909,TOTAL,yes
2016,Indiana,9,US House,Johnson,18081,Johnson,0013 FRANKLIN 5,Russell Brooksbank,Libertarian,L,16,220,0.072727,TOTAL,yes
2016,Indiana,9,US House,Johnson,18081,Johnson,0013 FRANKLIN 5,Trey Hollingsworth,Republican,R,107,220,0.486364,TOTAL,yes
2016,Indiana,9,US House,Johnson,18081,Johnson,0014 FRANKLIN 6,Shelli Yoder,Democratic,D,148,461,0.321041,TOTAL,yes
2016,Indiana,9,US House,Johnson,18081,Johnson,0014 FRANKLIN 6,Russell Brooksbank,Libertarian,L,39,461,0.084599,TOTAL,yes
2016,Indiana,9,US House,Johnson,18081,Johnson,0014 FRANKLIN 6,Trey Hollingsworth,Republican,R,274,461,0.59436,TOTAL,yes
2016,Indiana,9,US House,Johnson,18081,Johnson,0015 FRANKLIN 7,Shelli Yoder,Democratic,D,138,346,0.398844,TOTAL,yes
2016,Indiana,9,US House,Johnson,18081,Johnson,0015 FRANKLIN 7,Russell Brooksbank,Libertarian,L,26,346,0.075145,TOTAL,yes
2016,Indiana,9,US House,Johnson,18081,Johnson,0015 FRANKLIN 7,Trey Hollingsworth,Republican,R,182,346,0.526012,TOTAL,yes
2016,Indiana,9,US House,Johnson,18081,Johnson,0016 FRANKLIN 8,Shelli Yoder,Democratic,D,57,204,0.279412,TOTAL,yes
2016,Indiana,9,US House,Johnson,18081,Johnson,0016 FRANKLIN 8,Russell Brooksbank,Libertarian,L,10,204,0.04902,TOTAL,yes
2016,Indiana,9,US House,Johnson,18081,Johnson,0016 FRANKLIN 8,Trey Hollingsworth,Republican,R,137,204,0.671569,TOTAL,yes
2016,Indiana,9,US House,Johnson,18081,Johnson,0017 FRANKLIN 9,Shelli Yoder,Democratic,D,226,762,0.296588,TOTAL,yes
2016,Indiana,9,US House,Johnson,18081,Johnson,0017 FRANKLIN 9,Russell Brooksbank,Libertarian,L,43,762,0.05643,TOTAL,yes
2016,Indiana,9,US House,Johnson,18081,Johnson,0017 FRANKLIN 9,Trey Hollingsworth,Republican,R,493,762,0.646982,TOTAL,yes
2016,Indiana,9,US House,Johnson,18081,Johnson,0018 FRANKLIN 10,Shelli Yoder,Democratic,D,113,325,0.347692,TOTAL,yes
2016,Indiana,9,US House,Johnson,18081,Johnson,0018 FRANKLIN 10,Russell Brooksbank,Libertarian,L,13,325,0.04,TOTAL,yes
2016,Indiana,9,US House,Johnson,18081,Johnson,0018 FRANKLIN 10,Trey Hollingsworth,Republican,R,199,325,0.612308,TOTAL,yes
2016,Indiana,9,US House,Johnson,18081,Johnson,0019 FRANKLIN 11,Shelli Yoder,Democratic,D,86,313,0.27476,TOTAL,yes
2016,Indiana,9,US House,Johnson,18081,Johnson,0019 FRANKLIN 11,Russell Brooksbank,Libertarian,L,24,313,0.076677,TOTAL,yes
2016,Indiana,9,US House,Johnson,18081,Johnson,0019 FRANKLIN 11,Trey Hollingsworth,Republican,R,203,313,0.648562,TOTAL,yes
2016,Indiana,9,US House,Johnson,18081,Johnson,0020 FRANKLIN 12,Shelli Yoder,Democratic,D,54,196,0.27551,TOTAL,yes
2016,Indiana,9,US House,Johnson,18081,Johnson,0020 FRANKLIN 12,Russell Brooksbank,Libertarian,L,20,196,0.102041,TOTAL,yes
2016,Indiana,9,US House,Johnson,18081,Johnson,0020 FRANKLIN 12,Trey Hollingsworth,Republican,R,122,196,0.622449,TOTAL,yes
2016,Indiana,9,US House,Johnson,18081,Johnson,0021 FRANKLIN 13,Shelli Yoder,Democratic,D,70,254,0.275591,TOTAL,yes
2016,Indiana,9,US House,Johnson,18081,Johnson,0021 FRANKLIN 13,Russell Brooksbank,Libertarian,L,10,254,0.03937,TOTAL,yes
2016,Indiana,9,US House,Johnson,18081,Johnson,0021 FRANKLIN 13,Trey Hollingsworth,Republican,R,174,254,0.685039,TOTAL,yes
2016,Indiana,9,US House,Johnson,18081,Johnson,0022 FRANKLIN 14,Shelli Yoder,Democratic,D,97,242,0.400826,TOTAL,yes
2016,Indiana,9,US House,Johnson,18081,Johnson,0022 FRANKLIN 14,Russell Brooksbank,Libertarian,L,8,242,0.033058,TOTAL,yes
2016,Indiana,9,US House,Johnson,18081,Johnson,0022 FRANKLIN 14,Trey Hollingsworth,Republican,R,137,242,0.566116,TOTAL,yes
2016,Indiana,9,US House,Johnson,18081,Johnson,0023 FRANKLIN 15,Shelli Yoder,Democratic,D,127,540,0.235185,TOTAL,yes
2016,Indiana,9,US House,Johnson,18081,Johnson,0023 FRANKLIN 15,Russell Brooksbank,Libertarian,L,34,540,0.062963,TOTAL,yes
2016,Indiana,9,US House,Johnson,18081,Johnson,0023 FRANKLIN 15,Trey Hollingsworth,Republican,R,379,540,0.701852,TOTAL,yes
2016,Indiana,9,US House,Johnson,18081,Johnson,0024 FRANKLIN 16,Shelli Yoder,Democratic,D,198,653,0.303216,TOTAL,yes
2016,Indiana,9,US House,Johnson,18081,Johnson,0024 FRANKLIN 16,Russell Brooksbank,Libertarian,L,51,653,0.078101,TOTAL,yes
2016,Indiana,9,US House,Johnson,18081,Johnson,0024 FRANKLIN 16,Trey Hollingsworth,Republican,R,404,653,0.618683,TOTAL,yes
2016,Indiana,9,US House,Johnson,18081,Johnson,0025 FRANKLIN 17,Shelli Yoder,Democratic,D,152,445,0.341573,TOTAL,yes
2016,Indiana,9,US House,Johnson,18081,Johnson,0025 FRANKLIN 17,Russell Brooksbank,Libertarian,L,24,445,0.053933,TOTAL,yes
2016,Indiana,9,US House,Johnson,18081,Johnson,0025 FRANKLIN 17,Trey Hollingsworth,Republican,R,269,445,0.604494,TOTAL,yes
2016,Indiana,9,US House,Johnson,18081,Johnson,0026 FRANKLIN 18,Shelli Yoder,Democratic,D,112,360,0.311111,TOTAL,yes
2016,Indiana,9,US House,Johnson,18081,Johnson,0026 FRANKLIN 18,Russell Brooksbank,Libertarian,L,25,360,0.069444,TOTAL,yes
2016,Indiana,9,US House,Johnson,18081,Johnson,0026 FRANKLIN 18,Trey Hollingsworth,Republican,R,223,360,0.619444,TOTAL,yes
2016,Indiana,9,US House,Johnson,18081,Johnson,0027 FRANKLIN 19,Shelli Yoder,Democratic,D,161,571,0.281961,TOTAL,yes
2016,Indiana,9,US House,Johnson,18081,Johnson,0027 FRANKLIN 19,Russell Brooksbank,Libertarian,L,50,571,0.087566,TOTAL,yes
2016,Indiana,9,US House,Johnson,18081,Johnson,0027 FRANKLIN 19,Trey Hollingsworth,Republican,R,360,571,0.630473,TOTAL,yes
2016,Indiana,9,US House,Johnson,18081,Johnson,0028 FRANKLIN 20,Shelli Yoder,Democratic,D,119,328,0.362805,TOTAL,yes
2016,Indiana,9,US House,Johnson,18081,Johnson,0028 FRANKLIN 20,Russell Brooksbank,Libertarian,L,20,328,0.060976,TOTAL,yes
2016,Indiana,9,US House,Johnson,18081,Johnson,0028 FRANKLIN 20,Trey Hollingsworth,Republican,R,189,328,0.57622,TOTAL,yes
2016,Indiana,9,US House,Johnson,18081,Johnson,0029 HENSLEY 1,Shelli Yoder,Democratic,D,64,311,0.205788,TOTAL,yes
2016,Indiana,9,US House,Johnson,18081,Johnson,0029 HENSLEY 1,Russell Brooksbank,Libertarian,L,16,311,0.051447,TOTAL,yes
2016,Indiana,9,US House,Johnson,18081,Johnson,0029 HENSLEY 1,Trey Hollingsworth,Republican,R,231,311,0.742765,TOTAL,yes
2016,Indiana,9,US House,Johnson,18081,Johnson,0030 HENSLEY 2,Shelli Yoder,Democratic,D,197,783,0.251596,TOTAL,yes
2016,Indiana,9,US House,Johnson,18081,Johnson,0030 HENSLEY 2,Russell Brooksbank,Libertarian,L,46,783,0.058748,TOTAL,yes
2016,Indiana,9,US House,Johnson,18081,Johnson,0030 HENSLEY 2,Trey Hollingsworth,Republican,R,540,783,0.689655,TOTAL,yes
2016,Indiana,9,US House,Johnson,18081,Johnson,0031 HENSLEY 3,Shelli Yoder,Democratic,D,134,647,0.20711,TOTAL,yes
2016,Indiana,9,US House,Johnson,18081,Johnson,0031 HENSLEY 3,Russell Brooksbank,Libertarian,L,38,647,0.058733,TOTAL,yes
2016,Indiana,9,US House,Johnson,18081,Johnson,0031 HENSLEY 3,Trey Hollingsworth,Republican,R,475,647,0.734158,TOTAL,yes
2016,Indiana,9,US House,Johnson,18081,Johnson,0032 NEEDHAM 1,Shelli Yoder,Democratic,D,188,704,0.267045,TOTAL,yes
2016,Indiana,9,US House,Johnson,18081,Johnson,0032 NEEDHAM 1,Russell Brooksbank,Libertarian,L,50,704,0.071023,TOTAL,yes
2016,Indiana,9,US House,Johnson,18081,Johnson,0032 NEEDHAM 1,Trey Hollingsworth,Republican,R,466,704,0.661932,TOTAL,yes
2016,Indiana,9,US House,Johnson,18081,Johnson,0033 NEEDHAM 2,Shelli Yoder,Democratic,D,275,776,0.354381,TOTAL,yes
2016,Indiana,9,US House,Johnson,18081,Johnson,0033 NEEDHAM 2,Russell Brooksbank,Libertarian,L,40,776,0.051546,TOTAL,yes
2016,Indiana,9,US House,Johnson,18081,Johnson,0033 NEEDHAM 2,Trey Hollingsworth,Republican,R,461,776,0.594072,TOTAL,yes
2016,Indiana,9,US House,Johnson,18081,Johnson,0034 NEEDHAM 3,Shelli Yoder,Democratic,D,105,416,0.252404,TOTAL,yes
2016,Indiana,9,US House,Johnson,18081,Johnson,0034 NEEDHAM 3,Russell Brooksbank,Libertarian,L,33,416,0.079327,TOTAL,yes
2016,Indiana,9,US House,Johnson,18081,Johnson,0034 NEEDHAM 3,Trey Hollingsworth,Republican,R,278,416,0.668269,TOTAL,yes
2016,Indiana,9,US House,Johnson,18081,Johnson,0035 NEEDHAM 4,Shelli Yoder,Democratic,D,210,580,0.362069,TOTAL,yes
2016,Indiana,9,US House,Johnson,18081,Johnson,0035 NEEDHAM 4,Russell Brooksbank,Libertarian,L,42,580,0.072414,TOTAL,yes
2016,Indiana,9,US House,Johnson,18081,Johnson,0035 NEEDHAM 4,Trey Hollingsworth,Republican,R,328,580,0.565517,TOTAL,yes
2016,Indiana,9,US House,Johnson,18081,Johnson,0036 NEEDHAM 5,Shelli Yoder,Democratic,D,242,727,0.332875,TOTAL,yes
2016,Indiana,9,US House,Johnson,18081,Johnson,0036 NEEDHAM 5,Russell Brooksbank,Libertarian,L,48,727,0.066025,TOTAL,yes
2016,Indiana,9,US House,Johnson,18081,Johnson,0036 NEEDHAM 5,Trey Hollingsworth,Republican,R,437,727,0.6011,TOTAL,yes
2016,Indiana,9,US House,Johnson,18081,Johnson,0037 NINEVEH 1,Shelli Yoder,Democratic,D,192,886,0.216704,TOTAL,yes
2016,Indiana,9,US House,Johnson,18081,Johnson,0037 NINEVEH 1,Russell Brooksbank,Libertarian,L,39,886,0.044018,TOTAL,yes
2016,Indiana,9,US House,Johnson,18081,Johnson,0037 NINEVEH 1,Trey Hollingsworth,Republican,R,655,886,0.739278,TOTAL,yes
2016,Indiana,9,US House,Johnson,18081,Johnson,0038 NINEVEH 2,Shelli Yoder,Democratic,D,152,688,0.22093,TOTAL,yes
2016,Indiana,9,US House,Johnson,18081,Johnson,0038 NINEVEH 2,Russell Brooksbank,Libertarian,L,56,688,0.081395,TOTAL,yes
2016,Indiana,9,US House,Johnson,18081,Johnson,0038 NINEVEH 2,Trey Hollingsworth,Republican,R,480,688,0.697674,TOTAL,yes
2016,Indiana,9,US House,Johnson,18081,Johnson,0039 NINEVEH 3,Shelli Yoder,Democratic,D,74,333,0.222222,TOTAL,yes
2016,Indiana,9,US House,Johnson,18081,Johnson,0039 NINEVEH 3,Russell Brooksbank,Libertarian,L,17,333,0.051051,TOTAL,yes
2016,Indiana,9,US House,Johnson,18081,Johnson,0039 NINEVEH 3,Trey Hollingsworth,Republican,R,242,333,0.726727,TOTAL,yes
2016,Indiana,9,US House,Johnson,18081,Johnson,0040 PLEASANT 1,Shelli Yoder,Democratic,D,124,467,0.265525,TOTAL,yes
2016,Indiana,9,US House,Johnson,18081,Johnson,0040 PLEASANT 1,Russell Brooksbank,Libertarian,L,29,467,0.062099,TOTAL,yes
2016,Indiana,9,US House,Johnson,18081,Johnson,0040 PLEASANT 1,Trey Hollingsworth,Republican,R,314,467,0.672377,TOTAL,yes
2016,Indiana,9,US House,Johnson,18081,Johnson,0041 PLEASANT 2,Shelli Yoder,Democratic,D,136,425,0.32,TOTAL,yes
2016,Indiana,9,US House,Johnson,18081,Johnson,0041 PLEASANT 2,Russell Brooksbank,Libertarian,L,33,425,0.077647,TOTAL,yes
2016,Indiana,9,US House,Johnson,18081,Johnson,0041 PLEASANT 2,Trey Hollingsworth,Republican,R,256,425,0.602353,TOTAL,yes
2016,Indiana,9,US House,Johnson,18081,Johnson,0042 PLEASANT 3,Shelli Yoder,Democratic,D,180,543,0.331492,TOTAL,yes
2016,Indiana,9,US House,Johnson,18081,Johnson,0042 PLEASANT 3,Russell Brooksbank,Libertarian,L,35,543,0.064457,TOTAL,yes
2016,Indiana,9,US House,Johnson,18081,Johnson,0042 PLEASANT 3,Trey Hollingsworth,Republican,R,328,543,0.604052,TOTAL,yes
2016,Indiana,9,US House,Johnson,18081,Johnson,0043 PLEASANT 4,Shelli Yoder,Democratic,D,110,325,0.338462,TOTAL,yes
2016,Indiana,9,US House,Johnson,18081,Johnson,0043 PLEASANT 4,Russell Brooksbank,Libertarian,L,28,325,0.086154,TOTAL,yes
2016,Indiana,9,US House,Johnson,18081,Johnson,0043 PLEASANT 4,Trey Hollingsworth,Republican,R,187,325,0.575385,TOTAL,yes
2016,Indiana,9,US House,Johnson,18081,Johnson,0044 PLEASANT 5,Shelli Yoder,Democratic,D,91,235,0.387234,TOTAL,yes
2016,Indiana,9,US House,Johnson,18081,Johnson,0044 PLEASANT 5,Russell Brooksbank,Libertarian,L,17,235,0.07234,TOTAL,yes
2016,Indiana,9,US House,Johnson,18081,Johnson,0044 PLEASANT 5,Trey Hollingsworth,Republican,R,127,235,0.540426,TOTAL,yes
2016,Indiana,9,US House,Johnson,18081,Johnson,0045 PLEASANT 6,Shelli Yoder,Democratic,D,102,367,0.277929,TOTAL,yes
2016,Indiana,9,US House,Johnson,18081,Johnson,0045 PLEASANT 6,Russell Brooksbank,Libertarian,L,32,367,0.087193,TOTAL,yes
2016,Indiana,9,US House,Johnson,18081,Johnson,0045 PLEASANT 6,Trey Hollingsworth,Republican,R,233,367,0.634877,TOTAL,yes
2016,Indiana,9,US House,Johnson,18081,Johnson,0046 PLEASANT 7,Shelli Yoder,Democratic,D,141,510,0.276471,TOTAL,yes
2016,Indiana,9,US House,Johnson,18081,Johnson,0046 PLEASANT 7,Russell Brooksbank,Libertarian,L,45,510,0.088235,TOTAL,yes
2016,Indiana,9,US House,Johnson,18081,Johnson,0046 PLEASANT 7,Trey Hollingsworth,Republican,R,324,510,0.635294,TOTAL,yes
2016,Indiana,9,US House,Johnson,18081,Johnson,0047 PLEASANT 8,Shelli Yoder,Democratic,D,118,429,0.275058,TOTAL,yes
2016,Indiana,9,US House,Johnson,18081,Johnson,0047 PLEASANT 8,Russell Brooksbank,Libertarian,L,25,429,0.058275,TOTAL,yes
2016,Indiana,9,US House,Johnson,18081,Johnson,0047 PLEASANT 8,Trey Hollingsworth,Republican,R,286,429,0.666667,TOTAL,yes
2016,Indiana,9,US House,Johnson,18081,Johnson,0048 PLEASANT 9,Shelli Yoder,Democratic,D,134,450,0.297778,TOTAL,yes
2016,Indiana,9,US House,Johnson,18081,Johnson,0048 PLEASANT 9,Russell Brooksbank,Libertarian,L,38,450,0.084444,TOTAL,yes
2016,Indiana,9,US House,Johnson,18081,Johnson,0048 PLEASANT 9,Trey Hollingsworth,Republican,R,278,450,0.617778,TOTAL,yes
2016,Indiana,9,US House,Johnson,18081,Johnson,0049 PLEASANT 10,Shelli Yoder,Democratic,D,67,259,0.258687,TOTAL,yes
2016,Indiana,9,US House,Johnson,18081,Johnson,0049 PLEASANT 10,Russell Brooksbank,Libertarian,L,23,259,0.088803,TOTAL,yes
2016,Indiana,9,US House,Johnson,18081,Johnson,0049 PLEASANT 10,Trey Hollingsworth,Republican,R,169,259,0.65251,TOTAL,yes
2016,Indiana,9,US House,Johnson,18081,Johnson,0050 PLEASANT 11,Shelli Yoder,Democratic,D,241,789,0.30545,TOTAL,yes
2016,Indiana,9,US House,Johnson,18081,Johnson,0050 PLEASANT 11,Russell Brooksbank,Libertarian,L,38,789,0.048162,TOTAL,yes
2016,Indiana,9,US House,Johnson,18081,Johnson,0050 PLEASANT 11,Trey Hollingsworth,Republican,R,510,789,0.646388,TOTAL,yes
2016,Indiana,9,US House,Johnson,18081,Johnson,0051 PLEASANT 12,Shelli Yoder,Democratic,D,128,444,0.288288,TOTAL,yes
2016,Indiana,9,US House,Johnson,18081,Johnson,0051 PLEASANT 12,Russell Brooksbank,Libertarian,L,24,444,0.054054,TOTAL,yes
2016,Indiana,9,US House,Johnson,18081,Johnson,0051 PLEASANT 12,Trey Hollingsworth,Republican,R,292,444,0.657658,TOTAL,yes
2016,Indiana,9,US House,Johnson,18081,Johnson,0052 PLEASANT 13,Shelli Yoder,Democratic,D,279,567,0.492063,TOTAL,yes
2016,Indiana,9,US House,Johnson,18081,Johnson,0052 PLEASANT 13,Russell Brooksbank,Libertarian,L,30,567,0.05291,TOTAL,yes
2016,Indiana,9,US House,Johnson,18081,Johnson,0052 PLEASANT 13,Trey Hollingsworth,Republican,R,258,567,0.455026,TOTAL,yes
2016,Indiana,9,US House,Johnson,18081,Johnson,0053 PLEASANT 14,Shelli Yoder,Democratic,D,188,702,0.267806,TOTAL,yes
2016,Indiana,9,US House,Johnson,18081,Johnson,0053 PLEASANT 14,Russell Brooksbank,Libertarian,L,37,702,0.052707,TOTAL,yes
2016,Indiana,9,US House,Johnson,18081,Johnson,0053 PLEASANT 14,Trey Hollingsworth,Republican,R,477,702,0.679487,TOTAL,yes
2016,Indiana,9,US House,Johnson,18081,Johnson,0054 PLEASANT 15,Shelli Yoder,Democratic,D,68,197,0.345178,TOTAL,yes
2016,Indiana,9,US House,Johnson,18081,Johnson,0054 PLEASANT 15,Russell Brooksbank,Libertarian,L,26,197,0.13198,TOTAL,yes
2016,Indiana,9,US House,Johnson,18081,Johnson,0054 PLEASANT 15,Trey Hollingsworth,Republican,R,103,197,0.522843,TOTAL,yes
2016,Indiana,9,US House,Johnson,18081,Johnson,0055 PLEASANT 16,Shelli Yoder,Democratic,D,145,489,0.296524,TOTAL,yes
2016,Indiana,9,US House,Johnson,18081,Johnson,0055 PLEASANT 16,Russell Brooksbank,Libertarian,L,22,489,0.04499,TOTAL,yes
2016,Indiana,9,US House,Johnson,18081,Johnson,0055 PLEASANT 16,Trey Hollingsworth,Republican,R,322,489,0.658487,TOTAL,yes
2016,Indiana,9,US House,Johnson,18081,Johnson,0056 PLEASANT 17,Shelli Yoder,Democratic,D,197,535,0.368224,TOTAL,yes
2016,Indiana,9,US House,Johnson,18081,Johnson,0056 PLEASANT 17,Russell Brooksbank,Libertarian,L,31,535,0.057944,TOTAL,yes
2016,Indiana,9,US House,Johnson,18081,Johnson,0056 PLEASANT 17,Trey Hollingsworth,Republican,R,307,535,0.573832,TOTAL,yes
2016,Indiana,9,US House,Johnson,18081,Johnson,0057 PLEASANT 18,Shelli Yoder,Democratic,D,106,330,0.321212,TOTAL,yes
2016,Indiana,9,US House,Johnson,18081,Johnson,0057 PLEASANT 18,Russell Brooksbank,Libertarian,L,12,330,0.036364,TOTAL,yes
2016,Indiana,9,US House,Johnson,18081,Johnson,0057 PLEASANT 18,Trey Hollingsworth,Republican,R,212,330,0.642424,TOTAL,yes
2016,Indiana,9,US House,Johnson,18081,Johnson,0058 PLEASANT 19,Shelli Yoder,Democratic,D,248,879,0.282139,TOTAL,yes
2016,Indiana,9,US House,Johnson,18081,Johnson,0058 PLEASANT 19,Russell Brooksbank,Libertarian,L,78,879,0.088737,TOTAL,yes
2016,Indiana,9,US House,Johnson,18081,Johnson,0058 PLEASANT 19,Trey Hollingsworth,Republican,R,553,879,0.629124,TOTAL,yes
2016,Indiana,9,US House,Johnson,18081,Johnson,0059 PLEASANT 20,Shelli Yoder,Democratic,D,79,249,0.317269,TOTAL,yes
2016,Indiana,9,US House,Johnson,18081,Johnson,0059 PLEASANT 20,Russell Brooksbank,Libertarian,L,15,249,0.060241,TOTAL,yes
2016,Indiana,9,US House,Johnson,18081,Johnson,0059 PLEASANT 20,Trey Hollingsworth,Republican,R,155,249,0.62249,TOTAL,yes
2016,Indiana,9,US House,Johnson,18081,Johnson,0060 PLEASANT 21,Shelli Yoder,Democratic,D,191,707,0.270156,TOTAL,yes
2016,Indiana,9,US House,Johnson,18081,Johnson,0060 PLEASANT 21,Russell Brooksbank,Libertarian,L,41,707,0.057992,TOTAL,yes
2016,Indiana,9,US House,Johnson,18081,Johnson,0060 PLEASANT 21,Trey Hollingsworth,Republican,R,475,707,0.671853,TOTAL,yes
2016,Indiana,9,US House,Johnson,18081,Johnson,0061 PLEASANT 22,Shelli Yoder,Democratic,D,408,1350,0.302222,TOTAL,yes
2016,Indiana,9,US House,Johnson,18081,Johnson,0061 PLEASANT 22,Russell Brooksbank,Libertarian,L,84,1350,0.062222,TOTAL,yes
2016,Indiana,9,US House,Johnson,18081,Johnson,0061 PLEASANT 22,Trey Hollingsworth,Republican,R,858,1350,0.635556,TOTAL,yes
2016,Indiana,9,US House,Johnson,18081,Johnson,0062 PLEASANT 23,Shelli Yoder,Democratic,D,53,172,0.30814,TOTAL,yes
2016,Indiana,9,US House,Johnson,18081,Johnson,0062 PLEASANT 23,Russell Brooksbank,Libertarian,L,6,172,0.034884,TOTAL,yes
2016,Indiana,9,US House,Johnson,18081,Johnson,0062 PLEASANT 23,Trey Hollingsworth,Republican,R,113,172,0.656977,TOTAL,yes
2016,Indiana,9,US House,Johnson,18081,Johnson,0063 PLEASANT 24,Shelli Yoder,Democratic,D,64,225,0.284444,TOTAL,yes
2016,Indiana,9,US House,Johnson,18081,Johnson,0063 PLEASANT 24,Russell Brooksbank,Libertarian,L,17,225,0.075556,TOTAL,yes
2016,Indiana,9,US House,Johnson,18081,Johnson,0063 PLEASANT 24,Trey Hollingsworth,Republican,R,144,225,0.64,TOTAL,yes
2016,Indiana,9,US House,Johnson,18081,Johnson,0064 PLEASANT 25,Shelli Yoder,Democratic,D,61,160,0.38125,TOTAL,yes
2016,Indiana,9,US House,Johnson,18081,Johnson,0064 PLEASANT 25,Russell Brooksbank,Libertarian,L,16,160,0.1,TOTAL,yes
2016,Indiana,9,US House,Johnson,18081,Johnson,0064 PLEASANT 25,Trey Hollingsworth,Republican,R,83,160,0.51875,TOTAL,yes
2016,Indiana,9,US House,Johnson,18081,Johnson,0065 PLEASANT 26,Shelli Yoder,Democratic,D,78,230,0.33913,TOTAL,yes
2016,Indiana,9,US House,Johnson,18081,Johnson,0065 PLEASANT 26,Russell Brooksbank,Libertarian,L,15,230,0.065217,TOTAL,yes
2016,Indiana,9,US House,Johnson,18081,Johnson,0065 PLEASANT 26,Trey Hollingsworth,Republican,R,137,230,0.595652,TOTAL,yes
2016,Indiana,9,US House,Johnson,18081,Johnson,0066 PLEASANT 27,Shelli Yoder,Democratic,D,84,251,0.334661,TOTAL,yes
2016,Indiana,9,US House,Johnson,18081,Johnson,0066 PLEASANT 27,Russell Brooksbank,Libertarian,L,18,251,0.071713,TOTAL,yes
2016,Indiana,9,US House,Johnson,18081,Johnson,0066 PLEASANT 27,Trey Hollingsworth,Republican,R,149,251,0.593625,TOTAL,yes
2016,Indiana,9,US House,Johnson,18081,Johnson,0067 PLEASANT 28,Shelli Yoder,Democratic,D,206,661,0.311649,TOTAL,yes
2016,Indiana,9,US House,Johnson,18081,Johnson,0067 PLEASANT 28,Russell Brooksbank,Libertarian,L,37,661,0.055976,TOTAL,yes
2016,Indiana,9,US House,Johnson,18081,Johnson,0067 PLEASANT 28,Trey Hollingsworth,Republican,R,418,661,0.632375,TOTAL,yes
2016,Indiana,9,US House,Johnson,18081,Johnson,0068 PLEASANT 29,Shelli Yoder,Democratic,D,116,342,0.339181,TOTAL,yes
2016,Indiana,9,US House,Johnson,18081,Johnson,0068 PLEASANT 29,Russell Brooksbank,Libertarian,L,26,342,0.076023,TOTAL,yes
2016,Indiana,9,US House,Johnson,18081,Johnson,0068 PLEASANT 29,Trey Hollingsworth,Republican,R,200,342,0.584795,TOTAL,yes
2016,Indiana,9,US House,Johnson,18081,Johnson,0069 PLEASANT 30,Shelli Yoder,Democratic,D,145,447,0.324385,TOTAL,yes
2016,Indiana,9,US House,Johnson,18081,Johnson,0069 PLEASANT 30,Russell Brooksbank,Libertarian,L,38,447,0.085011,TOTAL,yes
2016,Indiana,9,US House,Johnson,18081,Johnson,0069 PLEASANT 30,Trey Hollingsworth,Republican,R,264,447,0.590604,TOTAL,yes
2016,Indiana,9,US House,Johnson,18081,Johnson,0070 PLEASANT 31,Shelli Yoder,Democratic,D,145,651,0.222734,TOTAL,yes
2016,Indiana,9,US House,Johnson,18081,Johnson,0070 PLEASANT 31,Russell Brooksbank,Libertarian,L,45,651,0.069124,TOTAL,yes
2016,Indiana,9,US House,Johnson,18081,Johnson,0070 PLEASANT 31,Trey Hollingsworth,Republican,R,461,651,0.708141,TOTAL,yes
2016,Indiana,9,US House,Johnson,18081,Johnson,0071 PLEASANT 32,Shelli Yoder,Democratic,D,120,340,0.352941,TOTAL,yes
2016,Indiana,9,US House,Johnson,18081,Johnson,0071 PLEASANT 32,Russell Brooksbank,Libertarian,L,21,340,0.061765,TOTAL,yes
2016,Indiana,9,US House,Johnson,18081,Johnson,0071 PLEASANT 32,Trey Hollingsworth,Republican,R,199,340,0.585294,TOTAL,yes
2016,Indiana,9,US House,Johnson,18081,Johnson,0072 PLEASANT 33,Shelli Yoder,Democratic,D,205,734,0.279292,TOTAL,yes
2016,Indiana,9,US House,Johnson,18081,Johnson,0072 PLEASANT 33,Russell Brooksbank,Libertarian,L,56,734,0.076294,TOTAL,yes
2016,Indiana,9,US House,Johnson,18081,Johnson,0072 PLEASANT 33,Trey Hollingsworth,Republican,R,473,734,0.644414,TOTAL,yes
2016,Indiana,9,US House,Johnson,18081,Johnson,0073 PLEASANT 34,Shelli Yoder,Democratic,D,97,478,0.202929,TOTAL,yes
2016,Indiana,9,US House,Johnson,18081,Johnson,0073 PLEASANT 34,Russell Brooksbank,Libertarian,L,41,478,0.085774,TOTAL,yes
2016,Indiana,9,US House,Johnson,18081,Johnson,0073 PLEASANT 34,Trey Hollingsworth,Republican,R,340,478,0.711297,TOTAL,yes
2016,Indiana,9,US House,Johnson,18081,Johnson,0074 PLEASANT 35,Shelli Yoder,Democratic,D,144,456,0.315789,TOTAL,yes
2016,Indiana,9,US House,Johnson,18081,Johnson,0074 PLEASANT 35,Russell Brooksbank,Libertarian,L,18,456,0.039474,TOTAL,yes
2016,Indiana,9,US House,Johnson,18081,Johnson,0074 PLEASANT 35,Trey Hollingsworth,Republican,R,294,456,0.644737,TOTAL,yes
2016,Indiana,9,US House,Johnson,18081,Johnson,0075 PLEASANT 36,Shelli Yoder,Democratic,D,54,177,0.305085,TOTAL,yes
2016,Indiana,9,US House,Johnson,18081,Johnson,0075 PLEASANT 36,Russell Brooksbank,Libertarian,L,7,177,0.039548,TOTAL,yes
2016,Indiana,9,US House,Johnson,18081,Johnson,0075 PLEASANT 36,Trey Hollingsworth,Republican,R,116,177,0.655367,TOTAL,yes
2016,Indiana,9,US House,Johnson,18081,Johnson,0076 PLEASANT 37,Shelli Yoder,Democratic,D,83,226,0.367257,TOTAL,yes
2016,Indiana,9,US House,Johnson,18081,Johnson,0076 PLEASANT 37,Russell Brooksbank,Libertarian,L,18,226,0.079646,TOTAL,yes
2016,Indiana,9,US House,Johnson,18081,Johnson,0076 PLEASANT 37,Trey Hollingsworth,Republican,R,125,226,0.553097,TOTAL,yes
2016,Indiana,9,US House,Johnson,18081,Johnson,0077 PLEASANT 38,Shelli Yoder,Democratic,D,173,559,0.309481,TOTAL,yes
2016,Indiana,9,US House,Johnson,18081,Johnson,0077 PLEASANT 38,Russell Brooksbank,Libertarian,L,42,559,0.075134,TOTAL,yes
2016,Indiana,9,US House,Johnson,18081,Johnson,0077 PLEASANT 38,Trey Hollingsworth,Republican,R,344,559,0.615385,TOTAL,yes
2016,Indiana,9,US House,Johnson,18081,Johnson,0078 PLEASANT 39,Shelli Yoder,Democratic,D,221,689,0.320755,TOTAL,yes
2016,Indiana,9,US House,Johnson,18081,Johnson,0078 PLEASANT 39,Russell Brooksbank,Libertarian,L,38,689,0.055152,TOTAL,yes
2016,Indiana,9,US House,Johnson,18081,Johnson,0078 PLEASANT 39,Trey Hollingsworth,Republican,R,430,689,0.624093,TOTAL,yes
2016,Indiana,9,US House,Johnson,18081,Johnson,0079 PLEASANT 40,Shelli Yoder,Democratic,D,171,547,0.312614,TOTAL,yes
2016,Indiana,9,US House,Johnson,18081,Johnson,0079 PLEASANT 40,Russell Brooksbank,Libertarian,L,34,547,0.062157,TOTAL,yes
2016,Indiana,9,US House,Johnson,18081,Johnson,0079 PLEASANT 40,Trey Hollingsworth,Republican,R,342,547,0.625229,TOTAL,yes
2016,Indiana,9,US House,Johnson,18081,Johnson,0080 PLEASANT 41,Shelli Yoder,Democratic,D,29,120,0.241667,TOTAL,yes
2016,Indiana,9,US House,Johnson,18081,Johnson,0080 PLEASANT 41,Russell Brooksbank,Libertarian,L,9,120,0.075,TOTAL,yes
2016,Indiana,9,US House,Johnson,18081,Johnson,0080 PLEASANT 41,Trey Hollingsworth,Republican,R,82,120,0.683333,TOTAL,yes
2016,Indiana,9,US House,Johnson,18081,Johnson,0081 PLEASANT 42,Shelli Yoder,Democratic,D,265,812,0.326355,TOTAL,yes
2016,Indiana,9,US House,Johnson,18081,Johnson,0081 PLEASANT 42,Russell Brooksbank,Libertarian,L,47,812,0.057882,TOTAL,yes
2016,Indiana,9,US House,Johnson,18081,Johnson,0081 PLEASANT 42,Trey Hollingsworth,Republican,R,500,812,0.615764,TOTAL,yes
2016,Indiana,9,US House,Johnson,18081,Johnson,0082 PLEASANT 43,Shelli Yoder,Democratic,D,219,683,0.320644,TOTAL,yes
2016,Indiana,9,US House,Johnson,18081,Johnson,0082 PLEASANT 43,Russell Brooksbank,Libertarian,L,27,683,0.039531,TOTAL,yes
2016,Indiana,9,US House,Johnson,18081,Johnson,0082 PLEASANT 43,Trey Hollingsworth,Republican,R,437,683,0.639824,TOTAL,yes
2016,Indiana,9,US House,Johnson,18081,Johnson,0083 PLEASANT 44,Shelli Yoder,Democratic,D,120,330,0.363636,TOTAL,yes
2016,Indiana,9,US House,Johnson,18081,Johnson,0083 PLEASANT 44,Russell Brooksbank,Libertarian,L,26,330,0.078788,TOTAL,yes
2016,Indiana,9,US House,Johnson,18081,Johnson,0083 PLEASANT 44,Trey Hollingsworth,Republican,R,184,330,0.557576,TOTAL,yes
2016,Indiana,9,US House,Johnson,18081,Johnson,0084 PLEASANT 45,Shelli Yoder,Democratic,D,340,641,0.530421,TOTAL,yes
2016,Indiana,9,US House,Johnson,18081,Johnson,0084 PLEASANT 45,Russell Brooksbank,Libertarian,L,38,641,0.059282,TOTAL,yes
2016,Indiana,9,US House,Johnson,18081,Johnson,0084 PLEASANT 45,Trey Hollingsworth,Republican,R,263,641,0.410296,TOTAL,yes
2016,Indiana,9,US House,Johnson,18081,Johnson,0085 PLEASANT 46,Shelli Yoder,Democratic,D,85,317,0.268139,TOTAL,yes
2016,Indiana,9,US House,Johnson,18081,Johnson,0085 PLEASANT 46,Russell Brooksbank,Libertarian,L,24,317,0.07571,TOTAL,yes
2016,Indiana,9,US House,Johnson,18081,Johnson,0085 PLEASANT 46,Trey Hollingsworth,Republican,R,208,317,0.656151,TOTAL,yes
2016,Indiana,9,US House,Johnson,18081,Johnson,0086 PLEASANT 47,Shelli Yoder,Democratic,D,212,560,0.378571,TOTAL,yes
2016,Indiana,9,US House,Johnson,18081,Johnson,0086 PLEASANT 47,Russell Brooksbank,Libertarian,L,36,560,0.064286,TOTAL,yes
2016,Indiana,9,US House,Johnson,18081,Johnson,0086 PLEASANT 47,Trey Hollingsworth,Republican,R,312,560,0.557143,TOTAL,yes
2016,Indiana,9,US House,Johnson,18081,Johnson,0087 PLEASANT 48,Shelli Yoder,Democratic,D,210,546,0.384615,TOTAL,yes
2016,Indiana,9,US House,Johnson,18081,Johnson,0087 PLEASANT 48,Russell Brooksbank,Libertarian,L,36,546,0.065934,TOTAL,yes
2016,Indiana,9,US House,Johnson,18081,Johnson,0087 PLEASANT 48,Trey Hollingsworth,Republican,R,300,546,0.549451,TOTAL,yes
2016,Indiana,9,US House,Johnson,18081,Johnson,0088 PLEASANT 49,Shelli Yoder,Democratic,D,128,399,0.320802,TOTAL,yes
2016,Indiana,9,US House,Johnson,18081,Johnson,0088 PLEASANT 49,Russell Brooksbank,Libertarian,L,19,399,0.047619,TOTAL,yes
2016,Indiana,9,US House,Johnson,18081,Johnson,0088 PLEASANT 49,Trey Hollingsworth,Republican,R,252,399,0.631579,TOTAL,yes
2016,Indiana,9,US House,Johnson,18081,Johnson,0089 UNION 1,Shelli Yoder,Democratic,D,147,564,0.260638,TOTAL,yes
2016,Indiana,9,US House,Johnson,18081,Johnson,0089 UNION 1,Russell Brooksbank,Libertarian,L,31,564,0.054965,TOTAL,yes
2016,Indiana,9,US House,Johnson,18081,Johnson,0089 UNION 1,Trey Hollingsworth,Republican,R,386,564,0.684397,TOTAL,yes
2016,Indiana,9,US House,Johnson,18081,Johnson,0090 UNION 2,Shelli Yoder,Democratic,D,112,451,0.248337,TOTAL,yes
2016,Indiana,9,US House,Johnson,18081,Johnson,0090 UNION 2,Russell Brooksbank,Libertarian,L,29,451,0.064302,TOTAL,yes
2016,Indiana,9,US House,Johnson,18081,Johnson,0090 UNION 2,Trey Hollingsworth,Republican,R,310,451,0.687361,TOTAL,yes
2016,Indiana,9,US House,Johnson,18081,Johnson,0091 UNION 3,Shelli Yoder,Democratic,D,91,335,0.271642,TOTAL,yes
2016,Indiana,9,US House,Johnson,18081,Johnson,0091 UNION 3,Russell Brooksbank,Libertarian,L,19,335,0.056716,TOTAL,yes
2016,Indiana,9,US House,Johnson,18081,Johnson,0091 UNION 3,Trey Hollingsworth,Republican,R,225,335,0.671642,TOTAL,yes
2016,Indiana,9,US House,Johnson,18081,Johnson,0092 WHITE RIVER 1,Shelli Yoder,Democratic,D,121,472,0.256356,TOTAL,yes
2016,Indiana,9,US House,Johnson,18081,Johnson,0092 WHITE RIVER 1,Russell Brooksbank,Libertarian,L,17,472,0.036017,TOTAL,yes
2016,Indiana,9,US House,Johnson,18081,Johnson,0092 WHITE RIVER 1,Trey Hollingsworth,Republican,R,334,472,0.707627,TOTAL,yes
2016,Indiana,9,US House,Johnson,18081,Johnson,0093 WHITE RIVER 2,Shelli Yoder,Democratic,D,70,234,0.299145,TOTAL,yes
2016,Indiana,9,US House,Johnson,18081,Johnson,0093 WHITE RIVER 2,Russell Brooksbank,Libertarian,L,13,234,0.055556,TOTAL,yes
2016,Indiana,9,US House,Johnson,18081,Johnson,0093 WHITE RIVER 2,Trey Hollingsworth,Republican,R,151,234,0.645299,TOTAL,yes
2016,Indiana,9,US House,Johnson,18081,Johnson,0094 WHITE RIVER 3,Shelli Yoder,Democratic,D,185,564,0.328014,TOTAL,yes
2016,Indiana,9,US House,Johnson,18081,Johnson,0094 WHITE RIVER 3,Russell Brooksbank,Libertarian,L,36,564,0.06383,TOTAL,yes
2016,Indiana,9,US House,Johnson,18081,Johnson,0094 WHITE RIVER 3,Trey Hollingsworth,Republican,R,343,564,0.608156,TOTAL,yes
2016,Indiana,9,US House,Johnson,18081,Johnson,0095 WHITE RIVER 4,Shelli Yoder,Democratic,D,138,485,0.284536,TOTAL,yes
2016,Indiana,9,US House,Johnson,18081,Johnson,0095 WHITE RIVER 4,Russell Brooksbank,Libertarian,L,17,485,0.035052,TOTAL,yes
2016,Indiana,9,US House,Johnson,18081,Johnson,0095 WHITE RIVER 4,Trey Hollingsworth,Republican,R,330,485,0.680412,TOTAL,yes
2016,Indiana,9,US House,Johnson,18081,Johnson,0096 WHITE RIVER 5,Shelli Yoder,Democratic,D,111,401,0.276808,TOTAL,yes
2016,Indiana,9,US House,Johnson,18081,Johnson,0096 WHITE RIVER 5,Russell Brooksbank,Libertarian,L,31,401,0.077307,TOTAL,yes
2016,Indiana,9,US House,Johnson,18081,Johnson,0096 WHITE RIVER 5,Trey Hollingsworth,Republican,R,259,401,0.645885,TOTAL,yes
2016,Indiana,9,US House,Johnson,18081,Johnson,0097 WHITE RIVER 6,Shelli Yoder,Democratic,D,142,475,0.298947,TOTAL,yes
2016,Indiana,9,US House,Johnson,18081,Johnson,0097 WHITE RIVER 6,Russell Brooksbank,Libertarian,L,28,475,0.058947,TOTAL,yes
2016,Indiana,9,US House,Johnson,18081,Johnson,0097 WHITE RIVER 6,Trey Hollingsworth,Republican,R,305,475,0.642105,TOTAL,yes
2016,Indiana,9,US House,Johnson,18081,Johnson,0098 WHITE RIVER 7,Shelli Yoder,Democratic,D,199,627,0.317384,TOTAL,yes
2016,Indiana,9,US House,Johnson,18081,Johnson,0098 WHITE RIVER 7,Russell Brooksbank,Libertarian,L,43,627,0.068581,TOTAL,yes
2016,Indiana,9,US House,Johnson,18081,Johnson,0098 WHITE RIVER 7,Trey Hollingsworth,Republican,R,385,627,0.614035,TOTAL,yes
2016,Indiana,9,US House,Johnson,18081,Johnson,0099 WHITE RIVER 8,Shelli Yoder,Democratic,D,186,662,0.280967,TOTAL,yes
2016,Indiana,9,US House,Johnson,18081,Johnson,0099 WHITE RIVER 8,Russell Brooksbank,Libertarian,L,37,662,0.055891,TOTAL,yes
2016,Indiana,9,US House,Johnson,18081,Johnson,0099 WHITE RIVER 8,Trey Hollingsworth,Republican,R,439,662,0.663142,TOTAL,yes
2016,Indiana,9,US House,Johnson,18081,Johnson,0100 WHITE RIVER 9,Shelli Yoder,Democratic,D,230,742,0.309973,TOTAL,yes
2016,Indiana,9,US House,Johnson,18081,Johnson,0100 WHITE RIVER 9,Russell Brooksbank,Libertarian,L,50,742,0.067385,TOTAL,yes
2016,Indiana,9,US House,Johnson,18081,Johnson,0100 WHITE RIVER 9,Trey Hollingsworth,Republican,R,462,742,0.622642,TOTAL,yes
2016,Indiana,9,US House,Johnson,18081,Johnson,0101 WHITE RIVER 10,Shelli Yoder,Democratic,D,116,402,0.288557,TOTAL,yes
2016,Indiana,9,US House,Johnson,18081,Johnson,0101 WHITE RIVER 10,Russell Brooksbank,Libertarian,L,7,402,0.017413,TOTAL,yes
2016,Indiana,9,US House,Johnson,18081,Johnson,0101 WHITE RIVER 10,Trey Hollingsworth,Republican,R,279,402,0.69403,TOTAL,yes
2016,Indiana,9,US House,Johnson,18081,Johnson,0102 WHITE RIVER 11,Shelli Yoder,Democratic,D,177,640,0.276562,TOTAL,yes
2016,Indiana,9,US House,Johnson,18081,Johnson,0102 WHITE RIVER 11,Russell Brooksbank,Libertarian,L,34,640,0.053125,TOTAL,yes
2016,Indiana,9,US House,Johnson,18081,Johnson,0102 WHITE RIVER 11,Trey Hollingsworth,Republican,R,429,640,0.670312,TOTAL,yes
2016,Indiana,9,US House,Johnson,18081,Johnson,0103 WHITE RIVER 12,Shelli Yoder,Democratic,D,183,577,0.317158,TOTAL,yes
2016,Indiana,9,US House,Johnson,18081,Johnson,0103 WHITE RIVER 12,Russell Brooksbank,Libertarian,L,21,577,0.036395,TOTAL,yes
2016,Indiana,9,US House,Johnson,18081,Johnson,0103 WHITE RIVER 12,Trey Hollingsworth,Republican,R,373,577,0.646447,TOTAL,yes
2016,Indiana,9,US House,Johnson,18081,Johnson,0104 WHITE RIVER 13,Shelli Yoder,Democratic,D,146,458,0.318777,TOTAL,yes
2016,Indiana,9,US House,Johnson,18081,Johnson,0104 WHITE RIVER 13,Russell Brooksbank,Libertarian,L,14,458,0.030568,TOTAL,yes
2016,Indiana,9,US House,Johnson,18081,Johnson,0104 WHITE RIVER 13,Trey Hollingsworth,Republican,R,298,458,0.650655,TOTAL,yes
2016,Indiana,9,US House,Johnson,18081,Johnson,0105 WHITE RIVER 14,Shelli Yoder,Democratic,D,244,749,0.325768,TOTAL,yes
2016,Indiana,9,US House,Johnson,18081,Johnson,0105 WHITE RIVER 14,Russell Brooksbank,Libertarian,L,33,749,0.044059,TOTAL,yes
2016,Indiana,9,US House,Johnson,18081,Johnson,0105 WHITE RIVER 14,Trey Hollingsworth,Republican,R,472,749,0.630174,TOTAL,yes
2016,Indiana,9,US House,Johnson,18081,Johnson,0106 WHITE RIVER 15,Shelli Yoder,Democratic,D,334,1115,0.299552,TOTAL,yes
2016,Indiana,9,US House,Johnson,18081,Johnson,0106 WHITE RIVER 15,Russell Brooksbank,Libertarian,L,59,1115,0.052915,TOTAL,yes
2016,Indiana,9,US House,Johnson,18081,Johnson,0106 WHITE RIVER 15,Trey Hollingsworth,Republican,R,722,1115,0.647534,TOTAL,yes
2016,Indiana,9,US House,Johnson,18081,Johnson,0107 WHITE RIVER 16,Shelli Yoder,Democratic,D,222,749,0.296395,TOTAL,yes
2016,Indiana,9,US House,Johnson,18081,Johnson,0107 WHITE RIVER 16,Russell Brooksbank,Libertarian,L,32,749,0.042724,TOTAL,yes
2016,Indiana,9,US House,Johnson,18081,Johnson,0107 WHITE RIVER 16,Trey Hollingsworth,Republican,R,495,749,0.660881,TOTAL,yes
2016,Indiana,9,US House,Johnson,18081,Johnson,0108 WHITE RIVER 17,Shelli Yoder,Democratic,D,131,430,0.304651,TOTAL,yes
2016,Indiana,9,US House,Johnson,18081,Johnson,0108 WHITE RIVER 17,Russell Brooksbank,Libertarian,L,26,430,0.060465,TOTAL,yes
2016,Indiana,9,US House,Johnson,18081,Johnson,0108 WHITE RIVER 17,Trey Hollingsworth,Republican,R,273,430,0.634884,TOTAL,yes
2016,Indiana,9,US House,Johnson,18081,Johnson,0109 WHITE RIVER 18,Shelli Yoder,Democratic,D,143,427,0.334895,TOTAL,yes
2016,Indiana,9,US House,Johnson,18081,Johnson,0109 WHITE RIVER 18,Russell Brooksbank,Libertarian,L,23,427,0.053864,TOTAL,yes
2016,Indiana,9,US House,Johnson,18081,Johnson,0109 WHITE RIVER 18,Trey Hollingsworth,Republican,R,261,427,0.611241,TOTAL,yes
2016,Indiana,9,US House,Johnson,18081,Johnson,0110 WHITE RIVER 19,Shelli Yoder,Democratic,D,151,464,0.325431,TOTAL,yes
2016,Indiana,9,US House,Johnson,18081,Johnson,0110 WHITE RIVER 19,Russell Brooksbank,Libertarian,L,38,464,0.081897,TOTAL,yes
2016,Indiana,9,US House,Johnson,18081,Johnson,0110 WHITE RIVER 19,Trey Hollingsworth,Republican,R,275,464,0.592672,TOTAL,yes
2016,Indiana,9,US House,Johnson,18081,Johnson,0111 WHITE RIVER 20,Shelli Yoder,Democratic,D,117,432,0.270833,TOTAL,yes
2016,Indiana,9,US House,Johnson,18081,Johnson,0111 WHITE RIVER 20,Russell Brooksbank,Libertarian,L,16,432,0.037037,TOTAL,yes
2016,Indiana,9,US House,Johnson,18081,Johnson,0111 WHITE RIVER 20,Trey Hollingsworth,Republican,R,299,432,0.69213,TOTAL,yes
2016,Indiana,9,US House,Johnson,18081,Johnson,0112 WHITE RIVER 21,Shelli Yoder,Democratic,D,246,796,0.309045,TOTAL,yes
2016,Indiana,9,US House,Johnson,18081,Johnson,0112 WHITE RIVER 21,Russell Brooksbank,Libertarian,L,24,796,0.030151,TOTAL,yes
2016,Indiana,9,US House,Johnson,18081,Johnson,0112 WHITE RIVER 21,Trey Hollingsworth,Republican,R,526,796,0.660804,TOTAL,yes
2016,Indiana,9,US House,Johnson,18081,Johnson,0113 WHITE RIVER 22,Shelli Yoder,Democratic,D,208,655,0.317557,TOTAL,yes
2016,Indiana,9,US House,Johnson,18081,Johnson,0113 WHITE RIVER 22,Russell Brooksbank,Libertarian,L,28,655,0.042748,TOTAL,yes
2016,Indiana,9,US House,Johnson,18081,Johnson,0113 WHITE RIVER 22,Trey Hollingsworth,Republican,R,419,655,0.639695,TOTAL,yes
2016,Indiana,9,US House,Johnson,18081,Johnson,0114 WHITE RIVER 23,Shelli Yoder,Democratic,D,89,300,0.296667,TOTAL,yes
2016,Indiana,9,US House,Johnson,18081,Johnson,0114 WHITE RIVER 23,Russell Brooksbank,Libertarian,L,11,300,0.036667,TOTAL,yes
2016,Indiana,9,US House,Johnson,18081,Johnson,0114 WHITE RIVER 23,Trey Hollingsworth,Republican,R,200,300,0.666667,TOTAL,yes
2016,Indiana,9,US House,Johnson,18081,Johnson,0115 WHITE RIVER 24,Shelli Yoder,Democratic,D,106,460,0.230435,TOTAL,yes
2016,Indiana,9,US House,Johnson,18081,Johnson,0115 WHITE RIVER 24,Russell Brooksbank,Libertarian,L,21,460,0.045652,TOTAL,yes
2016,Indiana,9,US House,Johnson,18081,Johnson,0115 WHITE RIVER 24,Trey Hollingsworth,Republican,R,333,460,0.723913,TOTAL,yes
2016,Indiana,9,US House,Johnson,18081,Johnson,0116 WHITE RIVER 25,Shelli Yoder,Democratic,D,197,543,0.362799,TOTAL,yes
2016,Indiana,9,US House,Johnson,18081,Johnson,0116 WHITE RIVER 25,Russell Brooksbank,Libertarian,L,39,543,0.071823,TOTAL,yes
2016,Indiana,9,US House,Johnson,18081,Johnson,0116 WHITE RIVER 25,Trey Hollingsworth,Republican,R,307,543,0.565378,TOTAL,yes
2016,Indiana,9,US House,Johnson,18081,Johnson,0117 WHITE RIVER 26,Shelli Yoder,Democratic,D,120,384,0.3125,TOTAL,yes
2016,Indiana,9,US House,Johnson,18081,Johnson,0117 WHITE RIVER 26,Russell Brooksbank,Libertarian,L,17,384,0.044271,TOTAL,yes
2016,Indiana,9,US House,Johnson,18081,Johnson,0117 WHITE RIVER 26,Trey Hollingsworth,Republican,R,247,384,0.643229,TOTAL,yes
2016,Indiana,9,US House,Johnson,18081,Johnson,0118 WHITE RIVER 27,Shelli Yoder,Democratic,D,123,480,0.25625,TOTAL,yes
2016,Indiana,9,US House,Johnson,18081,Johnson,0118 WHITE RIVER 27,Russell Brooksbank,Libertarian,L,37,480,0.077083,TOTAL,yes
2016,Indiana,9,US House,Johnson,18081,Johnson,0118 WHITE RIVER 27,Trey Hollingsworth,Republican,R,320,480,0.666667,TOTAL,yes
2016,Indiana,9,US House,Johnson,18081,Johnson,0119 WHITE RIVER 28,Shelli Yoder,Democratic,D,99,362,0.273481,TOTAL,yes
2016,Indiana,9,US House,Johnson,18081,Johnson,0119 WHITE RIVER 28,Russell Brooksbank,Libertarian,L,10,362,0.027624,TOTAL,yes
2016,Indiana,9,US House,Johnson,18081,Johnson,0119 WHITE RIVER 28,Trey Hollingsworth,Republican,R,253,362,0.698895,TOTAL,yes
2016,Indiana,9,US House,Johnson,18081,Johnson,0120 WHITE RIVER 29,Shelli Yoder,Democratic,D,262,826,0.317191,TOTAL,yes
2016,Indiana,9,US House,Johnson,18081,Johnson,0120 WHITE RIVER 29,Russell Brooksbank,Libertarian,L,45,826,0.054479,TOTAL,yes
2016,Indiana,9,US House,Johnson,18081,Johnson,0120 WHITE RIVER 29,Trey Hollingsworth,Republican,R,519,826,0.628329,TOTAL,yes
2016,Indiana,9,US House,Johnson,18081,Johnson,0121 WHITE RIVER 30,Shelli Yoder,Democratic,D,182,459,0.396514,TOTAL,yes
2016,Indiana,9,US House,Johnson,18081,Johnson,0121 WHITE RIVER 30,Russell Brooksbank,Libertarian,L,25,459,0.054466,TOTAL,yes
2016,Indiana,9,US House,Johnson,18081,Johnson,0121 WHITE RIVER 30,Trey Hollingsworth,Republican,R,252,459,0.54902,TOTAL,yes
2016,Indiana,9,US House,Johnson,18081,Johnson,0122 WHITE RIVER 31,Shelli Yoder,Democratic,D,137,381,0.35958,TOTAL,yes
2016,Indiana,9,US House,Johnson,18081,Johnson,0122 WHITE RIVER 31,Russell Brooksbank,Libertarian,L,25,381,0.065617,TOTAL,yes
2016,Indiana,9,US House,Johnson,18081,Johnson,0122 WHITE RIVER 31,Trey Hollingsworth,Republican,R,219,381,0.574803,TOTAL,yes
2016,Indiana,9,US House,Johnson,18081,Johnson,0123 WHITE RIVER 32,Shelli Yoder,Democratic,D,212,706,0.300283,TOTAL,yes
2016,Indiana,9,US House,Johnson,18081,Johnson,0123 WHITE RIVER 32,Russell Brooksbank,Libertarian,L,23,706,0.032578,TOTAL,yes
2016,Indiana,9,US House,Johnson,18081,Johnson,0123 WHITE RIVER 32,Trey Hollingsworth,Republican,R,471,706,0.667139,TOTAL,yes
2016,Indiana,9,US House,Johnson,18081,Johnson,0124 WHITE RIVER 33,Shelli Yoder,Democratic,D,123,440,0.279545,TOTAL,yes
2016,Indiana,9,US House,Johnson,18081,Johnson,0124 WHITE RIVER 33,Russell Brooksbank,Libertarian,L,22,440,0.05,TOTAL,yes
2016,Indiana,9,US House,Johnson,18081,Johnson,0124 WHITE RIVER 33,Trey Hollingsworth,Republican,R,295,440,0.670455,TOTAL,yes
2016,Indiana,9,US House,Johnson,18081,Johnson,0125 WHITE RIVER 34,Shelli Yoder,Democratic,D,164,588,0.278912,TOTAL,yes
2016,Indiana,9,US House,Johnson,18081,Johnson,0125 WHITE RIVER 34,Russell Brooksbank,Libertarian,L,17,588,0.028912,TOTAL,yes
2016,Indiana,9,US House,Johnson,18081,Johnson,0125 WHITE RIVER 34,Trey Hollingsworth,Republican,R,407,588,0.692177,TOTAL,yes
2016,Indiana,9,US House,Johnson,18081,Johnson,0126 WHITE RIVER 35,Shelli Yoder,Democratic,D,293,1134,0.258377,TOTAL,yes
2016,Indiana,9,US House,Johnson,18081,Johnson,0126 WHITE RIVER 35,Russell Brooksbank,Libertarian,L,46,1134,0.040564,TOTAL,yes
2016,Indiana,9,US House,Johnson,18081,Johnson,0126 WHITE RIVER 35,Trey Hollingsworth,Republican,R,795,1134,0.701058,TOTAL,yes
2016,Indiana,9,US House,Johnson,18081,Johnson,0127 WHITE RIVER 36,Shelli Yoder,Democratic,D,143,411,0.347932,TOTAL,yes
2016,Indiana,9,US House,Johnson,18081,Johnson,0127 WHITE RIVER 36,Russell Brooksbank,Libertarian,L,22,411,0.053528,TOTAL,yes
2016,Indiana,9,US House,Johnson,18081,Johnson,0127 WHITE RIVER 36,Trey Hollingsworth,Republican,R,246,411,0.59854,TOTAL,yes
2016,Indiana,9,US House,Johnson,18081,Johnson,0128 WHITE RIVER 37,Shelli Yoder,Democratic,D,363,1024,0.354492,TOTAL,yes
2016,Indiana,9,US House,Johnson,18081,Johnson,0128 WHITE RIVER 37,Russell Brooksbank,Libertarian,L,61,1024,0.05957,TOTAL,yes
2016,Indiana,9,US House,Johnson,18081,Johnson,0128 WHITE RIVER 37,Trey Hollingsworth,Republican,R,600,1024,0.585938,TOTAL,yes
2016,Indiana,9,US House,Johnson,18081,Johnson,0129 WHITE RIVER 38,Shelli Yoder,Democratic,D,124,436,0.284404,TOTAL,yes
2016,Indiana,9,US House,Johnson,18081,Johnson,0129 WHITE RIVER 38,Russell Brooksbank,Libertarian,L,11,436,0.025229,TOTAL,yes
2016,Indiana,9,US House,Johnson,18081,Johnson,0129 WHITE RIVER 38,Trey Hollingsworth,Republican,R,301,436,0.690367,TOTAL,yes
2016,Indiana,9,US House,Johnson,18081,Johnson,0130 WHITE RIVER 39,Shelli Yoder,Democratic,D,248,752,0.329787,TOTAL,yes
2016,Indiana,9,US House,Johnson,18081,Johnson,0130 WHITE RIVER 39,Russell Brooksbank,Libertarian,L,34,752,0.045213,TOTAL,yes
2016,Indiana,9,US House,Johnson,18081,Johnson,0130 WHITE RIVER 39,Trey Hollingsworth,Republican,R,470,752,0.625,TOTAL,yes
2016,Indiana,9,US House,Johnson,18081,Johnson,0131 WHITE RIVER 40,Shelli Yoder,Democratic,D,110,427,0.257611,TOTAL,yes
2016,Indiana,9,US House,Johnson,18081,Johnson,0131 WHITE RIVER 40,Russell Brooksbank,Libertarian,L,11,427,0.025761,TOTAL,yes
2016,Indiana,9,US House,Johnson,18081,Johnson,0131 WHITE RIVER 40,Trey Hollingsworth,Republican,R,306,427,0.716628,TOTAL,yes
2016,Indiana,9,US House,Johnson,18081,Johnson,0132 WHITE RIVER 41,Shelli Yoder,Democratic,D,136,453,0.300221,TOTAL,yes
2016,Indiana,9,US House,Johnson,18081,Johnson,0132 WHITE RIVER 41,Russell Brooksbank,Libertarian,L,29,453,0.064018,TOTAL,yes
2016,Indiana,9,US House,Johnson,18081,Johnson,0132 WHITE RIVER 41,Trey Hollingsworth,Republican,R,288,453,0.635762,TOTAL,yes
2016,Indiana,9,US House,Johnson,18081,Johnson,0133 WHITE RIVER 42,Shelli Yoder,Democratic,D,166,496,0.334677,TOTAL,yes
2016,Indiana,9,US House,Johnson,18081,Johnson,0133 WHITE RIVER 42,Russell Brooksbank,Libertarian,L,32,496,0.064516,TOTAL,yes
2016,Indiana,9,US House,Johnson,18081,Johnson,0133 WHITE RIVER 42,Trey Hollingsworth,Republican,R,298,496,0.600806,TOTAL,yes
2016,Indiana,9,US House,Johnson,18081,Johnson,0134 WHITE RIVER 43,Shelli Yoder,Democratic,D,74,292,0.253425,TOTAL,yes
2016,Indiana,9,US House,Johnson,18081,Johnson,0134 WHITE RIVER 43,Russell Brooksbank,Libertarian,L,17,292,0.058219,TOTAL,yes
2016,Indiana,9,US House,Johnson,18081,Johnson,0134 WHITE RIVER 43,Trey Hollingsworth,Republican,R,201,292,0.688356,TOTAL,yes
2016,Indiana,9,US House,Lawrence,18093,Lawrence,01-Shawswick 1A,Shelli Yoder,Democratic,D,67,215,0.311628,TOTAL,yes
2016,Indiana,9,US House,Lawrence,18093,Lawrence,01-Shawswick 1A,Russell Brooksbank,Libertarian,L,12,215,0.055814,TOTAL,yes
2016,Indiana,9,US House,Lawrence,18093,Lawrence,01-Shawswick 1A,Trey Hollingsworth,Republican,R,136,215,0.632558,TOTAL,yes
2016,Indiana,9,US House,Lawrence,18093,Lawrence,02-Shawswick 1B,Shelli Yoder,Democratic,D,91,296,0.307432,TOTAL,yes
2016,Indiana,9,US House,Lawrence,18093,Lawrence,02-Shawswick 1B,Russell Brooksbank,Libertarian,L,15,296,0.050676,TOTAL,yes
2016,Indiana,9,US House,Lawrence,18093,Lawrence,02-Shawswick 1B,Trey Hollingsworth,Republican,R,190,296,0.641892,TOTAL,yes
2016,Indiana,9,US House,Lawrence,18093,Lawrence,03-Shawswick 2,Shelli Yoder,Democratic,D,93,329,0.282675,TOTAL,yes
2016,Indiana,9,US House,Lawrence,18093,Lawrence,03-Shawswick 2,Russell Brooksbank,Libertarian,L,18,329,0.054711,TOTAL,yes
2016,Indiana,9,US House,Lawrence,18093,Lawrence,03-Shawswick 2,Trey Hollingsworth,Republican,R,218,329,0.662614,TOTAL,yes
2016,Indiana,9,US House,Lawrence,18093,Lawrence,04-Shawswick 3,Shelli Yoder,Democratic,D,92,323,0.28483,TOTAL,yes
2016,Indiana,9,US House,Lawrence,18093,Lawrence,04-Shawswick 3,Russell Brooksbank,Libertarian,L,26,323,0.080495,TOTAL,yes
2016,Indiana,9,US House,Lawrence,18093,Lawrence,04-Shawswick 3,Trey Hollingsworth,Republican,R,205,323,0.634675,TOTAL,yes
2016,Indiana,9,US House,Lawrence,18093,Lawrence,05-Shawswick 4,Shelli Yoder,Democratic,D,151,438,0.344749,TOTAL,yes
2016,Indiana,9,US House,Lawrence,18093,Lawrence,05-Shawswick 4,Russell Brooksbank,Libertarian,L,31,438,0.070776,TOTAL,yes
2016,Indiana,9,US House,Lawrence,18093,Lawrence,05-Shawswick 4,Trey Hollingsworth,Republican,R,256,438,0.584475,TOTAL,yes
2016,Indiana,9,US House,Lawrence,18093,Lawrence,06-Shawswick 5A,Shelli Yoder,Democratic,D,148,409,0.361858,TOTAL,yes
2016,Indiana,9,US House,Lawrence,18093,Lawrence,06-Shawswick 5A,Russell Brooksbank,Libertarian,L,31,409,0.075795,TOTAL,yes
2016,Indiana,9,US House,Lawrence,18093,Lawrence,06-Shawswick 5A,Trey Hollingsworth,Republican,R,230,409,0.562347,TOTAL,yes
2016,Indiana,9,US House,Lawrence,18093,Lawrence,07-Shawswick 5B,Shelli Yoder,Democratic,D,114,383,0.29765,TOTAL,yes
2016,Indiana,9,US House,Lawrence,18093,Lawrence,07-Shawswick 5B,Russell Brooksbank,Libertarian,L,18,383,0.046997,TOTAL,yes
2016,Indiana,9,US House,Lawrence,18093,Lawrence,07-Shawswick 5B,Trey Hollingsworth,Republican,R,251,383,0.655352,TOTAL,yes
2016,Indiana,9,US House,Lawrence,18093,Lawrence,08-Shawswick 6,Shelli Yoder,Democratic,D,108,277,0.389892,TOTAL,yes
2016,Indiana,9,US House,Lawrence,18093,Lawrence,08-Shawswick 6,Russell Brooksbank,Libertarian,L,19,277,0.068592,TOTAL,yes
2016,Indiana,9,US House,Lawrence,18093,Lawrence,08-Shawswick 6,Trey Hollingsworth,Republican,R,150,277,0.541516,TOTAL,yes
2016,Indiana,9,US House,Lawrence,18093,Lawrence,09-Shawswick 7A,Shelli Yoder,Democratic,D,70,250,0.28,TOTAL,yes
2016,Indiana,9,US House,Lawrence,18093,Lawrence,09-Shawswick 7A,Russell Brooksbank,Libertarian,L,12,250,0.048,TOTAL,yes
2016,Indiana,9,US House,Lawrence,18093,Lawrence,09-Shawswick 7A,Trey Hollingsworth,Republican,R,168,250,0.672,TOTAL,yes
2016,Indiana,9,US House,Lawrence,18093,Lawrence,10-Shawswick 7B,Shelli Yoder,Democratic,D,154,460,0.334783,TOTAL,yes
2016,Indiana,9,US House,Lawrence,18093,Lawrence,10-Shawswick 7B,Russell Brooksbank,Libertarian,L,24,460,0.052174,TOTAL,yes
2016,Indiana,9,US House,Lawrence,18093,Lawrence,10-Shawswick 7B,Trey Hollingsworth,Republican,R,282,460,0.613043,TOTAL,yes
2016,Indiana,9,US House,Lawrence,18093,Lawrence,11-Shawswick 8,Shelli Yoder,Democratic,D,162,409,0.396088,TOTAL,yes
2016,Indiana,9,US House,Lawrence,18093,Lawrence,11-Shawswick 8,Russell Brooksbank,Libertarian,L,17,409,0.041565,TOTAL,yes
2016,Indiana,9,US House,Lawrence,18093,Lawrence,11-Shawswick 8,Trey Hollingsworth,Republican,R,230,409,0.562347,TOTAL,yes
2016,Indiana,9,US House,Lawrence,18093,Lawrence,12-Shawswick 9,Shelli Yoder,Democratic,D,102,294,0.346939,TOTAL,yes
2016,Indiana,9,US House,Lawrence,18093,Lawrence,12-Shawswick 9,Russell Brooksbank,Libertarian,L,21,294,0.071429,TOTAL,yes
2016,Indiana,9,US House,Lawrence,18093,Lawrence,12-Shawswick 9,Trey Hollingsworth,Republican,R,171,294,0.581633,TOTAL,yes
2016,Indiana,9,US House,Lawrence,18093,Lawrence,13-Shawswick 10,Shelli Yoder,Democratic,D,121,338,0.357988,TOTAL,yes
2016,Indiana,9,US House,Lawrence,18093,Lawrence,13-Shawswick 10,Russell Brooksbank,Libertarian,L,19,338,0.056213,TOTAL,yes
2016,Indiana,9,US House,Lawrence,18093,Lawrence,13-Shawswick 10,Trey Hollingsworth,Republican,R,198,338,0.585799,TOTAL,yes
2016,Indiana,9,US House,Lawrence,18093,Lawrence,14-Shawswick 11,Shelli Yoder,Democratic,D,65,251,0.258964,TOTAL,yes
2016,Indiana,9,US House,Lawrence,18093,Lawrence,14-Shawswick 11,Russell Brooksbank,Libertarian,L,14,251,0.055777,TOTAL,yes
2016,Indiana,9,US House,Lawrence,18093,Lawrence,14-Shawswick 11,Trey Hollingsworth,Republican,R,172,251,0.685259,TOTAL,yes
2016,Indiana,9,US House,Lawrence,18093,Lawrence,15-Shawswick 12,Shelli Yoder,Democratic,D,160,531,0.301318,TOTAL,yes
2016,Indiana,9,US House,Lawrence,18093,Lawrence,15-Shawswick 12,Russell Brooksbank,Libertarian,L,27,531,0.050847,TOTAL,yes
2016,Indiana,9,US House,Lawrence,18093,Lawrence,15-Shawswick 12,Trey Hollingsworth,Republican,R,344,531,0.647834,TOTAL,yes
2016,Indiana,9,US House,Lawrence,18093,Lawrence,16-Shawswick 13,Shelli Yoder,Democratic,D,144,474,0.303797,TOTAL,yes
2016,Indiana,9,US House,Lawrence,18093,Lawrence,16-Shawswick 13,Russell Brooksbank,Libertarian,L,31,474,0.065401,TOTAL,yes
2016,Indiana,9,US House,Lawrence,18093,Lawrence,16-Shawswick 13,Trey Hollingsworth,Republican,R,299,474,0.630802,TOTAL,yes
2016,Indiana,9,US House,Lawrence,18093,Lawrence,17-Shawswick 14A,Shelli Yoder,Democratic,D,187,629,0.297297,TOTAL,yes
2016,Indiana,9,US House,Lawrence,18093,Lawrence,17-Shawswick 14A,Russell Brooksbank,Libertarian,L,33,629,0.052464,TOTAL,yes
2016,Indiana,9,US House,Lawrence,18093,Lawrence,17-Shawswick 14A,Trey Hollingsworth,Republican,R,409,629,0.650238,TOTAL,yes
2016,Indiana,9,US House,Lawrence,18093,Lawrence,18-Shawswick 14B,Shelli Yoder,Democratic,D,211,672,0.313988,TOTAL,yes
2016,Indiana,9,US House,Lawrence,18093,Lawrence,18-Shawswick 14B,Russell Brooksbank,Libertarian,L,28,672,0.041667,TOTAL,yes
2016,Indiana,9,US House,Lawrence,18093,Lawrence,18-Shawswick 14B,Trey Hollingsworth,Republican,R,433,672,0.644345,TOTAL,yes
2016,Indiana,9,US House,Lawrence,18093,Lawrence,19-Shawswick 15A,Shelli Yoder,Democratic,D,79,255,0.309804,TOTAL,yes
2016,Indiana,9,US House,Lawrence,18093,Lawrence,19-Shawswick 15A,Russell Brooksbank,Libertarian,L,14,255,0.054902,TOTAL,yes
2016,Indiana,9,US House,Lawrence,18093,Lawrence,19-Shawswick 15A,Trey Hollingsworth,Republican,R,162,255,0.635294,TOTAL,yes
2016,Indiana,9,US House,Lawrence,18093,Lawrence,20-Shawswick 15B,Shelli Yoder,Democratic,D,185,580,0.318966,TOTAL,yes
2016,Indiana,9,US House,Lawrence,18093,Lawrence,20-Shawswick 15B,Russell Brooksbank,Libertarian,L,36,580,0.062069,TOTAL,yes
2016,Indiana,9,US House,Lawrence,18093,Lawrence,20-Shawswick 15B,Trey Hollingsworth,Republican,R,359,580,0.618966,TOTAL,yes
2016,Indiana,9,US House,Lawrence,18093,Lawrence,21-Shawswick 16,Shelli Yoder,Democratic,D,186,597,0.311558,TOTAL,yes
2016,Indiana,9,US House,Lawrence,18093,Lawrence,21-Shawswick 16,Russell Brooksbank,Libertarian,L,31,597,0.051926,TOTAL,yes
2016,Indiana,9,US House,Lawrence,18093,Lawrence,21-Shawswick 16,Trey Hollingsworth,Republican,R,380,597,0.636516,TOTAL,yes
2016,Indiana,9,US House,Lawrence,18093,Lawrence,22-Marion 1,Shelli Yoder,Democratic,D,129,330,0.390909,TOTAL,yes
2016,Indiana,9,US House,Lawrence,18093,Lawrence,22-Marion 1,Russell Brooksbank,Libertarian,L,17,330,0.051515,TOTAL,yes
2016,Indiana,9,US House,Lawrence,18093,Lawrence,22-Marion 1,Trey Hollingsworth,Republican,R,184,330,0.557576,TOTAL,yes
2016,Indiana,9,US House,Lawrence,18093,Lawrence,23-Marion 2,Shelli Yoder,Democratic,D,179,480,0.372917,TOTAL,yes
2016,Indiana,9,US House,Lawrence,18093,Lawrence,23-Marion 2,Russell Brooksbank,Libertarian,L,27,480,0.05625,TOTAL,yes
2016,Indiana,9,US House,Lawrence,18093,Lawrence,23-Marion 2,Trey Hollingsworth,Republican,R,274,480,0.570833,TOTAL,yes
2016,Indiana,9,US House,Lawrence,18093,Lawrence,24-Marion 3,Shelli Yoder,Democratic,D,110,316,0.348101,TOTAL,yes
2016,Indiana,9,US House,Lawrence,18093,Lawrence,24-Marion 3,Russell Brooksbank,Libertarian,L,18,316,0.056962,TOTAL,yes
2016,Indiana,9,US House,Lawrence,18093,Lawrence,24-Marion 3,Trey Hollingsworth,Republican,R,188,316,0.594937,TOTAL,yes
2016,Indiana,9,US House,Lawrence,18093,Lawrence,25-Marion 4,Shelli Yoder,Democratic,D,90,257,0.350195,TOTAL,yes
2016,Indiana,9,US House,Lawrence,18093,Lawrence,25-Marion 4,Russell Brooksbank,Libertarian,L,18,257,0.070039,TOTAL,yes
2016,Indiana,9,US House,Lawrence,18093,Lawrence,25-Marion 4,Trey Hollingsworth,Republican,R,149,257,0.579767,TOTAL,yes
2016,Indiana,9,US House,Lawrence,18093,Lawrence,26-Marion 5A,Shelli Yoder,Democratic,D,209,595,0.351261,TOTAL,yes
2016,Indiana,9,US House,Lawrence,18093,Lawrence,26-Marion 5A,Russell Brooksbank,Libertarian,L,35,595,0.058824,TOTAL,yes
2016,Indiana,9,US House,Lawrence,18093,Lawrence,26-Marion 5A,Trey Hollingsworth,Republican,R,351,595,0.589916,TOTAL,yes
2016,Indiana,9,US House,Lawrence,18093,Lawrence,27-Marion 5B,Shelli Yoder,Democratic,D,197,665,0.296241,TOTAL,yes
2016,Indiana,9,US House,Lawrence,18093,Lawrence,27-Marion 5B,Russell Brooksbank,Libertarian,L,31,665,0.046617,TOTAL,yes
2016,Indiana,9,US House,Lawrence,18093,Lawrence,27-Marion 5B,Trey Hollingsworth,Republican,R,437,665,0.657143,TOTAL,yes
2016,Indiana,9,US House,Lawrence,18093,Lawrence,28-Marion 5C,Shelli Yoder,Democratic,D,71,170,0.417647,TOTAL,yes
2016,Indiana,9,US House,Lawrence,18093,Lawrence,28-Marion 5C,Russell Brooksbank,Libertarian,L,9,170,0.052941,TOTAL,yes
2016,Indiana,9,US House,Lawrence,18093,Lawrence,28-Marion 5C,Trey Hollingsworth,Republican,R,90,170,0.529412,TOTAL,yes
2016,Indiana,9,US House,Lawrence,18093,Lawrence,29-Marion 6,Shelli Yoder,Democratic,D,238,742,0.320755,TOTAL,yes
2016,Indiana,9,US House,Lawrence,18093,Lawrence,29-Marion 6,Russell Brooksbank,Libertarian,L,35,742,0.04717,TOTAL,yes
2016,Indiana,9,US House,Lawrence,18093,Lawrence,29-Marion 6,Trey Hollingsworth,Republican,R,469,742,0.632075,TOTAL,yes
2016,Indiana,9,US House,Lawrence,18093,Lawrence,30-Bono,Shelli Yoder,Democratic,D,110,346,0.317919,TOTAL,yes
2016,Indiana,9,US House,Lawrence,18093,Lawrence,30-Bono,Russell Brooksbank,Libertarian,L,22,346,0.063584,TOTAL,yes
2016,Indiana,9,US House,Lawrence,18093,Lawrence,30-Bono,Trey Hollingsworth,Republican,R,214,346,0.618497,TOTAL,yes
2016,Indiana,9,US House,Lawrence,18093,Lawrence,31-Guthrie,Shelli Yoder,Democratic,D,139,492,0.28252,TOTAL,yes
2016,Indiana,9,US House,Lawrence,18093,Lawrence,31-Guthrie,Russell Brooksbank,Libertarian,L,26,492,0.052846,TOTAL,yes
2016,Indiana,9,US House,Lawrence,18093,Lawrence,31-Guthrie,Trey Hollingsworth,Republican,R,327,492,0.664634,TOTAL,yes
2016,Indiana,9,US House,Lawrence,18093,Lawrence,32-Indian Creek N,Shelli Yoder,Democratic,D,177,718,0.246518,TOTAL,yes
2016,Indiana,9,US House,Lawrence,18093,Lawrence,32-Indian Creek N,Russell Brooksbank,Libertarian,L,36,718,0.050139,TOTAL,yes
2016,Indiana,9,US House,Lawrence,18093,Lawrence,32-Indian Creek N,Trey Hollingsworth,Republican,R,505,718,0.703343,TOTAL,yes
2016,Indiana,9,US House,Lawrence,18093,Lawrence,33-Indian Creek S,Shelli Yoder,Democratic,D,109,432,0.252315,TOTAL,yes
2016,Indiana,9,US House,Lawrence,18093,Lawrence,33-Indian Creek S,Russell Brooksbank,Libertarian,L,24,432,0.055556,TOTAL,yes
2016,Indiana,9,US House,Lawrence,18093,Lawrence,33-Indian Creek S,Trey Hollingsworth,Republican,R,299,432,0.69213,TOTAL,yes
2016,Indiana,9,US House,Lawrence,18093,Lawrence,34-Marshall 1,Shelli Yoder,Democratic,D,229,828,0.27657,TOTAL,yes
2016,Indiana,9,US House,Lawrence,18093,Lawrence,34-Marshall 1,Russell Brooksbank,Libertarian,L,35,828,0.042271,TOTAL,yes
2016,Indiana,9,US House,Lawrence,18093,Lawrence,34-Marshall 1,Trey Hollingsworth,Republican,R,564,828,0.681159,TOTAL,yes
2016,Indiana,9,US House,Lawrence,18093,Lawrence,35-Marshall 2,Shelli Yoder,Democratic,D,160,531,0.301318,TOTAL,yes
2016,Indiana,9,US House,Lawrence,18093,Lawrence,35-Marshall 2,Russell Brooksbank,Libertarian,L,28,531,0.052731,TOTAL,yes
2016,Indiana,9,US House,Lawrence,18093,Lawrence,35-Marshall 2,Trey Hollingsworth,Republican,R,343,531,0.645951,TOTAL,yes
2016,Indiana,9,US House,Lawrence,18093,Lawrence,36-Marshall 3,Shelli Yoder,Democratic,D,228,743,0.306864,TOTAL,yes
2016,Indiana,9,US House,Lawrence,18093,Lawrence,36-Marshall 3,Russell Brooksbank,Libertarian,L,21,743,0.028264,TOTAL,yes
2016,Indiana,9,US House,Lawrence,18093,Lawrence,36-Marshall 3,Trey Hollingsworth,Republican,R,494,743,0.664872,TOTAL,yes
2016,Indiana,9,US House,Lawrence,18093,Lawrence,37-Perry,Shelli Yoder,Democratic,D,201,953,0.210913,TOTAL,yes
2016,Indiana,9,US House,Lawrence,18093,Lawrence,37-Perry,Russell Brooksbank,Libertarian,L,49,953,0.051417,TOTAL,yes
2016,Indiana,9,US House,Lawrence,18093,Lawrence,37-Perry,Trey Hollingsworth,Republican,R,703,953,0.737671,TOTAL,yes
2016,Indiana,9,US House,Lawrence,18093,Lawrence,38-Pleasant Run,Shelli Yoder,Democratic,D,207,746,0.27748,TOTAL,yes
2016,Indiana,9,US House,Lawrence,18093,Lawrence,38-Pleasant Run,Russell Brooksbank,Libertarian,L,29,746,0.038874,TOTAL,yes
2016,Indiana,9,US House,Lawrence,18093,Lawrence,38-Pleasant Run,Trey Hollingsworth,Republican,R,510,746,0.683646,TOTAL,yes
2016,Indiana,9,US House,Lawrence,18093,Lawrence,39-Spice Valley N,Shelli Yoder,Democratic,D,65,281,0.231317,TOTAL,yes
2016,Indiana,9,US House,Lawrence,18093,Lawrence,39-Spice Valley N,Russell Brooksbank,Libertarian,L,21,281,0.074733,TOTAL,yes
2016,Indiana,9,US House,Lawrence,18093,Lawrence,39-Spice Valley N,Trey Hollingsworth,Republican,R,195,281,0.69395,TOTAL,yes
2016,Indiana,9,US House,Lawrence,18093,Lawrence,40-Spice Valley S,Shelli Yoder,Democratic,D,182,619,0.294023,TOTAL,yes
2016,Indiana,9,US House,Lawrence,18093,Lawrence,40-Spice Valley S,Russell Brooksbank,Libertarian,L,30,619,0.048465,TOTAL,yes
2016,Indiana,9,US House,Lawrence,18093,Lawrence,40-Spice Valley S,Trey Hollingsworth,Republican,R,407,619,0.657512,TOTAL,yes
2016,Indiana,9,US House,Monroe,18105,Monroe,Bean Blossom 01,Shelli Yoder,Democratic,D,259,732,0.353825,TOTAL,yes
2016,Indiana,9,US House,Monroe,18105,Monroe,Bean Blossom 01,Russell Brooksbank,Libertarian,L,51,732,0.069672,TOTAL,yes
2016,Indiana,9,US House,Monroe,18105,Monroe,Bean Blossom 01,Trey Hollingsworth,Republican,R,422,732,0.576503,TOTAL,yes
2016,Indiana,9,US House,Monroe,18105,Monroe,Bean Blossom 02,Shelli Yoder,Democratic,D,251,646,0.388545,TOTAL,yes
2016,Indiana,9,US House,Monroe,18105,Monroe,Bean Blossom 02,Russell Brooksbank,Libertarian,L,32,646,0.049536,TOTAL,yes
2016,Indiana,9,US House,Monroe,18105,Monroe,Bean Blossom 02,Trey Hollingsworth,Republican,R,363,646,0.56192,TOTAL,yes
2016,Indiana,9,US House,Monroe,18105,Monroe,Benton 01,Shelli Yoder,Democratic,D,492,930,0.529032,TOTAL,yes
2016,Indiana,9,US House,Monroe,18105,Monroe,Benton 01,Russell Brooksbank,Libertarian,L,40,930,0.043011,TOTAL,yes
2016,Indiana,9,US House,Monroe,18105,Monroe,Benton 01,Trey Hollingsworth,Republican,R,398,930,0.427957,TOTAL,yes
2016,Indiana,9,US House,Monroe,18105,Monroe,Benton 02,Shelli Yoder,Democratic,D,575,931,0.617615,TOTAL,yes
2016,Indiana,9,US House,Monroe,18105,Monroe,Benton 02,Russell Brooksbank,Libertarian,L,31,931,0.033298,TOTAL,yes
2016,Indiana,9,US House,Monroe,18105,Monroe,Benton 02,Trey Hollingsworth,Republican,R,325,931,0.349087,TOTAL,yes
2016,Indiana,9,US House,Monroe,18105,Monroe,Bloomington 01,Shelli Yoder,Democratic,D,203,252,0.805556,TOTAL,yes
2016,Indiana,9,US House,Monroe,18105,Monroe,Bloomington 01,Russell Brooksbank,Libertarian,L,7,252,0.027778,TOTAL,yes
2016,Indiana,9,US House,Monroe,18105,Monroe,Bloomington 01,Trey Hollingsworth,Republican,R,42,252,0.166667,TOTAL,yes
2016,Indiana,9,US House,Monroe,18105,Monroe,Bloomington 02,Shelli Yoder,Democratic,D,481,639,0.752739,TOTAL,yes
2016,Indiana,9,US House,Monroe,18105,Monroe,Bloomington 02,Russell Brooksbank,Libertarian,L,48,639,0.075117,TOTAL,yes
2016,Indiana,9,US House,Monroe,18105,Monroe,Bloomington 02,Trey Hollingsworth,Republican,R,110,639,0.172144,TOTAL,yes
2016,Indiana,9,US House,Monroe,18105,Monroe,Bloomington 03,Shelli Yoder,Democratic,D,421,607,0.693575,TOTAL,yes
2016,Indiana,9,US House,Monroe,18105,Monroe,Bloomington 03,Russell Brooksbank,Libertarian,L,27,607,0.044481,TOTAL,yes
2016,Indiana,9,US House,Monroe,18105,Monroe,Bloomington 03,Trey Hollingsworth,Republican,R,159,607,0.261944,TOTAL,yes
2016,Indiana,9,US House,Monroe,18105,Monroe,Bloomington 04,Shelli Yoder,Democratic,D,205,247,0.82996,TOTAL,yes
2016,Indiana,9,US House,Monroe,18105,Monroe,Bloomington 04,Russell Brooksbank,Libertarian,L,9,247,0.036437,TOTAL,yes
2016,Indiana,9,US House,Monroe,18105,Monroe,Bloomington 04,Trey Hollingsworth,Republican,R,33,247,0.133603,TOTAL,yes
2016,Indiana,9,US House,Monroe,18105,Monroe,Bloomington 05,Shelli Yoder,Democratic,D,762,975,0.781538,TOTAL,yes
2016,Indiana,9,US House,Monroe,18105,Monroe,Bloomington 05,Russell Brooksbank,Libertarian,L,54,975,0.055385,TOTAL,yes
2016,Indiana,9,US House,Monroe,18105,Monroe,Bloomington 05,Trey Hollingsworth,Republican,R,159,975,0.163077,TOTAL,yes
2016,Indiana,9,US House,Monroe,18105,Monroe,Bloomington 06,Shelli Yoder,Democratic,D,615,757,0.812417,TOTAL,yes
2016,Indiana,9,US House,Monroe,18105,Monroe,Bloomington 06,Russell Brooksbank,Libertarian,L,32,757,0.042272,TOTAL,yes
2016,Indiana,9,US House,Monroe,18105,Monroe,Bloomington 06,Trey Hollingsworth,Republican,R,110,757,0.14531,TOTAL,yes
2016,Indiana,9,US House,Monroe,18105,Monroe,Bloomington 07,Shelli Yoder,Democratic,D,181,345,0.524638,TOTAL,yes
2016,Indiana,9,US House,Monroe,18105,Monroe,Bloomington 07,Russell Brooksbank,Libertarian,L,13,345,0.037681,TOTAL,yes
2016,Indiana,9,US House,Monroe,18105,Monroe,Bloomington 07,Trey Hollingsworth,Republican,R,151,345,0.437681,TOTAL,yes
2016,Indiana,9,US House,Monroe,18105,Monroe,Bloomington 08,Shelli Yoder,Democratic,D,368,436,0.844037,TOTAL,yes
2016,Indiana,9,US House,Monroe,18105,Monroe,Bloomington 08,Russell Brooksbank,Libertarian,L,16,436,0.036697,TOTAL,yes
2016,Indiana,9,US House,Monroe,18105,Monroe,Bloomington 08,Trey Hollingsworth,Republican,R,52,436,0.119266,TOTAL,yes
2016,Indiana,9,US House,Monroe,18105,Monroe,Bloomington 09,Shelli Yoder,Democratic,D,573,743,0.771198,TOTAL,yes
2016,Indiana,9,US House,Monroe,18105,Monroe,Bloomington 09,Russell Brooksbank,Libertarian,L,27,743,0.036339,TOTAL,yes
2016,Indiana,9,US House,Monroe,18105,Monroe,Bloomington 09,Trey Hollingsworth,Republican,R,143,743,0.192463,TOTAL,yes
2016,Indiana,9,US House,Monroe,18105,Monroe,Bloomington 10,Shelli Yoder,Democratic,D,497,604,0.822848,TOTAL,yes
2016,Indiana,9,US House,Monroe,18105,Monroe,Bloomington 10,Russell Brooksbank,Libertarian,L,16,604,0.02649,TOTAL,yes
2016,Indiana,9,US House,Monroe,18105,Monroe,Bloomington 10,Trey Hollingsworth,Republican,R,91,604,0.150662,TOTAL,yes
2016,Indiana,9,US House,Monroe,18105,Monroe,Bloomington 11,Shelli Yoder,Democratic,D,419,691,0.606368,TOTAL,yes
2016,Indiana,9,US House,Monroe,18105,Monroe,Bloomington 11,Russell Brooksbank,Libertarian,L,16,691,0.023155,TOTAL,yes
2016,Indiana,9,US House,Monroe,18105,Monroe,Bloomington 11,Trey Hollingsworth,Republican,R,256,691,0.370478,TOTAL,yes
2016,Indiana,9,US House,Monroe,18105,Monroe,Bloomington 12,Shelli Yoder,Democratic,D,478,816,0.585784,TOTAL,yes
2016,Indiana,9,US House,Monroe,18105,Monroe,Bloomington 12,Russell Brooksbank,Libertarian,L,31,816,0.03799,TOTAL,yes
2016,Indiana,9,US House,Monroe,18105,Monroe,Bloomington 12,Trey Hollingsworth,Republican,R,307,816,0.376225,TOTAL,yes
2016,Indiana,9,US House,Monroe,18105,Monroe,Bloomington 13,Shelli Yoder,Democratic,D,543,753,0.721116,TOTAL,yes
2016,Indiana,9,US House,Monroe,18105,Monroe,Bloomington 13,Russell Brooksbank,Libertarian,L,34,753,0.045153,TOTAL,yes
2016,Indiana,9,US House,Monroe,18105,Monroe,Bloomington 13,Trey Hollingsworth,Republican,R,176,753,0.233732,TOTAL,yes
2016,Indiana,9,US House,Monroe,18105,Monroe,Bloomington 14,Shelli Yoder,Democratic,D,372,537,0.692737,TOTAL,yes
2016,Indiana,9,US House,Monroe,18105,Monroe,Bloomington 14,Russell Brooksbank,Libertarian,L,46,537,0.085661,TOTAL,yes
2016,Indiana,9,US House,Monroe,18105,Monroe,Bloomington 14,Trey Hollingsworth,Republican,R,119,537,0.221601,TOTAL,yes
2016,Indiana,9,US House,Monroe,18105,Monroe,Bloomington 15,Shelli Yoder,Democratic,D,432,798,0.541353,TOTAL,yes
2016,Indiana,9,US House,Monroe,18105,Monroe,Bloomington 15,Russell Brooksbank,Libertarian,L,29,798,0.036341,TOTAL,yes
2016,Indiana,9,US House,Monroe,18105,Monroe,Bloomington 15,Trey Hollingsworth,Republican,R,337,798,0.422306,TOTAL,yes
2016,Indiana,9,US House,Monroe,18105,Monroe,Bloomington 16,Shelli Yoder,Democratic,D,439,565,0.776991,TOTAL,yes
2016,Indiana,9,US House,Monroe,18105,Monroe,Bloomington 16,Russell Brooksbank,Libertarian,L,33,565,0.058407,TOTAL,yes
2016,Indiana,9,US House,Monroe,18105,Monroe,Bloomington 16,Trey Hollingsworth,Republican,R,93,565,0.164602,TOTAL,yes
2016,Indiana,9,US House,Monroe,18105,Monroe,Bloomington 17,Shelli Yoder,Democratic,D,508,746,0.680965,TOTAL,yes
2016,Indiana,9,US House,Monroe,18105,Monroe,Bloomington 17,Russell Brooksbank,Libertarian,L,39,746,0.052279,TOTAL,yes
2016,Indiana,9,US House,Monroe,18105,Monroe,Bloomington 17,Trey Hollingsworth,Republican,R,199,746,0.266756,TOTAL,yes
2016,Indiana,9,US House,Monroe,18105,Monroe,Bloomington 18,Shelli Yoder,Democratic,D,417,541,0.770795,TOTAL,yes
2016,Indiana,9,US House,Monroe,18105,Monroe,Bloomington 18,Russell Brooksbank,Libertarian,L,19,541,0.03512,TOTAL,yes
2016,Indiana,9,US House,Monroe,18105,Monroe,Bloomington 18,Trey Hollingsworth,Republican,R,105,541,0.194085,TOTAL,yes
2016,Indiana,9,US House,Monroe,18105,Monroe,Bloomington 19,Shelli Yoder,Democratic,D,219,283,0.773852,TOTAL,yes
2016,Indiana,9,US House,Monroe,18105,Monroe,Bloomington 19,Russell Brooksbank,Libertarian,L,15,283,0.053004,TOTAL,yes
2016,Indiana,9,US House,Monroe,18105,Monroe,Bloomington 19,Trey Hollingsworth,Republican,R,49,283,0.173145,TOTAL,yes
2016,Indiana,9,US House,Monroe,18105,Monroe,Bloomington 20,Shelli Yoder,Democratic,D,374,467,0.800857,TOTAL,yes
2016,Indiana,9,US House,Monroe,18105,Monroe,Bloomington 20,Russell Brooksbank,Libertarian,L,26,467,0.055675,TOTAL,yes
2016,Indiana,9,US House,Monroe,18105,Monroe,Bloomington 20,Trey Hollingsworth,Republican,R,67,467,0.143469,TOTAL,yes
2016,Indiana,9,US House,Monroe,18105,Monroe,Bloomington 21,Shelli Yoder,Democratic,D,552,710,0.777465,TOTAL,yes
2016,Indiana,9,US House,Monroe,18105,Monroe,Bloomington 21,Russell Brooksbank,Libertarian,L,27,710,0.038028,TOTAL,yes
2016,Indiana,9,US House,Monroe,18105,Monroe,Bloomington 21,Trey Hollingsworth,Republican,R,131,710,0.184507,TOTAL,yes
2016,Indiana,9,US House,Monroe,18105,Monroe,Bloomington 22,Shelli Yoder,Democratic,D,378,498,0.759036,TOTAL,yes
2016,Indiana,9,US House,Monroe,18105,Monroe,Bloomington 22,Russell Brooksbank,Libertarian,L,6,498,0.012048,TOTAL,yes
2016,Indiana,9,US House,Monroe,18105,Monroe,Bloomington 22,Trey Hollingsworth,Republican,R,114,498,0.228916,TOTAL,yes
2016,Indiana,9,US House,Monroe,18105,Monroe,Bloomington 23,Shelli Yoder,Democratic,D,391,528,0.74053,TOTAL,yes
2016,Indiana,9,US House,Monroe,18105,Monroe,Bloomington 23,Russell Brooksbank,Libertarian,L,30,528,0.056818,TOTAL,yes
2016,Indiana,9,US House,Monroe,18105,Monroe,Bloomington 23,Trey Hollingsworth,Republican,R,107,528,0.202652,TOTAL,yes
2016,Indiana,9,US House,Monroe,18105,Monroe,Bloomington 24,Shelli Yoder,Democratic,D,92,161,0.571429,TOTAL,yes
2016,Indiana,9,US House,Monroe,18105,Monroe,Bloomington 24,Russell Brooksbank,Libertarian,L,12,161,0.074534,TOTAL,yes
2016,Indiana,9,US House,Monroe,18105,Monroe,Bloomington 24,Trey Hollingsworth,Republican,R,57,161,0.354037,TOTAL,yes
2016,Indiana,9,US House,Monroe,18105,Monroe,Clear Creek 01,Shelli Yoder,Democratic,D,432,1009,0.428147,TOTAL,yes
2016,Indiana,9,US House,Monroe,18105,Monroe,Clear Creek 01,Russell Brooksbank,Libertarian,L,63,1009,0.062438,TOTAL,yes
2016,Indiana,9,US House,Monroe,18105,Monroe,Clear Creek 01,Trey Hollingsworth,Republican,R,514,1009,0.509415,TOTAL,yes
2016,Indiana,9,US House,Monroe,18105,Monroe,Clear Creek 02,Shelli Yoder,Democratic,D,288,633,0.454976,TOTAL,yes
2016,Indiana,9,US House,Monroe,18105,Monroe,Clear Creek 02,Russell Brooksbank,Libertarian,L,30,633,0.047393,TOTAL,yes
2016,Indiana,9,US House,Monroe,18105,Monroe,Clear Creek 02,Trey Hollingsworth,Republican,R,315,633,0.49763,TOTAL,yes
2016,Indiana,9,US House,Monroe,18105,Monroe,Clear Creek 03,Shelli Yoder,Democratic,D,430,910,0.472527,TOTAL,yes
2016,Indiana,9,US House,Monroe,18105,Monroe,Clear Creek 03,Russell Brooksbank,Libertarian,L,56,910,0.061538,TOTAL,yes
2016,Indiana,9,US House,Monroe,18105,Monroe,Clear Creek 03,Trey Hollingsworth,Republican,R,424,910,0.465934,TOTAL,yes
2016,Indiana,9,US House,Monroe,18105,Monroe,Indian Creek,Shelli Yoder,Democratic,D,314,721,0.435506,TOTAL,yes
2016,Indiana,9,US House,Monroe,18105,Monroe,Indian Creek,Russell Brooksbank,Libertarian,L,35,721,0.048544,TOTAL,yes
2016,Indiana,9,US House,Monroe,18105,Monroe,Indian Creek,Trey Hollingsworth,Republican,R,372,721,0.51595,TOTAL,yes
2016,Indiana,9,US House,Monroe,18105,Monroe,Perry 01,Shelli Yoder,Democratic,D,538,668,0.805389,TOTAL,yes
2016,Indiana,9,US House,Monroe,18105,Monroe,Perry 01,Russell Brooksbank,Libertarian,L,26,668,0.038922,TOTAL,yes
2016,Indiana,9,US House,Monroe,18105,Monroe,Perry 01,Trey Hollingsworth,Republican,R,104,668,0.155689,TOTAL,yes
2016,Indiana,9,US House,Monroe,18105,Monroe,Perry 02,Shelli Yoder,Democratic,D,412,672,0.613095,TOTAL,yes
2016,Indiana,9,US House,Monroe,18105,Monroe,Perry 02,Russell Brooksbank,Libertarian,L,41,672,0.061012,TOTAL,yes
2016,Indiana,9,US House,Monroe,18105,Monroe,Perry 02,Trey Hollingsworth,Republican,R,219,672,0.325893,TOTAL,yes
2016,Indiana,9,US House,Monroe,18105,Monroe,Perry 03,Shelli Yoder,Democratic,D,534,776,0.688144,TOTAL,yes
2016,Indiana,9,US House,Monroe,18105,Monroe,Perry 03,Russell Brooksbank,Libertarian,L,40,776,0.051546,TOTAL,yes
2016,Indiana,9,US House,Monroe,18105,Monroe,Perry 03,Trey Hollingsworth,Republican,R,202,776,0.260309,TOTAL,yes
2016,Indiana,9,US House,Monroe,18105,Monroe,Perry 04,Shelli Yoder,Democratic,D,486,847,0.57379,TOTAL,yes
2016,Indiana,9,US House,Monroe,18105,Monroe,Perry 04,Russell Brooksbank,Libertarian,L,41,847,0.048406,TOTAL,yes
2016,Indiana,9,US House,Monroe,18105,Monroe,Perry 04,Trey Hollingsworth,Republican,R,320,847,0.377804,TOTAL,yes
2016,Indiana,9,US House,Monroe,18105,Monroe,Perry 05,Shelli Yoder,Democratic,D,625,1019,0.613346,TOTAL,yes
2016,Indiana,9,US House,Monroe,18105,Monroe,Perry 05,Russell Brooksbank,Libertarian,L,65,1019,0.063788,TOTAL,yes
2016,Indiana,9,US House,Monroe,18105,Monroe,Perry 05,Trey Hollingsworth,Republican,R,329,1019,0.322866,TOTAL,yes
2016,Indiana,9,US House,Monroe,18105,Monroe,Perry 06,Shelli Yoder,Democratic,D,442,543,0.813996,TOTAL,yes
2016,Indiana,9,US House,Monroe,18105,Monroe,Perry 06,Russell Brooksbank,Libertarian,L,26,543,0.047882,TOTAL,yes
2016,Indiana,9,US House,Monroe,18105,Monroe,Perry 06,Trey Hollingsworth,Republican,R,75,543,0.138122,TOTAL,yes
2016,Indiana,9,US House,Monroe,18105,Monroe,Perry 08,Shelli Yoder,Democratic,D,668,748,0.893048,TOTAL,yes
2016,Indiana,9,US House,Monroe,18105,Monroe,Perry 08,Russell Brooksbank,Libertarian,L,23,748,0.030749,TOTAL,yes
2016,Indiana,9,US House,Monroe,18105,Monroe,Perry 08,Trey Hollingsworth,Republican,R,57,748,0.076203,TOTAL,yes
2016,Indiana,9,US House,Monroe,18105,Monroe,Perry 09,Shelli Yoder,Democratic,D,519,695,0.746763,TOTAL,yes
2016,Indiana,9,US House,Monroe,18105,Monroe,Perry 09,Russell Brooksbank,Libertarian,L,31,695,0.044604,TOTAL,yes
2016,Indiana,9,US House,Monroe,18105,Monroe,Perry 09,Trey Hollingsworth,Republican,R,145,695,0.208633,TOTAL,yes
2016,Indiana,9,US House,Monroe,18105,Monroe,Perry 10,Shelli Yoder,Democratic,D,474,716,0.662011,TOTAL,yes
2016,Indiana,9,US House,Monroe,18105,Monroe,Perry 10,Russell Brooksbank,Libertarian,L,20,716,0.027933,TOTAL,yes
2016,Indiana,9,US House,Monroe,18105,Monroe,Perry 10,Trey Hollingsworth,Republican,R,222,716,0.310056,TOTAL,yes
2016,Indiana,9,US House,Monroe,18105,Monroe,Perry 11,Shelli Yoder,Democratic,D,541,780,0.69359,TOTAL,yes
2016,Indiana,9,US House,Monroe,18105,Monroe,Perry 11,Russell Brooksbank,Libertarian,L,16,780,0.020513,TOTAL,yes
2016,Indiana,9,US House,Monroe,18105,Monroe,Perry 11,Trey Hollingsworth,Republican,R,223,780,0.285897,TOTAL,yes
2016,Indiana,9,US House,Monroe,18105,Monroe,Perry 12,Shelli Yoder,Democratic,D,541,784,0.690051,TOTAL,yes
2016,Indiana,9,US House,Monroe,18105,Monroe,Perry 12,Russell Brooksbank,Libertarian,L,25,784,0.031888,TOTAL,yes
2016,Indiana,9,US House,Monroe,18105,Monroe,Perry 12,Trey Hollingsworth,Republican,R,218,784,0.278061,TOTAL,yes
2016,Indiana,9,US House,Monroe,18105,Monroe,Perry 13,Shelli Yoder,Democratic,D,438,655,0.668702,TOTAL,yes
2016,Indiana,9,US House,Monroe,18105,Monroe,Perry 13,Russell Brooksbank,Libertarian,L,36,655,0.054962,TOTAL,yes
2016,Indiana,9,US House,Monroe,18105,Monroe,Perry 13,Trey Hollingsworth,Republican,R,181,655,0.276336,TOTAL,yes
2016,Indiana,9,US House,Monroe,18105,Monroe,Perry 14,Shelli Yoder,Democratic,D,601,757,0.793923,TOTAL,yes
2016,Indiana,9,US House,Monroe,18105,Monroe,Perry 14,Russell Brooksbank,Libertarian,L,23,757,0.030383,TOTAL,yes
2016,Indiana,9,US House,Monroe,18105,Monroe,Perry 14,Trey Hollingsworth,Republican,R,133,757,0.175694,TOTAL,yes
2016,Indiana,9,US House,Monroe,18105,Monroe,Perry 15,Shelli Yoder,Democratic,D,489,549,0.89071,TOTAL,yes
2016,Indiana,9,US House,Monroe,18105,Monroe,Perry 15,Russell Brooksbank,Libertarian,L,15,549,0.027322,TOTAL,yes
2016,Indiana,9,US House,Monroe,18105,Monroe,Perry 15,Trey Hollingsworth,Republican,R,45,549,0.081967,TOTAL,yes
2016,Indiana,9,US House,Monroe,18105,Monroe,Perry 16,Shelli Yoder,Democratic,D,692,779,0.888318,TOTAL,yes
2016,Indiana,9,US House,Monroe,18105,Monroe,Perry 16,Russell Brooksbank,Libertarian,L,16,779,0.020539,TOTAL,yes
2016,Indiana,9,US House,Monroe,18105,Monroe,Perry 16,Trey Hollingsworth,Republican,R,71,779,0.091142,TOTAL,yes
2016,Indiana,9,US House,Monroe,18105,Monroe,Perry 17,Shelli Yoder,Democratic,D,559,736,0.759511,TOTAL,yes
2016,Indiana,9,US House,Monroe,18105,Monroe,Perry 17,Russell Brooksbank,Libertarian,L,21,736,0.028533,TOTAL,yes
2016,Indiana,9,US House,Monroe,18105,Monroe,Perry 17,Trey Hollingsworth,Republican,R,156,736,0.211957,TOTAL,yes
2016,Indiana,9,US House,Monroe,18105,Monroe,Perry 18,Shelli Yoder,Democratic,D,643,814,0.789926,TOTAL,yes
2016,Indiana,9,US House,Monroe,18105,Monroe,Perry 18,Russell Brooksbank,Libertarian,L,35,814,0.042998,TOTAL,yes
2016,Indiana,9,US House,Monroe,18105,Monroe,Perry 18,Trey Hollingsworth,Republican,R,136,814,0.167076,TOTAL,yes
2016,Indiana,9,US House,Monroe,18105,Monroe,Perry 19,Shelli Yoder,Democratic,D,524,788,0.664975,TOTAL,yes
2016,Indiana,9,US House,Monroe,18105,Monroe,Perry 19,Russell Brooksbank,Libertarian,L,8,788,0.010152,TOTAL,yes
2016,Indiana,9,US House,Monroe,18105,Monroe,Perry 19,Trey Hollingsworth,Republican,R,256,788,0.324873,TOTAL,yes
2016,Indiana,9,US House,Monroe,18105,Monroe,Perry 20,Shelli Yoder,Democratic,D,391,520,0.751923,TOTAL,yes
2016,Indiana,9,US House,Monroe,18105,Monroe,Perry 20,Russell Brooksbank,Libertarian,L,33,520,0.063462,TOTAL,yes
2016,Indiana,9,US House,Monroe,18105,Monroe,Perry 20,Trey Hollingsworth,Republican,R,96,520,0.184615,TOTAL,yes
2016,Indiana,9,US House,Monroe,18105,Monroe,Perry 21,Shelli Yoder,Democratic,D,826,1187,0.695872,TOTAL,yes
2016,Indiana,9,US House,Monroe,18105,Monroe,Perry 21,Russell Brooksbank,Libertarian,L,31,1187,0.026116,TOTAL,yes
2016,Indiana,9,US House,Monroe,18105,Monroe,Perry 21,Trey Hollingsworth,Republican,R,330,1187,0.278012,TOTAL,yes
2016,Indiana,9,US House,Monroe,18105,Monroe,Perry 22,Shelli Yoder,Democratic,D,508,767,0.662321,TOTAL,yes
2016,Indiana,9,US House,Monroe,18105,Monroe,Perry 22,Russell Brooksbank,Libertarian,L,18,767,0.023468,TOTAL,yes
2016,Indiana,9,US House,Monroe,18105,Monroe,Perry 22,Trey Hollingsworth,Republican,R,241,767,0.314211,TOTAL,yes
2016,Indiana,9,US House,Monroe,18105,Monroe,Perry 23,Shelli Yoder,Democratic,D,583,1175,0.49617,TOTAL,yes
2016,Indiana,9,US House,Monroe,18105,Monroe,Perry 23,Russell Brooksbank,Libertarian,L,29,1175,0.024681,TOTAL,yes
2016,Indiana,9,US House,Monroe,18105,Monroe,Perry 23,Trey Hollingsworth,Republican,R,563,1175,0.479149,TOTAL,yes
2016,Indiana,9,US House,Monroe,18105,Monroe,Perry 24,Shelli Yoder,Democratic,D,434,963,0.450675,TOTAL,yes
2016,Indiana,9,US House,Monroe,18105,Monroe,Perry 24,Russell Brooksbank,Libertarian,L,41,963,0.042575,TOTAL,yes
2016,Indiana,9,US House,Monroe,18105,Monroe,Perry 24,Trey Hollingsworth,Republican,R,488,963,0.50675,TOTAL,yes
2016,Indiana,9,US House,Monroe,18105,Monroe,Perry 25,Shelli Yoder,Democratic,D,348,767,0.453716,TOTAL,yes
2016,Indiana,9,US House,Monroe,18105,Monroe,Perry 25,Russell Brooksbank,Libertarian,L,52,767,0.067797,TOTAL,yes
2016,Indiana,9,US House,Monroe,18105,Monroe,Perry 25,Trey Hollingsworth,Republican,R,367,767,0.478488,TOTAL,yes
2016,Indiana,9,US House,Monroe,18105,Monroe,Perry 26,Shelli Yoder,Democratic,D,541,779,0.69448,TOTAL,yes
2016,Indiana,9,US House,Monroe,18105,Monroe,Perry 26,Russell Brooksbank,Libertarian,L,21,779,0.026958,TOTAL,yes
2016,Indiana,9,US House,Monroe,18105,Monroe,Perry 26,Trey Hollingsworth,Republican,R,217,779,0.278562,TOTAL,yes
2016,Indiana,9,US House,Monroe,18105,Monroe,Perry 27,Shelli Yoder,Democratic,D,597,1122,0.532086,TOTAL,yes
2016,Indiana,9,US House,Monroe,18105,Monroe,Perry 27,Russell Brooksbank,Libertarian,L,60,1122,0.053476,TOTAL,yes
2016,Indiana,9,US House,Monroe,18105,Monroe,Perry 27,Trey Hollingsworth,Republican,R,465,1122,0.414439,TOTAL,yes
2016,Indiana,9,US House,Monroe,18105,Monroe,Perry 28,Shelli Yoder,Democratic,D,74,103,0.718447,TOTAL,yes
2016,Indiana,9,US House,Monroe,18105,Monroe,Perry 28,Russell Brooksbank,Libertarian,L,4,103,0.038835,TOTAL,yes
2016,Indiana,9,US House,Monroe,18105,Monroe,Perry 28,Trey Hollingsworth,Republican,R,25,103,0.242718,TOTAL,yes
2016,Indiana,9,US House,Monroe,18105,Monroe,Perry 29,Shelli Yoder,Democratic,D,422,612,0.689542,TOTAL,yes
2016,Indiana,9,US House,Monroe,18105,Monroe,Perry 29,Russell Brooksbank,Libertarian,L,49,612,0.080065,TOTAL,yes
2016,Indiana,9,US House,Monroe,18105,Monroe,Perry 29,Trey Hollingsworth,Republican,R,141,612,0.230392,TOTAL,yes
2016,Indiana,9,US House,Monroe,18105,Monroe,Perry 30,Shelli Yoder,Democratic,D,419,514,0.815175,TOTAL,yes
2016,Indiana,9,US House,Monroe,18105,Monroe,Perry 30,Russell Brooksbank,Libertarian,L,24,514,0.046693,TOTAL,yes
2016,Indiana,9,US House,Monroe,18105,Monroe,Perry 30,Trey Hollingsworth,Republican,R,71,514,0.138132,TOTAL,yes
2016,Indiana,9,US House,Monroe,18105,Monroe,Perry 31,Shelli Yoder,Democratic,D,615,733,0.839018,TOTAL,yes
2016,Indiana,9,US House,Monroe,18105,Monroe,Perry 31,Russell Brooksbank,Libertarian,L,31,733,0.042292,TOTAL,yes
2016,Indiana,9,US House,Monroe,18105,Monroe,Perry 31,Trey Hollingsworth,Republican,R,87,733,0.11869,TOTAL,yes
2016,Indiana,9,US House,Monroe,18105,Monroe,Perry 32,Shelli Yoder,Democratic,D,534,662,0.806647,TOTAL,yes
2016,Indiana,9,US House,Monroe,18105,Monroe,Perry 32,Russell Brooksbank,Libertarian,L,30,662,0.045317,TOTAL,yes
2016,Indiana,9,US House,Monroe,18105,Monroe,Perry 32,Trey Hollingsworth,Republican,R,98,662,0.148036,TOTAL,yes
2016,Indiana,9,US House,Monroe,18105,Monroe,Perry07,Shelli Yoder,Democratic,D,319,371,0.859838,TOTAL,yes
2016,Indiana,9,US House,Monroe,18105,Monroe,Perry07,Russell Brooksbank,Libertarian,L,11,371,0.02965,TOTAL,yes
2016,Indiana,9,US House,Monroe,18105,Monroe,Perry07,Trey Hollingsworth,Republican,R,41,371,0.110512,TOTAL,yes
2016,Indiana,9,US House,Monroe,18105,Monroe,Polk,Shelli Yoder,Democratic,D,61,132,0.462121,TOTAL,yes
2016,Indiana,9,US House,Monroe,18105,Monroe,Polk,Russell Brooksbank,Libertarian,L,7,132,0.05303,TOTAL,yes
2016,Indiana,9,US House,Monroe,18105,Monroe,Polk,Trey Hollingsworth,Republican,R,64,132,0.484848,TOTAL,yes
2016,Indiana,9,US House,Monroe,18105,Monroe,Richland 01,Shelli Yoder,Democratic,D,397,852,0.465962,TOTAL,yes
2016,Indiana,9,US House,Monroe,18105,Monroe,Richland 01,Russell Brooksbank,Libertarian,L,55,852,0.064554,TOTAL,yes
2016,Indiana,9,US House,Monroe,18105,Monroe,Richland 01,Trey Hollingsworth,Republican,R,400,852,0.469484,TOTAL,yes
2016,Indiana,9,US House,Monroe,18105,Monroe,Richland 02,Shelli Yoder,Democratic,D,304,709,0.428773,TOTAL,yes
2016,Indiana,9,US House,Monroe,18105,Monroe,Richland 02,Russell Brooksbank,Libertarian,L,51,709,0.071932,TOTAL,yes
2016,Indiana,9,US House,Monroe,18105,Monroe,Richland 02,Trey Hollingsworth,Republican,R,354,709,0.499295,TOTAL,yes
2016,Indiana,9,US House,Monroe,18105,Monroe,Richland 03,Shelli Yoder,Democratic,D,215,560,0.383929,TOTAL,yes
2016,Indiana,9,US House,Monroe,18105,Monroe,Richland 03,Russell Brooksbank,Libertarian,L,38,560,0.067857,TOTAL,yes
2016,Indiana,9,US House,Monroe,18105,Monroe,Richland 03,Trey Hollingsworth,Republican,R,307,560,0.548214,TOTAL,yes
2016,Indiana,9,US House,Monroe,18105,Monroe,Richland 04,Shelli Yoder,Democratic,D,468,1032,0.453488,TOTAL,yes
2016,Indiana,9,US House,Monroe,18105,Monroe,Richland 04,Russell Brooksbank,Libertarian,L,62,1032,0.060078,TOTAL,yes
2016,Indiana,9,US House,Monroe,18105,Monroe,Richland 04,Trey Hollingsworth,Republican,R,502,1032,0.486434,TOTAL,yes
2016,Indiana,9,US House,Monroe,18105,Monroe,Richland 05,Shelli Yoder,Democratic,D,296,703,0.421053,TOTAL,yes
2016,Indiana,9,US House,Monroe,18105,Monroe,Richland 05,Russell Brooksbank,Libertarian,L,46,703,0.065434,TOTAL,yes
2016,Indiana,9,US House,Monroe,18105,Monroe,Richland 05,Trey Hollingsworth,Republican,R,361,703,0.513514,TOTAL,yes
2016,Indiana,9,US House,Monroe,18105,Monroe,Richland 06,Shelli Yoder,Democratic,D,241,718,0.335655,TOTAL,yes
2016,Indiana,9,US House,Monroe,18105,Monroe,Richland 06,Russell Brooksbank,Libertarian,L,39,718,0.054318,TOTAL,yes
2016,Indiana,9,US House,Monroe,18105,Monroe,Richland 06,Trey Hollingsworth,Republican,R,438,718,0.610028,TOTAL,yes
2016,Indiana,9,US House,Monroe,18105,Monroe,Richland 07,Shelli Yoder,Democratic,D,519,1014,0.511834,TOTAL,yes
2016,Indiana,9,US House,Monroe,18105,Monroe,Richland 07,Russell Brooksbank,Libertarian,L,36,1014,0.035503,TOTAL,yes
2016,Indiana,9,US House,Monroe,18105,Monroe,Richland 07,Trey Hollingsworth,Republican,R,459,1014,0.452663,TOTAL,yes
2016,Indiana,9,US House,Monroe,18105,Monroe,Richland 08,Shelli Yoder,Democratic,D,445,1022,0.435421,TOTAL,yes
2016,Indiana,9,US House,Monroe,18105,Monroe,Richland 08,Russell Brooksbank,Libertarian,L,80,1022,0.078278,TOTAL,yes
2016,Indiana,9,US House,Monroe,18105,Monroe,Richland 08,Trey Hollingsworth,Republican,R,497,1022,0.486301,TOTAL,yes
2016,Indiana,9,US House,Monroe,18105,Monroe,Richland 09,Shelli Yoder,Democratic,D,1,2,0.5,TOTAL,yes
2016,Indiana,9,US House,Monroe,18105,Monroe,Richland 09,Russell Brooksbank,Libertarian,L,0,2,0.0,TOTAL,yes
2016,Indiana,9,US House,Monroe,18105,Monroe,Richland 09,Trey Hollingsworth,Republican,R,1,2,0.5,TOTAL,yes
2016,Indiana,9,US House,Monroe,18105,Monroe,Salt Creek,Shelli Yoder,Democratic,D,594,932,0.637339,TOTAL,yes
2016,Indiana,9,US House,Monroe,18105,Monroe,Salt Creek,Russell Brooksbank,Libertarian,L,45,932,0.048283,TOTAL,yes
2016,Indiana,9,US House,Monroe,18105,Monroe,Salt Creek,Trey Hollingsworth,Republican,R,293,932,0.314378,TOTAL,yes
2016,Indiana,9,US House,Monroe,18105,Monroe,Van Buren 01,Shelli Yoder,Democratic,D,636,1269,0.501182,TOTAL,yes
2016,Indiana,9,US House,Monroe,18105,Monroe,Van Buren 01,Russell Brooksbank,Libertarian,L,80,1269,0.063042,TOTAL,yes
2016,Indiana,9,US House,Monroe,18105,Monroe,Van Buren 01,Trey Hollingsworth,Republican,R,553,1269,0.435776,TOTAL,yes
2016,Indiana,9,US House,Monroe,18105,Monroe,Van Buren 02,Shelli Yoder,Democratic,D,288,535,0.538318,TOTAL,yes
2016,Indiana,9,US House,Monroe,18105,Monroe,Van Buren 02,Russell Brooksbank,Libertarian,L,37,535,0.069159,TOTAL,yes
2016,Indiana,9,US House,Monroe,18105,Monroe,Van Buren 02,Trey Hollingsworth,Republican,R,210,535,0.392523,TOTAL,yes
2016,Indiana,9,US House,Monroe,18105,Monroe,Van Buren 03,Shelli Yoder,Democratic,D,508,964,0.526971,TOTAL,yes
2016,Indiana,9,US House,Monroe,18105,Monroe,Van Buren 03,Russell Brooksbank,Libertarian,L,70,964,0.072614,TOTAL,yes
2016,Indiana,9,US House,Monroe,18105,Monroe,Van Buren 03,Trey Hollingsworth,Republican,R,386,964,0.400415,TOTAL,yes
2016,Indiana,9,US House,Monroe,18105,Monroe,Van Buren 04,Shelli Yoder,Democratic,D,337,887,0.379932,TOTAL,yes
2016,Indiana,9,US House,Monroe,18105,Monroe,Van Buren 04,Russell Brooksbank,Libertarian,L,40,887,0.045096,TOTAL,yes
2016,Indiana,9,US House,Monroe,18105,Monroe,Van Buren 04,Trey Hollingsworth,Republican,R,510,887,0.574972,TOTAL,yes
2016,Indiana,9,US House,Monroe,18105,Monroe,Van Buren 05,Shelli Yoder,Democratic,D,325,799,0.406758,TOTAL,yes
2016,Indiana,9,US House,Monroe,18105,Monroe,Van Buren 05,Russell Brooksbank,Libertarian,L,42,799,0.052566,TOTAL,yes
2016,Indiana,9,US House,Monroe,18105,Monroe,Van Buren 05,Trey Hollingsworth,Republican,R,432,799,0.540676,TOTAL,yes
2016,Indiana,9,US House,Monroe,18105,Monroe,Van Buren 06,Shelli Yoder,Democratic,D,463,946,0.489429,TOTAL,yes
2016,Indiana,9,US House,Monroe,18105,Monroe,Van Buren 06,Russell Brooksbank,Libertarian,L,61,946,0.064482,TOTAL,yes
2016,Indiana,9,US House,Monroe,18105,Monroe,Van Buren 06,Trey Hollingsworth,Republican,R,422,946,0.446089,TOTAL,yes
2016,Indiana,9,US House,Monroe,18105,Monroe,Washington,Shelli Yoder,Democratic,D,501,1096,0.457117,TOTAL,yes
2016,Indiana,9,US House,Monroe,18105,Monroe,Washington,Russell Brooksbank,Libertarian,L,48,1096,0.043796,TOTAL,yes
2016,Indiana,9,US House,Monroe,18105,Monroe,Washington,Trey Hollingsworth,Republican,R,547,1096,0.499088,TOTAL,yes
2016,Indiana,9,US House,Monroe,18105,Monroe,ZZ Federal,Shelli Yoder,Democratic,D,218,234,0.931624,TOTAL,yes
2016,Indiana,9,US House,Monroe,18105,Monroe,ZZ Federal,Russell Brooksbank,Libertarian,L,3,234,0.012821,TOTAL,yes
2016,Indiana,9,US House,Monroe,18105,Monroe,ZZ Federal,Trey Hollingsworth,Republican,R,13,234,0.055556,TOTAL,yes
2016,Indiana,9,US House,Morgan,18109,Morgan,03-Ashland 2,Shelli Yoder,Democratic,D,58,322,0.180124,TOTAL,yes
2016,Indiana,9,US House,Morgan,18109,Morgan,03-Ashland 2,Russell Brooksbank,Libertarian,L,31,322,0.096273,TOTAL,yes
2016,Indiana,9,US House,Morgan,18109,Morgan,03-Ashland 2,Trey Hollingsworth,Republican,R,233,322,0.723602,TOTAL,yes
2016,Indiana,9,US House,Morgan,18109,Morgan,04-Baker,Shelli Yoder,Democratic,D,79,354,0.223164,TOTAL,yes
2016,Indiana,9,US House,Morgan,18109,Morgan,04-Baker,Russell Brooksbank,Libertarian,L,19,354,0.053672,TOTAL,yes
2016,Indiana,9,US House,Morgan,18109,Morgan,04-Baker,Trey Hollingsworth,Republican,R,256,354,0.723164,TOTAL,yes
2016,Indiana,9,US House,Morgan,18109,Morgan,16-Clay 1,Shelli Yoder,Democratic,D,140,626,0.223642,TOTAL,yes
2016,Indiana,9,US House,Morgan,18109,Morgan,16-Clay 1,Russell Brooksbank,Libertarian,L,50,626,0.079872,TOTAL,yes
2016,Indiana,9,US House,Morgan,18109,Morgan,16-Clay 1,Trey Hollingsworth,Republican,R,436,626,0.696486,TOTAL,yes
2016,Indiana,9,US House,Morgan,18109,Morgan,17-Clay 2,Shelli Yoder,Democratic,D,137,559,0.245081,TOTAL,yes
2016,Indiana,9,US House,Morgan,18109,Morgan,17-Clay 2,Russell Brooksbank,Libertarian,L,46,559,0.08229,TOTAL,yes
2016,Indiana,9,US House,Morgan,18109,Morgan,17-Clay 2,Trey Hollingsworth,Republican,R,376,559,0.67263,TOTAL,yes
2016,Indiana,9,US House,Morgan,18109,Morgan,18-Clay 3,Shelli Yoder,Democratic,D,152,567,0.268078,TOTAL,yes
2016,Indiana,9,US House,Morgan,18109,Morgan,18-Clay 3,Russell Brooksbank,Libertarian,L,45,567,0.079365,TOTAL,yes
2016,Indiana,9,US House,Morgan,18109,Morgan,18-Clay 3,Trey Hollingsworth,Republican,R,370,567,0.652557,TOTAL,yes
2016,Indiana,9,US House,Morgan,18109,Morgan,19-Green 1,Shelli Yoder,Democratic,D,209,814,0.256757,TOTAL,yes
2016,Indiana,9,US House,Morgan,18109,Morgan,19-Green 1,Russell Brooksbank,Libertarian,L,44,814,0.054054,TOTAL,yes
2016,Indiana,9,US House,Morgan,18109,Morgan,19-Green 1,Trey Hollingsworth,Republican,R,561,814,0.689189,TOTAL,yes
2016,Indiana,9,US House,Morgan,18109,Morgan,20-Green 2,Shelli Yoder,Democratic,D,224,918,0.244009,TOTAL,yes
2016,Indiana,9,US House,Morgan,18109,Morgan,20-Green 2,Russell Brooksbank,Libertarian,L,58,918,0.063181,TOTAL,yes
2016,Indiana,9,US House,Morgan,18109,Morgan,20-Green 2,Trey Hollingsworth,Republican,R,636,918,0.69281,TOTAL,yes
2016,Indiana,9,US House,Morgan,18109,Morgan,23-Harrison,Shelli Yoder,Democratic,D,190,761,0.249671,TOTAL,yes
2016,Indiana,9,US House,Morgan,18109,Morgan,23-Harrison,Russell Brooksbank,Libertarian,L,41,761,0.053876,TOTAL,yes
2016,Indiana,9,US House,Morgan,18109,Morgan,23-Harrison,Trey Hollingsworth,Republican,R,530,761,0.696452,TOTAL,yes
2016,Indiana,9,US House,Morgan,18109,Morgan,24-Jackson 1,Shelli Yoder,Democratic,D,137,608,0.225329,TOTAL,yes
2016,Indiana,9,US House,Morgan,18109,Morgan,24-Jackson 1,Russell Brooksbank,Libertarian,L,26,608,0.042763,TOTAL,yes
2016,Indiana,9,US House,Morgan,18109,Morgan,24-Jackson 1,Trey Hollingsworth,Republican,R,445,608,0.731908,TOTAL,yes
2016,Indiana,9,US House,Morgan,18109,Morgan,25-Jackson 2,Shelli Yoder,Democratic,D,142,704,0.201705,TOTAL,yes
2016,Indiana,9,US House,Morgan,18109,Morgan,25-Jackson 2,Russell Brooksbank,Libertarian,L,35,704,0.049716,TOTAL,yes
2016,Indiana,9,US House,Morgan,18109,Morgan,25-Jackson 2,Trey Hollingsworth,Republican,R,527,704,0.74858,TOTAL,yes
2016,Indiana,9,US House,Morgan,18109,Morgan,26-Jackson 3,Shelli Yoder,Democratic,D,102,399,0.255639,TOTAL,yes
2016,Indiana,9,US House,Morgan,18109,Morgan,26-Jackson 3,Russell Brooksbank,Libertarian,L,23,399,0.057644,TOTAL,yes
2016,Indiana,9,US House,Morgan,18109,Morgan,26-Jackson 3,Trey Hollingsworth,Republican,R,274,399,0.686717,TOTAL,yes
2016,Indiana,9,US House,Morgan,18109,Morgan,27-Jefferson 1,Shelli Yoder,Democratic,D,143,524,0.272901,TOTAL,yes
2016,Indiana,9,US House,Morgan,18109,Morgan,27-Jefferson 1,Russell Brooksbank,Libertarian,L,41,524,0.078244,TOTAL,yes
2016,Indiana,9,US House,Morgan,18109,Morgan,27-Jefferson 1,Trey Hollingsworth,Republican,R,340,524,0.648855,TOTAL,yes
2016,Indiana,9,US House,Morgan,18109,Morgan,28-Jefferson 2,Shelli Yoder,Democratic,D,133,511,0.260274,TOTAL,yes
2016,Indiana,9,US House,Morgan,18109,Morgan,28-Jefferson 2,Russell Brooksbank,Libertarian,L,25,511,0.048924,TOTAL,yes
2016,Indiana,9,US House,Morgan,18109,Morgan,28-Jefferson 2,Trey Hollingsworth,Republican,R,353,511,0.690802,TOTAL,yes
2016,Indiana,9,US House,Morgan,18109,Morgan,29-Jefferson 3,Shelli Yoder,Democratic,D,145,557,0.260323,TOTAL,yes
2016,Indiana,9,US House,Morgan,18109,Morgan,29-Jefferson 3,Russell Brooksbank,Libertarian,L,39,557,0.070018,TOTAL,yes
2016,Indiana,9,US House,Morgan,18109,Morgan,29-Jefferson 3,Trey Hollingsworth,Republican,R,373,557,0.669659,TOTAL,yes
2016,Indiana,9,US House,Morgan,18109,Morgan,30-Madison 1,Shelli Yoder,Democratic,D,207,842,0.245843,TOTAL,yes
2016,Indiana,9,US House,Morgan,18109,Morgan,30-Madison 1,Russell Brooksbank,Libertarian,L,49,842,0.058195,TOTAL,yes
2016,Indiana,9,US House,Morgan,18109,Morgan,30-Madison 1,Trey Hollingsworth,Republican,R,586,842,0.695962,TOTAL,yes
2016,Indiana,9,US House,Morgan,18109,Morgan,31-Madison 2,Shelli Yoder,Democratic,D,185,831,0.222623,TOTAL,yes
2016,Indiana,9,US House,Morgan,18109,Morgan,31-Madison 2,Russell Brooksbank,Libertarian,L,44,831,0.052948,TOTAL,yes
2016,Indiana,9,US House,Morgan,18109,Morgan,31-Madison 2,Trey Hollingsworth,Republican,R,602,831,0.724428,TOTAL,yes
2016,Indiana,9,US House,Morgan,18109,Morgan,32-Madison 3,Shelli Yoder,Democratic,D,180,691,0.260492,TOTAL,yes
2016,Indiana,9,US House,Morgan,18109,Morgan,32-Madison 3,Russell Brooksbank,Libertarian,L,36,691,0.052098,TOTAL,yes
2016,Indiana,9,US House,Morgan,18109,Morgan,32-Madison 3,Trey Hollingsworth,Republican,R,475,691,0.68741,TOTAL,yes
2016,Indiana,9,US House,Morgan,18109,Morgan,33-Madison 4,Shelli Yoder,Democratic,D,206,778,0.264781,TOTAL,yes
2016,Indiana,9,US House,Morgan,18109,Morgan,33-Madison 4,Russell Brooksbank,Libertarian,L,46,778,0.059126,TOTAL,yes
2016,Indiana,9,US House,Morgan,18109,Morgan,33-Madison 4,Trey Hollingsworth,Republican,R,526,778,0.676093,TOTAL,yes
2016,Indiana,9,US House,Morgan,18109,Morgan,34-Madison 5,Shelli Yoder,Democratic,D,123,483,0.254658,TOTAL,yes
2016,Indiana,9,US House,Morgan,18109,Morgan,34-Madison 5,Russell Brooksbank,Libertarian,L,33,483,0.068323,TOTAL,yes
2016,Indiana,9,US House,Morgan,18109,Morgan,34-Madison 5,Trey Hollingsworth,Republican,R,327,483,0.677019,TOTAL,yes
2016,Indiana,9,US House,Morgan,18109,Morgan,35-Madison 6,Shelli Yoder,Democratic,D,266,859,0.309662,TOTAL,yes
2016,Indiana,9,US House,Morgan,18109,Morgan,35-Madison 6,Russell Brooksbank,Libertarian,L,64,859,0.074505,TOTAL,yes
2016,Indiana,9,US House,Morgan,18109,Morgan,35-Madison 6,Trey Hollingsworth,Republican,R,529,859,0.615832,TOTAL,yes
2016,Indiana,9,US House,Morgan,18109,Morgan,39-Ray 1,Shelli Yoder,Democratic,D,67,334,0.200599,TOTAL,yes
2016,Indiana,9,US House,Morgan,18109,Morgan,39-Ray 1,Russell Brooksbank,Libertarian,L,19,334,0.056886,TOTAL,yes
2016,Indiana,9,US House,Morgan,18109,Morgan,39-Ray 1,Trey Hollingsworth,Republican,R,248,334,0.742515,TOTAL,yes
2016,Indiana,9,US House,Morgan,18109,Morgan,40-Ray,Shelli Yoder,Democratic,D,50,284,0.176056,TOTAL,yes
2016,Indiana,9,US House,Morgan,18109,Morgan,40-Ray,Russell Brooksbank,Libertarian,L,17,284,0.059859,TOTAL,yes
2016,Indiana,9,US House,Morgan,18109,Morgan,40-Ray,Trey Hollingsworth,Republican,R,217,284,0.764085,TOTAL,yes
2016,Indiana,9,US House,Morgan,18109,Morgan,41-Washington 1,Shelli Yoder,Democratic,D,94,420,0.22381,TOTAL,yes
2016,Indiana,9,US House,Morgan,18109,Morgan,41-Washington 1,Russell Brooksbank,Libertarian,L,31,420,0.07381,TOTAL,yes
2016,Indiana,9,US House,Morgan,18109,Morgan,41-Washington 1,Trey Hollingsworth,Republican,R,295,420,0.702381,TOTAL,yes
2016,Indiana,9,US House,Morgan,18109,Morgan,42-Washington 2,Shelli Yoder,Democratic,D,121,586,0.206485,TOTAL,yes
2016,Indiana,9,US House,Morgan,18109,Morgan,42-Washington 2,Russell Brooksbank,Libertarian,L,30,586,0.051195,TOTAL,yes
2016,Indiana,9,US House,Morgan,18109,Morgan,42-Washington 2,Trey Hollingsworth,Republican,R,435,586,0.742321,TOTAL,yes
2016,Indiana,9,US House,Morgan,18109,Morgan,43-Washington 3,Shelli Yoder,Democratic,D,70,271,0.258303,TOTAL,yes
2016,Indiana,9,US House,Morgan,18109,Morgan,43-Washington 3,Russell Brooksbank,Libertarian,L,21,271,0.077491,TOTAL,yes
2016,Indiana,9,US House,Morgan,18109,Morgan,43-Washington 3,Trey Hollingsworth,Republican,R,180,271,0.664207,TOTAL,yes
2016,Indiana,9,US House,Morgan,18109,Morgan,44-Washington 4,Shelli Yoder,Democratic,D,116,431,0.269142,TOTAL,yes
2016,Indiana,9,US House,Morgan,18109,Morgan,44-Washington 4,Russell Brooksbank,Libertarian,L,34,431,0.078886,TOTAL,yes
2016,Indiana,9,US House,Morgan,18109,Morgan,44-Washington 4,Trey Hollingsworth,Republican,R,281,431,0.651972,TOTAL,yes
2016,Indiana,9,US House,Morgan,18109,Morgan,45-Washington 5,Shelli Yoder,Democratic,D,102,469,0.217484,TOTAL,yes
2016,Indiana,9,US House,Morgan,18109,Morgan,45-Washington 5,Russell Brooksbank,Libertarian,L,27,469,0.057569,TOTAL,yes
2016,Indiana,9,US House,Morgan,18109,Morgan,45-Washington 5,Trey Hollingsworth,Republican,R,340,469,0.724947,TOTAL,yes
2016,Indiana,9,US House,Morgan,18109,Morgan,46-Washington 6,Shelli Yoder,Democratic,D,142,553,0.256781,TOTAL,yes
2016,Indiana,9,US House,Morgan,18109,Morgan,46-Washington 6,Russell Brooksbank,Libertarian,L,44,553,0.079566,TOTAL,yes
2016,Indiana,9,US House,Morgan,18109,Morgan,46-Washington 6,Trey Hollingsworth,Republican,R,367,553,0.663653,TOTAL,yes
2016,Indiana,9,US House,Morgan,18109,Morgan,47-Washington 7,Shelli Yoder,Democratic,D,174,666,0.261261,TOTAL,yes
2016,Indiana,9,US House,Morgan,18109,Morgan,47-Washington 7,Russell Brooksbank,Libertarian,L,37,666,0.055556,TOTAL,yes
2016,Indiana,9,US House,Morgan,18109,Morgan,47-Washington 7,Trey Hollingsworth,Republican,R,455,666,0.683183,TOTAL,yes
2016,Indiana,9,US House,Morgan,18109,Morgan,48-Washington 8,Shelli Yoder,Democratic,D,201,802,0.250623,TOTAL,yes
2016,Indiana,9,US House,Morgan,18109,Morgan,48-Washington 8,Russell Brooksbank,Libertarian,L,44,802,0.054863,TOTAL,yes
2016,Indiana,9,US House,Morgan,18109,Morgan,48-Washington 8,Trey Hollingsworth,Republican,R,557,802,0.694514,TOTAL,yes
2016,Indiana,9,US House,Morgan,18109,Morgan,49-Washington 9,Shelli Yoder,Democratic,D,152,558,0.272401,TOTAL,yes
2016,Indiana,9,US House,Morgan,18109,Morgan,49-Washington 9,Russell Brooksbank,Libertarian,L,17,558,0.030466,TOTAL,yes
2016,Indiana,9,US House,Morgan,18109,Morgan,49-Washington 9,Trey Hollingsworth,Republican,R,389,558,0.697133,TOTAL,yes
2016,Indiana,9,US House,Morgan,18109,Morgan,50-Washington 10,Shelli Yoder,Democratic,D,122,435,0.28046,TOTAL,yes
2016,Indiana,9,US House,Morgan,18109,Morgan,50-Washington 10,Russell Brooksbank,Libertarian,L,24,435,0.055172,TOTAL,yes
2016,Indiana,9,US House,Morgan,18109,Morgan,50-Washington 10,Trey Hollingsworth,Republican,R,289,435,0.664368,TOTAL,yes
2016,Indiana,9,US House,Morgan,18109,Morgan,51-Washington 11,Shelli Yoder,Democratic,D,156,552,0.282609,TOTAL,yes
2016,Indiana,9,US House,Morgan,18109,Morgan,51-Washington 11,Russell Brooksbank,Libertarian,L,31,552,0.056159,TOTAL,yes
2016,Indiana,9,US House,Morgan,18109,Morgan,51-Washington 11,Trey Hollingsworth,Republican,R,365,552,0.661232,TOTAL,yes
2016,Indiana,9,US House,Morgan,18109,Morgan,52-Washington 12,Shelli Yoder,Democratic,D,119,453,0.262693,TOTAL,yes
2016,Indiana,9,US House,Morgan,18109,Morgan,52-Washington 12,Russell Brooksbank,Libertarian,L,28,453,0.06181,TOTAL,yes
2016,Indiana,9,US House,Morgan,18109,Morgan,52-Washington 12,Trey Hollingsworth,Republican,R,306,453,0.675497,TOTAL,yes
2016,Indiana,9,US House,Morgan,18109,Morgan,53-Washington 13,Shelli Yoder,Democratic,D,138,509,0.27112,TOTAL,yes
2016,Indiana,9,US House,Morgan,18109,Morgan,53-Washington 13,Russell Brooksbank,Libertarian,L,23,509,0.045187,TOTAL,yes
2016,Indiana,9,US House,Morgan,18109,Morgan,53-Washington 13,Trey Hollingsworth,Republican,R,348,509,0.683694,TOTAL,yes
2016,Indiana,9,US House,Morgan,18109,Morgan,54-Washington 14,Shelli Yoder,Democratic,D,158,592,0.266892,TOTAL,yes
2016,Indiana,9,US House,Morgan,18109,Morgan,54-Washington 14,Russell Brooksbank,Libertarian,L,31,592,0.052365,TOTAL,yes
2016,Indiana,9,US House,Morgan,18109,Morgan,54-Washington 14,Trey Hollingsworth,Republican,R,403,592,0.680743,TOTAL,yes
2016,Indiana,9,US House,Orange,18117,Orange,01-French Lick 1,Shelli Yoder,Democratic,D,95,212,0.448113,TOTAL,yes
2016,Indiana,9,US House,Orange,18117,Orange,01-French Lick 1,Russell Brooksbank,Libertarian,L,14,212,0.066038,TOTAL,yes
2016,Indiana,9,US House,Orange,18117,Orange,01-French Lick 1,Trey Hollingsworth,Republican,R,103,212,0.485849,TOTAL,yes
2016,Indiana,9,US House,Orange,18117,Orange,02-FLE West Baden,Shelli Yoder,Democratic,D,176,448,0.392857,TOTAL,yes
2016,Indiana,9,US House,Orange,18117,Orange,02-FLE West Baden,Russell Brooksbank,Libertarian,L,25,448,0.055804,TOTAL,yes
2016,Indiana,9,US House,Orange,18117,Orange,02-FLE West Baden,Trey Hollingsworth,Republican,R,247,448,0.551339,TOTAL,yes
2016,Indiana,9,US House,Orange,18117,Orange,03-French Lick N,Shelli Yoder,Democratic,D,140,422,0.331754,TOTAL,yes
2016,Indiana,9,US House,Orange,18117,Orange,03-French Lick N,Russell Brooksbank,Libertarian,L,21,422,0.049763,TOTAL,yes
2016,Indiana,9,US House,Orange,18117,Orange,03-French Lick N,Trey Hollingsworth,Republican,R,261,422,0.618483,TOTAL,yes
2016,Indiana,9,US House,Orange,18117,Orange,04-French Lick S,Shelli Yoder,Democratic,D,176,412,0.427184,TOTAL,yes
2016,Indiana,9,US House,Orange,18117,Orange,04-French Lick S,Russell Brooksbank,Libertarian,L,22,412,0.053398,TOTAL,yes
2016,Indiana,9,US House,Orange,18117,Orange,04-French Lick S,Trey Hollingsworth,Republican,R,214,412,0.519417,TOTAL,yes
2016,Indiana,9,US House,Orange,18117,Orange,05-French Lick W,Shelli Yoder,Democratic,D,132,343,0.38484,TOTAL,yes
2016,Indiana,9,US House,Orange,18117,Orange,05-French Lick W,Russell Brooksbank,Libertarian,L,21,343,0.061224,TOTAL,yes
2016,Indiana,9,US House,Orange,18117,Orange,05-French Lick W,Trey Hollingsworth,Republican,R,190,343,0.553936,TOTAL,yes
2016,Indiana,9,US House,Orange,18117,Orange,06-FLW-West Baden,Shelli Yoder,Democratic,D,61,158,0.386076,TOTAL,yes
2016,Indiana,9,US House,Orange,18117,Orange,06-FLW-West Baden,Russell Brooksbank,Libertarian,L,10,158,0.063291,TOTAL,yes
2016,Indiana,9,US House,Orange,18117,Orange,06-FLW-West Baden,Trey Hollingsworth,Republican,R,87,158,0.550633,TOTAL,yes
2016,Indiana,9,US House,Orange,18117,Orange,07-Greenfield,Shelli Yoder,Democratic,D,110,311,0.353698,TOTAL,yes
2016,Indiana,9,US House,Orange,18117,Orange,07-Greenfield,Russell Brooksbank,Libertarian,L,13,311,0.041801,TOTAL,yes
2016,Indiana,9,US House,Orange,18117,Orange,07-Greenfield,Trey Hollingsworth,Republican,R,188,311,0.604502,TOTAL,yes
2016,Indiana,9,US House,Orange,18117,Orange,08-Jackson,Shelli Yoder,Democratic,D,143,380,0.376316,TOTAL,yes
2016,Indiana,9,US House,Orange,18117,Orange,08-Jackson,Russell Brooksbank,Libertarian,L,20,380,0.052632,TOTAL,yes
2016,Indiana,9,US House,Orange,18117,Orange,08-Jackson,Trey Hollingsworth,Republican,R,217,380,0.571053,TOTAL,yes
2016,Indiana,9,US House,Orange,18117,Orange,09-Northeast Only,Shelli Yoder,Democratic,D,73,262,0.278626,TOTAL,yes
2016,Indiana,9,US House,Orange,18117,Orange,09-Northeast Only,Russell Brooksbank,Libertarian,L,17,262,0.064885,TOTAL,yes
2016,Indiana,9,US House,Orange,18117,Orange,09-Northeast Only,Trey Hollingsworth,Republican,R,172,262,0.656489,TOTAL,yes
2016,Indiana,9,US House,Orange,18117,Orange,10-Northwest Only,Shelli Yoder,Democratic,D,52,148,0.351351,TOTAL,yes
2016,Indiana,9,US House,Orange,18117,Orange,10-Northwest Only,Russell Brooksbank,Libertarian,L,6,148,0.040541,TOTAL,yes
2016,Indiana,9,US House,Orange,18117,Orange,10-Northwest Only,Trey Hollingsworth,Republican,R,90,148,0.608108,TOTAL,yes
2016,Indiana,9,US House,Orange,18117,Orange,11-Orangeville,Shelli Yoder,Democratic,D,96,305,0.314754,TOTAL,yes
2016,Indiana,9,US House,Orange,18117,Orange,11-Orangeville,Russell Brooksbank,Libertarian,L,17,305,0.055738,TOTAL,yes
2016,Indiana,9,US House,Orange,18117,Orange,11-Orangeville,Trey Hollingsworth,Republican,R,192,305,0.629508,TOTAL,yes
2016,Indiana,9,US House,Orange,18117,Orange,12-Orleans E,Shelli Yoder,Democratic,D,153,462,0.331169,TOTAL,yes
2016,Indiana,9,US House,Orange,18117,Orange,12-Orleans E,Russell Brooksbank,Libertarian,L,14,462,0.030303,TOTAL,yes
2016,Indiana,9,US House,Orange,18117,Orange,12-Orleans E,Trey Hollingsworth,Republican,R,295,462,0.638528,TOTAL,yes
2016,Indiana,9,US House,Orange,18117,Orange,13-Orleans NW,Shelli Yoder,Democratic,D,140,440,0.318182,TOTAL,yes
2016,Indiana,9,US House,Orange,18117,Orange,13-Orleans NW,Russell Brooksbank,Libertarian,L,20,440,0.045455,TOTAL,yes
2016,Indiana,9,US House,Orange,18117,Orange,13-Orleans NW,Trey Hollingsworth,Republican,R,280,440,0.636364,TOTAL,yes
2016,Indiana,9,US House,Orange,18117,Orange,14-Orleans SW,Shelli Yoder,Democratic,D,194,546,0.355311,TOTAL,yes
2016,Indiana,9,US House,Orange,18117,Orange,14-Orleans SW,Russell Brooksbank,Libertarian,L,24,546,0.043956,TOTAL,yes
2016,Indiana,9,US House,Orange,18117,Orange,14-Orleans SW,Trey Hollingsworth,Republican,R,328,546,0.600733,TOTAL,yes
2016,Indiana,9,US House,Orange,18117,Orange,15-Paoli N,Shelli Yoder,Democratic,D,59,146,0.40411,TOTAL,yes
2016,Indiana,9,US House,Orange,18117,Orange,15-Paoli N,Russell Brooksbank,Libertarian,L,17,146,0.116438,TOTAL,yes
2016,Indiana,9,US House,Orange,18117,Orange,15-Paoli N,Trey Hollingsworth,Republican,R,70,146,0.479452,TOTAL,yes
2016,Indiana,9,US House,Orange,18117,Orange,16-Paoli NE,Shelli Yoder,Democratic,D,162,437,0.370709,TOTAL,yes
2016,Indiana,9,US House,Orange,18117,Orange,16-Paoli NE,Russell Brooksbank,Libertarian,L,29,437,0.066362,TOTAL,yes
2016,Indiana,9,US House,Orange,18117,Orange,16-Paoli NE,Trey Hollingsworth,Republican,R,246,437,0.562929,TOTAL,yes
2016,Indiana,9,US House,Orange,18117,Orange,17-Paoli NW,Shelli Yoder,Democratic,D,207,530,0.390566,TOTAL,yes
2016,Indiana,9,US House,Orange,18117,Orange,17-Paoli NW,Russell Brooksbank,Libertarian,L,23,530,0.043396,TOTAL,yes
2016,Indiana,9,US House,Orange,18117,Orange,17-Paoli NW,Trey Hollingsworth,Republican,R,300,530,0.566038,TOTAL,yes
2016,Indiana,9,US House,Orange,18117,Orange,18-Paoli S,Shelli Yoder,Democratic,D,48,124,0.387097,TOTAL,yes
2016,Indiana,9,US House,Orange,18117,Orange,18-Paoli S,Russell Brooksbank,Libertarian,L,12,124,0.096774,TOTAL,yes
2016,Indiana,9,US House,Orange,18117,Orange,18-Paoli S,Trey Hollingsworth,Republican,R,64,124,0.516129,TOTAL,yes
2016,Indiana,9,US House,Orange,18117,Orange,19-Paoli SE,Shelli Yoder,Democratic,D,241,614,0.392508,TOTAL,yes
2016,Indiana,9,US House,Orange,18117,Orange,19-Paoli SE,Russell Brooksbank,Libertarian,L,24,614,0.039088,TOTAL,yes
2016,Indiana,9,US House,Orange,18117,Orange,19-Paoli SE,Trey Hollingsworth,Republican,R,349,614,0.568404,TOTAL,yes
2016,Indiana,9,US House,Orange,18117,Orange,20-Paoli SW,Shelli Yoder,Democratic,D,210,497,0.422535,TOTAL,yes
2016,Indiana,9,US House,Orange,18117,Orange,20-Paoli SW,Russell Brooksbank,Libertarian,L,23,497,0.046278,TOTAL,yes
2016,Indiana,9,US House,Orange,18117,Orange,20-Paoli SW,Trey Hollingsworth,Republican,R,264,497,0.531187,TOTAL,yes
2016,Indiana,9,US House,Orange,18117,Orange,21-Southeast Only,Shelli Yoder,Democratic,D,226,618,0.365696,TOTAL,yes
2016,Indiana,9,US House,Orange,18117,Orange,21-Southeast Only,Russell Brooksbank,Libertarian,L,20,618,0.032362,TOTAL,yes
2016,Indiana,9,US House,Orange,18117,Orange,21-Southeast Only,Trey Hollingsworth,Republican,R,372,618,0.601942,TOTAL,yes
2016,Indiana,9,US House,Orange,18117,Orange,22-Stampers Ck,Shelli Yoder,Democratic,D,113,325,0.347692,TOTAL,yes
2016,Indiana,9,US House,Orange,18117,Orange,22-Stampers Ck,Russell Brooksbank,Libertarian,L,8,325,0.024615,TOTAL,yes
2016,Indiana,9,US House,Orange,18117,Orange,22-Stampers Ck,Trey Hollingsworth,Republican,R,204,325,0.627692,TOTAL,yes
2016,Indiana,9,US House,Scott,18143,Scott,01-Finley,Shelli Yoder,Democratic,D,272,731,0.372093,TOTAL,yes
2016,Indiana,9,US House,Scott,18143,Scott,01-Finley,Russell Brooksbank,Libertarian,L,31,731,0.042408,TOTAL,yes
2016,Indiana,9,US House,Scott,18143,Scott,01-Finley,Trey Hollingsworth,Republican,R,428,731,0.585499,TOTAL,yes
2016,Indiana,9,US House,Scott,18143,Scott,10-Lexington 3,Shelli Yoder,Democratic,D,43,107,0.401869,TOTAL,yes
2016,Indiana,9,US House,Scott,18143,Scott,10-Lexington 3,Russell Brooksbank,Libertarian,L,8,107,0.074766,TOTAL,yes
2016,Indiana,9,US House,Scott,18143,Scott,10-Lexington 3,Trey Hollingsworth,Republican,R,56,107,0.523364,TOTAL,yes
2016,Indiana,9,US House,Scott,18143,Scott,11-Vienna 1,Shelli Yoder,Democratic,D,327,833,0.392557,TOTAL,yes
2016,Indiana,9,US House,Scott,18143,Scott,11-Vienna 1,Russell Brooksbank,Libertarian,L,38,833,0.045618,TOTAL,yes
2016,Indiana,9,US House,Scott,18143,Scott,11-Vienna 1,Trey Hollingsworth,Republican,R,468,833,0.561825,TOTAL,yes
2016,Indiana,9,US House,Scott,18143,Scott,12-Vienna 2,Shelli Yoder,Democratic,D,260,553,0.470163,TOTAL,yes
2016,Indiana,9,US House,Scott,18143,Scott,12-Vienna 2,Russell Brooksbank,Libertarian,L,20,553,0.036166,TOTAL,yes
2016,Indiana,9,US House,Scott,18143,Scott,12-Vienna 2,Trey Hollingsworth,Republican,R,273,553,0.493671,TOTAL,yes
2016,Indiana,9,US House,Scott,18143,Scott,13-Vienna 3,Shelli Yoder,Democratic,D,212,476,0.445378,TOTAL,yes
2016,Indiana,9,US House,Scott,18143,Scott,13-Vienna 3,Russell Brooksbank,Libertarian,L,29,476,0.060924,TOTAL,yes
2016,Indiana,9,US House,Scott,18143,Scott,13-Vienna 3,Trey Hollingsworth,Republican,R,235,476,0.493697,TOTAL,yes
2016,Indiana,9,US House,Scott,18143,Scott,14-Vienna 4,Shelli Yoder,Democratic,D,322,651,0.494624,TOTAL,yes
2016,Indiana,9,US House,Scott,18143,Scott,14-Vienna 4,Russell Brooksbank,Libertarian,L,35,651,0.053763,TOTAL,yes
2016,Indiana,9,US House,Scott,18143,Scott,14-Vienna 4,Trey Hollingsworth,Republican,R,294,651,0.451613,TOTAL,yes
2016,Indiana,9,US House,Scott,18143,Scott,15-Vienna 5,Shelli Yoder,Democratic,D,342,755,0.45298,TOTAL,yes
2016,Indiana,9,US House,Scott,18143,Scott,15-Vienna 5,Russell Brooksbank,Libertarian,L,33,755,0.043709,TOTAL,yes
2016,Indiana,9,US House,Scott,18143,Scott,15-Vienna 5,Trey Hollingsworth,Republican,R,380,755,0.503311,TOTAL,yes
2016,Indiana,9,US House,Washington,18175,Washington,BROWN,Shelli Yoder,Democratic,D,161,459,0.350763,TOTAL,yes
2016,Indiana,9,US House,Washington,18175,Washington,BROWN,Russell Brooksbank,Libertarian,L,37,459,0.08061,TOTAL,yes
2016,Indiana,9,US House,Washington,18175,Washington,BROWN,Trey Hollingsworth,Republican,R,261,459,0.568627,TOTAL,yes
2016,Indiana,9,US House,Washington,18175,Washington,FRANKLIN,Shelli Yoder,Democratic,D,224,827,0.270859,TOTAL,yes
2016,Indiana,9,US House,Washington,18175,Washington,FRANKLIN,Russell Brooksbank,Libertarian,L,55,827,0.066505,TOTAL,yes
2016,Indiana,9,US House,Washington,18175,Washington,FRANKLIN,Trey Hollingsworth,Republican,R,548,827,0.662636,TOTAL,yes
2016,Indiana,9,US House,Washington,18175,Washington,GIBSON,Shelli Yoder,Democratic,D,203,460,0.441304,TOTAL,yes
2016,Indiana,9,US House,Washington,18175,Washington,GIBSON,Russell Brooksbank,Libertarian,L,18,460,0.03913,TOTAL,yes
2016,Indiana,9,US House,Washington,18175,Washington,GIBSON,Trey Hollingsworth,Republican,R,239,460,0.519565,TOTAL,yes
2016,Indiana,9,US House,Washington,18175,Washington,HOWARD,Shelli Yoder,Democratic,D,148,463,0.319654,TOTAL,yes
2016,Indiana,9,US House,Washington,18175,Washington,HOWARD,Russell Brooksbank,Libertarian,L,42,463,0.090713,TOTAL,yes
2016,Indiana,9,US House,Washington,18175,Washington,HOWARD,Trey Hollingsworth,Republican,R,273,463,0.589633,TOTAL,yes
2016,Indiana,9,US House,Washington,18175,Washington,JACKSON,Shelli Yoder,Democratic,D,272,873,0.311569,TOTAL,yes
2016,Indiana,9,US House,Washington,18175,Washington,JACKSON,Russell Brooksbank,Libertarian,L,60,873,0.068729,TOTAL,yes
2016,Indiana,9,US House,Washington,18175,Washington,JACKSON,Trey Hollingsworth,Republican,R,541,873,0.619702,TOTAL,yes
2016,Indiana,9,US House,Washington,18175,Washington,JEFFERSON,Shelli Yoder,Democratic,D,89,339,0.262537,TOTAL,yes
2016,Indiana,9,US House,Washington,18175,Washington,JEFFERSON,Russell Brooksbank,Libertarian,L,25,339,0.073746,TOTAL,yes
2016,Indiana,9,US House,Washington,18175,Washington,JEFFERSON,Trey Hollingsworth,Republican,R,225,339,0.663717,TOTAL,yes
2016,Indiana,9,US House,Washington,18175,Washington,MADISON,Shelli Yoder,Democratic,D,86,227,0.378855,TOTAL,yes
2016,Indiana,9,US House,Washington,18175,Washington,MADISON,Russell Brooksbank,Libertarian,L,17,227,0.07489,TOTAL,yes
2016,Indiana,9,US House,Washington,18175,Washington,MADISON,Trey Hollingsworth,Republican,R,124,227,0.546256,TOTAL,yes
2016,Indiana,9,US House,Washington,18175,Washington,MONROE,Shelli Yoder,Democratic,D,74,273,0.271062,TOTAL,yes
2016,Indiana,9,US House,Washington,18175,Washington,MONROE,Russell Brooksbank,Libertarian,L,20,273,0.07326,TOTAL,yes
2016,Indiana,9,US House,Washington,18175,Washington,MONROE,Trey Hollingsworth,Republican,R,179,273,0.655678,TOTAL,yes
2016,Indiana,9,US House,Washington,18175,Washington,PIERCE,Shelli Yoder,Democratic,D,306,1009,0.303271,TOTAL,yes
2016,Indiana,9,US House,Washington,18175,Washington,PIERCE,Russell Brooksbank,Libertarian,L,62,1009,0.061447,TOTAL,yes
2016,Indiana,9,US House,Washington,18175,Washington,PIERCE,Trey Hollingsworth,Republican,R,641,1009,0.635282,TOTAL,yes
2016,Indiana,9,US House,Washington,18175,Washington,POLK,Shelli Yoder,Democratic,D,379,1017,0.372665,TOTAL,yes
2016,Indiana,9,US House,Washington,18175,Washington,POLK,Russell Brooksbank,Libertarian,L,62,1017,0.060964,TOTAL,yes
2016,Indiana,9,US House,Washington,18175,Washington,POLK,Trey Hollingsworth,Republican,R,576,1017,0.566372,TOTAL,yes
2016,Indiana,9,US House,Washington,18175,Washington,POSEY,Shelli Yoder,Democratic,D,267,733,0.364256,TOTAL,yes
2016,Indiana,9,US House,Washington,18175,Washington,POSEY,Russell Brooksbank,Libertarian,L,47,733,0.06412,TOTAL,yes
2016,Indiana,9,US House,Washington,18175,Washington,POSEY,Trey Hollingsworth,Republican,R,419,733,0.571623,TOTAL,yes
2016,Indiana,9,US House,Washington,18175,Washington,SALEM 1,Shelli Yoder,Democratic,D,206,527,0.390892,TOTAL,yes
2016,Indiana,9,US House,Washington,18175,Washington,SALEM 1,Russell Brooksbank,Libertarian,L,34,527,0.064516,TOTAL,yes
2016,Indiana,9,US House,Washington,18175,Washington,SALEM 1,Trey Hollingsworth,Republican,R,287,527,0.544592,TOTAL,yes
2016,Indiana,9,US House,Washington,18175,Washington,SALEM 2,Shelli Yoder,Democratic,D,208,528,0.393939,TOTAL,yes
2016,Indiana,9,US House,Washington,18175,Washington,SALEM 2,Russell Brooksbank,Libertarian,L,25,528,0.047348,TOTAL,yes
2016,Indiana,9,US House,Washington,18175,Washington,SALEM 2,Trey Hollingsworth,Republican,R,295,528,0.558712,TOTAL,yes
2016,Indiana,9,US House,Washington,18175,Washington,SALEM 3,Shelli Yoder,Democratic,D,290,658,0.440729,TOTAL,yes
2016,Indiana,9,US House,Washington,18175,Washington,SALEM 3,Russell Brooksbank,Libertarian,L,35,658,0.053191,TOTAL,yes
2016,Indiana,9,US House,Washington,18175,Washington,SALEM 3,Trey Hollingsworth,Republican,R,333,658,0.506079,TOTAL,yes
2016,Indiana,9,US House,Washington,18175,Washington,SALEM 4,Shelli Yoder,Democratic,D,256,631,0.405705,TOTAL,yes
2016,Indiana,9,US House,Washington,18175,Washington,SALEM 4,Russell Brooksbank,Libertarian,L,32,631,0.050713,TOTAL,yes
2016,Indiana,9,US House,Washington,18175,Washington,SALEM 4,Trey Hollingsworth,Republican,R,343,631,0.543582,TOTAL,yes
2016,Indiana,9,US House,Washington,18175,Washington,VERNON,Shelli Yoder,Democratic,D,121,306,0.395425,TOTAL,yes
2016,Indiana,9,US House,Washington,18175,Washington,VERNON,Russell Brooksbank,Libertarian,L,13,306,0.042484,TOTAL,yes
2016,Indiana,9,US House,Washington,18175,Washington,VERNON,Trey Hollingsworth,Republican,R,172,306,0.562092,TOTAL,yes
2016,Indiana,9,US House,Washington,18175,Washington,WASHINGTON 1,Shelli Yoder,Democratic,D,158,362,0.436464,TOTAL,yes
2016,Indiana,9,US House,Washington,18175,Washington,WASHINGTON 1,Russell Brooksbank,Libertarian,L,10,362,0.027624,TOTAL,yes
2016,Indiana,9,US House,Washington,18175,Washington,WASHINGTON 1,Trey Hollingsworth,Republican,R,194,362,0.535912,TOTAL,yes
2016,Indiana,9,US House,Washington,18175,Washington,WASHINGTON 2,Shelli Yoder,Democratic,D,105,272,0.386029,TOTAL,yes
2016,Indiana,9,US House,Washington,18175,Washington,WASHINGTON 2,Russell Brooksbank,Libertarian,L,10,272,0.036765,TOTAL,yes
2016,Indiana,9,US House,Washington,18175,Washington,WASHINGTON 2,Trey Hollingsworth,Republican,R,157,272,0.577206,TOTAL,yes
2016,Indiana,9,US House,Washington,18175,Washington,WASHINGTON 3,Shelli Yoder,Democratic,D,282,790,0.356962,TOTAL,yes
2016,Indiana,9,US House,Washington,18175,Washington,WASHINGTON 3,Russell Brooksbank,Libertarian,L,37,790,0.046835,TOTAL,yes
2016,Indiana,9,US House,Washington,18175,Washington,WASHINGTON 3,Trey Hollingsworth,Republican,R,471,790,0.596203,TOTAL,yes
2016,Indiana,9,US House,Washington,18175,Washington,WASHINGTON 4,Shelli Yoder,Democratic,D,156,471,0.33121,TOTAL,yes
2016,Indiana,9,US House,Washington,18175,Washington,WASHINGTON 4,Russell Brooksbank,Libertarian,L,16,471,0.03397,TOTAL,yes
2016,Indiana,9,US House,Washington,18175,Washington,WASHINGTON 4,Trey Hollingsworth,Republican,R,299,471,0.63482,TOTAL,yes
2018,Indiana,9,US House,Brown,18013,Brown,Hamblen 1,Liz Watson,Democratic,D,235,601,0.391015,UNSPECIFIED,no
2018,Indiana,9,US House,Brown,18013,Brown,Hamblen 1,Trey Hollingsworth,Republican,R,366,601,0.608985,UNSPECIFIED,no
2018,Indiana,9,US House,Brown,18013,Brown,Hamblen 2,Liz Watson,Democratic,D,215,642,0.334891,UNSPECIFIED,no
2018,Indiana,9,US House,Brown,18013,Brown,Hamblen 2,Trey Hollingsworth,Republican,R,427,642,0.665109,UNSPECIFIED,no
2018,Indiana,9,US House,Brown,18013,Brown,Hamblen 3,Liz Watson,Democratic,D,177,584,0.303082,UNSPECIFIED,no
2018,Indiana,9,US House,Brown,18013,Brown,Hamblen 3,Trey Hollingsworth,Republican,R,407,584,0.696918,UNSPECIFIED,no
2018,Indiana,9,US House,Brown,18013,Brown,Jackson 1,Liz Watson,Democratic,D,197,572,0.344406,UNSPECIFIED,no
2018,Indiana,9,US House,Brown,18013,Brown,Jackson 1,Trey Hollingsworth,Republican,R,375,572,0.655594,UNSPECIFIED,no
2018,Indiana,9,US House,Brown,18013,Brown,Jackson 2,Liz Watson,Democratic,D,206,415,0.496386,UNSPECIFIED,no
2018,Indiana,9,US House,Brown,18013,Brown,Jackson 2,Trey Hollingsworth,Republican,R,209,415,0.503614,UNSPECIFIED,no
2018,Indiana,9,US House,Brown,18013,Brown,Jackson 3,Liz Watson,Democratic,D,193,486,0.397119,UNSPECIFIED,no
2018,Indiana,9,US House,Brown,18013,Brown,Jackson 3,Trey Hollingsworth,Republican,R,293,486,0.602881,UNSPECIFIED,no
2018,Indiana,9,US House,Brown,18013,Brown,Jackson 4,Liz Watson,Democratic,D,238,436,0.545872,UNSPECIFIED,no
2018,Indiana,9,US House,Brown,18013,Brown,Jackson 4,Trey Hollingsworth,Republican,R,198,436,0.454128,UNSPECIFIED,no
2018,Indiana,9,US House,Brown,18013,Brown,Van Buren,Liz Watson,Democratic,D,335,869,0.385501,UNSPECIFIED,no
2018,Indiana,9,US House,Brown,18013,Brown,Van Buren,Trey Hollingsworth,Republican,R,534,869,0.614499,UNSPECIFIED,no
2018,Indiana,9,US House,Brown,18013,Brown,Washington 1,Liz Watson,Democratic,D,268,702,0.381766,UNSPECIFIED,no
2018,Indiana,9,US House,Brown,18013,Brown,Washington 1,Trey Hollingsworth,Republican,R,434,702,0.618234,UNSPECIFIED,no
2018,Indiana,9,US House,Brown,18013,Brown,Washington 2,Liz Watson,Democratic,D,280,604,0.463576,UNSPECIFIED,no
2018,Indiana,9,US House,Brown,18013,Brown,Washington 2,Trey Hollingsworth,Republican,R,324,604,0.536424,UNSPECIFIED,no
2018,Indiana,9,US House,Brown,18013,Brown,Washington 3,Liz Watson,Democratic,D,324,653,0.496172,UNSPECIFIED,no
2018,Indiana,9,US House,Brown,18013,Brown,Washington 3,Trey Hollingsworth,Republican,R,329,653,0.503828,UNSPECIFIED,no
2018,Indiana,9,US House,Brown,18013,Brown,Washington 4,Liz Watson,Democratic,D,334,607,0.550247,UNSPECIFIED,no
2018,Indiana,9,US House,Brown,18013,Brown,Washington 4,Trey Hollingsworth,Republican,R,273,607,0.449753,UNSPECIFIED,no
2018,Indiana,9,US House,Clark,18019,Clark,0001 BETHLEHEM 01,Liz Watson,Democratic,D,42,144,0.291667,UNSPECIFIED,no
2018,Indiana,9,US House,Clark,18019,Clark,0001 BETHLEHEM 01,Trey Hollingsworth,Republican,R,102,144,0.708333,UNSPECIFIED,no
2018,Indiana,9,US House,Clark,18019,Clark,0002 CARR 01,Liz Watson,Democratic,D,671,2152,0.311803,UNSPECIFIED,no
2018,Indiana,9,US House,Clark,18019,Clark,0002 CARR 01,Trey Hollingsworth,Republican,R,1481,2152,0.688197,UNSPECIFIED,no
2018,Indiana,9,US House,Clark,18019,Clark,0003 CHARLESTOWN 01,Liz Watson,Democratic,D,249,640,0.389062,UNSPECIFIED,no
2018,Indiana,9,US House,Clark,18019,Clark,0003 CHARLESTOWN 01,Trey Hollingsworth,Republican,R,391,640,0.610938,UNSPECIFIED,no
2018,Indiana,9,US House,Clark,18019,Clark,0004 CHARLESTOWN 02,Liz Watson,Democratic,D,130,326,0.398773,UNSPECIFIED,no
2018,Indiana,9,US House,Clark,18019,Clark,0004 CHARLESTOWN 02,Trey Hollingsworth,Republican,R,196,326,0.601227,UNSPECIFIED,no
2018,Indiana,9,US House,Clark,18019,Clark,0005 CHARLESTOWN 03,Liz Watson,Democratic,D,62,104,0.596154,UNSPECIFIED,no
2018,Indiana,9,US House,Clark,18019,Clark,0005 CHARLESTOWN 03,Trey Hollingsworth,Republican,R,42,104,0.403846,UNSPECIFIED,no
2018,Indiana,9,US House,Clark,18019,Clark,0006 CHARLESTOWN 04,Liz Watson,Democratic,D,120,227,0.528634,UNSPECIFIED,no
2018,Indiana,9,US House,Clark,18019,Clark,0006 CHARLESTOWN 04,Trey Hollingsworth,Republican,R,107,227,0.471366,UNSPECIFIED,no
2018,Indiana,9,US House,Clark,18019,Clark,0007 CHARLESTOWN 05,Liz Watson,Democratic,D,131,364,0.35989,UNSPECIFIED,no
2018,Indiana,9,US House,Clark,18019,Clark,0007 CHARLESTOWN 05,Trey Hollingsworth,Republican,R,233,364,0.64011,UNSPECIFIED,no
2018,Indiana,9,US House,Clark,18019,Clark,0008 CHARLESTOWN 06,Liz Watson,Democratic,D,506,1528,0.331152,UNSPECIFIED,no
2018,Indiana,9,US House,Clark,18019,Clark,0008 CHARLESTOWN 06,Trey Hollingsworth,Republican,R,1022,1528,0.668848,UNSPECIFIED,no
2018,Indiana,9,US House,Clark,18019,Clark,0009 CHARLESTOWN 07,Liz Watson,Democratic,D,535,1620,0.330247,UNSPECIFIED,no
2018,Indiana,9,US House,Clark,18019,Clark,0009 CHARLESTOWN 07,Trey Hollingsworth,Republican,R,1085,1620,0.669753,UNSPECIFIED,no
2018,Indiana,9,US House,Clark,18019,Clark,0010 CHARLESTOWN 08,Liz Watson,Democratic,D,185,542,0.341328,UNSPECIFIED,no
2018,Indiana,9,US House,Clark,18019,Clark,0010 CHARLESTOWN 08,Trey Hollingsworth,Republican,R,357,542,0.658672,UNSPECIFIED,no
2018,Indiana,9,US House,Clark,18019,Clark,0011 JEFFERSONVILLE 01,Liz Watson,Democratic,D,154,283,0.54417,UNSPECIFIED,no
2018,Indiana,9,US House,Clark,18019,Clark,0011 JEFFERSONVILLE 01,Trey Hollingsworth,Republican,R,129,283,0.45583,UNSPECIFIED,no
2018,Indiana,9,US House,Clark,18019,Clark,0012 JEFFERSONVILLE 02,Liz Watson,Democratic,D,195,290,0.672414,UNSPECIFIED,no
2018,Indiana,9,US House,Clark,18019,Clark,0012 JEFFERSONVILLE 02,Trey Hollingsworth,Republican,R,95,290,0.327586,UNSPECIFIED,no
2018,Indiana,9,US House,Clark,18019,Clark,0013 JEFFERSONVILLE 03,Liz Watson,Democratic,D,375,456,0.822368,UNSPECIFIED,no
2018,Indiana,9,US House,Clark,18019,Clark,0013 JEFFERSONVILLE 03,Trey Hollingsworth,Republican,R,81,456,0.177632,UNSPECIFIED,no
2018,Indiana,9,US House,Clark,18019,Clark,0014 JEFFERSONVILLE 04,Liz Watson,Democratic,D,323,474,0.681435,UNSPECIFIED,no
2018,Indiana,9,US House,Clark,18019,Clark,0014 JEFFERSONVILLE 04,Trey Hollingsworth,Republican,R,151,474,0.318565,UNSPECIFIED,no
2018,Indiana,9,US House,Clark,18019,Clark,0015 JEFFERSONVILLE 05,Liz Watson,Democratic,D,245,383,0.639687,UNSPECIFIED,no
2018,Indiana,9,US House,Clark,18019,Clark,0015 JEFFERSONVILLE 05,Trey Hollingsworth,Republican,R,138,383,0.360313,UNSPECIFIED,no
2018,Indiana,9,US House,Clark,18019,Clark,0016 JEFFERSONVILLE 06,Liz Watson,Democratic,D,222,362,0.61326,UNSPECIFIED,no
2018,Indiana,9,US House,Clark,18019,Clark,0016 JEFFERSONVILLE 06,Trey Hollingsworth,Republican,R,140,362,0.38674,UNSPECIFIED,no
2018,Indiana,9,US House,Clark,18019,Clark,0017 JEFFERSONVILLE 07,Liz Watson,Democratic,D,315,565,0.557522,UNSPECIFIED,no
2018,Indiana,9,US House,Clark,18019,Clark,0017 JEFFERSONVILLE 07,Trey Hollingsworth,Republican,R,250,565,0.442478,UNSPECIFIED,no
2018,Indiana,9,US House,Clark,18019,Clark,0018 JEFFERSONVILLE 08,Liz Watson,Democratic,D,215,392,0.548469,UNSPECIFIED,no
2018,Indiana,9,US House,Clark,18019,Clark,0018 JEFFERSONVILLE 08,Trey Hollingsworth,Republican,R,177,392,0.451531,UNSPECIFIED,no
2018,Indiana,9,US House,Clark,18019,Clark,0019 JEFFERSONVILLE 09,Liz Watson,Democratic,D,325,551,0.589837,UNSPECIFIED,no
2018,Indiana,9,US House,Clark,18019,Clark,0019 JEFFERSONVILLE 09,Trey Hollingsworth,Republican,R,226,551,0.410163,UNSPECIFIED,no
2018,Indiana,9,US House,Clark,18019,Clark,0020 JEFFERSONVILLE 10,Liz Watson,Democratic,D,248,406,0.610837,UNSPECIFIED,no
2018,Indiana,9,US House,Clark,18019,Clark,0020 JEFFERSONVILLE 10,Trey Hollingsworth,Republican,R,158,406,0.389163,UNSPECIFIED,no
2018,Indiana,9,US House,Clark,18019,Clark,0021 JEFFERSONVILLE 11,Liz Watson,Democratic,D,287,506,0.567194,UNSPECIFIED,no
2018,Indiana,9,US House,Clark,18019,Clark,0021 JEFFERSONVILLE 11,Trey Hollingsworth,Republican,R,219,506,0.432806,UNSPECIFIED,no
2018,Indiana,9,US House,Clark,18019,Clark,0022 JEFFERSONVILLE 11A,Liz Watson,Democratic,D,114,236,0.483051,UNSPECIFIED,no
2018,Indiana,9,US House,Clark,18019,Clark,0022 JEFFERSONVILLE 11A,Trey Hollingsworth,Republican,R,122,236,0.516949,UNSPECIFIED,no
2018,Indiana,9,US House,Clark,18019,Clark,0023 JEFFERSONVILLE 12,Liz Watson,Democratic,D,251,471,0.532909,UNSPECIFIED,no
2018,Indiana,9,US House,Clark,18019,Clark,0023 JEFFERSONVILLE 12,Trey Hollingsworth,Republican,R,220,471,0.467091,UNSPECIFIED,no
2018,Indiana,9,US House,Clark,18019,Clark,0024 JEFFERSONVILLE 13,Liz Watson,Democratic,D,369,627,0.588517,UNSPECIFIED,no
2018,Indiana,9,US House,Clark,18019,Clark,0024 JEFFERSONVILLE 13,Trey Hollingsworth,Republican,R,258,627,0.411483,UNSPECIFIED,no
2018,Indiana,9,US House,Clark,18019,Clark,0025 JEFFERSONVILLE 14,Liz Watson,Democratic,D,180,365,0.493151,UNSPECIFIED,no
2018,Indiana,9,US House,Clark,18019,Clark,0025 JEFFERSONVILLE 14,Trey Hollingsworth,Republican,R,185,365,0.506849,UNSPECIFIED,no
2018,Indiana,9,US House,Clark,18019,Clark,0026 JEFFERSONVILLE 15,Liz Watson,Democratic,D,275,577,0.476603,UNSPECIFIED,no
2018,Indiana,9,US House,Clark,18019,Clark,0026 JEFFERSONVILLE 15,Trey Hollingsworth,Republican,R,302,577,0.523397,UNSPECIFIED,no
2018,Indiana,9,US House,Clark,18019,Clark,0027 JEFFERSONVILLE 16,Liz Watson,Democratic,D,414,918,0.45098,UNSPECIFIED,no
2018,Indiana,9,US House,Clark,18019,Clark,0027 JEFFERSONVILLE 16,Trey Hollingsworth,Republican,R,504,918,0.54902,UNSPECIFIED,no
2018,Indiana,9,US House,Clark,18019,Clark,0028 JEFFERSONVILLE 17,Liz Watson,Democratic,D,455,875,0.52,UNSPECIFIED,no
2018,Indiana,9,US House,Clark,18019,Clark,0028 JEFFERSONVILLE 17,Trey Hollingsworth,Republican,R,420,875,0.48,UNSPECIFIED,no
2018,Indiana,9,US House,Clark,18019,Clark,0029 JEFFERSONVILLE 18,Liz Watson,Democratic,D,840,1566,0.536398,UNSPECIFIED,no
2018,Indiana,9,US House,Clark,18019,Clark,0029 JEFFERSONVILLE 18,Trey Hollingsworth,Republican,R,726,1566,0.463602,UNSPECIFIED,no
2018,Indiana,9,US House,Clark,18019,Clark,0030 JEFFERSONVILLE 20,Liz Watson,Democratic,D,268,548,0.489051,UNSPECIFIED,no
2018,Indiana,9,US House,Clark,18019,Clark,0030 JEFFERSONVILLE 20,Trey Hollingsworth,Republican,R,280,548,0.510949,UNSPECIFIED,no
2018,Indiana,9,US House,Clark,18019,Clark,0031 JEFFERSONVILLE 21,Liz Watson,Democratic,D,221,393,0.562341,UNSPECIFIED,no
2018,Indiana,9,US House,Clark,18019,Clark,0031 JEFFERSONVILLE 21,Trey Hollingsworth,Republican,R,172,393,0.437659,UNSPECIFIED,no
2018,Indiana,9,US House,Clark,18019,Clark,0032 JEFFERSONVILLE 22,Liz Watson,Democratic,D,359,625,0.5744,UNSPECIFIED,no
2018,Indiana,9,US House,Clark,18019,Clark,0032 JEFFERSONVILLE 22,Trey Hollingsworth,Republican,R,266,625,0.4256,UNSPECIFIED,no
2018,Indiana,9,US House,Clark,18019,Clark,0033 JEFFERSONVILLE 23,Liz Watson,Democratic,D,366,655,0.558779,UNSPECIFIED,no
2018,Indiana,9,US House,Clark,18019,Clark,0033 JEFFERSONVILLE 23,Trey Hollingsworth,Republican,R,289,655,0.441221,UNSPECIFIED,no
2018,Indiana,9,US House,Clark,18019,Clark,0034 JEFFERSONVILLE 24,Liz Watson,Democratic,D,662,1175,0.563404,UNSPECIFIED,no
2018,Indiana,9,US House,Clark,18019,Clark,0034 JEFFERSONVILLE 24,Trey Hollingsworth,Republican,R,513,1175,0.436596,UNSPECIFIED,no
2018,Indiana,9,US House,Clark,18019,Clark,0035 JEFFERSONVILLE 25,Liz Watson,Democratic,D,361,859,0.420256,UNSPECIFIED,no
2018,Indiana,9,US House,Clark,18019,Clark,0035 JEFFERSONVILLE 25,Trey Hollingsworth,Republican,R,498,859,0.579744,UNSPECIFIED,no
2018,Indiana,9,US House,Clark,18019,Clark,0036 JEFFERSONVILLE 27,Liz Watson,Democratic,D,83,171,0.48538,UNSPECIFIED,no
2018,Indiana,9,US House,Clark,18019,Clark,0036 JEFFERSONVILLE 27,Trey Hollingsworth,Republican,R,88,171,0.51462,UNSPECIFIED,no
2018,Indiana,9,US House,Clark,18019,Clark,0037 JEFFERSONVILLE 30,Liz Watson,Democratic,D,165,306,0.539216,UNSPECIFIED,no
2018,Indiana,9,US House,Clark,18019,Clark,0037 JEFFERSONVILLE 30,Trey Hollingsworth,Republican,R,141,306,0.460784,UNSPECIFIED,no
2018,Indiana,9,US House,Clark,18019,Clark,0038 JEFFERSONVILLE 31,Liz Watson,Democratic,D,166,321,0.517134,UNSPECIFIED,no
2018,Indiana,9,US House,Clark,18019,Clark,0038 JEFFERSONVILLE 31,Trey Hollingsworth,Republican,R,155,321,0.482866,UNSPECIFIED,no
2018,Indiana,9,US House,Clark,18019,Clark,0039 JEFFERSONVILLE 32,Liz Watson,Democratic,D,134,251,0.533865,UNSPECIFIED,no
2018,Indiana,9,US House,Clark,18019,Clark,0039 JEFFERSONVILLE 32,Trey Hollingsworth,Republican,R,117,251,0.466135,UNSPECIFIED,no
2018,Indiana,9,US House,Clark,18019,Clark,0040 JEFFERSONVILLE 33,Liz Watson,Democratic,D,203,391,0.519182,UNSPECIFIED,no
2018,Indiana,9,US House,Clark,18019,Clark,0040 JEFFERSONVILLE 33,Trey Hollingsworth,Republican,R,188,391,0.480818,UNSPECIFIED,no
2018,Indiana,9,US House,Clark,18019,Clark,0041 JEFFERSONVILLE 34,Liz Watson,Democratic,D,161,291,0.553265,UNSPECIFIED,no
2018,Indiana,9,US House,Clark,18019,Clark,0041 JEFFERSONVILLE 34,Trey Hollingsworth,Republican,R,130,291,0.446735,UNSPECIFIED,no
2018,Indiana,9,US House,Clark,18019,Clark,0042 JEFFERSONVILLE 35,Liz Watson,Democratic,D,227,376,0.603723,UNSPECIFIED,no
2018,Indiana,9,US House,Clark,18019,Clark,0042 JEFFERSONVILLE 35,Trey Hollingsworth,Republican,R,149,376,0.396277,UNSPECIFIED,no
2018,Indiana,9,US House,Clark,18019,Clark,0043 JEFFERSONVILLE 36,Liz Watson,Democratic,D,198,437,0.453089,UNSPECIFIED,no
2018,Indiana,9,US House,Clark,18019,Clark,0043 JEFFERSONVILLE 36,Trey Hollingsworth,Republican,R,239,437,0.546911,UNSPECIFIED,no
2018,Indiana,9,US House,Clark,18019,Clark,0044 JEFFERSONVILLE 37,Liz Watson,Democratic,D,319,678,0.470501,UNSPECIFIED,no
2018,Indiana,9,US House,Clark,18019,Clark,0044 JEFFERSONVILLE 37,Trey Hollingsworth,Republican,R,359,678,0.529499,UNSPECIFIED,no
2018,Indiana,9,US House,Clark,18019,Clark,0045 JEFFERSONVILLE 38,Liz Watson,Democratic,D,314,650,0.483077,UNSPECIFIED,no
2018,Indiana,9,US House,Clark,18019,Clark,0045 JEFFERSONVILLE 38,Trey Hollingsworth,Republican,R,336,650,0.516923,UNSPECIFIED,no
2018,Indiana,9,US House,Clark,18019,Clark,0046 JEFFERSONVILLE 39,Liz Watson,Democratic,D,240,414,0.57971,UNSPECIFIED,no
2018,Indiana,9,US House,Clark,18019,Clark,0046 JEFFERSONVILLE 39,Trey Hollingsworth,Republican,R,174,414,0.42029,UNSPECIFIED,no
2018,Indiana,9,US House,Clark,18019,Clark,0047 JEFFERSONVILLE 40,Liz Watson,Democratic,D,335,666,0.503003,UNSPECIFIED,no
2018,Indiana,9,US House,Clark,18019,Clark,0047 JEFFERSONVILLE 40,Trey Hollingsworth,Republican,R,331,666,0.496997,UNSPECIFIED,no
2018,Indiana,9,US House,Clark,18019,Clark,0048 JEFFERSONVILLE 41,Liz Watson,Democratic,D,185,360,0.513889,UNSPECIFIED,no
2018,Indiana,9,US House,Clark,18019,Clark,0048 JEFFERSONVILLE 41,Trey Hollingsworth,Republican,R,175,360,0.486111,UNSPECIFIED,no
2018,Indiana,9,US House,Clark,18019,Clark,0049 JEFFERSONVILLE 42,Liz Watson,Democratic,D,204,451,0.452328,UNSPECIFIED,no
2018,Indiana,9,US House,Clark,18019,Clark,0049 JEFFERSONVILLE 42,Trey Hollingsworth,Republican,R,247,451,0.547672,UNSPECIFIED,no
2018,Indiana,9,US House,Clark,18019,Clark,0050 MONROE 01,Liz Watson,Democratic,D,219,676,0.323964,UNSPECIFIED,no
2018,Indiana,9,US House,Clark,18019,Clark,0050 MONROE 01,Trey Hollingsworth,Republican,R,457,676,0.676036,UNSPECIFIED,no
2018,Indiana,9,US House,Clark,18019,Clark,0051 MONROE 02,Liz Watson,Democratic,D,248,905,0.274033,UNSPECIFIED,no
2018,Indiana,9,US House,Clark,18019,Clark,0051 MONROE 02,Trey Hollingsworth,Republican,R,657,905,0.725967,UNSPECIFIED,no
2018,Indiana,9,US House,Clark,18019,Clark,0052 MONROE 03,Liz Watson,Democratic,D,168,567,0.296296,UNSPECIFIED,no
2018,Indiana,9,US House,Clark,18019,Clark,0052 MONROE 03,Trey Hollingsworth,Republican,R,399,567,0.703704,UNSPECIFIED,no
2018,Indiana,9,US House,Clark,18019,Clark,0053 OREGON 01,Liz Watson,Democratic,D,210,670,0.313433,UNSPECIFIED,no
2018,Indiana,9,US House,Clark,18019,Clark,0053 OREGON 01,Trey Hollingsworth,Republican,R,460,670,0.686567,UNSPECIFIED,no
2018,Indiana,9,US House,Clark,18019,Clark,0054 OWEN 01,Liz Watson,Democratic,D,96,337,0.284866,UNSPECIFIED,no
2018,Indiana,9,US House,Clark,18019,Clark,0054 OWEN 01,Trey Hollingsworth,Republican,R,241,337,0.715134,UNSPECIFIED,no
2018,Indiana,9,US House,Clark,18019,Clark,0055 SILVER CREEK/CVILLE 43,Liz Watson,Democratic,D,514,1364,0.376833,UNSPECIFIED,no
2018,Indiana,9,US House,Clark,18019,Clark,0055 SILVER CREEK/CVILLE 43,Trey Hollingsworth,Republican,R,850,1364,0.623167,UNSPECIFIED,no
2018,Indiana,9,US House,Clark,18019,Clark,0056 SILVER CREEK 01,Liz Watson,Democratic,D,197,467,0.421842,UNSPECIFIED,no
2018,Indiana,9,US House,Clark,18019,Clark,0056 SILVER CREEK 01,Trey Hollingsworth,Republican,R,270,467,0.578158,UNSPECIFIED,no
2018,Indiana,9,US House,Clark,18019,Clark,0057 SILVER CREEK 02,Liz Watson,Democratic,D,155,370,0.418919,UNSPECIFIED,no
2018,Indiana,9,US House,Clark,18019,Clark,0057 SILVER CREEK 02,Trey Hollingsworth,Republican,R,215,370,0.581081,UNSPECIFIED,no
2018,Indiana,9,US House,Clark,18019,Clark,0058 SILVER CREEK 03,Liz Watson,Democratic,D,147,436,0.337156,UNSPECIFIED,no
2018,Indiana,9,US House,Clark,18019,Clark,0058 SILVER CREEK 03,Trey Hollingsworth,Republican,R,289,436,0.662844,UNSPECIFIED,no
2018,Indiana,9,US House,Clark,18019,Clark,0059 SILVER CREEK 04,Liz Watson,Democratic,D,277,699,0.39628,UNSPECIFIED,no
2018,Indiana,9,US House,Clark,18019,Clark,0059 SILVER CREEK 04,Trey Hollingsworth,Republican,R,422,699,0.60372,UNSPECIFIED,no
2018,Indiana,9,US House,Clark,18019,Clark,0060 SILVER CREEK 05,Liz Watson,Democratic,D,139,334,0.416168,UNSPECIFIED,no
2018,Indiana,9,US House,Clark,18019,Clark,0060 SILVER CREEK 05,Trey Hollingsworth,Republican,R,195,334,0.583832,UNSPECIFIED,no
2018,Indiana,9,US House,Clark,18019,Clark,0061 SILVER CREEK 06,Liz Watson,Democratic,D,493,1305,0.377778,UNSPECIFIED,no
2018,Indiana,9,US House,Clark,18019,Clark,0061 SILVER CREEK 06,Trey Hollingsworth,Republican,R,812,1305,0.622222,UNSPECIFIED,no
2018,Indiana,9,US House,Clark,18019,Clark,0062 SILVER CREEK 07,Liz Watson,Democratic,D,88,208,0.423077,UNSPECIFIED,no
2018,Indiana,9,US House,Clark,18019,Clark,0062 SILVER CREEK 07,Trey Hollingsworth,Republican,R,120,208,0.576923,UNSPECIFIED,no
2018,Indiana,9,US House,Clark,18019,Clark,0063 UTICA/ JEFF CITY 19,Liz Watson,Democratic,D,9,14,0.642857,UNSPECIFIED,no
2018,Indiana,9,US House,Clark,18019,Clark,0063 UTICA/ JEFF CITY 19,Trey Hollingsworth,Republican,R,5,14,0.357143,UNSPECIFIED,no
2018,Indiana,9,US House,Clark,18019,Clark,0064 UNION 01,Liz Watson,Democratic,D,514,1502,0.34221,UNSPECIFIED,no
2018,Indiana,9,US House,Clark,18019,Clark,0064 UNION 01,Trey Hollingsworth,Republican,R,988,1502,0.65779,UNSPECIFIED,no
2018,Indiana,9,US House,Clark,18019,Clark,0065 UTICA 01,Liz Watson,Democratic,D,137,321,0.426791,UNSPECIFIED,no
2018,Indiana,9,US House,Clark,18019,Clark,0065 UTICA 01,Trey Hollingsworth,Republican,R,184,321,0.573209,UNSPECIFIED,no
2018,Indiana,9,US House,Clark,18019,Clark,0066 UTICA 02,Liz Watson,Democratic,D,444,944,0.470339,UNSPECIFIED,no
2018,Indiana,9,US House,Clark,18019,Clark,0066 UTICA 02,Trey Hollingsworth,Republican,R,500,944,0.529661,UNSPECIFIED,no
2018,Indiana,9,US House,Clark,18019,Clark,0067 UTICA 03,Liz Watson,Democratic,D,527,1184,0.445101,UNSPECIFIED,no
2018,Indiana,9,US House,Clark,18019,Clark,0067 UTICA 03,Trey Hollingsworth,Republican,R,657,1184,0.554899,UNSPECIFIED,no
2018,Indiana,9,US House,Clark,18019,Clark,0068 UTICA 04,Liz Watson,Democratic,D,447,844,0.529621,UNSPECIFIED,no
2018,Indiana,9,US House,Clark,18019,Clark,0068 UTICA 04,Trey Hollingsworth,Republican,R,397,844,0.470379,UNSPECIFIED,no
2018,Indiana,9,US House,Clark,18019,Clark,0069 WASHINGTON 01,Liz Watson,Democratic,D,202,692,0.291908,UNSPECIFIED,no
2018,Indiana,9,US House,Clark,18019,Clark,0069 WASHINGTON 01,Trey Hollingsworth,Republican,R,490,692,0.708092,UNSPECIFIED,no
2018,Indiana,9,US House,Clark,18019,Clark,0070 WOOD 01,Liz Watson,Democratic,D,101,284,0.355634,UNSPECIFIED,no
2018,Indiana,9,US House,Clark,18019,Clark,0070 WOOD 01,Trey Hollingsworth,Republican,R,183,284,0.644366,UNSPECIFIED,no
2018,Indiana,9,US House,Clark,18019,Clark,0071 WOOD 02,Liz Watson,Democratic,D,198,585,0.338462,UNSPECIFIED,no
2018,Indiana,9,US House,Clark,18019,Clark,0071 WOOD 02,Trey Hollingsworth,Republican,R,387,585,0.661538,UNSPECIFIED,no
2018,Indiana,9,US House,Clark,18019,Clark,0072 WOOD 03,Liz Watson,Democratic,D,74,254,0.291339,UNSPECIFIED,no
2018,Indiana,9,US House,Clark,18019,Clark,0072 WOOD 03,Trey Hollingsworth,Republican,R,180,254,0.708661,UNSPECIFIED,no
2018,Indiana,9,US House,Crawford,18025,Crawford,0001 JENNINGS 1,Liz Watson,Democratic,D,117,285,0.410526,UNSPECIFIED,no
2018,Indiana,9,US House,Crawford,18025,Crawford,0001 JENNINGS 1,Trey Hollingsworth,Republican,R,168,285,0.589474,UNSPECIFIED,no
2018,Indiana,9,US House,Crawford,18025,Crawford,0002 JENNINGS 2,Liz Watson,Democratic,D,104,294,0.353741,UNSPECIFIED,no
2018,Indiana,9,US House,Crawford,18025,Crawford,0002 JENNINGS 2,Trey Hollingsworth,Republican,R,190,294,0.646259,UNSPECIFIED,no
2018,Indiana,9,US House,Crawford,18025,Crawford,0003 WHISKEY RUN 1,Liz Watson,Democratic,D,114,308,0.37013,UNSPECIFIED,no
2018,Indiana,9,US House,Crawford,18025,Crawford,0003 WHISKEY RUN 1,Trey Hollingsworth,Republican,R,194,308,0.62987,UNSPECIFIED,no
2018,Indiana,9,US House,Crawford,18025,Crawford,0004 WHISKEY RUN 2,Liz Watson,Democratic,D,160,432,0.37037,UNSPECIFIED,no
2018,Indiana,9,US House,Crawford,18025,Crawford,0004 WHISKEY RUN 2,Trey Hollingsworth,Republican,R,272,432,0.62963,UNSPECIFIED,no
2018,Indiana,9,US House,Crawford,18025,Crawford,0005 LIBERTY 1,Liz Watson,Democratic,D,159,349,0.455587,UNSPECIFIED,no
2018,Indiana,9,US House,Crawford,18025,Crawford,0005 LIBERTY 1,Trey Hollingsworth,Republican,R,190,349,0.544413,UNSPECIFIED,no
2018,Indiana,9,US House,Crawford,18025,Crawford,0006 LIBERTY 2,Liz Watson,Democratic,D,161,358,0.449721,UNSPECIFIED,no
2018,Indiana,9,US House,Crawford,18025,Crawford,0006 LIBERTY 2,Trey Hollingsworth,Republican,R,197,358,0.550279,UNSPECIFIED,no
2018,Indiana,9,US House,Crawford,18025,Crawford,0007 STERLING 1,Liz Watson,Democratic,D,60,118,0.508475,UNSPECIFIED,no
2018,Indiana,9,US House,Crawford,18025,Crawford,0007 STERLING 1,Trey Hollingsworth,Republican,R,58,118,0.491525,UNSPECIFIED,no
2018,Indiana,9,US House,Crawford,18025,Crawford,0008 STERLING 2,Liz Watson,Democratic,D,105,239,0.439331,UNSPECIFIED,no
2018,Indiana,9,US House,Crawford,18025,Crawford,0008 STERLING 2,Trey Hollingsworth,Republican,R,134,239,0.560669,UNSPECIFIED,no
2018,Indiana,9,US House,Crawford,18025,Crawford,0009 STERLING 3,Liz Watson,Democratic,D,95,244,0.389344,UNSPECIFIED,no
2018,Indiana,9,US House,Crawford,18025,Crawford,0009 STERLING 3,Trey Hollingsworth,Republican,R,149,244,0.610656,UNSPECIFIED,no
2018,Indiana,9,US House,Crawford,18025,Crawford,0010 PATNA 1,Liz Watson,Democratic,D,177,408,0.433824,UNSPECIFIED,no
2018,Indiana,9,US House,Crawford,18025,Crawford,0010 PATNA 1,Trey Hollingsworth,Republican,R,231,408,0.566176,UNSPECIFIED,no
2018,Indiana,9,US House,Crawford,18025,Crawford,0013 JOHNSON 2,Liz Watson,Democratic,D,0,1,0.0,UNSPECIFIED,no
2018,Indiana,9,US House,Crawford,18025,Crawford,0013 JOHNSON 2,Trey Hollingsworth,Republican,R,1,1,1.0,UNSPECIFIED,no
2018,Indiana,9,US House,Crawford,18025,Crawford,0014 UNION 1,Liz Watson,Democratic,D,72,170,0.423529,UNSPECIFIED,no
2018,Indiana,9,US House,Crawford,18025,Crawford,0014 UNION 1,Trey Hollingsworth,Republican,R,98,170,0.576471,UNSPECIFIED,no
2018,Indiana,9,US House,Crawford,18025,Crawford,0016 OHIO 1,Liz Watson,Democratic,D,71,161,0.440994,UNSPECIFIED,no
2018,Indiana,9,US House,Crawford,18025,Crawford,0016 OHIO 1,Trey Hollingsworth,Republican,R,90,161,0.559006,UNSPECIFIED,no
2018,Indiana,9,US House,Floyd,18043,Floyd,FRANKLIN 1,Liz Watson,Democratic,D,210,571,0.367776,ABSENTEE; EARLY; ELECTION DAY; PROVISIONAL,no
2018,Indiana,9,US House,Floyd,18043,Floyd,FRANKLIN 1,Trey Hollingsworth,Republican,R,361,571,0.632224,ABSENTEE; EARLY; ELECTION DAY; PROVISIONAL,no
2018,Indiana,9,US House,Floyd,18043,Floyd,GEORGETOWN 1,Liz Watson,Democratic,D,278,724,0.383978,ABSENTEE; EARLY; ELECTION DAY; PROVISIONAL,no
2018,Indiana,9,US House,Floyd,18043,Floyd,GEORGETOWN 1,Trey Hollingsworth,Republican,R,446,724,0.616022,ABSENTEE; EARLY; ELECTION DAY; PROVISIONAL,no
2018,Indiana,9,US House,Floyd,18043,Floyd,GEORGETOWN 2,Liz Watson,Democratic,D,316,825,0.38303,ABSENTEE; EARLY; ELECTION DAY; PROVISIONAL,no
2018,Indiana,9,US House,Floyd,18043,Floyd,GEORGETOWN 2,Trey Hollingsworth,Republican,R,509,825,0.61697,ABSENTEE; EARLY; ELECTION DAY; PROVISIONAL,no
2018,Indiana,9,US House,Floyd,18043,Floyd,GEORGETOWN 3,Liz Watson,Democratic,D,235,693,0.339105,ABSENTEE; EARLY; ELECTION DAY; PROVISIONAL,no
2018,Indiana,9,US House,Floyd,18043,Floyd,GEORGETOWN 3,Trey Hollingsworth,Republican,R,458,693,0.660895,ABSENTEE; EARLY; ELECTION DAY; PROVISIONAL,no
2018,Indiana,9,US House,Floyd,18043,Floyd,GEORGETOWN 4,Liz Watson,Democratic,D,278,910,0.305495,ABSENTEE; EARLY; ELECTION DAY; PROVISIONAL,no
2018,Indiana,9,US House,Floyd,18043,Floyd,GEORGETOWN 4,Trey Hollingsworth,Republican,R,632,910,0.694505,ABSENTEE; EARLY; ELECTION DAY; PROVISIONAL,no
2018,Indiana,9,US House,Floyd,18043,Floyd,GEORGETOWN 5,Liz Watson,Democratic,D,366,850,0.430588,ABSENTEE; EARLY; ELECTION DAY; PROVISIONAL,no
2018,Indiana,9,US House,Floyd,18043,Floyd,GEORGETOWN 5,Trey Hollingsworth,Republican,R,484,850,0.569412,ABSENTEE; EARLY; ELECTION DAY; PROVISIONAL,no
2018,Indiana,9,US House,Floyd,18043,Floyd,GEORGETOWN 6,Liz Watson,Democratic,D,252,591,0.426396,ABSENTEE; EARLY; ELECTION DAY; PROVISIONAL,no
2018,Indiana,9,US House,Floyd,18043,Floyd,GEORGETOWN 6,Trey Hollingsworth,Republican,R,339,591,0.573604,ABSENTEE; EARLY; ELECTION DAY; PROVISIONAL,no
2018,Indiana,9,US House,Floyd,18043,Floyd,GEORGETOWN 7,Liz Watson,Democratic,D,119,375,0.317333,ABSENTEE; EARLY; ELECTION DAY; PROVISIONAL,no
2018,Indiana,9,US House,Floyd,18043,Floyd,GEORGETOWN 7,Trey Hollingsworth,Republican,R,256,375,0.682667,ABSENTEE; EARLY; ELECTION DAY; PROVISIONAL,no
2018,Indiana,9,US House,Floyd,18043,Floyd,GREENVILLE 1,Liz Watson,Democratic,D,246,745,0.330201,ABSENTEE; EARLY; ELECTION DAY; PROVISIONAL,no
2018,Indiana,9,US House,Floyd,18043,Floyd,GREENVILLE 1,Trey Hollingsworth,Republican,R,499,745,0.669799,ABSENTEE; EARLY; ELECTION DAY; PROVISIONAL,no
2018,Indiana,9,US House,Floyd,18043,Floyd,GREENVILLE 2,Liz Watson,Democratic,D,238,607,0.392092,ABSENTEE; EARLY; ELECTION DAY; PROVISIONAL,no
2018,Indiana,9,US House,Floyd,18043,Floyd,GREENVILLE 2,Trey Hollingsworth,Republican,R,369,607,0.607908,ABSENTEE; EARLY; ELECTION DAY; PROVISIONAL,no
2018,Indiana,9,US House,Floyd,18043,Floyd,GREENVILLE 3,Liz Watson,Democratic,D,168,498,0.337349,ABSENTEE; EARLY; ELECTION DAY; PROVISIONAL,no
2018,Indiana,9,US House,Floyd,18043,Floyd,GREENVILLE 3,Trey Hollingsworth,Republican,R,330,498,0.662651,ABSENTEE; EARLY; ELECTION DAY; PROVISIONAL,no
2018,Indiana,9,US House,Floyd,18043,Floyd,GREENVILLE 4,Liz Watson,Democratic,D,265,684,0.387427,ABSENTEE; EARLY; ELECTION DAY; PROVISIONAL,no
2018,Indiana,9,US House,Floyd,18043,Floyd,GREENVILLE 4,Trey Hollingsworth,Republican,R,419,684,0.612573,ABSENTEE; EARLY; ELECTION DAY; PROVISIONAL,no
2018,Indiana,9,US House,Floyd,18043,Floyd,GREENVILLE 5,Liz Watson,Democratic,D,237,638,0.371473,ABSENTEE; EARLY; ELECTION DAY; PROVISIONAL,no
2018,Indiana,9,US House,Floyd,18043,Floyd,GREENVILLE 5,Trey Hollingsworth,Republican,R,401,638,0.628527,ABSENTEE; EARLY; ELECTION DAY; PROVISIONAL,no
2018,Indiana,9,US House,Floyd,18043,Floyd,GREENVILLE 6,Liz Watson,Democratic,D,96,288,0.333333,ABSENTEE; EARLY; ELECTION DAY; PROVISIONAL,no
2018,Indiana,9,US House,Floyd,18043,Floyd,GREENVILLE 6,Trey Hollingsworth,Republican,R,192,288,0.666667,ABSENTEE; EARLY; ELECTION DAY; PROVISIONAL,no
2018,Indiana,9,US House,Floyd,18043,Floyd,LAFAYETTE 1,Liz Watson,Democratic,D,319,835,0.382036,ABSENTEE; EARLY; ELECTION DAY; PROVISIONAL,no
2018,Indiana,9,US House,Floyd,18043,Floyd,LAFAYETTE 1,Trey Hollingsworth,Republican,R,516,835,0.617964,ABSENTEE; EARLY; ELECTION DAY; PROVISIONAL,no
2018,Indiana,9,US House,Floyd,18043,Floyd,LAFAYETTE 2,Liz Watson,Democratic,D,183,466,0.392704,ABSENTEE; EARLY; ELECTION DAY; PROVISIONAL,no
2018,Indiana,9,US House,Floyd,18043,Floyd,LAFAYETTE 2,Trey Hollingsworth,Republican,R,283,466,0.607296,ABSENTEE; EARLY; ELECTION DAY; PROVISIONAL,no
2018,Indiana,9,US House,Floyd,18043,Floyd,LAFAYETTE 3,Liz Watson,Democratic,D,168,432,0.388889,ABSENTEE; EARLY; ELECTION DAY; PROVISIONAL,no
2018,Indiana,9,US House,Floyd,18043,Floyd,LAFAYETTE 3,Trey Hollingsworth,Republican,R,264,432,0.611111,ABSENTEE; EARLY; ELECTION DAY; PROVISIONAL,no
2018,Indiana,9,US House,Floyd,18043,Floyd,LAFAYETTE 4,Liz Watson,Democratic,D,252,619,0.407108,ABSENTEE; EARLY; ELECTION DAY; PROVISIONAL,no
2018,Indiana,9,US House,Floyd,18043,Floyd,LAFAYETTE 4,Trey Hollingsworth,Republican,R,367,619,0.592892,ABSENTEE; EARLY; ELECTION DAY; PROVISIONAL,no
2018,Indiana,9,US House,Floyd,18043,Floyd,LAFAYETTE 5,Liz Watson,Democratic,D,355,875,0.405714,ABSENTEE; EARLY; ELECTION DAY; PROVISIONAL,no
2018,Indiana,9,US House,Floyd,18043,Floyd,LAFAYETTE 5,Trey Hollingsworth,Republican,R,520,875,0.594286,ABSENTEE; EARLY; ELECTION DAY; PROVISIONAL,no
2018,Indiana,9,US House,Floyd,18043,Floyd,LAFAYETTE 6,Liz Watson,Democratic,D,214,508,0.42126,ABSENTEE; EARLY; ELECTION DAY; PROVISIONAL,no
2018,Indiana,9,US House,Floyd,18043,Floyd,LAFAYETTE 6,Trey Hollingsworth,Republican,R,294,508,0.57874,ABSENTEE; EARLY; ELECTION DAY; PROVISIONAL,no
2018,Indiana,9,US House,Floyd,18043,Floyd,LAFAYETTE 7,Liz Watson,Democratic,D,164,447,0.36689,ABSENTEE; EARLY; ELECTION DAY; PROVISIONAL,no
2018,Indiana,9,US House,Floyd,18043,Floyd,LAFAYETTE 7,Trey Hollingsworth,Republican,R,283,447,0.63311,ABSENTEE; EARLY; ELECTION DAY; PROVISIONAL,no
2018,Indiana,9,US House,Floyd,18043,Floyd,NEW ALBANY 01,Liz Watson,Democratic,D,324,560,0.578571,ABSENTEE; EARLY; ELECTION DAY; PROVISIONAL,no
2018,Indiana,9,US House,Floyd,18043,Floyd,NEW ALBANY 01,Trey Hollingsworth,Republican,R,236,560,0.421429,ABSENTEE; EARLY; ELECTION DAY; PROVISIONAL,no
2018,Indiana,9,US House,Floyd,18043,Floyd,NEW ALBANY 03,Liz Watson,Democratic,D,292,423,0.690307,ABSENTEE; EARLY; ELECTION DAY; PROVISIONAL,no
2018,Indiana,9,US House,Floyd,18043,Floyd,NEW ALBANY 03,Trey Hollingsworth,Republican,R,131,423,0.309693,ABSENTEE; EARLY; ELECTION DAY; PROVISIONAL,no
2018,Indiana,9,US House,Floyd,18043,Floyd,NEW ALBANY 05,Liz Watson,Democratic,D,361,512,0.705078,ABSENTEE; EARLY; ELECTION DAY; PROVISIONAL,no
2018,Indiana,9,US House,Floyd,18043,Floyd,NEW ALBANY 05,Trey Hollingsworth,Republican,R,151,512,0.294922,ABSENTEE; EARLY; ELECTION DAY; PROVISIONAL,no
2018,Indiana,9,US House,Floyd,18043,Floyd,NEW ALBANY 07,Liz Watson,Democratic,D,189,295,0.640678,ABSENTEE; EARLY; ELECTION DAY; PROVISIONAL,no
2018,Indiana,9,US House,Floyd,18043,Floyd,NEW ALBANY 07,Trey Hollingsworth,Republican,R,106,295,0.359322,ABSENTEE; EARLY; ELECTION DAY; PROVISIONAL,no
2018,Indiana,9,US House,Floyd,18043,Floyd,NEW ALBANY 09,Liz Watson,Democratic,D,295,548,0.538321,ABSENTEE; EARLY; ELECTION DAY; PROVISIONAL,no
2018,Indiana,9,US House,Floyd,18043,Floyd,NEW ALBANY 09,Trey Hollingsworth,Republican,R,253,548,0.461679,ABSENTEE; EARLY; ELECTION DAY; PROVISIONAL,no
2018,Indiana,9,US House,Floyd,18043,Floyd,NEW ALBANY 10,Liz Watson,Democratic,D,274,450,0.608889,ABSENTEE; EARLY; ELECTION DAY; PROVISIONAL,no
2018,Indiana,9,US House,Floyd,18043,Floyd,NEW ALBANY 10,Trey Hollingsworth,Republican,R,176,450,0.391111,ABSENTEE; EARLY; ELECTION DAY; PROVISIONAL,no
2018,Indiana,9,US House,Floyd,18043,Floyd,NEW ALBANY 11,Liz Watson,Democratic,D,408,596,0.684564,ABSENTEE; EARLY; ELECTION DAY; PROVISIONAL,no
2018,Indiana,9,US House,Floyd,18043,Floyd,NEW ALBANY 11,Trey Hollingsworth,Republican,R,188,596,0.315436,ABSENTEE; EARLY; ELECTION DAY; PROVISIONAL,no
2018,Indiana,9,US House,Floyd,18043,Floyd,NEW ALBANY 13,Liz Watson,Democratic,D,155,302,0.513245,ABSENTEE; EARLY; ELECTION DAY; PROVISIONAL,no
2018,Indiana,9,US House,Floyd,18043,Floyd,NEW ALBANY 13,Trey Hollingsworth,Republican,R,147,302,0.486755,ABSENTEE; EARLY; ELECTION DAY; PROVISIONAL,no
2018,Indiana,9,US House,Floyd,18043,Floyd,NEW ALBANY 14,Liz Watson,Democratic,D,305,521,0.585413,ABSENTEE; EARLY; ELECTION DAY; PROVISIONAL,no
2018,Indiana,9,US House,Floyd,18043,Floyd,NEW ALBANY 14,Trey Hollingsworth,Republican,R,216,521,0.414587,ABSENTEE; EARLY; ELECTION DAY; PROVISIONAL,no
2018,Indiana,9,US House,Floyd,18043,Floyd,NEW ALBANY 16,Liz Watson,Democratic,D,236,446,0.529148,ABSENTEE; EARLY; ELECTION DAY; PROVISIONAL,no
2018,Indiana,9,US House,Floyd,18043,Floyd,NEW ALBANY 16,Trey Hollingsworth,Republican,R,210,446,0.470852,ABSENTEE; EARLY; ELECTION DAY; PROVISIONAL,no
2018,Indiana,9,US House,Floyd,18043,Floyd,NEW ALBANY 18,Liz Watson,Democratic,D,283,483,0.585921,ABSENTEE; EARLY; ELECTION DAY; PROVISIONAL,no
2018,Indiana,9,US House,Floyd,18043,Floyd,NEW ALBANY 18,Trey Hollingsworth,Republican,R,200,483,0.414079,ABSENTEE; EARLY; ELECTION DAY; PROVISIONAL,no
2018,Indiana,9,US House,Floyd,18043,Floyd,NEW ALBANY 19,Liz Watson,Democratic,D,229,419,0.546539,ABSENTEE; EARLY; ELECTION DAY; PROVISIONAL,no
2018,Indiana,9,US House,Floyd,18043,Floyd,NEW ALBANY 19,Trey Hollingsworth,Republican,R,190,419,0.453461,ABSENTEE; EARLY; ELECTION DAY; PROVISIONAL,no
2018,Indiana,9,US House,Floyd,18043,Floyd,NEW ALBANY 20,Liz Watson,Democratic,D,295,591,0.499154,ABSENTEE; EARLY; ELECTION DAY; PROVISIONAL,no
2018,Indiana,9,US House,Floyd,18043,Floyd,NEW ALBANY 20,Trey Hollingsworth,Republican,R,296,591,0.500846,ABSENTEE; EARLY; ELECTION DAY; PROVISIONAL,no
2018,Indiana,9,US House,Floyd,18043,Floyd,NEW ALBANY 21,Liz Watson,Democratic,D,201,303,0.663366,ABSENTEE; EARLY; ELECTION DAY; PROVISIONAL,no
2018,Indiana,9,US House,Floyd,18043,Floyd,NEW ALBANY 21,Trey Hollingsworth,Republican,R,102,303,0.336634,ABSENTEE; EARLY; ELECTION DAY; PROVISIONAL,no
2018,Indiana,9,US House,Floyd,18043,Floyd,NEW ALBANY 22,Liz Watson,Democratic,D,249,435,0.572414,ABSENTEE; EARLY; ELECTION DAY; PROVISIONAL,no
2018,Indiana,9,US House,Floyd,18043,Floyd,NEW ALBANY 22,Trey Hollingsworth,Republican,R,186,435,0.427586,ABSENTEE; EARLY; ELECTION DAY; PROVISIONAL,no
2018,Indiana,9,US House,Floyd,18043,Floyd,NEW ALBANY 23,Liz Watson,Democratic,D,297,469,0.633262,ABSENTEE; EARLY; ELECTION DAY; PROVISIONAL,no
2018,Indiana,9,US House,Floyd,18043,Floyd,NEW ALBANY 23,Trey Hollingsworth,Republican,R,172,469,0.366738,ABSENTEE; EARLY; ELECTION DAY; PROVISIONAL,no
2018,Indiana,9,US House,Floyd,18043,Floyd,NEW ALBANY 24,Liz Watson,Democratic,D,165,275,0.6,ABSENTEE; EARLY; ELECTION DAY; PROVISIONAL,no
2018,Indiana,9,US House,Floyd,18043,Floyd,NEW ALBANY 24,Trey Hollingsworth,Republican,R,110,275,0.4,ABSENTEE; EARLY; ELECTION DAY; PROVISIONAL,no
2018,Indiana,9,US House,Floyd,18043,Floyd,NEW ALBANY 25,Liz Watson,Democratic,D,109,176,0.619318,ABSENTEE; EARLY; ELECTION DAY; PROVISIONAL,no
2018,Indiana,9,US House,Floyd,18043,Floyd,NEW ALBANY 25,Trey Hollingsworth,Republican,R,67,176,0.380682,ABSENTEE; EARLY; ELECTION DAY; PROVISIONAL,no
2018,Indiana,9,US House,Floyd,18043,Floyd,NEW ALBANY 26,Liz Watson,Democratic,D,254,512,0.496094,ABSENTEE; EARLY; ELECTION DAY; PROVISIONAL,no
2018,Indiana,9,US House,Floyd,18043,Floyd,NEW ALBANY 26,Trey Hollingsworth,Republican,R,258,512,0.503906,ABSENTEE; EARLY; ELECTION DAY; PROVISIONAL,no
2018,Indiana,9,US House,Floyd,18043,Floyd,NEW ALBANY 27,Liz Watson,Democratic,D,272,456,0.596491,ABSENTEE; EARLY; ELECTION DAY; PROVISIONAL,no
2018,Indiana,9,US House,Floyd,18043,Floyd,NEW ALBANY 27,Trey Hollingsworth,Republican,R,184,456,0.403509,ABSENTEE; EARLY; ELECTION DAY; PROVISIONAL,no
2018,Indiana,9,US House,Floyd,18043,Floyd,NEW ALBANY 28,Liz Watson,Democratic,D,270,591,0.456853,ABSENTEE; EARLY; ELECTION DAY; PROVISIONAL,no
2018,Indiana,9,US House,Floyd,18043,Floyd,NEW ALBANY 28,Trey Hollingsworth,Republican,R,321,591,0.543147,ABSENTEE; EARLY; ELECTION DAY; PROVISIONAL,no
2018,Indiana,9,US House,Floyd,18043,Floyd,NEW ALBANY 29,Liz Watson,Democratic,D,262,485,0.540206,ABSENTEE; EARLY; ELECTION DAY; PROVISIONAL,no
2018,Indiana,9,US House,Floyd,18043,Floyd,NEW ALBANY 29,Trey Hollingsworth,Republican,R,223,485,0.459794,ABSENTEE; EARLY; ELECTION DAY; PROVISIONAL,no
2018,Indiana,9,US House,Floyd,18043,Floyd,NEW ALBANY 30,Liz Watson,Democratic,D,187,473,0.395349,ABSENTEE; EARLY; ELECTION DAY; PROVISIONAL,no
2018,Indiana,9,US House,Floyd,18043,Floyd,NEW ALBANY 30,Trey Hollingsworth,Republican,R,286,473,0.604651,ABSENTEE; EARLY; ELECTION DAY; PROVISIONAL,no
2018,Indiana,9,US House,Floyd,18043,Floyd,NEW ALBANY 31,Liz Watson,Democratic,D,233,661,0.352496,ABSENTEE; EARLY; ELECTION DAY; PROVISIONAL,no
2018,Indiana,9,US House,Floyd,18043,Floyd,NEW ALBANY 31,Trey Hollingsworth,Republican,R,428,661,0.647504,ABSENTEE; EARLY; ELECTION DAY; PROVISIONAL,no
2018,Indiana,9,US House,Floyd,18043,Floyd,NEW ALBANY 32,Liz Watson,Democratic,D,217,513,0.423002,ABSENTEE; EARLY; ELECTION DAY; PROVISIONAL,no
2018,Indiana,9,US House,Floyd,18043,Floyd,NEW ALBANY 32,Trey Hollingsworth,Republican,R,296,513,0.576998,ABSENTEE; EARLY; ELECTION DAY; PROVISIONAL,no
2018,Indiana,9,US House,Floyd,18043,Floyd,NEW ALBANY 33,Liz Watson,Democratic,D,197,447,0.440716,ABSENTEE; EARLY; ELECTION DAY; PROVISIONAL,no
2018,Indiana,9,US House,Floyd,18043,Floyd,NEW ALBANY 33,Trey Hollingsworth,Republican,R,250,447,0.559284,ABSENTEE; EARLY; ELECTION DAY; PROVISIONAL,no
2018,Indiana,9,US House,Floyd,18043,Floyd,NEW ALBANY 34,Liz Watson,Democratic,D,253,610,0.414754,ABSENTEE; EARLY; ELECTION DAY; PROVISIONAL,no
2018,Indiana,9,US House,Floyd,18043,Floyd,NEW ALBANY 34,Trey Hollingsworth,Republican,R,357,610,0.585246,ABSENTEE; EARLY; ELECTION DAY; PROVISIONAL,no
2018,Indiana,9,US House,Floyd,18043,Floyd,NEW ALBANY 35,Liz Watson,Democratic,D,311,671,0.463487,ABSENTEE; EARLY; ELECTION DAY; PROVISIONAL,no
2018,Indiana,9,US House,Floyd,18043,Floyd,NEW ALBANY 35,Trey Hollingsworth,Republican,R,360,671,0.536513,ABSENTEE; EARLY; ELECTION DAY; PROVISIONAL,no
2018,Indiana,9,US House,Floyd,18043,Floyd,NEW ALBANY 36,Liz Watson,Democratic,D,222,452,0.49115,ABSENTEE; EARLY; ELECTION DAY; PROVISIONAL,no
2018,Indiana,9,US House,Floyd,18043,Floyd,NEW ALBANY 36,Trey Hollingsworth,Republican,R,230,452,0.50885,ABSENTEE; EARLY; ELECTION DAY; PROVISIONAL,no
2018,Indiana,9,US House,Floyd,18043,Floyd,NEW ALBANY 37,Liz Watson,Democratic,D,246,532,0.462406,ABSENTEE; EARLY; ELECTION DAY; PROVISIONAL,no
2018,Indiana,9,US House,Floyd,18043,Floyd,NEW ALBANY 37,Trey Hollingsworth,Republican,R,286,532,0.537594,ABSENTEE; EARLY; ELECTION DAY; PROVISIONAL,no
2018,Indiana,9,US House,Floyd,18043,Floyd,NEW ALBANY 38,Liz Watson,Democratic,D,266,647,0.411128,ABSENTEE; EARLY; ELECTION DAY; PROVISIONAL,no
2018,Indiana,9,US House,Floyd,18043,Floyd,NEW ALBANY 38,Trey Hollingsworth,Republican,R,381,647,0.588872,ABSENTEE; EARLY; ELECTION DAY; PROVISIONAL,no
2018,Indiana,9,US House,Floyd,18043,Floyd,NEW ALBANY 39,Liz Watson,Democratic,D,206,613,0.336052,ABSENTEE; EARLY; ELECTION DAY; PROVISIONAL,no
2018,Indiana,9,US House,Floyd,18043,Floyd,NEW ALBANY 39,Trey Hollingsworth,Republican,R,407,613,0.663948,ABSENTEE; EARLY; ELECTION DAY; PROVISIONAL,no
2018,Indiana,9,US House,Floyd,18043,Floyd,NEW ALBANY 40,Liz Watson,Democratic,D,239,466,0.512876,ABSENTEE; EARLY; ELECTION DAY; PROVISIONAL,no
2018,Indiana,9,US House,Floyd,18043,Floyd,NEW ALBANY 40,Trey Hollingsworth,Republican,R,227,466,0.487124,ABSENTEE; EARLY; ELECTION DAY; PROVISIONAL,no
2018,Indiana,9,US House,Floyd,18043,Floyd,NEW ALBANY 41,Liz Watson,Democratic,D,291,617,0.471637,ABSENTEE; EARLY; ELECTION DAY; PROVISIONAL,no
2018,Indiana,9,US House,Floyd,18043,Floyd,NEW ALBANY 41,Trey Hollingsworth,Republican,R,326,617,0.528363,ABSENTEE; EARLY; ELECTION DAY; PROVISIONAL,no
2018,Indiana,9,US House,Floyd,18043,Floyd,NEW ALBANY 42,Liz Watson,Democratic,D,234,493,0.474645,ABSENTEE; EARLY; ELECTION DAY; PROVISIONAL,no
2018,Indiana,9,US House,Floyd,18043,Floyd,NEW ALBANY 42,Trey Hollingsworth,Republican,R,259,493,0.525355,ABSENTEE; EARLY; ELECTION DAY; PROVISIONAL,no
2018,Indiana,9,US House,Floyd,18043,Floyd,NEW ALBANY 43,Liz Watson,Democratic,D,193,352,0.548295,ABSENTEE; EARLY; ELECTION DAY; PROVISIONAL,no
2018,Indiana,9,US House,Floyd,18043,Floyd,NEW ALBANY 43,Trey Hollingsworth,Republican,R,159,352,0.451705,ABSENTEE; EARLY; ELECTION DAY; PROVISIONAL,no
2018,Indiana,9,US House,Floyd,18043,Floyd,NEW ALBANY 44,Liz Watson,Democratic,D,305,626,0.48722,ABSENTEE; EARLY; ELECTION DAY; PROVISIONAL,no
2018,Indiana,9,US House,Floyd,18043,Floyd,NEW ALBANY 44,Trey Hollingsworth,Republican,R,321,626,0.51278,ABSENTEE; EARLY; ELECTION DAY; PROVISIONAL,no
2018,Indiana,9,US House,Floyd,18043,Floyd,NEW ALBANY 45,Liz Watson,Democratic,D,123,291,0.42268,ABSENTEE; EARLY; ELECTION DAY; PROVISIONAL,no
2018,Indiana,9,US House,Floyd,18043,Floyd,NEW ALBANY 45,Trey Hollingsworth,Republican,R,168,291,0.57732,ABSENTEE; EARLY; ELECTION DAY; PROVISIONAL,no
2018,Indiana,9,US House,Floyd,18043,Floyd,NEW ALBANY 46,Liz Watson,Democratic,D,101,326,0.309816,ABSENTEE; EARLY; ELECTION DAY; PROVISIONAL,no
2018,Indiana,9,US House,Floyd,18043,Floyd,NEW ALBANY 46,Trey Hollingsworth,Republican,R,225,326,0.690184,ABSENTEE; EARLY; ELECTION DAY; PROVISIONAL,no
2018,Indiana,9,US House,Harrison,18061,Harrison,1,Liz Watson,Democratic,D,132,382,0.34555,ABSENTEE; ELECTION DAY,no
2018,Indiana,9,US House,Harrison,18061,Harrison,1,Trey Hollingsworth,Republican,R,250,382,0.65445,ABSENTEE; ELECTION DAY,no
2018,Indiana,9,US House,Harrison,18061,Harrison,10,Liz Watson,Democratic,D,181,534,0.338951,ABSENTEE; ELECTION DAY,no
2018,Indiana,9,US House,Harrison,18061,Harrison,10,Trey Hollingsworth,Republican,R,353,534,0.661049,ABSENTEE; ELECTION DAY,no
2018,Indiana,9,US House,Harrison,18061,Harrison,11,Liz Watson,Democratic,D,117,272,0.430147,ABSENTEE; ELECTION DAY,no
2018,Indiana,9,US House,Harrison,18061,Harrison,11,Trey Hollingsworth,Republican,R,155,272,0.569853,ABSENTEE; ELECTION DAY,no
2018,Indiana,9,US House,Harrison,18061,Harrison,12,Liz Watson,Democratic,D,181,518,0.349421,ABSENTEE; ELECTION DAY,no
2018,Indiana,9,US House,Harrison,18061,Harrison,12,Trey Hollingsworth,Republican,R,337,518,0.650579,ABSENTEE; ELECTION DAY,no
2018,Indiana,9,US House,Harrison,18061,Harrison,13,Liz Watson,Democratic,D,184,488,0.377049,ABSENTEE; ELECTION DAY,no
2018,Indiana,9,US House,Harrison,18061,Harrison,13,Trey Hollingsworth,Republican,R,304,488,0.622951,ABSENTEE; ELECTION DAY,no
2018,Indiana,9,US House,Harrison,18061,Harrison,14,Liz Watson,Democratic,D,175,453,0.386313,ABSENTEE; ELECTION DAY,no
2018,Indiana,9,US House,Harrison,18061,Harrison,14,Trey Hollingsworth,Republican,R,278,453,0.613687,ABSENTEE; ELECTION DAY,no
2018,Indiana,9,US House,Harrison,18061,Harrison,15,Liz Watson,Democratic,D,60,221,0.271493,ABSENTEE; ELECTION DAY,no
2018,Indiana,9,US House,Harrison,18061,Harrison,15,Trey Hollingsworth,Republican,R,161,221,0.728507,ABSENTEE; ELECTION DAY,no
2018,Indiana,9,US House,Harrison,18061,Harrison,16,Liz Watson,Democratic,D,58,192,0.302083,ABSENTEE; ELECTION DAY,no
2018,Indiana,9,US House,Harrison,18061,Harrison,16,Trey Hollingsworth,Republican,R,134,192,0.697917,ABSENTEE; ELECTION DAY,no
2018,Indiana,9,US House,Harrison,18061,Harrison,17,Liz Watson,Democratic,D,187,508,0.36811,ABSENTEE; ELECTION DAY,no
2018,Indiana,9,US House,Harrison,18061,Harrison,17,Trey Hollingsworth,Republican,R,321,508,0.63189,ABSENTEE; ELECTION DAY,no
2018,Indiana,9,US House,Harrison,18061,Harrison,18,Liz Watson,Democratic,D,129,382,0.337696,ABSENTEE; ELECTION DAY,no
2018,Indiana,9,US House,Harrison,18061,Harrison,18,Trey Hollingsworth,Republican,R,253,382,0.662304,ABSENTEE; ELECTION DAY,no
2018,Indiana,9,US House,Harrison,18061,Harrison,19,Liz Watson,Democratic,D,182,489,0.372188,ABSENTEE; ELECTION DAY,no
2018,Indiana,9,US House,Harrison,18061,Harrison,19,Trey Hollingsworth,Republican,R,307,489,0.627812,ABSENTEE; ELECTION DAY,no
2018,Indiana,9,US House,Harrison,18061,Harrison,2,Liz Watson,Democratic,D,172,448,0.383929,ABSENTEE; ELECTION DAY,no
2018,Indiana,9,US House,Harrison,18061,Harrison,2,Trey Hollingsworth,Republican,R,276,448,0.616071,ABSENTEE; ELECTION DAY,no
2018,Indiana,9,US House,Harrison,18061,Harrison,20,Liz Watson,Democratic,D,206,570,0.361404,ABSENTEE; ELECTION DAY,no
2018,Indiana,9,US House,Harrison,18061,Harrison,20,Trey Hollingsworth,Republican,R,364,570,0.638596,ABSENTEE; ELECTION DAY,no
2018,Indiana,9,US House,Harrison,18061,Harrison,21,Liz Watson,Democratic,D,159,415,0.383133,ABSENTEE; ELECTION DAY,no
2018,Indiana,9,US House,Harrison,18061,Harrison,21,Trey Hollingsworth,Republican,R,256,415,0.616867,ABSENTEE; ELECTION DAY,no
2018,Indiana,9,US House,Harrison,18061,Harrison,22,Liz Watson,Democratic,D,134,363,0.369146,ABSENTEE; ELECTION DAY,no
2018,Indiana,9,US House,Harrison,18061,Harrison,22,Trey Hollingsworth,Republican,R,229,363,0.630854,ABSENTEE; ELECTION DAY,no
2018,Indiana,9,US House,Harrison,18061,Harrison,23,Liz Watson,Democratic,D,176,492,0.357724,ABSENTEE; ELECTION DAY,no
2018,Indiana,9,US House,Harrison,18061,Harrison,23,Trey Hollingsworth,Republican,R,316,492,0.642276,ABSENTEE; ELECTION DAY,no
2018,Indiana,9,US House,Harrison,18061,Harrison,24,Liz Watson,Democratic,D,91,434,0.209677,ABSENTEE; ELECTION DAY,no
2018,Indiana,9,US House,Harrison,18061,Harrison,24,Trey Hollingsworth,Republican,R,343,434,0.790323,ABSENTEE; ELECTION DAY,no
2018,Indiana,9,US House,Harrison,18061,Harrison,25,Liz Watson,Democratic,D,99,330,0.3,ABSENTEE; ELECTION DAY,no
2018,Indiana,9,US House,Harrison,18061,Harrison,25,Trey Hollingsworth,Republican,R,231,330,0.7,ABSENTEE; ELECTION DAY,no
2018,Indiana,9,US House,Harrison,18061,Harrison,26,Liz Watson,Democratic,D,163,478,0.341004,ABSENTEE; ELECTION DAY,no
2018,Indiana,9,US House,Harrison,18061,Harrison,26,Trey Hollingsworth,Republican,R,315,478,0.658996,ABSENTEE; ELECTION DAY,no
2018,Indiana,9,US House,Harrison,18061,Harrison,27,Liz Watson,Democratic,D,150,399,0.37594,ABSENTEE; ELECTION DAY,no
2018,Indiana,9,US House,Harrison,18061,Harrison,27,Trey Hollingsworth,Republican,R,249,399,0.62406,ABSENTEE; ELECTION DAY,no
2018,Indiana,9,US House,Harrison,18061,Harrison,28,Liz Watson,Democratic,D,167,407,0.410319,ABSENTEE; ELECTION DAY,no
2018,Indiana,9,US House,Harrison,18061,Harrison,28,Trey Hollingsworth,Republican,R,240,407,0.589681,ABSENTEE; ELECTION DAY,no
2018,Indiana,9,US House,Harrison,18061,Harrison,29,Liz Watson,Democratic,D,110,295,0.372881,ABSENTEE; ELECTION DAY,no
2018,Indiana,9,US House,Harrison,18061,Harrison,29,Trey Hollingsworth,Republican,R,185,295,0.627119,ABSENTEE; ELECTION DAY,no
2018,Indiana,9,US House,Harrison,18061,Harrison,3,Liz Watson,Democratic,D,71,264,0.268939,ABSENTEE; ELECTION DAY,no
2018,Indiana,9,US House,Harrison,18061,Harrison,3,Trey Hollingsworth,Republican,R,193,264,0.731061,ABSENTEE; ELECTION DAY,no
2018,Indiana,9,US House,Harrison,18061,Harrison,30,Liz Watson,Democratic,D,40,150,0.266667,ABSENTEE; ELECTION DAY,no
2018,Indiana,9,US House,Harrison,18061,Harrison,30,Trey Hollingsworth,Republican,R,110,150,0.733333,ABSENTEE; ELECTION DAY,no
2018,Indiana,9,US House,Harrison,18061,Harrison,31,Liz Watson,Democratic,D,56,175,0.32,ABSENTEE; ELECTION DAY,no
2018,Indiana,9,US House,Harrison,18061,Harrison,31,Trey Hollingsworth,Republican,R,119,175,0.68,ABSENTEE; ELECTION DAY,no
2018,Indiana,9,US House,Harrison,18061,Harrison,32,Liz Watson,Democratic,D,139,407,0.341523,ABSENTEE; ELECTION DAY,no
2018,Indiana,9,US House,Harrison,18061,Harrison,32,Trey Hollingsworth,Republican,R,268,407,0.658477,ABSENTEE; ELECTION DAY,no
2018,Indiana,9,US House,Harrison,18061,Harrison,33,Liz Watson,Democratic,D,114,372,0.306452,ABSENTEE; ELECTION DAY,no
2018,Indiana,9,US House,Harrison,18061,Harrison,33,Trey Hollingsworth,Republican,R,258,372,0.693548,ABSENTEE; ELECTION DAY,no
2018,Indiana,9,US House,Harrison,18061,Harrison,34,Liz Watson,Democratic,D,112,341,0.328446,ABSENTEE; ELECTION DAY,no
2018,Indiana,9,US House,Harrison,18061,Harrison,34,Trey Hollingsworth,Republican,R,229,341,0.671554,ABSENTEE; ELECTION DAY,no
2018,Indiana,9,US House,Harrison,18061,Harrison,35,Liz Watson,Democratic,D,161,395,0.407595,ABSENTEE; ELECTION DAY,no
2018,Indiana,9,US House,Harrison,18061,Harrison,35,Trey Hollingsworth,Republican,R,234,395,0.592405,ABSENTEE; ELECTION DAY,no
2018,Indiana,9,US House,Harrison,18061,Harrison,36,Liz Watson,Democratic,D,199,532,0.37406,ABSENTEE; ELECTION DAY,no
2018,Indiana,9,US House,Harrison,18061,Harrison,36,Trey Hollingsworth,Republican,R,333,532,0.62594,ABSENTEE; ELECTION DAY,no
2018,Indiana,9,US House,Harrison,18061,Harrison,37,Liz Watson,Democratic,D,154,486,0.316872,ABSENTEE; ELECTION DAY,no
2018,Indiana,9,US House,Harrison,18061,Harrison,37,Trey Hollingsworth,Republican,R,332,486,0.683128,ABSENTEE; ELECTION DAY,no
2018,Indiana,9,US House,Harrison,18061,Harrison,38,Liz Watson,Democratic,D,143,454,0.314978,ABSENTEE; ELECTION DAY,no
2018,Indiana,9,US House,Harrison,18061,Harrison,38,Trey Hollingsworth,Republican,R,311,454,0.685022,ABSENTEE; ELECTION DAY,no
2018,Indiana,9,US House,Harrison,18061,Harrison,39,Liz Watson,Democratic,D,123,311,0.395498,ABSENTEE; ELECTION DAY,no
2018,Indiana,9,US House,Harrison,18061,Harrison,39,Trey Hollingsworth,Republican,R,188,311,0.604502,ABSENTEE; ELECTION DAY,no
2018,Indiana,9,US House,Harrison,18061,Harrison,4,Liz Watson,Democratic,D,79,301,0.262458,ABSENTEE; ELECTION DAY,no
2018,Indiana,9,US House,Harrison,18061,Harrison,4,Trey Hollingsworth,Republican,R,222,301,0.737542,ABSENTEE; ELECTION DAY,no
2018,Indiana,9,US House,Harrison,18061,Harrison,5,Liz Watson,Democratic,D,165,467,0.353319,ABSENTEE; ELECTION DAY,no
2018,Indiana,9,US House,Harrison,18061,Harrison,5,Trey Hollingsworth,Republican,R,302,467,0.646681,ABSENTEE; ELECTION DAY,no
2018,Indiana,9,US House,Harrison,18061,Harrison,6,Liz Watson,Democratic,D,121,393,0.307888,ABSENTEE; ELECTION DAY,no
2018,Indiana,9,US House,Harrison,18061,Harrison,6,Trey Hollingsworth,Republican,R,272,393,0.692112,ABSENTEE; ELECTION DAY,no
2018,Indiana,9,US House,Harrison,18061,Harrison,7,Liz Watson,Democratic,D,204,552,0.369565,ABSENTEE; ELECTION DAY,no
2018,Indiana,9,US House,Harrison,18061,Harrison,7,Trey Hollingsworth,Republican,R,348,552,0.630435,ABSENTEE; ELECTION DAY,no
2018,Indiana,9,US House,Harrison,18061,Harrison,8,Liz Watson,Democratic,D,181,485,0.373196,ABSENTEE; ELECTION DAY,no
2018,Indiana,9,US House,Harrison,18061,Harrison,8,Trey Hollingsworth,Republican,R,304,485,0.626804,ABSENTEE; ELECTION DAY,no
2018,Indiana,9,US House,Harrison,18061,Harrison,9,Liz Watson,Democratic,D,140,381,0.367454,ABSENTEE; ELECTION DAY,no
2018,Indiana,9,US House,Harrison,18061,Harrison,9,Trey Hollingsworth,Republican,R,241,381,0.632546,ABSENTEE; ELECTION DAY,no
2018,Indiana,9,US House,Harrison,18061,Harrison,FEDERAL,Liz Watson,Democratic,D,0,0,,ABSENTEE; ELECTION DAY,no
2018,Indiana,9,US House,Harrison,18061,Harrison,FEDERAL,Trey Hollingsworth,Republican,R,0,0,,ABSENTEE; ELECTION DAY,no
2018,Indiana,9,US House,Jackson,18071,Jackson,Brownstown 1,Liz Watson,Democratic,D,112,365,0.306849,UNSPECIFIED,no
2018,Indiana,9,US House,Jackson,18071,Jackson,Brownstown 1,Trey Hollingsworth,Republican,R,253,365,0.693151,UNSPECIFIED,no
2018,Indiana,9,US House,Jackson,18071,Jackson,Brownstown 2,Liz Watson,Democratic,D,144,507,0.284024,UNSPECIFIED,no
2018,Indiana,9,US House,Jackson,18071,Jackson,Brownstown 2,Trey Hollingsworth,Republican,R,363,507,0.715976,UNSPECIFIED,no
2018,Indiana,9,US House,Jackson,18071,Jackson,Brownstown 4,Liz Watson,Democratic,D,27,89,0.303371,UNSPECIFIED,no
2018,Indiana,9,US House,Jackson,18071,Jackson,Brownstown 4,Trey Hollingsworth,Republican,R,62,89,0.696629,UNSPECIFIED,no
2018,Indiana,9,US House,Jackson,18071,Jackson,Brownstown East,Liz Watson,Democratic,D,204,791,0.257901,UNSPECIFIED,no
2018,Indiana,9,US House,Jackson,18071,Jackson,Brownstown East,Trey Hollingsworth,Republican,R,587,791,0.742099,UNSPECIFIED,no
2018,Indiana,9,US House,Jackson,18071,Jackson,Brownstown West,Liz Watson,Democratic,D,92,318,0.289308,UNSPECIFIED,no
2018,Indiana,9,US House,Jackson,18071,Jackson,Brownstown West,Trey Hollingsworth,Republican,R,226,318,0.710692,UNSPECIFIED,no
2018,Indiana,9,US House,Jackson,18071,Jackson,Carr,Liz Watson,Democratic,D,136,456,0.298246,UNSPECIFIED,no
2018,Indiana,9,US House,Jackson,18071,Jackson,Carr,Trey Hollingsworth,Republican,R,320,456,0.701754,UNSPECIFIED,no
2018,Indiana,9,US House,Jackson,18071,Jackson,Driftwood,Liz Watson,Democratic,D,135,417,0.323741,UNSPECIFIED,no
2018,Indiana,9,US House,Jackson,18071,Jackson,Driftwood,Trey Hollingsworth,Republican,R,282,417,0.676259,UNSPECIFIED,no
2018,Indiana,9,US House,Jackson,18071,Jackson,Grassy Fork,Liz Watson,Democratic,D,65,292,0.222603,UNSPECIFIED,no
2018,Indiana,9,US House,Jackson,18071,Jackson,Grassy Fork,Trey Hollingsworth,Republican,R,227,292,0.777397,UNSPECIFIED,no
2018,Indiana,9,US House,Jackson,18071,Jackson,Hamilton,Liz Watson,Democratic,D,202,704,0.286932,UNSPECIFIED,no
2018,Indiana,9,US House,Jackson,18071,Jackson,Hamilton,Trey Hollingsworth,Republican,R,502,704,0.713068,UNSPECIFIED,no
2018,Indiana,9,US House,Jackson,18071,Jackson,Jackson 1 East,Liz Watson,Democratic,D,194,479,0.40501,UNSPECIFIED,no
2018,Indiana,9,US House,Jackson,18071,Jackson,Jackson 1 East,Trey Hollingsworth,Republican,R,285,479,0.59499,UNSPECIFIED,no
2018,Indiana,9,US House,Jackson,18071,Jackson,Jackson 2 East,Liz Watson,Democratic,D,145,375,0.386667,UNSPECIFIED,no
2018,Indiana,9,US House,Jackson,18071,Jackson,Jackson 2 East,Trey Hollingsworth,Republican,R,230,375,0.613333,UNSPECIFIED,no
2018,Indiana,9,US House,Jackson,18071,Jackson,Jackson 2 West,Liz Watson,Democratic,D,66,178,0.370787,UNSPECIFIED,no
2018,Indiana,9,US House,Jackson,18071,Jackson,Jackson 2 West,Trey Hollingsworth,Republican,R,112,178,0.629213,UNSPECIFIED,no
2018,Indiana,9,US House,Jackson,18071,Jackson,Jackson 3 North,Liz Watson,Democratic,D,105,320,0.328125,UNSPECIFIED,no
2018,Indiana,9,US House,Jackson,18071,Jackson,Jackson 3 North,Trey Hollingsworth,Republican,R,215,320,0.671875,UNSPECIFIED,no
2018,Indiana,9,US House,Jackson,18071,Jackson,Jackson 3 South,Liz Watson,Democratic,D,154,442,0.348416,UNSPECIFIED,no
2018,Indiana,9,US House,Jackson,18071,Jackson,Jackson 3 South,Trey Hollingsworth,Republican,R,288,442,0.651584,UNSPECIFIED,no
2018,Indiana,9,US House,Jackson,18071,Jackson,Jackson 4 North,Liz Watson,Democratic,D,311,905,0.343646,UNSPECIFIED,no
2018,Indiana,9,US House,Jackson,18071,Jackson,Jackson 4 North,Trey Hollingsworth,Republican,R,594,905,0.656354,UNSPECIFIED,no
2018,Indiana,9,US House,Jackson,18071,Jackson,Jackson 4 South,Liz Watson,Democratic,D,158,503,0.314115,UNSPECIFIED,no
2018,Indiana,9,US House,Jackson,18071,Jackson,Jackson 4 South,Trey Hollingsworth,Republican,R,345,503,0.685885,UNSPECIFIED,no
2018,Indiana,9,US House,Jackson,18071,Jackson,Jackson 5 East,Liz Watson,Democratic,D,229,564,0.406028,UNSPECIFIED,no
2018,Indiana,9,US House,Jackson,18071,Jackson,Jackson 5 East,Trey Hollingsworth,Republican,R,335,564,0.593972,UNSPECIFIED,no
2018,Indiana,9,US House,Jackson,18071,Jackson,Jackson 5 North,Liz Watson,Democratic,D,278,787,0.35324,UNSPECIFIED,no
2018,Indiana,9,US House,Jackson,18071,Jackson,Jackson 5 North,Trey Hollingsworth,Republican,R,509,787,0.64676,UNSPECIFIED,no
2018,Indiana,9,US House,Jackson,18071,Jackson,Jackson 6,Liz Watson,Democratic,D,196,578,0.3391,UNSPECIFIED,no
2018,Indiana,9,US House,Jackson,18071,Jackson,Jackson 6,Trey Hollingsworth,Republican,R,382,578,0.6609,UNSPECIFIED,no
2018,Indiana,9,US House,Jackson,18071,Jackson,Jackson 7,Liz Watson,Democratic,D,198,679,0.291605,UNSPECIFIED,no
2018,Indiana,9,US House,Jackson,18071,Jackson,Jackson 7,Trey Hollingsworth,Republican,R,481,679,0.708395,UNSPECIFIED,no
2018,Indiana,9,US House,Jackson,18071,Jackson,Owen,Liz Watson,Democratic,D,169,578,0.292388,UNSPECIFIED,no
2018,Indiana,9,US House,Jackson,18071,Jackson,Owen,Trey Hollingsworth,Republican,R,409,578,0.707612,UNSPECIFIED,no
2018,Indiana,9,US House,Jackson,18071,Jackson,Pershing,Liz Watson,Democratic,D,136,518,0.262548,UNSPECIFIED,no
2018,Indiana,9,US House,Jackson,18071,Jackson,Pershing,Trey Hollingsworth,Republican,R,382,518,0.737452,UNSPECIFIED,no
2018,Indiana,9,US House,Jackson,18071,Jackson,Redding East,Liz Watson,Democratic,D,162,704,0.230114,UNSPECIFIED,no
2018,Indiana,9,US House,Jackson,18071,Jackson,Redding East,Trey Hollingsworth,Republican,R,542,704,0.769886,UNSPECIFIED,no
2018,Indiana,9,US House,Jackson,18071,Jackson,Redding Seymour City,Liz Watson,Democratic,D,138,420,0.328571,UNSPECIFIED,no
2018,Indiana,9,US House,Jackson,18071,Jackson,Redding Seymour City,Trey Hollingsworth,Republican,R,282,420,0.671429,UNSPECIFIED,no
2018,Indiana,9,US House,Jackson,18071,Jackson,Redding West,Liz Watson,Democratic,D,209,675,0.30963,UNSPECIFIED,no
2018,Indiana,9,US House,Jackson,18071,Jackson,Redding West,Trey Hollingsworth,Republican,R,466,675,0.69037,UNSPECIFIED,no
2018,Indiana,9,US House,Jackson,18071,Jackson,Salt Creek,Liz Watson,Democratic,D,32,130,0.246154,UNSPECIFIED,no
2018,Indiana,9,US House,Jackson,18071,Jackson,Salt Creek,Trey Hollingsworth,Republican,R,98,130,0.753846,UNSPECIFIED,no
2018,Indiana,9,US House,Jackson,18071,Jackson,Vernon Crothersville,Liz Watson,Democratic,D,171,512,0.333984,UNSPECIFIED,no
2018,Indiana,9,US House,Jackson,18071,Jackson,Vernon Crothersville,Trey Hollingsworth,Republican,R,341,512,0.666016,UNSPECIFIED,no
2018,Indiana,9,US House,Jackson,18071,Jackson,Vernon North,Liz Watson,Democratic,D,83,299,0.277592,UNSPECIFIED,no
2018,Indiana,9,US House,Jackson,18071,Jackson,Vernon North,Trey Hollingsworth,Republican,R,216,299,0.722408,UNSPECIFIED,no
2018,Indiana,9,US House,Jackson,18071,Jackson,Vernon South,Liz Watson,Democratic,D,89,264,0.337121,UNSPECIFIED,no
2018,Indiana,9,US House,Jackson,18071,Jackson,Vernon South,Trey Hollingsworth,Republican,R,175,264,0.662879,UNSPECIFIED,no
2018,Indiana,9,US House,Jackson,18071,Jackson,Washington,Liz Watson,Democratic,D,141,567,0.248677,UNSPECIFIED,no
2018,Indiana,9,US House,Jackson,18071,Jackson,Washington,Trey Hollingsworth,Republican,R,426,567,0.751323,UNSPECIFIED,no
2018,Indiana,9,US House,Johnson,18081,Johnson,0001 BLUE RIVER 1,Liz Watson,Democratic,D,56,198,0.282828,UNSPECIFIED,no
2018,Indiana,9,US House,Johnson,18081,Johnson,0001 BLUE RIVER 1,Trey Hollingsworth,Republican,R,142,198,0.717172,UNSPECIFIED,no
2018,Indiana,9,US House,Johnson,18081,Johnson,0002 BLUE RIVER 2,Liz Watson,Democratic,D,93,272,0.341912,UNSPECIFIED,no
2018,Indiana,9,US House,Johnson,18081,Johnson,0002 BLUE RIVER 2,Trey Hollingsworth,Republican,R,179,272,0.658088,UNSPECIFIED,no
2018,Indiana,9,US House,Johnson,18081,Johnson,0003 BLUE RIVER 3,Liz Watson,Democratic,D,71,333,0.213213,UNSPECIFIED,no
2018,Indiana,9,US House,Johnson,18081,Johnson,0003 BLUE RIVER 3,Trey Hollingsworth,Republican,R,262,333,0.786787,UNSPECIFIED,no
2018,Indiana,9,US House,Johnson,18081,Johnson,0004 BLUE RIVER 4,Liz Watson,Democratic,D,74,222,0.333333,UNSPECIFIED,no
2018,Indiana,9,US House,Johnson,18081,Johnson,0004 BLUE RIVER 4,Trey Hollingsworth,Republican,R,148,222,0.666667,UNSPECIFIED,no
2018,Indiana,9,US House,Johnson,18081,Johnson,0005 BLUE RIVER 5,Liz Watson,Democratic,D,61,234,0.260684,UNSPECIFIED,no
2018,Indiana,9,US House,Johnson,18081,Johnson,0005 BLUE RIVER 5,Trey Hollingsworth,Republican,R,173,234,0.739316,UNSPECIFIED,no
2018,Indiana,9,US House,Johnson,18081,Johnson,0006 CLARK 1,Liz Watson,Democratic,D,51,253,0.201581,UNSPECIFIED,no
2018,Indiana,9,US House,Johnson,18081,Johnson,0006 CLARK 1,Trey Hollingsworth,Republican,R,202,253,0.798419,UNSPECIFIED,no
2018,Indiana,9,US House,Johnson,18081,Johnson,0007 CLARK 2,Liz Watson,Democratic,D,97,452,0.214602,UNSPECIFIED,no
2018,Indiana,9,US House,Johnson,18081,Johnson,0007 CLARK 2,Trey Hollingsworth,Republican,R,355,452,0.785398,UNSPECIFIED,no
2018,Indiana,9,US House,Johnson,18081,Johnson,0008 CLARK 3,Liz Watson,Democratic,D,132,465,0.283871,UNSPECIFIED,no
2018,Indiana,9,US House,Johnson,18081,Johnson,0008 CLARK 3,Trey Hollingsworth,Republican,R,333,465,0.716129,UNSPECIFIED,no
2018,Indiana,9,US House,Johnson,18081,Johnson,0009 FRANKLIN 1,Liz Watson,Democratic,D,162,547,0.296161,UNSPECIFIED,no
2018,Indiana,9,US House,Johnson,18081,Johnson,0009 FRANKLIN 1,Trey Hollingsworth,Republican,R,385,547,0.703839,UNSPECIFIED,no
2018,Indiana,9,US House,Johnson,18081,Johnson,0010 FRANKLIN 2,Liz Watson,Democratic,D,180,359,0.501393,UNSPECIFIED,no
2018,Indiana,9,US House,Johnson,18081,Johnson,0010 FRANKLIN 2,Trey Hollingsworth,Republican,R,179,359,0.498607,UNSPECIFIED,no
2018,Indiana,9,US House,Johnson,18081,Johnson,0011 FRANKLIN 3,Liz Watson,Democratic,D,73,185,0.394595,UNSPECIFIED,no
2018,Indiana,9,US House,Johnson,18081,Johnson,0011 FRANKLIN 3,Trey Hollingsworth,Republican,R,112,185,0.605405,UNSPECIFIED,no
2018,Indiana,9,US House,Johnson,18081,Johnson,0012 FRANKLIN 4,Liz Watson,Democratic,D,156,346,0.450867,UNSPECIFIED,no
2018,Indiana,9,US House,Johnson,18081,Johnson,0012 FRANKLIN 4,Trey Hollingsworth,Republican,R,190,346,0.549133,UNSPECIFIED,no
2018,Indiana,9,US House,Johnson,18081,Johnson,0013 FRANKLIN 5,Liz Watson,Democratic,D,85,174,0.488506,UNSPECIFIED,no
2018,Indiana,9,US House,Johnson,18081,Johnson,0013 FRANKLIN 5,Trey Hollingsworth,Republican,R,89,174,0.511494,UNSPECIFIED,no
2018,Indiana,9,US House,Johnson,18081,Johnson,0014 FRANKLIN 6,Liz Watson,Democratic,D,122,311,0.392283,UNSPECIFIED,no
2018,Indiana,9,US House,Johnson,18081,Johnson,0014 FRANKLIN 6,Trey Hollingsworth,Republican,R,189,311,0.607717,UNSPECIFIED,no
2018,Indiana,9,US House,Johnson,18081,Johnson,0015 FRANKLIN 7,Liz Watson,Democratic,D,158,308,0.512987,UNSPECIFIED,no
2018,Indiana,9,US House,Johnson,18081,Johnson,0015 FRANKLIN 7,Trey Hollingsworth,Republican,R,150,308,0.487013,UNSPECIFIED,no
2018,Indiana,9,US House,Johnson,18081,Johnson,0016 FRANKLIN 8,Liz Watson,Democratic,D,50,173,0.289017,UNSPECIFIED,no
2018,Indiana,9,US House,Johnson,18081,Johnson,0016 FRANKLIN 8,Trey Hollingsworth,Republican,R,123,173,0.710983,UNSPECIFIED,no
2018,Indiana,9,US House,Johnson,18081,Johnson,0017 FRANKLIN 9,Liz Watson,Democratic,D,220,620,0.354839,UNSPECIFIED,no
2018,Indiana,9,US House,Johnson,18081,Johnson,0017 FRANKLIN 9,Trey Hollingsworth,Republican,R,400,620,0.645161,UNSPECIFIED,no
2018,Indiana,9,US House,Johnson,18081,Johnson,0018 FRANKLIN 10,Liz Watson,Democratic,D,94,285,0.329825,UNSPECIFIED,no
2018,Indiana,9,US House,Johnson,18081,Johnson,0018 FRANKLIN 10,Trey Hollingsworth,Republican,R,191,285,0.670175,UNSPECIFIED,no
2018,Indiana,9,US House,Johnson,18081,Johnson,0019 FRANKLIN 11,Liz Watson,Democratic,D,92,233,0.39485,UNSPECIFIED,no
2018,Indiana,9,US House,Johnson,18081,Johnson,0019 FRANKLIN 11,Trey Hollingsworth,Republican,R,141,233,0.60515,UNSPECIFIED,no
2018,Indiana,9,US House,Johnson,18081,Johnson,0020 FRANKLIN 12,Liz Watson,Democratic,D,44,122,0.360656,UNSPECIFIED,no
2018,Indiana,9,US House,Johnson,18081,Johnson,0020 FRANKLIN 12,Trey Hollingsworth,Republican,R,78,122,0.639344,UNSPECIFIED,no
2018,Indiana,9,US House,Johnson,18081,Johnson,0021 FRANKLIN 13,Liz Watson,Democratic,D,64,201,0.318408,UNSPECIFIED,no
2018,Indiana,9,US House,Johnson,18081,Johnson,0021 FRANKLIN 13,Trey Hollingsworth,Republican,R,137,201,0.681592,UNSPECIFIED,no
2018,Indiana,9,US House,Johnson,18081,Johnson,0022 FRANKLIN 14,Liz Watson,Democratic,D,68,189,0.359788,UNSPECIFIED,no
2018,Indiana,9,US House,Johnson,18081,Johnson,0022 FRANKLIN 14,Trey Hollingsworth,Republican,R,121,189,0.640212,UNSPECIFIED,no
2018,Indiana,9,US House,Johnson,18081,Johnson,0023 FRANKLIN 15,Liz Watson,Democratic,D,128,393,0.3257,UNSPECIFIED,no
2018,Indiana,9,US House,Johnson,18081,Johnson,0023 FRANKLIN 15,Trey Hollingsworth,Republican,R,265,393,0.6743,UNSPECIFIED,no
2018,Indiana,9,US House,Johnson,18081,Johnson,0024 FRANKLIN 16,Liz Watson,Democratic,D,183,532,0.343985,UNSPECIFIED,no
2018,Indiana,9,US House,Johnson,18081,Johnson,0024 FRANKLIN 16,Trey Hollingsworth,Republican,R,349,532,0.656015,UNSPECIFIED,no
2018,Indiana,9,US House,Johnson,18081,Johnson,0025 FRANKLIN 17,Liz Watson,Democratic,D,142,375,0.378667,UNSPECIFIED,no
2018,Indiana,9,US House,Johnson,18081,Johnson,0025 FRANKLIN 17,Trey Hollingsworth,Republican,R,233,375,0.621333,UNSPECIFIED,no
2018,Indiana,9,US House,Johnson,18081,Johnson,0026 FRANKLIN 18,Liz Watson,Democratic,D,113,262,0.431298,UNSPECIFIED,no
2018,Indiana,9,US House,Johnson,18081,Johnson,0026 FRANKLIN 18,Trey Hollingsworth,Republican,R,149,262,0.568702,UNSPECIFIED,no
2018,Indiana,9,US House,Johnson,18081,Johnson,0027 FRANKLIN 19,Liz Watson,Democratic,D,155,425,0.364706,UNSPECIFIED,no
2018,Indiana,9,US House,Johnson,18081,Johnson,0027 FRANKLIN 19,Trey Hollingsworth,Republican,R,270,425,0.635294,UNSPECIFIED,no
2018,Indiana,9,US House,Johnson,18081,Johnson,0028 FRANKLIN 20,Liz Watson,Democratic,D,90,211,0.42654,UNSPECIFIED,no
2018,Indiana,9,US House,Johnson,18081,Johnson,0028 FRANKLIN 20,Trey Hollingsworth,Republican,R,121,211,0.57346,UNSPECIFIED,no
2018,Indiana,9,US House,Johnson,18081,Johnson,0029 HENSLEY 1,Liz Watson,Democratic,D,42,215,0.195349,UNSPECIFIED,no
2018,Indiana,9,US House,Johnson,18081,Johnson,0029 HENSLEY 1,Trey Hollingsworth,Republican,R,173,215,0.804651,UNSPECIFIED,no
2018,Indiana,9,US House,Johnson,18081,Johnson,0030 HENSLEY 2,Liz Watson,Democratic,D,186,663,0.280543,UNSPECIFIED,no
2018,Indiana,9,US House,Johnson,18081,Johnson,0030 HENSLEY 2,Trey Hollingsworth,Republican,R,477,663,0.719457,UNSPECIFIED,no
2018,Indiana,9,US House,Johnson,18081,Johnson,0031 HENSLEY 3,Liz Watson,Democratic,D,106,488,0.217213,UNSPECIFIED,no
2018,Indiana,9,US House,Johnson,18081,Johnson,0031 HENSLEY 3,Trey Hollingsworth,Republican,R,382,488,0.782787,UNSPECIFIED,no
2018,Indiana,9,US House,Johnson,18081,Johnson,0032 NEEDHAM 1,Liz Watson,Democratic,D,160,584,0.273973,UNSPECIFIED,no
2018,Indiana,9,US House,Johnson,18081,Johnson,0032 NEEDHAM 1,Trey Hollingsworth,Republican,R,424,584,0.726027,UNSPECIFIED,no
2018,Indiana,9,US House,Johnson,18081,Johnson,0033 NEEDHAM 2,Liz Watson,Democratic,D,257,690,0.372464,UNSPECIFIED,no
2018,Indiana,9,US House,Johnson,18081,Johnson,0033 NEEDHAM 2,Trey Hollingsworth,Republican,R,433,690,0.627536,UNSPECIFIED,no
2018,Indiana,9,US House,Johnson,18081,Johnson,0034 NEEDHAM 3,Liz Watson,Democratic,D,103,318,0.323899,UNSPECIFIED,no
2018,Indiana,9,US House,Johnson,18081,Johnson,0034 NEEDHAM 3,Trey Hollingsworth,Republican,R,215,318,0.676101,UNSPECIFIED,no
2018,Indiana,9,US House,Johnson,18081,Johnson,0035 NEEDHAM 4,Liz Watson,Democratic,D,184,469,0.392324,UNSPECIFIED,no
2018,Indiana,9,US House,Johnson,18081,Johnson,0035 NEEDHAM 4,Trey Hollingsworth,Republican,R,285,469,0.607676,UNSPECIFIED,no
2018,Indiana,9,US House,Johnson,18081,Johnson,0036 NEEDHAM 5,Liz Watson,Democratic,D,238,592,0.402027,UNSPECIFIED,no
2018,Indiana,9,US House,Johnson,18081,Johnson,0036 NEEDHAM 5,Trey Hollingsworth,Republican,R,354,592,0.597973,UNSPECIFIED,no
2018,Indiana,9,US House,Johnson,18081,Johnson,0037 NINEVEH 1,Liz Watson,Democratic,D,159,756,0.210317,UNSPECIFIED,no
2018,Indiana,9,US House,Johnson,18081,Johnson,0037 NINEVEH 1,Trey Hollingsworth,Republican,R,597,756,0.789683,UNSPECIFIED,no
2018,Indiana,9,US House,Johnson,18081,Johnson,0038 NINEVEH 2,Liz Watson,Democratic,D,141,593,0.237774,UNSPECIFIED,no
2018,Indiana,9,US House,Johnson,18081,Johnson,0038 NINEVEH 2,Trey Hollingsworth,Republican,R,452,593,0.762226,UNSPECIFIED,no
2018,Indiana,9,US House,Johnson,18081,Johnson,0039 NINEVEH 3,Liz Watson,Democratic,D,69,289,0.238754,UNSPECIFIED,no
2018,Indiana,9,US House,Johnson,18081,Johnson,0039 NINEVEH 3,Trey Hollingsworth,Republican,R,220,289,0.761246,UNSPECIFIED,no
2018,Indiana,9,US House,Johnson,18081,Johnson,0040 PLEASANT 1,Liz Watson,Democratic,D,90,310,0.290323,UNSPECIFIED,no
2018,Indiana,9,US House,Johnson,18081,Johnson,0040 PLEASANT 1,Trey Hollingsworth,Republican,R,220,310,0.709677,UNSPECIFIED,no
2018,Indiana,9,US House,Johnson,18081,Johnson,0041 PLEASANT 2,Liz Watson,Democratic,D,97,287,0.337979,UNSPECIFIED,no
2018,Indiana,9,US House,Johnson,18081,Johnson,0041 PLEASANT 2,Trey Hollingsworth,Republican,R,190,287,0.662021,UNSPECIFIED,no
2018,Indiana,9,US House,Johnson,18081,Johnson,0042 PLEASANT 3,Liz Watson,Democratic,D,248,620,0.4,UNSPECIFIED,no
2018,Indiana,9,US House,Johnson,18081,Johnson,0042 PLEASANT 3,Trey Hollingsworth,Republican,R,372,620,0.6,UNSPECIFIED,no
2018,Indiana,9,US House,Johnson,18081,Johnson,0043 PLEASANT 4,Liz Watson,Democratic,D,94,228,0.412281,UNSPECIFIED,no
2018,Indiana,9,US House,Johnson,18081,Johnson,0043 PLEASANT 4,Trey Hollingsworth,Republican,R,134,228,0.587719,UNSPECIFIED,no
2018,Indiana,9,US House,Johnson,18081,Johnson,0044 PLEASANT 5,Liz Watson,Democratic,D,72,171,0.421053,UNSPECIFIED,no
2018,Indiana,9,US House,Johnson,18081,Johnson,0044 PLEASANT 5,Trey Hollingsworth,Republican,R,99,171,0.578947,UNSPECIFIED,no
2018,Indiana,9,US House,Johnson,18081,Johnson,0045 PLEASANT 6,Liz Watson,Democratic,D,107,295,0.362712,UNSPECIFIED,no
2018,Indiana,9,US House,Johnson,18081,Johnson,0045 PLEASANT 6,Trey Hollingsworth,Republican,R,188,295,0.637288,UNSPECIFIED,no
2018,Indiana,9,US House,Johnson,18081,Johnson,0046 PLEASANT 7,Liz Watson,Democratic,D,105,333,0.315315,UNSPECIFIED,no
2018,Indiana,9,US House,Johnson,18081,Johnson,0046 PLEASANT 7,Trey Hollingsworth,Republican,R,228,333,0.684685,UNSPECIFIED,no
2018,Indiana,9,US House,Johnson,18081,Johnson,0047 PLEASANT 8,Liz Watson,Democratic,D,110,324,0.339506,UNSPECIFIED,no
2018,Indiana,9,US House,Johnson,18081,Johnson,0047 PLEASANT 8,Trey Hollingsworth,Republican,R,214,324,0.660494,UNSPECIFIED,no
2018,Indiana,9,US House,Johnson,18081,Johnson,0048 PLEASANT 9,Liz Watson,Democratic,D,116,326,0.355828,UNSPECIFIED,no
2018,Indiana,9,US House,Johnson,18081,Johnson,0048 PLEASANT 9,Trey Hollingsworth,Republican,R,210,326,0.644172,UNSPECIFIED,no
2018,Indiana,9,US House,Johnson,18081,Johnson,0049 PLEASANT 10,Liz Watson,Democratic,D,73,203,0.359606,UNSPECIFIED,no
2018,Indiana,9,US House,Johnson,18081,Johnson,0049 PLEASANT 10,Trey Hollingsworth,Republican,R,130,203,0.640394,UNSPECIFIED,no
2018,Indiana,9,US House,Johnson,18081,Johnson,0050 PLEASANT 11,Liz Watson,Democratic,D,237,627,0.37799,UNSPECIFIED,no
2018,Indiana,9,US House,Johnson,18081,Johnson,0050 PLEASANT 11,Trey Hollingsworth,Republican,R,390,627,0.62201,UNSPECIFIED,no
2018,Indiana,9,US House,Johnson,18081,Johnson,0051 PLEASANT 12,Liz Watson,Democratic,D,106,346,0.306358,UNSPECIFIED,no
2018,Indiana,9,US House,Johnson,18081,Johnson,0051 PLEASANT 12,Trey Hollingsworth,Republican,R,240,346,0.693642,UNSPECIFIED,no
2018,Indiana,9,US House,Johnson,18081,Johnson,0052 PLEASANT 13,Liz Watson,Democratic,D,230,417,0.551559,UNSPECIFIED,no
2018,Indiana,9,US House,Johnson,18081,Johnson,0052 PLEASANT 13,Trey Hollingsworth,Republican,R,187,417,0.448441,UNSPECIFIED,no
2018,Indiana,9,US House,Johnson,18081,Johnson,0053 PLEASANT 14,Liz Watson,Democratic,D,162,529,0.306238,UNSPECIFIED,no
2018,Indiana,9,US House,Johnson,18081,Johnson,0053 PLEASANT 14,Trey Hollingsworth,Republican,R,367,529,0.693762,UNSPECIFIED,no
2018,Indiana,9,US House,Johnson,18081,Johnson,0054 PLEASANT 15,Liz Watson,Democratic,D,50,109,0.458716,UNSPECIFIED,no
2018,Indiana,9,US House,Johnson,18081,Johnson,0054 PLEASANT 15,Trey Hollingsworth,Republican,R,59,109,0.541284,UNSPECIFIED,no
2018,Indiana,9,US House,Johnson,18081,Johnson,0055 PLEASANT 16,Liz Watson,Democratic,D,116,376,0.308511,UNSPECIFIED,no
2018,Indiana,9,US House,Johnson,18081,Johnson,0055 PLEASANT 16,Trey Hollingsworth,Republican,R,260,376,0.691489,UNSPECIFIED,no
2018,Indiana,9,US House,Johnson,18081,Johnson,0056 PLEASANT 17,Liz Watson,Democratic,D,173,391,0.442455,UNSPECIFIED,no
2018,Indiana,9,US House,Johnson,18081,Johnson,0056 PLEASANT 17,Trey Hollingsworth,Republican,R,218,391,0.557545,UNSPECIFIED,no
2018,Indiana,9,US House,Johnson,18081,Johnson,0057 PLEASANT 18,Liz Watson,Democratic,D,91,248,0.366935,UNSPECIFIED,no
2018,Indiana,9,US House,Johnson,18081,Johnson,0057 PLEASANT 18,Trey Hollingsworth,Republican,R,157,248,0.633065,UNSPECIFIED,no
2018,Indiana,9,US House,Johnson,18081,Johnson,0058 PLEASANT 19,Liz Watson,Democratic,D,194,589,0.329372,UNSPECIFIED,no
2018,Indiana,9,US House,Johnson,18081,Johnson,0058 PLEASANT 19,Trey Hollingsworth,Republican,R,395,589,0.670628,UNSPECIFIED,no
2018,Indiana,9,US House,Johnson,18081,Johnson,0059 PLEASANT 20,Liz Watson,Democratic,D,80,168,0.47619,UNSPECIFIED,no
2018,Indiana,9,US House,Johnson,18081,Johnson,0059 PLEASANT 20,Trey Hollingsworth,Republican,R,88,168,0.52381,UNSPECIFIED,no
2018,Indiana,9,US House,Johnson,18081,Johnson,0060 PLEASANT 21,Liz Watson,Democratic,D,147,573,0.256545,UNSPECIFIED,no
2018,Indiana,9,US House,Johnson,18081,Johnson,0060 PLEASANT 21,Trey Hollingsworth,Republican,R,426,573,0.743455,UNSPECIFIED,no
2018,Indiana,9,US House,Johnson,18081,Johnson,0061 PLEASANT 22,Liz Watson,Democratic,D,356,1006,0.353877,UNSPECIFIED,no
2018,Indiana,9,US House,Johnson,18081,Johnson,0061 PLEASANT 22,Trey Hollingsworth,Republican,R,650,1006,0.646123,UNSPECIFIED,no
2018,Indiana,9,US House,Johnson,18081,Johnson,0062 PLEASANT 23,Liz Watson,Democratic,D,52,123,0.422764,UNSPECIFIED,no
2018,Indiana,9,US House,Johnson,18081,Johnson,0062 PLEASANT 23,Trey Hollingsworth,Republican,R,71,123,0.577236,UNSPECIFIED,no
2018,Indiana,9,US House,Johnson,18081,Johnson,0063 PLEASANT 24,Liz Watson,Democratic,D,59,179,0.329609,UNSPECIFIED,no
2018,Indiana,9,US House,Johnson,18081,Johnson,0063 PLEASANT 24,Trey Hollingsworth,Republican,R,120,179,0.670391,UNSPECIFIED,no
2018,Indiana,9,US House,Johnson,18081,Johnson,0064 PLEASANT 25,Liz Watson,Democratic,D,52,108,0.481481,UNSPECIFIED,no
2018,Indiana,9,US House,Johnson,18081,Johnson,0064 PLEASANT 25,Trey Hollingsworth,Republican,R,56,108,0.518519,UNSPECIFIED,no
2018,Indiana,9,US House,Johnson,18081,Johnson,0065 PLEASANT 26,Liz Watson,Democratic,D,75,187,0.40107,UNSPECIFIED,no
2018,Indiana,9,US House,Johnson,18081,Johnson,0065 PLEASANT 26,Trey Hollingsworth,Republican,R,112,187,0.59893,UNSPECIFIED,no
2018,Indiana,9,US House,Johnson,18081,Johnson,0066 PLEASANT 27,Liz Watson,Democratic,D,68,188,0.361702,UNSPECIFIED,no
2018,Indiana,9,US House,Johnson,18081,Johnson,0066 PLEASANT 27,Trey Hollingsworth,Republican,R,120,188,0.638298,UNSPECIFIED,no
2018,Indiana,9,US House,Johnson,18081,Johnson,0067 PLEASANT 28,Liz Watson,Democratic,D,196,525,0.373333,UNSPECIFIED,no
2018,Indiana,9,US House,Johnson,18081,Johnson,0067 PLEASANT 28,Trey Hollingsworth,Republican,R,329,525,0.626667,UNSPECIFIED,no
2018,Indiana,9,US House,Johnson,18081,Johnson,0068 PLEASANT 29,Liz Watson,Democratic,D,102,245,0.416327,UNSPECIFIED,no
2018,Indiana,9,US House,Johnson,18081,Johnson,0068 PLEASANT 29,Trey Hollingsworth,Republican,R,143,245,0.583673,UNSPECIFIED,no
2018,Indiana,9,US House,Johnson,18081,Johnson,0069 PLEASANT 30,Liz Watson,Democratic,D,130,306,0.424837,UNSPECIFIED,no
2018,Indiana,9,US House,Johnson,18081,Johnson,0069 PLEASANT 30,Trey Hollingsworth,Republican,R,176,306,0.575163,UNSPECIFIED,no
2018,Indiana,9,US House,Johnson,18081,Johnson,0070 PLEASANT 31,Liz Watson,Democratic,D,141,479,0.294363,UNSPECIFIED,no
2018,Indiana,9,US House,Johnson,18081,Johnson,0070 PLEASANT 31,Trey Hollingsworth,Republican,R,338,479,0.705637,UNSPECIFIED,no
2018,Indiana,9,US House,Johnson,18081,Johnson,0071 PLEASANT 32,Liz Watson,Democratic,D,94,246,0.382114,UNSPECIFIED,no
2018,Indiana,9,US House,Johnson,18081,Johnson,0071 PLEASANT 32,Trey Hollingsworth,Republican,R,152,246,0.617886,UNSPECIFIED,no
2018,Indiana,9,US House,Johnson,18081,Johnson,0072 PLEASANT 33,Liz Watson,Democratic,D,175,492,0.355691,UNSPECIFIED,no
2018,Indiana,9,US House,Johnson,18081,Johnson,0072 PLEASANT 33,Trey Hollingsworth,Republican,R,317,492,0.644309,UNSPECIFIED,no
2018,Indiana,9,US House,Johnson,18081,Johnson,0073 PLEASANT 34,Liz Watson,Democratic,D,96,316,0.303797,UNSPECIFIED,no
2018,Indiana,9,US House,Johnson,18081,Johnson,0073 PLEASANT 34,Trey Hollingsworth,Republican,R,220,316,0.696203,UNSPECIFIED,no
2018,Indiana,9,US House,Johnson,18081,Johnson,0074 PLEASANT 35,Liz Watson,Democratic,D,129,378,0.34127,UNSPECIFIED,no
2018,Indiana,9,US House,Johnson,18081,Johnson,0074 PLEASANT 35,Trey Hollingsworth,Republican,R,249,378,0.65873,UNSPECIFIED,no
2018,Indiana,9,US House,Johnson,18081,Johnson,0075 PLEASANT 36,Liz Watson,Democratic,D,53,129,0.410853,UNSPECIFIED,no
2018,Indiana,9,US House,Johnson,18081,Johnson,0075 PLEASANT 36,Trey Hollingsworth,Republican,R,76,129,0.589147,UNSPECIFIED,no
2018,Indiana,9,US House,Johnson,18081,Johnson,0076 PLEASANT 37,Liz Watson,Democratic,D,53,123,0.430894,UNSPECIFIED,no
2018,Indiana,9,US House,Johnson,18081,Johnson,0076 PLEASANT 37,Trey Hollingsworth,Republican,R,70,123,0.569106,UNSPECIFIED,no
2018,Indiana,9,US House,Johnson,18081,Johnson,0077 PLEASANT 38,Liz Watson,Democratic,D,136,362,0.375691,UNSPECIFIED,no
2018,Indiana,9,US House,Johnson,18081,Johnson,0077 PLEASANT 38,Trey Hollingsworth,Republican,R,226,362,0.624309,UNSPECIFIED,no
2018,Indiana,9,US House,Johnson,18081,Johnson,0078 PLEASANT 39,Liz Watson,Democratic,D,168,460,0.365217,UNSPECIFIED,no
2018,Indiana,9,US House,Johnson,18081,Johnson,0078 PLEASANT 39,Trey Hollingsworth,Republican,R,292,460,0.634783,UNSPECIFIED,no
2018,Indiana,9,US House,Johnson,18081,Johnson,0079 PLEASANT 40,Liz Watson,Democratic,D,162,400,0.405,UNSPECIFIED,no
2018,Indiana,9,US House,Johnson,18081,Johnson,0079 PLEASANT 40,Trey Hollingsworth,Republican,R,238,400,0.595,UNSPECIFIED,no
2018,Indiana,9,US House,Johnson,18081,Johnson,0080 PLEASANT 41,Liz Watson,Democratic,D,18,82,0.219512,UNSPECIFIED,no
2018,Indiana,9,US House,Johnson,18081,Johnson,0080 PLEASANT 41,Trey Hollingsworth,Republican,R,64,82,0.780488,UNSPECIFIED,no
2018,Indiana,9,US House,Johnson,18081,Johnson,0081 PLEASANT 42,Liz Watson,Democratic,D,222,574,0.38676,UNSPECIFIED,no
2018,Indiana,9,US House,Johnson,18081,Johnson,0081 PLEASANT 42,Trey Hollingsworth,Republican,R,352,574,0.61324,UNSPECIFIED,no
2018,Indiana,9,US House,Johnson,18081,Johnson,0082 PLEASANT 43,Liz Watson,Democratic,D,206,561,0.367201,UNSPECIFIED,no
2018,Indiana,9,US House,Johnson,18081,Johnson,0082 PLEASANT 43,Trey Hollingsworth,Republican,R,355,561,0.632799,UNSPECIFIED,no
2018,Indiana,9,US House,Johnson,18081,Johnson,0083 PLEASANT 44,Liz Watson,Democratic,D,98,198,0.494949,UNSPECIFIED,no
2018,Indiana,9,US House,Johnson,18081,Johnson,0083 PLEASANT 44,Trey Hollingsworth,Republican,R,100,198,0.505051,UNSPECIFIED,no
2018,Indiana,9,US House,Johnson,18081,Johnson,0084 PLEASANT 45,Liz Watson,Democratic,D,290,522,0.555556,UNSPECIFIED,no
2018,Indiana,9,US House,Johnson,18081,Johnson,0084 PLEASANT 45,Trey Hollingsworth,Republican,R,232,522,0.444444,UNSPECIFIED,no
2018,Indiana,9,US House,Johnson,18081,Johnson,0085 PLEASANT 46,Liz Watson,Democratic,D,64,270,0.237037,UNSPECIFIED,no
2018,Indiana,9,US House,Johnson,18081,Johnson,0085 PLEASANT 46,Trey Hollingsworth,Republican,R,206,270,0.762963,UNSPECIFIED,no
2018,Indiana,9,US House,Johnson,18081,Johnson,0086 PLEASANT 47,Liz Watson,Democratic,D,186,433,0.429561,UNSPECIFIED,no
2018,Indiana,9,US House,Johnson,18081,Johnson,0086 PLEASANT 47,Trey Hollingsworth,Republican,R,247,433,0.570439,UNSPECIFIED,no
2018,Indiana,9,US House,Johnson,18081,Johnson,0087 PLEASANT 48,Liz Watson,Democratic,D,165,353,0.467422,UNSPECIFIED,no
2018,Indiana,9,US House,Johnson,18081,Johnson,0087 PLEASANT 48,Trey Hollingsworth,Republican,R,188,353,0.532578,UNSPECIFIED,no
2018,Indiana,9,US House,Johnson,18081,Johnson,0088 PLEASANT 49,Liz Watson,Democratic,D,105,317,0.33123,UNSPECIFIED,no
2018,Indiana,9,US House,Johnson,18081,Johnson,0088 PLEASANT 49,Trey Hollingsworth,Republican,R,212,317,0.66877,UNSPECIFIED,no
2018,Indiana,9,US House,Johnson,18081,Johnson,0089 UNION 1,Liz Watson,Democratic,D,132,445,0.296629,UNSPECIFIED,no
2018,Indiana,9,US House,Johnson,18081,Johnson,0089 UNION 1,Trey Hollingsworth,Republican,R,313,445,0.703371,UNSPECIFIED,no
2018,Indiana,9,US House,Johnson,18081,Johnson,0090 UNION 2,Liz Watson,Democratic,D,86,370,0.232432,UNSPECIFIED,no
2018,Indiana,9,US House,Johnson,18081,Johnson,0090 UNION 2,Trey Hollingsworth,Republican,R,284,370,0.767568,UNSPECIFIED,no
2018,Indiana,9,US House,Johnson,18081,Johnson,0091 UNION 3,Liz Watson,Democratic,D,74,237,0.312236,UNSPECIFIED,no
2018,Indiana,9,US House,Johnson,18081,Johnson,0091 UNION 3,Trey Hollingsworth,Republican,R,163,237,0.687764,UNSPECIFIED,no
2018,Indiana,9,US House,Johnson,18081,Johnson,0092 WHITE RIVER 1,Liz Watson,Democratic,D,125,369,0.338753,UNSPECIFIED,no
2018,Indiana,9,US House,Johnson,18081,Johnson,0092 WHITE RIVER 1,Trey Hollingsworth,Republican,R,244,369,0.661247,UNSPECIFIED,no
2018,Indiana,9,US House,Johnson,18081,Johnson,0093 WHITE RIVER 2,Liz Watson,Democratic,D,76,192,0.395833,UNSPECIFIED,no
2018,Indiana,9,US House,Johnson,18081,Johnson,0093 WHITE RIVER 2,Trey Hollingsworth,Republican,R,116,192,0.604167,UNSPECIFIED,no
2018,Indiana,9,US House,Johnson,18081,Johnson,0094 WHITE RIVER 3,Liz Watson,Democratic,D,188,438,0.429224,UNSPECIFIED,no
2018,Indiana,9,US House,Johnson,18081,Johnson,0094 WHITE RIVER 3,Trey Hollingsworth,Republican,R,250,438,0.570776,UNSPECIFIED,no
2018,Indiana,9,US House,Johnson,18081,Johnson,0095 WHITE RIVER 4,Liz Watson,Democratic,D,138,404,0.341584,UNSPECIFIED,no
2018,Indiana,9,US House,Johnson,18081,Johnson,0095 WHITE RIVER 4,Trey Hollingsworth,Republican,R,266,404,0.658416,UNSPECIFIED,no
2018,Indiana,9,US House,Johnson,18081,Johnson,0096 WHITE RIVER 5,Liz Watson,Democratic,D,102,305,0.334426,UNSPECIFIED,no
2018,Indiana,9,US House,Johnson,18081,Johnson,0096 WHITE RIVER 5,Trey Hollingsworth,Republican,R,203,305,0.665574,UNSPECIFIED,no
2018,Indiana,9,US House,Johnson,18081,Johnson,0097 WHITE RIVER 6,Liz Watson,Democratic,D,123,355,0.346479,UNSPECIFIED,no
2018,Indiana,9,US House,Johnson,18081,Johnson,0097 WHITE RIVER 6,Trey Hollingsworth,Republican,R,232,355,0.653521,UNSPECIFIED,no
2018,Indiana,9,US House,Johnson,18081,Johnson,0098 WHITE RIVER 7,Liz Watson,Democratic,D,223,576,0.387153,UNSPECIFIED,no
2018,Indiana,9,US House,Johnson,18081,Johnson,0098 WHITE RIVER 7,Trey Hollingsworth,Republican,R,353,576,0.612847,UNSPECIFIED,no
2018,Indiana,9,US House,Johnson,18081,Johnson,0099 WHITE RIVER 8,Liz Watson,Democratic,D,170,516,0.329457,UNSPECIFIED,no
2018,Indiana,9,US House,Johnson,18081,Johnson,0099 WHITE RIVER 8,Trey Hollingsworth,Republican,R,346,516,0.670543,UNSPECIFIED,no
2018,Indiana,9,US House,Johnson,18081,Johnson,0100 WHITE RIVER 9,Liz Watson,Democratic,D,170,514,0.330739,UNSPECIFIED,no
2018,Indiana,9,US House,Johnson,18081,Johnson,0100 WHITE RIVER 9,Trey Hollingsworth,Republican,R,344,514,0.669261,UNSPECIFIED,no
2018,Indiana,9,US House,Johnson,18081,Johnson,0101 WHITE RIVER 10,Liz Watson,Democratic,D,100,327,0.30581,UNSPECIFIED,no
2018,Indiana,9,US House,Johnson,18081,Johnson,0101 WHITE RIVER 10,Trey Hollingsworth,Republican,R,227,327,0.69419,UNSPECIFIED,no
2018,Indiana,9,US House,Johnson,18081,Johnson,0102 WHITE RIVER 11,Liz Watson,Democratic,D,182,529,0.344045,UNSPECIFIED,no
2018,Indiana,9,US House,Johnson,18081,Johnson,0102 WHITE RIVER 11,Trey Hollingsworth,Republican,R,347,529,0.655955,UNSPECIFIED,no
2018,Indiana,9,US House,Johnson,18081,Johnson,0103 WHITE RIVER 12,Liz Watson,Democratic,D,162,461,0.35141,UNSPECIFIED,no
2018,Indiana,9,US House,Johnson,18081,Johnson,0103 WHITE RIVER 12,Trey Hollingsworth,Republican,R,299,461,0.64859,UNSPECIFIED,no
2018,Indiana,9,US House,Johnson,18081,Johnson,0104 WHITE RIVER 13,Liz Watson,Democratic,D,136,381,0.356955,UNSPECIFIED,no
2018,Indiana,9,US House,Johnson,18081,Johnson,0104 WHITE RIVER 13,Trey Hollingsworth,Republican,R,245,381,0.643045,UNSPECIFIED,no
2018,Indiana,9,US House,Johnson,18081,Johnson,0105 WHITE RIVER 14,Liz Watson,Democratic,D,226,603,0.374793,UNSPECIFIED,no
2018,Indiana,9,US House,Johnson,18081,Johnson,0105 WHITE RIVER 14,Trey Hollingsworth,Republican,R,377,603,0.625207,UNSPECIFIED,no
2018,Indiana,9,US House,Johnson,18081,Johnson,0106 WHITE RIVER 15,Liz Watson,Democratic,D,326,930,0.350538,UNSPECIFIED,no
2018,Indiana,9,US House,Johnson,18081,Johnson,0106 WHITE RIVER 15,Trey Hollingsworth,Republican,R,604,930,0.649462,UNSPECIFIED,no
2018,Indiana,9,US House,Johnson,18081,Johnson,0107 WHITE RIVER 16,Liz Watson,Democratic,D,208,605,0.343802,UNSPECIFIED,no
2018,Indiana,9,US House,Johnson,18081,Johnson,0107 WHITE RIVER 16,Trey Hollingsworth,Republican,R,397,605,0.656198,UNSPECIFIED,no
2018,Indiana,9,US House,Johnson,18081,Johnson,0108 WHITE RIVER 17,Liz Watson,Democratic,D,127,353,0.359773,UNSPECIFIED,no
2018,Indiana,9,US House,Johnson,18081,Johnson,0108 WHITE RIVER 17,Trey Hollingsworth,Republican,R,226,353,0.640227,UNSPECIFIED,no
2018,Indiana,9,US House,Johnson,18081,Johnson,0109 WHITE RIVER 18,Liz Watson,Democratic,D,133,354,0.375706,UNSPECIFIED,no
2018,Indiana,9,US House,Johnson,18081,Johnson,0109 WHITE RIVER 18,Trey Hollingsworth,Republican,R,221,354,0.624294,UNSPECIFIED,no
2018,Indiana,9,US House,Johnson,18081,Johnson,0110 WHITE RIVER 19,Liz Watson,Democratic,D,137,366,0.374317,UNSPECIFIED,no
2018,Indiana,9,US House,Johnson,18081,Johnson,0110 WHITE RIVER 19,Trey Hollingsworth,Republican,R,229,366,0.625683,UNSPECIFIED,no
2018,Indiana,9,US House,Johnson,18081,Johnson,0111 WHITE RIVER 20,Liz Watson,Democratic,D,100,343,0.291545,UNSPECIFIED,no
2018,Indiana,9,US House,Johnson,18081,Johnson,0111 WHITE RIVER 20,Trey Hollingsworth,Republican,R,243,343,0.708455,UNSPECIFIED,no
2018,Indiana,9,US House,Johnson,18081,Johnson,0112 WHITE RIVER 21,Liz Watson,Democratic,D,228,672,0.339286,UNSPECIFIED,no
2018,Indiana,9,US House,Johnson,18081,Johnson,0112 WHITE RIVER 21,Trey Hollingsworth,Republican,R,444,672,0.660714,UNSPECIFIED,no
2018,Indiana,9,US House,Johnson,18081,Johnson,0113 WHITE RIVER 22,Liz Watson,Democratic,D,176,517,0.340426,UNSPECIFIED,no
2018,Indiana,9,US House,Johnson,18081,Johnson,0113 WHITE RIVER 22,Trey Hollingsworth,Republican,R,341,517,0.659574,UNSPECIFIED,no
2018,Indiana,9,US House,Johnson,18081,Johnson,0114 WHITE RIVER 23,Liz Watson,Democratic,D,75,225,0.333333,UNSPECIFIED,no
2018,Indiana,9,US House,Johnson,18081,Johnson,0114 WHITE RIVER 23,Trey Hollingsworth,Republican,R,150,225,0.666667,UNSPECIFIED,no
2018,Indiana,9,US House,Johnson,18081,Johnson,0115 WHITE RIVER 24,Liz Watson,Democratic,D,105,388,0.270619,UNSPECIFIED,no
2018,Indiana,9,US House,Johnson,18081,Johnson,0115 WHITE RIVER 24,Trey Hollingsworth,Republican,R,283,388,0.729381,UNSPECIFIED,no
2018,Indiana,9,US House,Johnson,18081,Johnson,0116 WHITE RIVER 25,Liz Watson,Democratic,D,185,442,0.418552,UNSPECIFIED,no
2018,Indiana,9,US House,Johnson,18081,Johnson,0116 WHITE RIVER 25,Trey Hollingsworth,Republican,R,257,442,0.581448,UNSPECIFIED,no
2018,Indiana,9,US House,Johnson,18081,Johnson,0117 WHITE RIVER 26,Liz Watson,Democratic,D,112,305,0.367213,UNSPECIFIED,no
2018,Indiana,9,US House,Johnson,18081,Johnson,0117 WHITE RIVER 26,Trey Hollingsworth,Republican,R,193,305,0.632787,UNSPECIFIED,no
2018,Indiana,9,US House,Johnson,18081,Johnson,0118 WHITE RIVER 27,Liz Watson,Democratic,D,124,374,0.331551,UNSPECIFIED,no
2018,Indiana,9,US House,Johnson,18081,Johnson,0118 WHITE RIVER 27,Trey Hollingsworth,Republican,R,250,374,0.668449,UNSPECIFIED,no
2018,Indiana,9,US House,Johnson,18081,Johnson,0119 WHITE RIVER 28,Liz Watson,Democratic,D,92,316,0.291139,UNSPECIFIED,no
2018,Indiana,9,US House,Johnson,18081,Johnson,0119 WHITE RIVER 28,Trey Hollingsworth,Republican,R,224,316,0.708861,UNSPECIFIED,no
2018,Indiana,9,US House,Johnson,18081,Johnson,0120 WHITE RIVER 29,Liz Watson,Democratic,D,234,685,0.341606,UNSPECIFIED,no
2018,Indiana,9,US House,Johnson,18081,Johnson,0120 WHITE RIVER 29,Trey Hollingsworth,Republican,R,451,685,0.658394,UNSPECIFIED,no
2018,Indiana,9,US House,Johnson,18081,Johnson,0121 WHITE RIVER 30,Liz Watson,Democratic,D,135,322,0.419255,UNSPECIFIED,no
2018,Indiana,9,US House,Johnson,18081,Johnson,0121 WHITE RIVER 30,Trey Hollingsworth,Republican,R,187,322,0.580745,UNSPECIFIED,no
2018,Indiana,9,US House,Johnson,18081,Johnson,0122 WHITE RIVER 31,Liz Watson,Democratic,D,126,308,0.409091,UNSPECIFIED,no
2018,Indiana,9,US House,Johnson,18081,Johnson,0122 WHITE RIVER 31,Trey Hollingsworth,Republican,R,182,308,0.590909,UNSPECIFIED,no
2018,Indiana,9,US House,Johnson,18081,Johnson,0123 WHITE RIVER 32,Liz Watson,Democratic,D,202,569,0.355009,UNSPECIFIED,no
2018,Indiana,9,US House,Johnson,18081,Johnson,0123 WHITE RIVER 32,Trey Hollingsworth,Republican,R,367,569,0.644991,UNSPECIFIED,no
2018,Indiana,9,US House,Johnson,18081,Johnson,0124 WHITE RIVER 33,Liz Watson,Democratic,D,103,315,0.326984,UNSPECIFIED,no
2018,Indiana,9,US House,Johnson,18081,Johnson,0124 WHITE RIVER 33,Trey Hollingsworth,Republican,R,212,315,0.673016,UNSPECIFIED,no
2018,Indiana,9,US House,Johnson,18081,Johnson,0125 WHITE RIVER 34,Liz Watson,Democratic,D,133,474,0.280591,UNSPECIFIED,no
2018,Indiana,9,US House,Johnson,18081,Johnson,0125 WHITE RIVER 34,Trey Hollingsworth,Republican,R,341,474,0.719409,UNSPECIFIED,no
2018,Indiana,9,US House,Johnson,18081,Johnson,0126 WHITE RIVER 35,Liz Watson,Democratic,D,286,978,0.292434,UNSPECIFIED,no
2018,Indiana,9,US House,Johnson,18081,Johnson,0126 WHITE RIVER 35,Trey Hollingsworth,Republican,R,692,978,0.707566,UNSPECIFIED,no
2018,Indiana,9,US House,Johnson,18081,Johnson,0127 WHITE RIVER 36,Liz Watson,Democratic,D,121,310,0.390323,UNSPECIFIED,no
2018,Indiana,9,US House,Johnson,18081,Johnson,0127 WHITE RIVER 36,Trey Hollingsworth,Republican,R,189,310,0.609677,UNSPECIFIED,no
2018,Indiana,9,US House,Johnson,18081,Johnson,0128 WHITE RIVER 37,Liz Watson,Democratic,D,351,790,0.444304,UNSPECIFIED,no
2018,Indiana,9,US House,Johnson,18081,Johnson,0128 WHITE RIVER 37,Trey Hollingsworth,Republican,R,439,790,0.555696,UNSPECIFIED,no
2018,Indiana,9,US House,Johnson,18081,Johnson,0129 WHITE RIVER 38,Liz Watson,Democratic,D,122,374,0.326203,UNSPECIFIED,no
2018,Indiana,9,US House,Johnson,18081,Johnson,0129 WHITE RIVER 38,Trey Hollingsworth,Republican,R,252,374,0.673797,UNSPECIFIED,no
2018,Indiana,9,US House,Johnson,18081,Johnson,0130 WHITE RIVER 39,Liz Watson,Democratic,D,226,631,0.358162,UNSPECIFIED,no
2018,Indiana,9,US House,Johnson,18081,Johnson,0130 WHITE RIVER 39,Trey Hollingsworth,Republican,R,405,631,0.641838,UNSPECIFIED,no
2018,Indiana,9,US House,Johnson,18081,Johnson,0131 WHITE RIVER 40,Liz Watson,Democratic,D,104,363,0.286501,UNSPECIFIED,no
2018,Indiana,9,US House,Johnson,18081,Johnson,0131 WHITE RIVER 40,Trey Hollingsworth,Republican,R,259,363,0.713499,UNSPECIFIED,no
2018,Indiana,9,US House,Johnson,18081,Johnson,0132 WHITE RIVER 41,Liz Watson,Democratic,D,134,366,0.36612,UNSPECIFIED,no
2018,Indiana,9,US House,Johnson,18081,Johnson,0132 WHITE RIVER 41,Trey Hollingsworth,Republican,R,232,366,0.63388,UNSPECIFIED,no
2018,Indiana,9,US House,Johnson,18081,Johnson,0133 WHITE RIVER 42,Liz Watson,Democratic,D,150,397,0.377834,UNSPECIFIED,no
2018,Indiana,9,US House,Johnson,18081,Johnson,0133 WHITE RIVER 42,Trey Hollingsworth,Republican,R,247,397,0.622166,UNSPECIFIED,no
2018,Indiana,9,US House,Johnson,18081,Johnson,0134 WHITE RIVER 43,Liz Watson,Democratic,D,63,240,0.2625,UNSPECIFIED,no
2018,Indiana,9,US House,Johnson,18081,Johnson,0134 WHITE RIVER 43,Trey Hollingsworth,Republican,R,177,240,0.7375,UNSPECIFIED,no
2018,Indiana,9,US House,Lawrence,18093,Lawrence,Bono,Liz Watson,Democratic,D,95,265,0.358491,ABSENTEE; ELECTION DAY; PROVISIONAL,no
2018,Indiana,9,US House,Lawrence,18093,Lawrence,Bono,Trey Hollingsworth,Republican,R,170,265,0.641509,ABSENTEE; ELECTION DAY; PROVISIONAL,no
2018,Indiana,9,US House,Lawrence,18093,Lawrence,Guthrie,Liz Watson,Democratic,D,111,380,0.292105,ABSENTEE; ELECTION DAY; PROVISIONAL,no
2018,Indiana,9,US House,Lawrence,18093,Lawrence,Guthrie,Trey Hollingsworth,Republican,R,269,380,0.707895,ABSENTEE; ELECTION DAY; PROVISIONAL,no
2018,Indiana,9,US House,Lawrence,18093,Lawrence,Indian Creek North,Liz Watson,Democratic,D,151,606,0.249175,ABSENTEE; ELECTION DAY; PROVISIONAL,no
2018,Indiana,9,US House,Lawrence,18093,Lawrence,Indian Creek North,Trey Hollingsworth,Republican,R,455,606,0.750825,ABSENTEE; ELECTION DAY; PROVISIONAL,no
2018,Indiana,9,US House,Lawrence,18093,Lawrence,Indian Creek South,Liz Watson,Democratic,D,107,409,0.261614,ABSENTEE; ELECTION DAY; PROVISIONAL,no
2018,Indiana,9,US House,Lawrence,18093,Lawrence,Indian Creek South,Trey Hollingsworth,Republican,R,302,409,0.738386,ABSENTEE; ELECTION DAY; PROVISIONAL,no
2018,Indiana,9,US House,Lawrence,18093,Lawrence,Marion 1,Liz Watson,Democratic,D,92,243,0.378601,ABSENTEE; ELECTION DAY; PROVISIONAL,no
2018,Indiana,9,US House,Lawrence,18093,Lawrence,Marion 1,Trey Hollingsworth,Republican,R,151,243,0.621399,ABSENTEE; ELECTION DAY; PROVISIONAL,no
2018,Indiana,9,US House,Lawrence,18093,Lawrence,Marion 2,Liz Watson,Democratic,D,143,393,0.363868,ABSENTEE; ELECTION DAY; PROVISIONAL,no
2018,Indiana,9,US House,Lawrence,18093,Lawrence,Marion 2,Trey Hollingsworth,Republican,R,250,393,0.636132,ABSENTEE; ELECTION DAY; PROVISIONAL,no
2018,Indiana,9,US House,Lawrence,18093,Lawrence,Marion 3,Liz Watson,Democratic,D,94,226,0.415929,ABSENTEE; ELECTION DAY; PROVISIONAL,no
2018,Indiana,9,US House,Lawrence,18093,Lawrence,Marion 3,Trey Hollingsworth,Republican,R,132,226,0.584071,ABSENTEE; ELECTION DAY; PROVISIONAL,no
2018,Indiana,9,US House,Lawrence,18093,Lawrence,Marion 4,Liz Watson,Democratic,D,81,194,0.417526,ABSENTEE; ELECTION DAY; PROVISIONAL,no
2018,Indiana,9,US House,Lawrence,18093,Lawrence,Marion 4,Trey Hollingsworth,Republican,R,113,194,0.582474,ABSENTEE; ELECTION DAY; PROVISIONAL,no
2018,Indiana,9,US House,Lawrence,18093,Lawrence,Marion 5A,Liz Watson,Democratic,D,177,528,0.335227,ABSENTEE; ELECTION DAY; PROVISIONAL,no
2018,Indiana,9,US House,Lawrence,18093,Lawrence,Marion 5A,Trey Hollingsworth,Republican,R,351,528,0.664773,ABSENTEE; ELECTION DAY; PROVISIONAL,no
2018,Indiana,9,US House,Lawrence,18093,Lawrence,Marion 5B,Liz Watson,Democratic,D,157,562,0.279359,ABSENTEE; ELECTION DAY; PROVISIONAL,no
2018,Indiana,9,US House,Lawrence,18093,Lawrence,Marion 5B,Trey Hollingsworth,Republican,R,405,562,0.720641,ABSENTEE; ELECTION DAY; PROVISIONAL,no
2018,Indiana,9,US House,Lawrence,18093,Lawrence,Marion 5C,Liz Watson,Democratic,D,52,131,0.396947,ABSENTEE; ELECTION DAY; PROVISIONAL,no
2018,Indiana,9,US House,Lawrence,18093,Lawrence,Marion 5C,Trey Hollingsworth,Republican,R,79,131,0.603053,ABSENTEE; ELECTION DAY; PROVISIONAL,no
2018,Indiana,9,US House,Lawrence,18093,Lawrence,Marion 6,Liz Watson,Democratic,D,182,617,0.294976,ABSENTEE; ELECTION DAY; PROVISIONAL,no
2018,Indiana,9,US House,Lawrence,18093,Lawrence,Marion 6,Trey Hollingsworth,Republican,R,435,617,0.705024,ABSENTEE; ELECTION DAY; PROVISIONAL,no
2018,Indiana,9,US House,Lawrence,18093,Lawrence,Marshall 1,Liz Watson,Democratic,D,201,685,0.293431,ABSENTEE; ELECTION DAY; PROVISIONAL,no
2018,Indiana,9,US House,Lawrence,18093,Lawrence,Marshall 1,Trey Hollingsworth,Republican,R,484,685,0.706569,ABSENTEE; ELECTION DAY; PROVISIONAL,no
2018,Indiana,9,US House,Lawrence,18093,Lawrence,Marshall 2,Liz Watson,Democratic,D,125,437,0.286041,ABSENTEE; ELECTION DAY; PROVISIONAL,no
2018,Indiana,9,US House,Lawrence,18093,Lawrence,Marshall 2,Trey Hollingsworth,Republican,R,312,437,0.713959,ABSENTEE; ELECTION DAY; PROVISIONAL,no
2018,Indiana,9,US House,Lawrence,18093,Lawrence,Marshall 3,Liz Watson,Democratic,D,200,590,0.338983,ABSENTEE; ELECTION DAY; PROVISIONAL,no
2018,Indiana,9,US House,Lawrence,18093,Lawrence,Marshall 3,Trey Hollingsworth,Republican,R,390,590,0.661017,ABSENTEE; ELECTION DAY; PROVISIONAL,no
2018,Indiana,9,US House,Lawrence,18093,Lawrence,Perry,Liz Watson,Democratic,D,184,853,0.215709,ABSENTEE; ELECTION DAY; PROVISIONAL,no
2018,Indiana,9,US House,Lawrence,18093,Lawrence,Perry,Trey Hollingsworth,Republican,R,669,853,0.784291,ABSENTEE; ELECTION DAY; PROVISIONAL,no
2018,Indiana,9,US House,Lawrence,18093,Lawrence,Pleasant Run,Liz Watson,Democratic,D,156,591,0.263959,ABSENTEE; ELECTION DAY; PROVISIONAL,no
2018,Indiana,9,US House,Lawrence,18093,Lawrence,Pleasant Run,Trey Hollingsworth,Republican,R,435,591,0.736041,ABSENTEE; ELECTION DAY; PROVISIONAL,no
2018,Indiana,9,US House,Lawrence,18093,Lawrence,Shawswick 10,Liz Watson,Democratic,D,108,287,0.376307,ABSENTEE; ELECTION DAY; PROVISIONAL,no
2018,Indiana,9,US House,Lawrence,18093,Lawrence,Shawswick 10,Trey Hollingsworth,Republican,R,179,287,0.623693,ABSENTEE; ELECTION DAY; PROVISIONAL,no
2018,Indiana,9,US House,Lawrence,18093,Lawrence,Shawswick 11,Liz Watson,Democratic,D,66,228,0.289474,ABSENTEE; ELECTION DAY; PROVISIONAL,no
2018,Indiana,9,US House,Lawrence,18093,Lawrence,Shawswick 11,Trey Hollingsworth,Republican,R,162,228,0.710526,ABSENTEE; ELECTION DAY; PROVISIONAL,no
2018,Indiana,9,US House,Lawrence,18093,Lawrence,Shawswick 12,Liz Watson,Democratic,D,134,419,0.319809,ABSENTEE; ELECTION DAY; PROVISIONAL,no
2018,Indiana,9,US House,Lawrence,18093,Lawrence,Shawswick 12,Trey Hollingsworth,Republican,R,285,419,0.680191,ABSENTEE; ELECTION DAY; PROVISIONAL,no
2018,Indiana,9,US House,Lawrence,18093,Lawrence,Shawswick 13,Liz Watson,Democratic,D,115,385,0.298701,ABSENTEE; ELECTION DAY; PROVISIONAL,no
2018,Indiana,9,US House,Lawrence,18093,Lawrence,Shawswick 13,Trey Hollingsworth,Republican,R,270,385,0.701299,ABSENTEE; ELECTION DAY; PROVISIONAL,no
2018,Indiana,9,US House,Lawrence,18093,Lawrence,Shawswick 14A,Liz Watson,Democratic,D,176,539,0.326531,ABSENTEE; ELECTION DAY; PROVISIONAL,no
2018,Indiana,9,US House,Lawrence,18093,Lawrence,Shawswick 14A,Trey Hollingsworth,Republican,R,363,539,0.673469,ABSENTEE; ELECTION DAY; PROVISIONAL,no
2018,Indiana,9,US House,Lawrence,18093,Lawrence,Shawswick 14B,Liz Watson,Democratic,D,165,578,0.285467,ABSENTEE; ELECTION DAY; PROVISIONAL,no
2018,Indiana,9,US House,Lawrence,18093,Lawrence,Shawswick 14B,Trey Hollingsworth,Republican,R,413,578,0.714533,ABSENTEE; ELECTION DAY; PROVISIONAL,no
2018,Indiana,9,US House,Lawrence,18093,Lawrence,Shawswick 15A,Liz Watson,Democratic,D,63,218,0.288991,ABSENTEE; ELECTION DAY; PROVISIONAL,no
2018,Indiana,9,US House,Lawrence,18093,Lawrence,Shawswick 15A,Trey Hollingsworth,Republican,R,155,218,0.711009,ABSENTEE; ELECTION DAY; PROVISIONAL,no
2018,Indiana,9,US House,Lawrence,18093,Lawrence,Shawswick 15B,Liz Watson,Democratic,D,161,485,0.331959,ABSENTEE; ELECTION DAY; PROVISIONAL,no
2018,Indiana,9,US House,Lawrence,18093,Lawrence,Shawswick 15B,Trey Hollingsworth,Republican,R,324,485,0.668041,ABSENTEE; ELECTION DAY; PROVISIONAL,no
2018,Indiana,9,US House,Lawrence,18093,Lawrence,Shawswick 16,Liz Watson,Democratic,D,170,498,0.341365,ABSENTEE; ELECTION DAY; PROVISIONAL,no
2018,Indiana,9,US House,Lawrence,18093,Lawrence,Shawswick 16,Trey Hollingsworth,Republican,R,328,498,0.658635,ABSENTEE; ELECTION DAY; PROVISIONAL,no
2018,Indiana,9,US House,Lawrence,18093,Lawrence,Shawswick 1A,Liz Watson,Democratic,D,68,170,0.4,ABSENTEE; ELECTION DAY; PROVISIONAL,no
2018,Indiana,9,US House,Lawrence,18093,Lawrence,Shawswick 1A,Trey Hollingsworth,Republican,R,102,170,0.6,ABSENTEE; ELECTION DAY; PROVISIONAL,no
2018,Indiana,9,US House,Lawrence,18093,Lawrence,Shawswick 1B,Liz Watson,Democratic,D,80,247,0.323887,ABSENTEE; ELECTION DAY; PROVISIONAL,no
2018,Indiana,9,US House,Lawrence,18093,Lawrence,Shawswick 1B,Trey Hollingsworth,Republican,R,167,247,0.676113,ABSENTEE; ELECTION DAY; PROVISIONAL,no
2018,Indiana,9,US House,Lawrence,18093,Lawrence,Shawswick 2,Liz Watson,Democratic,D,98,285,0.34386,ABSENTEE; ELECTION DAY; PROVISIONAL,no
2018,Indiana,9,US House,Lawrence,18093,Lawrence,Shawswick 2,Trey Hollingsworth,Republican,R,187,285,0.65614,ABSENTEE; ELECTION DAY; PROVISIONAL,no
2018,Indiana,9,US House,Lawrence,18093,Lawrence,Shawswick 3,Liz Watson,Democratic,D,89,273,0.326007,ABSENTEE; ELECTION DAY; PROVISIONAL,no
2018,Indiana,9,US House,Lawrence,18093,Lawrence,Shawswick 3,Trey Hollingsworth,Republican,R,184,273,0.673993,ABSENTEE; ELECTION DAY; PROVISIONAL,no
2018,Indiana,9,US House,Lawrence,18093,Lawrence,Shawswick 4,Liz Watson,Democratic,D,127,322,0.39441,ABSENTEE; ELECTION DAY; PROVISIONAL,no
2018,Indiana,9,US House,Lawrence,18093,Lawrence,Shawswick 4,Trey Hollingsworth,Republican,R,195,322,0.60559,ABSENTEE; ELECTION DAY; PROVISIONAL,no
2018,Indiana,9,US House,Lawrence,18093,Lawrence,Shawswick 5A,Liz Watson,Democratic,D,118,295,0.4,ABSENTEE; ELECTION DAY; PROVISIONAL,no
2018,Indiana,9,US House,Lawrence,18093,Lawrence,Shawswick 5A,Trey Hollingsworth,Republican,R,177,295,0.6,ABSENTEE; ELECTION DAY; PROVISIONAL,no
2018,Indiana,9,US House,Lawrence,18093,Lawrence,Shawswick 5B,Liz Watson,Democratic,D,86,310,0.277419,ABSENTEE; ELECTION DAY; PROVISIONAL,no
2018,Indiana,9,US House,Lawrence,18093,Lawrence,Shawswick 5B,Trey Hollingsworth,Republican,R,224,310,0.722581,ABSENTEE; ELECTION DAY; PROVISIONAL,no
2018,Indiana,9,US House,Lawrence,18093,Lawrence,Shawswick 6,Liz Watson,Democratic,D,105,253,0.41502,ABSENTEE; ELECTION DAY; PROVISIONAL,no
2018,Indiana,9,US House,Lawrence,18093,Lawrence,Shawswick 6,Trey Hollingsworth,Republican,R,148,253,0.58498,ABSENTEE; ELECTION DAY; PROVISIONAL,no
2018,Indiana,9,US House,Lawrence,18093,Lawrence,Shawswick 7A,Liz Watson,Democratic,D,67,203,0.330049,ABSENTEE; ELECTION DAY; PROVISIONAL,no
2018,Indiana,9,US House,Lawrence,18093,Lawrence,Shawswick 7A,Trey Hollingsworth,Republican,R,136,203,0.669951,ABSENTEE; ELECTION DAY; PROVISIONAL,no
2018,Indiana,9,US House,Lawrence,18093,Lawrence,Shawswick 7B,Liz Watson,Democratic,D,153,397,0.38539,ABSENTEE; ELECTION DAY; PROVISIONAL,no
2018,Indiana,9,US House,Lawrence,18093,Lawrence,Shawswick 7B,Trey Hollingsworth,Republican,R,244,397,0.61461,ABSENTEE; ELECTION DAY; PROVISIONAL,no
2018,Indiana,9,US House,Lawrence,18093,Lawrence,Shawswick 8,Liz Watson,Democratic,D,162,345,0.469565,ABSENTEE; ELECTION DAY; PROVISIONAL,no
2018,Indiana,9,US House,Lawrence,18093,Lawrence,Shawswick 8,Trey Hollingsworth,Republican,R,183,345,0.530435,ABSENTEE; ELECTION DAY; PROVISIONAL,no
2018,Indiana,9,US House,Lawrence,18093,Lawrence,Shawswick 9,Liz Watson,Democratic,D,88,215,0.409302,ABSENTEE; ELECTION DAY; PROVISIONAL,no
2018,Indiana,9,US House,Lawrence,18093,Lawrence,Shawswick 9,Trey Hollingsworth,Republican,R,127,215,0.590698,ABSENTEE; ELECTION DAY; PROVISIONAL,no
2018,Indiana,9,US House,Lawrence,18093,Lawrence,Spice Valley North,Liz Watson,Democratic,D,60,249,0.240964,ABSENTEE; ELECTION DAY; PROVISIONAL,no
2018,Indiana,9,US House,Lawrence,18093,Lawrence,Spice Valley North,Trey Hollingsworth,Republican,R,189,249,0.759036,ABSENTEE; ELECTION DAY; PROVISIONAL,no
2018,Indiana,9,US House,Lawrence,18093,Lawrence,Spice Valley South,Liz Watson,Democratic,D,140,545,0.256881,ABSENTEE; ELECTION DAY; PROVISIONAL,no
2018,Indiana,9,US House,Lawrence,18093,Lawrence,Spice Valley South,Trey Hollingsworth,Republican,R,405,545,0.743119,ABSENTEE; ELECTION DAY; PROVISIONAL,no
2018,Indiana,9,US House,Monroe,18105,Monroe,Bean Blossom 01,Liz Watson,Democratic,D,237,587,0.403748,ABSENTEE; EARLY; ELECTION DAY,no
2018,Indiana,9,US House,Monroe,18105,Monroe,Bean Blossom 01,Trey Hollingsworth,Republican,R,350,587,0.596252,ABSENTEE; EARLY; ELECTION DAY,no
2018,Indiana,9,US House,Monroe,18105,Monroe,Bean Blossom 02,Liz Watson,Democratic,D,236,575,0.410435,ABSENTEE; EARLY; ELECTION DAY,no
2018,Indiana,9,US House,Monroe,18105,Monroe,Bean Blossom 02,Trey Hollingsworth,Republican,R,339,575,0.589565,ABSENTEE; EARLY; ELECTION DAY,no
2018,Indiana,9,US House,Monroe,18105,Monroe,Benton 01,Liz Watson,Democratic,D,458,808,0.566832,ABSENTEE; EARLY; ELECTION DAY,no
2018,Indiana,9,US House,Monroe,18105,Monroe,Benton 01,Trey Hollingsworth,Republican,R,350,808,0.433168,ABSENTEE; EARLY; ELECTION DAY,no
2018,Indiana,9,US House,Monroe,18105,Monroe,Benton 02,Liz Watson,Democratic,D,590,863,0.683662,ABSENTEE; EARLY; ELECTION DAY,no
2018,Indiana,9,US House,Monroe,18105,Monroe,Benton 02,Trey Hollingsworth,Republican,R,273,863,0.316338,ABSENTEE; EARLY; ELECTION DAY,no
2018,Indiana,9,US House,Monroe,18105,Monroe,Bloom FED 020,Liz Watson,Democratic,D,153,161,0.950311,ABSENTEE; EARLY; ELECTION DAY,no
2018,Indiana,9,US House,Monroe,18105,Monroe,Bloom FED 020,Trey Hollingsworth,Republican,R,8,161,0.049689,ABSENTEE; EARLY; ELECTION DAY,no
2018,Indiana,9,US House,Monroe,18105,Monroe,Bloomington 01,Liz Watson,Democratic,D,182,199,0.914573,ABSENTEE; EARLY; ELECTION DAY,no
2018,Indiana,9,US House,Monroe,18105,Monroe,Bloomington 01,Trey Hollingsworth,Republican,R,17,199,0.085427,ABSENTEE; EARLY; ELECTION DAY,no
2018,Indiana,9,US House,Monroe,18105,Monroe,Bloomington 010,Liz Watson,Democratic,D,526,602,0.873754,ABSENTEE; EARLY; ELECTION DAY,no
2018,Indiana,9,US House,Monroe,18105,Monroe,Bloomington 010,Trey Hollingsworth,Republican,R,76,602,0.126246,ABSENTEE; EARLY; ELECTION DAY,no
2018,Indiana,9,US House,Monroe,18105,Monroe,Bloomington 011,Liz Watson,Democratic,D,405,655,0.618321,ABSENTEE; EARLY; ELECTION DAY,no
2018,Indiana,9,US House,Monroe,18105,Monroe,Bloomington 011,Trey Hollingsworth,Republican,R,250,655,0.381679,ABSENTEE; EARLY; ELECTION DAY,no
2018,Indiana,9,US House,Monroe,18105,Monroe,Bloomington 012,Liz Watson,Democratic,D,482,728,0.662088,ABSENTEE; EARLY; ELECTION DAY,no
2018,Indiana,9,US House,Monroe,18105,Monroe,Bloomington 012,Trey Hollingsworth,Republican,R,246,728,0.337912,ABSENTEE; EARLY; ELECTION DAY,no
2018,Indiana,9,US House,Monroe,18105,Monroe,Bloomington 013,Liz Watson,Democratic,D,501,667,0.751124,ABSENTEE; EARLY; ELECTION DAY,no
2018,Indiana,9,US House,Monroe,18105,Monroe,Bloomington 013,Trey Hollingsworth,Republican,R,166,667,0.248876,ABSENTEE; EARLY; ELECTION DAY,no
2018,Indiana,9,US House,Monroe,18105,Monroe,Bloomington 014,Liz Watson,Democratic,D,332,427,0.777518,ABSENTEE; EARLY; ELECTION DAY,no
2018,Indiana,9,US House,Monroe,18105,Monroe,Bloomington 014,Trey Hollingsworth,Republican,R,95,427,0.222482,ABSENTEE; EARLY; ELECTION DAY,no
2018,Indiana,9,US House,Monroe,18105,Monroe,Bloomington 015,Liz Watson,Democratic,D,450,734,0.613079,ABSENTEE; EARLY; ELECTION DAY,no
2018,Indiana,9,US House,Monroe,18105,Monroe,Bloomington 015,Trey Hollingsworth,Republican,R,284,734,0.386921,ABSENTEE; EARLY; ELECTION DAY,no
2018,Indiana,9,US House,Monroe,18105,Monroe,Bloomington 016,Liz Watson,Democratic,D,446,525,0.849524,ABSENTEE; EARLY; ELECTION DAY,no
2018,Indiana,9,US House,Monroe,18105,Monroe,Bloomington 016,Trey Hollingsworth,Republican,R,79,525,0.150476,ABSENTEE; EARLY; ELECTION DAY,no
2018,Indiana,9,US House,Monroe,18105,Monroe,Bloomington 017,Liz Watson,Democratic,D,515,685,0.751825,ABSENTEE; EARLY; ELECTION DAY,no
2018,Indiana,9,US House,Monroe,18105,Monroe,Bloomington 017,Trey Hollingsworth,Republican,R,170,685,0.248175,ABSENTEE; EARLY; ELECTION DAY,no
2018,Indiana,9,US House,Monroe,18105,Monroe,Bloomington 018,Liz Watson,Democratic,D,519,580,0.894828,ABSENTEE; EARLY; ELECTION DAY,no
2018,Indiana,9,US House,Monroe,18105,Monroe,Bloomington 018,Trey Hollingsworth,Republican,R,61,580,0.105172,ABSENTEE; EARLY; ELECTION DAY,no
2018,Indiana,9,US House,Monroe,18105,Monroe,Bloomington 019,Liz Watson,Democratic,D,211,229,0.921397,ABSENTEE; EARLY; ELECTION DAY,no
2018,Indiana,9,US House,Monroe,18105,Monroe,Bloomington 019,Trey Hollingsworth,Republican,R,18,229,0.078603,ABSENTEE; EARLY; ELECTION DAY,no
2018,Indiana,9,US House,Monroe,18105,Monroe,Bloomington 02,Liz Watson,Democratic,D,492,551,0.892922,ABSENTEE; EARLY; ELECTION DAY,no
2018,Indiana,9,US House,Monroe,18105,Monroe,Bloomington 02,Trey Hollingsworth,Republican,R,59,551,0.107078,ABSENTEE; EARLY; ELECTION DAY,no
2018,Indiana,9,US House,Monroe,18105,Monroe,Bloomington 020,Liz Watson,Democratic,D,335,366,0.915301,ABSENTEE; EARLY; ELECTION DAY,no
2018,Indiana,9,US House,Monroe,18105,Monroe,Bloomington 020,Trey Hollingsworth,Republican,R,31,366,0.084699,ABSENTEE; EARLY; ELECTION DAY,no
2018,Indiana,9,US House,Monroe,18105,Monroe,Bloomington 021,Liz Watson,Democratic,D,519,606,0.856436,ABSENTEE; EARLY; ELECTION DAY,no
2018,Indiana,9,US House,Monroe,18105,Monroe,Bloomington 021,Trey Hollingsworth,Republican,R,87,606,0.143564,ABSENTEE; EARLY; ELECTION DAY,no
2018,Indiana,9,US House,Monroe,18105,Monroe,Bloomington 022,Liz Watson,Democratic,D,435,520,0.836538,ABSENTEE; EARLY; ELECTION DAY,no
2018,Indiana,9,US House,Monroe,18105,Monroe,Bloomington 022,Trey Hollingsworth,Republican,R,85,520,0.163462,ABSENTEE; EARLY; ELECTION DAY,no
2018,Indiana,9,US House,Monroe,18105,Monroe,Bloomington 023,Liz Watson,Democratic,D,308,370,0.832432,ABSENTEE; EARLY; ELECTION DAY,no
2018,Indiana,9,US House,Monroe,18105,Monroe,Bloomington 023,Trey Hollingsworth,Republican,R,62,370,0.167568,ABSENTEE; EARLY; ELECTION DAY,no
2018,Indiana,9,US House,Monroe,18105,Monroe,Bloomington 024,Liz Watson,Democratic,D,113,169,0.668639,ABSENTEE; EARLY; ELECTION DAY,no
2018,Indiana,9,US House,Monroe,18105,Monroe,Bloomington 024,Trey Hollingsworth,Republican,R,56,169,0.331361,ABSENTEE; EARLY; ELECTION DAY,no
2018,Indiana,9,US House,Monroe,18105,Monroe,Bloomington 03,Liz Watson,Democratic,D,433,521,0.831094,ABSENTEE; EARLY; ELECTION DAY,no
2018,Indiana,9,US House,Monroe,18105,Monroe,Bloomington 03,Trey Hollingsworth,Republican,R,88,521,0.168906,ABSENTEE; EARLY; ELECTION DAY,no
2018,Indiana,9,US House,Monroe,18105,Monroe,Bloomington 04,Liz Watson,Democratic,D,234,251,0.932271,ABSENTEE; EARLY; ELECTION DAY,no
2018,Indiana,9,US House,Monroe,18105,Monroe,Bloomington 04,Trey Hollingsworth,Republican,R,17,251,0.067729,ABSENTEE; EARLY; ELECTION DAY,no
2018,Indiana,9,US House,Monroe,18105,Monroe,Bloomington 05,Liz Watson,Democratic,D,654,762,0.858268,ABSENTEE; EARLY; ELECTION DAY,no
2018,Indiana,9,US House,Monroe,18105,Monroe,Bloomington 05,Trey Hollingsworth,Republican,R,108,762,0.141732,ABSENTEE; EARLY; ELECTION DAY,no
2018,Indiana,9,US House,Monroe,18105,Monroe,Bloomington 06,Liz Watson,Democratic,D,658,724,0.90884,ABSENTEE; EARLY; ELECTION DAY,no
2018,Indiana,9,US House,Monroe,18105,Monroe,Bloomington 06,Trey Hollingsworth,Republican,R,66,724,0.09116,ABSENTEE; EARLY; ELECTION DAY,no
2018,Indiana,9,US House,Monroe,18105,Monroe,Bloomington 07,Liz Watson,Democratic,D,251,332,0.756024,ABSENTEE; EARLY; ELECTION DAY,no
2018,Indiana,9,US House,Monroe,18105,Monroe,Bloomington 07,Trey Hollingsworth,Republican,R,81,332,0.243976,ABSENTEE; EARLY; ELECTION DAY,no
2018,Indiana,9,US House,Monroe,18105,Monroe,Bloomington 08,Liz Watson,Democratic,D,377,419,0.899761,ABSENTEE; EARLY; ELECTION DAY,no
2018,Indiana,9,US House,Monroe,18105,Monroe,Bloomington 08,Trey Hollingsworth,Republican,R,42,419,0.100239,ABSENTEE; EARLY; ELECTION DAY,no
2018,Indiana,9,US House,Monroe,18105,Monroe,Bloomington 09,Liz Watson,Democratic,D,548,659,0.831563,ABSENTEE; EARLY; ELECTION DAY,no
2018,Indiana,9,US House,Monroe,18105,Monroe,Bloomington 09,Trey Hollingsworth,Republican,R,111,659,0.168437,ABSENTEE; EARLY; ELECTION DAY,no
2018,Indiana,9,US House,Monroe,18105,Monroe,Clear Creek 01,Liz Watson,Democratic,D,394,865,0.455491,ABSENTEE; EARLY; ELECTION DAY,no
2018,Indiana,9,US House,Monroe,18105,Monroe,Clear Creek 01,Trey Hollingsworth,Republican,R,471,865,0.544509,ABSENTEE; EARLY; ELECTION DAY,no
2018,Indiana,9,US House,Monroe,18105,Monroe,Clear Creek 02,Liz Watson,Democratic,D,271,568,0.477113,ABSENTEE; EARLY; ELECTION DAY,no
2018,Indiana,9,US House,Monroe,18105,Monroe,Clear Creek 02,Trey Hollingsworth,Republican,R,297,568,0.522887,ABSENTEE; EARLY; ELECTION DAY,no
2018,Indiana,9,US House,Monroe,18105,Monroe,Clear Creek 03,Liz Watson,Democratic,D,423,831,0.509025,ABSENTEE; EARLY; ELECTION DAY,no
2018,Indiana,9,US House,Monroe,18105,Monroe,Clear Creek 03,Trey Hollingsworth,Republican,R,408,831,0.490975,ABSENTEE; EARLY; ELECTION DAY,no
2018,Indiana,9,US House,Monroe,18105,Monroe,Indian Creek,Liz Watson,Democratic,D,285,613,0.464927,ABSENTEE; EARLY; ELECTION DAY,no
2018,Indiana,9,US House,Monroe,18105,Monroe,Indian Creek,Trey Hollingsworth,Republican,R,328,613,0.535073,ABSENTEE; EARLY; ELECTION DAY,no
2018,Indiana,9,US House,Monroe,18105,Monroe,Perry 01,Liz Watson,Democratic,D,491,562,0.873665,ABSENTEE; EARLY; ELECTION DAY,no
2018,Indiana,9,US House,Monroe,18105,Monroe,Perry 01,Trey Hollingsworth,Republican,R,71,562,0.126335,ABSENTEE; EARLY; ELECTION DAY,no
2018,Indiana,9,US House,Monroe,18105,Monroe,Perry 010,Liz Watson,Democratic,D,468,648,0.722222,ABSENTEE; EARLY; ELECTION DAY,no
2018,Indiana,9,US House,Monroe,18105,Monroe,Perry 010,Trey Hollingsworth,Republican,R,180,648,0.277778,ABSENTEE; EARLY; ELECTION DAY,no
2018,Indiana,9,US House,Monroe,18105,Monroe,Perry 011,Liz Watson,Democratic,D,527,744,0.708333,ABSENTEE; EARLY; ELECTION DAY,no
2018,Indiana,9,US House,Monroe,18105,Monroe,Perry 011,Trey Hollingsworth,Republican,R,217,744,0.291667,ABSENTEE; EARLY; ELECTION DAY,no
2018,Indiana,9,US House,Monroe,18105,Monroe,Perry 012,Liz Watson,Democratic,D,524,715,0.732867,ABSENTEE; EARLY; ELECTION DAY,no
2018,Indiana,9,US House,Monroe,18105,Monroe,Perry 012,Trey Hollingsworth,Republican,R,191,715,0.267133,ABSENTEE; EARLY; ELECTION DAY,no
2018,Indiana,9,US House,Monroe,18105,Monroe,Perry 013,Liz Watson,Democratic,D,424,583,0.727273,ABSENTEE; EARLY; ELECTION DAY,no
2018,Indiana,9,US House,Monroe,18105,Monroe,Perry 013,Trey Hollingsworth,Republican,R,159,583,0.272727,ABSENTEE; EARLY; ELECTION DAY,no
2018,Indiana,9,US House,Monroe,18105,Monroe,Perry 014,Liz Watson,Democratic,D,566,684,0.827485,ABSENTEE; EARLY; ELECTION DAY,no
2018,Indiana,9,US House,Monroe,18105,Monroe,Perry 014,Trey Hollingsworth,Republican,R,118,684,0.172515,ABSENTEE; EARLY; ELECTION DAY,no
2018,Indiana,9,US House,Monroe,18105,Monroe,Perry 015,Liz Watson,Democratic,D,472,525,0.899048,ABSENTEE; EARLY; ELECTION DAY,no
2018,Indiana,9,US House,Monroe,18105,Monroe,Perry 015,Trey Hollingsworth,Republican,R,53,525,0.100952,ABSENTEE; EARLY; ELECTION DAY,no
2018,Indiana,9,US House,Monroe,18105,Monroe,Perry 016,Liz Watson,Democratic,D,701,764,0.917539,ABSENTEE; EARLY; ELECTION DAY,no
2018,Indiana,9,US House,Monroe,18105,Monroe,Perry 016,Trey Hollingsworth,Republican,R,63,764,0.082461,ABSENTEE; EARLY; ELECTION DAY,no
2018,Indiana,9,US House,Monroe,18105,Monroe,Perry 017,Liz Watson,Democratic,D,555,691,0.803184,ABSENTEE; EARLY; ELECTION DAY,no
2018,Indiana,9,US House,Monroe,18105,Monroe,Perry 017,Trey Hollingsworth,Republican,R,136,691,0.196816,ABSENTEE; EARLY; ELECTION DAY,no
2018,Indiana,9,US House,Monroe,18105,Monroe,Perry 018,Liz Watson,Democratic,D,679,800,0.84875,ABSENTEE; EARLY; ELECTION DAY,no
2018,Indiana,9,US House,Monroe,18105,Monroe,Perry 018,Trey Hollingsworth,Republican,R,121,800,0.15125,ABSENTEE; EARLY; ELECTION DAY,no
2018,Indiana,9,US House,Monroe,18105,Monroe,Perry 019,Liz Watson,Democratic,D,512,739,0.692828,ABSENTEE; EARLY; ELECTION DAY,no
2018,Indiana,9,US House,Monroe,18105,Monroe,Perry 019,Trey Hollingsworth,Republican,R,227,739,0.307172,ABSENTEE; EARLY; ELECTION DAY,no
2018,Indiana,9,US House,Monroe,18105,Monroe,Perry 02,Liz Watson,Democratic,D,407,559,0.728086,ABSENTEE; EARLY; ELECTION DAY,no
2018,Indiana,9,US House,Monroe,18105,Monroe,Perry 02,Trey Hollingsworth,Republican,R,152,559,0.271914,ABSENTEE; EARLY; ELECTION DAY,no
2018,Indiana,9,US House,Monroe,18105,Monroe,Perry 020,Liz Watson,Democratic,D,401,482,0.83195,ABSENTEE; EARLY; ELECTION DAY,no
2018,Indiana,9,US House,Monroe,18105,Monroe,Perry 020,Trey Hollingsworth,Republican,R,81,482,0.16805,ABSENTEE; EARLY; ELECTION DAY,no
2018,Indiana,9,US House,Monroe,18105,Monroe,Perry 021,Liz Watson,Democratic,D,762,1064,0.716165,ABSENTEE; EARLY; ELECTION DAY,no
2018,Indiana,9,US House,Monroe,18105,Monroe,Perry 021,Trey Hollingsworth,Republican,R,302,1064,0.283835,ABSENTEE; EARLY; ELECTION DAY,no
2018,Indiana,9,US House,Monroe,18105,Monroe,Perry 022,Liz Watson,Democratic,D,548,765,0.71634,ABSENTEE; EARLY; ELECTION DAY,no
2018,Indiana,9,US House,Monroe,18105,Monroe,Perry 022,Trey Hollingsworth,Republican,R,217,765,0.28366,ABSENTEE; EARLY; ELECTION DAY,no
2018,Indiana,9,US House,Monroe,18105,Monroe,Perry 023,Liz Watson,Democratic,D,619,1114,0.555655,ABSENTEE; EARLY; ELECTION DAY,no
2018,Indiana,9,US House,Monroe,18105,Monroe,Perry 023,Trey Hollingsworth,Republican,R,495,1114,0.444345,ABSENTEE; EARLY; ELECTION DAY,no
2018,Indiana,9,US House,Monroe,18105,Monroe,Perry 024,Liz Watson,Democratic,D,392,801,0.489388,ABSENTEE; EARLY; ELECTION DAY,no
2018,Indiana,9,US House,Monroe,18105,Monroe,Perry 024,Trey Hollingsworth,Republican,R,409,801,0.510612,ABSENTEE; EARLY; ELECTION DAY,no
2018,Indiana,9,US House,Monroe,18105,Monroe,Perry 025,Liz Watson,Democratic,D,350,670,0.522388,ABSENTEE; EARLY; ELECTION DAY,no
2018,Indiana,9,US House,Monroe,18105,Monroe,Perry 025,Trey Hollingsworth,Republican,R,320,670,0.477612,ABSENTEE; EARLY; ELECTION DAY,no
2018,Indiana,9,US House,Monroe,18105,Monroe,Perry 026,Liz Watson,Democratic,D,586,772,0.759067,ABSENTEE; EARLY; ELECTION DAY,no
2018,Indiana,9,US House,Monroe,18105,Monroe,Perry 026,Trey Hollingsworth,Republican,R,186,772,0.240933,ABSENTEE; EARLY; ELECTION DAY,no
2018,Indiana,9,US House,Monroe,18105,Monroe,Perry 027,Liz Watson,Democratic,D,617,1003,0.615155,ABSENTEE; EARLY; ELECTION DAY,no
2018,Indiana,9,US House,Monroe,18105,Monroe,Perry 027,Trey Hollingsworth,Republican,R,386,1003,0.384845,ABSENTEE; EARLY; ELECTION DAY,no
2018,Indiana,9,US House,Monroe,18105,Monroe,Perry 028,Liz Watson,Democratic,D,66,83,0.795181,ABSENTEE; EARLY; ELECTION DAY,no
2018,Indiana,9,US House,Monroe,18105,Monroe,Perry 028,Trey Hollingsworth,Republican,R,17,83,0.204819,ABSENTEE; EARLY; ELECTION DAY,no
2018,Indiana,9,US House,Monroe,18105,Monroe,Perry 029,Liz Watson,Democratic,D,401,494,0.811741,ABSENTEE; EARLY; ELECTION DAY,no
2018,Indiana,9,US House,Monroe,18105,Monroe,Perry 029,Trey Hollingsworth,Republican,R,93,494,0.188259,ABSENTEE; EARLY; ELECTION DAY,no
2018,Indiana,9,US House,Monroe,18105,Monroe,Perry 03,Liz Watson,Democratic,D,527,667,0.790105,ABSENTEE; EARLY; ELECTION DAY,no
2018,Indiana,9,US House,Monroe,18105,Monroe,Perry 03,Trey Hollingsworth,Republican,R,140,667,0.209895,ABSENTEE; EARLY; ELECTION DAY,no
2018,Indiana,9,US House,Monroe,18105,Monroe,Perry 030,Liz Watson,Democratic,D,430,472,0.911017,ABSENTEE; EARLY; ELECTION DAY,no
2018,Indiana,9,US House,Monroe,18105,Monroe,Perry 030,Trey Hollingsworth,Republican,R,42,472,0.088983,ABSENTEE; EARLY; ELECTION DAY,no
2018,Indiana,9,US House,Monroe,18105,Monroe,Perry 031,Liz Watson,Democratic,D,609,660,0.922727,ABSENTEE; EARLY; ELECTION DAY,no
2018,Indiana,9,US House,Monroe,18105,Monroe,Perry 031,Trey Hollingsworth,Republican,R,51,660,0.077273,ABSENTEE; EARLY; ELECTION DAY,no
2018,Indiana,9,US House,Monroe,18105,Monroe,Perry 032,Liz Watson,Democratic,D,523,616,0.849026,ABSENTEE; EARLY; ELECTION DAY,no
2018,Indiana,9,US House,Monroe,18105,Monroe,Perry 032,Trey Hollingsworth,Republican,R,93,616,0.150974,ABSENTEE; EARLY; ELECTION DAY,no
2018,Indiana,9,US House,Monroe,18105,Monroe,Perry 04,Liz Watson,Democratic,D,521,778,0.669666,ABSENTEE; EARLY; ELECTION DAY,no
2018,Indiana,9,US House,Monroe,18105,Monroe,Perry 04,Trey Hollingsworth,Republican,R,257,778,0.330334,ABSENTEE; EARLY; ELECTION DAY,no
2018,Indiana,9,US House,Monroe,18105,Monroe,Perry 05,Liz Watson,Democratic,D,646,914,0.706783,ABSENTEE; EARLY; ELECTION DAY,no
2018,Indiana,9,US House,Monroe,18105,Monroe,Perry 05,Trey Hollingsworth,Republican,R,268,914,0.293217,ABSENTEE; EARLY; ELECTION DAY,no
2018,Indiana,9,US House,Monroe,18105,Monroe,Perry 06,Liz Watson,Democratic,D,410,458,0.895197,ABSENTEE; EARLY; ELECTION DAY,no
2018,Indiana,9,US House,Monroe,18105,Monroe,Perry 06,Trey Hollingsworth,Republican,R,48,458,0.104803,ABSENTEE; EARLY; ELECTION DAY,no
2018,Indiana,9,US House,Monroe,18105,Monroe,Perry 07,Liz Watson,Democratic,D,282,317,0.88959,ABSENTEE; EARLY; ELECTION DAY,no
2018,Indiana,9,US House,Monroe,18105,Monroe,Perry 07,Trey Hollingsworth,Republican,R,35,317,0.11041,ABSENTEE; EARLY; ELECTION DAY,no
2018,Indiana,9,US House,Monroe,18105,Monroe,Perry 08,Liz Watson,Democratic,D,683,736,0.927989,ABSENTEE; EARLY; ELECTION DAY,no
2018,Indiana,9,US House,Monroe,18105,Monroe,Perry 08,Trey Hollingsworth,Republican,R,53,736,0.072011,ABSENTEE; EARLY; ELECTION DAY,no
2018,Indiana,9,US House,Monroe,18105,Monroe,Perry 09,Liz Watson,Democratic,D,520,668,0.778443,ABSENTEE; EARLY; ELECTION DAY,no
2018,Indiana,9,US House,Monroe,18105,Monroe,Perry 09,Trey Hollingsworth,Republican,R,148,668,0.221557,ABSENTEE; EARLY; ELECTION DAY,no
2018,Indiana,9,US House,Monroe,18105,Monroe,Polk,Liz Watson,Democratic,D,64,133,0.481203,ABSENTEE; EARLY; ELECTION DAY,no
2018,Indiana,9,US House,Monroe,18105,Monroe,Polk,Trey Hollingsworth,Republican,R,69,133,0.518797,ABSENTEE; EARLY; ELECTION DAY,no
2018,Indiana,9,US House,Monroe,18105,Monroe,Richland 01,Liz Watson,Democratic,D,395,711,0.555556,ABSENTEE; EARLY; ELECTION DAY,no
2018,Indiana,9,US House,Monroe,18105,Monroe,Richland 01,Trey Hollingsworth,Republican,R,316,711,0.444444,ABSENTEE; EARLY; ELECTION DAY,no
2018,Indiana,9,US House,Monroe,18105,Monroe,Richland 02,Liz Watson,Democratic,D,350,686,0.510204,ABSENTEE; EARLY; ELECTION DAY,no
2018,Indiana,9,US House,Monroe,18105,Monroe,Richland 02,Trey Hollingsworth,Republican,R,336,686,0.489796,ABSENTEE; EARLY; ELECTION DAY,no
2018,Indiana,9,US House,Monroe,18105,Monroe,Richland 03,Liz Watson,Democratic,D,207,458,0.451965,ABSENTEE; EARLY; ELECTION DAY,no
2018,Indiana,9,US House,Monroe,18105,Monroe,Richland 03,Trey Hollingsworth,Republican,R,251,458,0.548035,ABSENTEE; EARLY; ELECTION DAY,no
2018,Indiana,9,US House,Monroe,18105,Monroe,Richland 04,Liz Watson,Democratic,D,480,907,0.529217,ABSENTEE; EARLY; ELECTION DAY,no
2018,Indiana,9,US House,Monroe,18105,Monroe,Richland 04,Trey Hollingsworth,Republican,R,427,907,0.470783,ABSENTEE; EARLY; ELECTION DAY,no
2018,Indiana,9,US House,Monroe,18105,Monroe,Richland 05,Liz Watson,Democratic,D,286,606,0.471947,ABSENTEE; EARLY; ELECTION DAY,no
2018,Indiana,9,US House,Monroe,18105,Monroe,Richland 05,Trey Hollingsworth,Republican,R,320,606,0.528053,ABSENTEE; EARLY; ELECTION DAY,no
2018,Indiana,9,US House,Monroe,18105,Monroe,Richland 06,Liz Watson,Democratic,D,246,650,0.378462,ABSENTEE; EARLY; ELECTION DAY,no
2018,Indiana,9,US House,Monroe,18105,Monroe,Richland 06,Trey Hollingsworth,Republican,R,404,650,0.621538,ABSENTEE; EARLY; ELECTION DAY,no
2018,Indiana,9,US House,Monroe,18105,Monroe,Richland 07,Liz Watson,Democratic,D,456,849,0.537102,ABSENTEE; EARLY; ELECTION DAY,no
2018,Indiana,9,US House,Monroe,18105,Monroe,Richland 07,Trey Hollingsworth,Republican,R,393,849,0.462898,ABSENTEE; EARLY; ELECTION DAY,no
2018,Indiana,9,US House,Monroe,18105,Monroe,Richland 08,Liz Watson,Democratic,D,462,858,0.538462,ABSENTEE; EARLY; ELECTION DAY,no
2018,Indiana,9,US House,Monroe,18105,Monroe,Richland 08,Trey Hollingsworth,Republican,R,396,858,0.461538,ABSENTEE; EARLY; ELECTION DAY,no
2018,Indiana,9,US House,Monroe,18105,Monroe,Richland 09,Liz Watson,Democratic,D,2,2,1.0,ABSENTEE; EARLY; ELECTION DAY,no
2018,Indiana,9,US House,Monroe,18105,Monroe,Richland 09,Trey Hollingsworth,Republican,R,0,2,0.0,ABSENTEE; EARLY; ELECTION DAY,no
2018,Indiana,9,US House,Monroe,18105,Monroe,Salt Creek,Liz Watson,Democratic,D,567,862,0.657773,ABSENTEE; EARLY; ELECTION DAY,no
2018,Indiana,9,US House,Monroe,18105,Monroe,Salt Creek,Trey Hollingsworth,Republican,R,295,862,0.342227,ABSENTEE; EARLY; ELECTION DAY,no
2018,Indiana,9,US House,Monroe,18105,Monroe,Van Buren 01,Liz Watson,Democratic,D,630,1062,0.59322,ABSENTEE; EARLY; ELECTION DAY,no
2018,Indiana,9,US House,Monroe,18105,Monroe,Van Buren 01,Trey Hollingsworth,Republican,R,432,1062,0.40678,ABSENTEE; EARLY; ELECTION DAY,no
2018,Indiana,9,US House,Monroe,18105,Monroe,Van Buren 02,Liz Watson,Democratic,D,246,412,0.597087,ABSENTEE; EARLY; ELECTION DAY,no
2018,Indiana,9,US House,Monroe,18105,Monroe,Van Buren 02,Trey Hollingsworth,Republican,R,166,412,0.402913,ABSENTEE; EARLY; ELECTION DAY,no
2018,Indiana,9,US House,Monroe,18105,Monroe,Van Buren 03,Liz Watson,Democratic,D,456,737,0.618725,ABSENTEE; EARLY; ELECTION DAY,no
2018,Indiana,9,US House,Monroe,18105,Monroe,Van Buren 03,Trey Hollingsworth,Republican,R,281,737,0.381275,ABSENTEE; EARLY; ELECTION DAY,no
2018,Indiana,9,US House,Monroe,18105,Monroe,Van Buren 04,Liz Watson,Democratic,D,317,756,0.419312,ABSENTEE; EARLY; ELECTION DAY,no
2018,Indiana,9,US House,Monroe,18105,Monroe,Van Buren 04,Trey Hollingsworth,Republican,R,439,756,0.580688,ABSENTEE; EARLY; ELECTION DAY,no
2018,Indiana,9,US House,Monroe,18105,Monroe,Van Buren 05,Liz Watson,Democratic,D,304,675,0.45037,ABSENTEE; EARLY; ELECTION DAY,no
2018,Indiana,9,US House,Monroe,18105,Monroe,Van Buren 05,Trey Hollingsworth,Republican,R,371,675,0.54963,ABSENTEE; EARLY; ELECTION DAY,no
2018,Indiana,9,US House,Monroe,18105,Monroe,Van Buren 06,Liz Watson,Democratic,D,441,771,0.571984,ABSENTEE; EARLY; ELECTION DAY,no
2018,Indiana,9,US House,Monroe,18105,Monroe,Van Buren 06,Trey Hollingsworth,Republican,R,330,771,0.428016,ABSENTEE; EARLY; ELECTION DAY,no
2018,Indiana,9,US House,Monroe,18105,Monroe,Washington,Liz Watson,Democratic,D,478,953,0.501574,ABSENTEE; EARLY; ELECTION DAY,no
2018,Indiana,9,US House,Monroe,18105,Monroe,Washington,Trey Hollingsworth,Republican,R,475,953,0.498426,ABSENTEE; EARLY; ELECTION DAY,no
2018,Indiana,9,US House,Morgan,18109,Morgan,ASHLAND 2,Liz Watson,Democratic,D,45,260,0.173077,ABSENTEE; ELECTION DAY; PROVISIONAL,no
2018,Indiana,9,US House,Morgan,18109,Morgan,ASHLAND 2,Trey Hollingsworth,Republican,R,215,260,0.826923,ABSENTEE; ELECTION DAY; PROVISIONAL,no
2018,Indiana,9,US House,Morgan,18109,Morgan,BAKER,Liz Watson,Democratic,D,58,285,0.203509,ABSENTEE; ELECTION DAY; PROVISIONAL,no
2018,Indiana,9,US House,Morgan,18109,Morgan,BAKER,Trey Hollingsworth,Republican,R,227,285,0.796491,ABSENTEE; ELECTION DAY; PROVISIONAL,no
2018,Indiana,9,US House,Morgan,18109,Morgan,CLAY 1,Liz Watson,Democratic,D,119,502,0.237052,ABSENTEE; ELECTION DAY; PROVISIONAL,no
2018,Indiana,9,US House,Morgan,18109,Morgan,CLAY 1,Trey Hollingsworth,Republican,R,383,502,0.762948,ABSENTEE; ELECTION DAY; PROVISIONAL,no
2018,Indiana,9,US House,Morgan,18109,Morgan,CLAY 2,Liz Watson,Democratic,D,147,462,0.318182,ABSENTEE; ELECTION DAY; PROVISIONAL,no
2018,Indiana,9,US House,Morgan,18109,Morgan,CLAY 2,Trey Hollingsworth,Republican,R,315,462,0.681818,ABSENTEE; ELECTION DAY; PROVISIONAL,no
2018,Indiana,9,US House,Morgan,18109,Morgan,CLAY 3,Liz Watson,Democratic,D,150,478,0.313808,ABSENTEE; ELECTION DAY; PROVISIONAL,no
2018,Indiana,9,US House,Morgan,18109,Morgan,CLAY 3,Trey Hollingsworth,Republican,R,328,478,0.686192,ABSENTEE; ELECTION DAY; PROVISIONAL,no
2018,Indiana,9,US House,Morgan,18109,Morgan,GREEN 1,Liz Watson,Democratic,D,167,659,0.253414,ABSENTEE; ELECTION DAY; PROVISIONAL,no
2018,Indiana,9,US House,Morgan,18109,Morgan,GREEN 1,Trey Hollingsworth,Republican,R,492,659,0.746586,ABSENTEE; ELECTION DAY; PROVISIONAL,no
2018,Indiana,9,US House,Morgan,18109,Morgan,GREEN 2,Liz Watson,Democratic,D,206,780,0.264103,ABSENTEE; ELECTION DAY; PROVISIONAL,no
2018,Indiana,9,US House,Morgan,18109,Morgan,GREEN 2,Trey Hollingsworth,Republican,R,574,780,0.735897,ABSENTEE; ELECTION DAY; PROVISIONAL,no
2018,Indiana,9,US House,Morgan,18109,Morgan,HARRISON,Liz Watson,Democratic,D,147,593,0.247892,ABSENTEE; ELECTION DAY; PROVISIONAL,no
2018,Indiana,9,US House,Morgan,18109,Morgan,HARRISON,Trey Hollingsworth,Republican,R,446,593,0.752108,ABSENTEE; ELECTION DAY; PROVISIONAL,no
2018,Indiana,9,US House,Morgan,18109,Morgan,JACKSON 1,Liz Watson,Democratic,D,124,523,0.237094,ABSENTEE; ELECTION DAY; PROVISIONAL,no
2018,Indiana,9,US House,Morgan,18109,Morgan,JACKSON 1,Trey Hollingsworth,Republican,R,399,523,0.762906,ABSENTEE; ELECTION DAY; PROVISIONAL,no
2018,Indiana,9,US House,Morgan,18109,Morgan,JACKSON 2,Liz Watson,Democratic,D,117,575,0.203478,ABSENTEE; ELECTION DAY; PROVISIONAL,no
2018,Indiana,9,US House,Morgan,18109,Morgan,JACKSON 2,Trey Hollingsworth,Republican,R,458,575,0.796522,ABSENTEE; ELECTION DAY; PROVISIONAL,no
2018,Indiana,9,US House,Morgan,18109,Morgan,JACKSON 3,Liz Watson,Democratic,D,107,362,0.29558,ABSENTEE; ELECTION DAY; PROVISIONAL,no
2018,Indiana,9,US House,Morgan,18109,Morgan,JACKSON 3,Trey Hollingsworth,Republican,R,255,362,0.70442,ABSENTEE; ELECTION DAY; PROVISIONAL,no
2018,Indiana,9,US House,Morgan,18109,Morgan,JEFFERSON 1,Liz Watson,Democratic,D,124,441,0.281179,ABSENTEE; ELECTION DAY; PROVISIONAL,no
2018,Indiana,9,US House,Morgan,18109,Morgan,JEFFERSON 1,Trey Hollingsworth,Republican,R,317,441,0.718821,ABSENTEE; ELECTION DAY; PROVISIONAL,no
2018,Indiana,9,US House,Morgan,18109,Morgan,JEFFERSON 2,Liz Watson,Democratic,D,117,418,0.279904,ABSENTEE; ELECTION DAY; PROVISIONAL,no
2018,Indiana,9,US House,Morgan,18109,Morgan,JEFFERSON 2,Trey Hollingsworth,Republican,R,301,418,0.720096,ABSENTEE; ELECTION DAY; PROVISIONAL,no
2018,Indiana,9,US House,Morgan,18109,Morgan,JEFFERSON 3,Liz Watson,Democratic,D,135,475,0.284211,ABSENTEE; ELECTION DAY; PROVISIONAL,no
2018,Indiana,9,US House,Morgan,18109,Morgan,JEFFERSON 3,Trey Hollingsworth,Republican,R,340,475,0.715789,ABSENTEE; ELECTION DAY; PROVISIONAL,no
2018,Indiana,9,US House,Morgan,18109,Morgan,MADISON 1,Liz Watson,Democratic,D,185,693,0.266955,ABSENTEE; ELECTION DAY; PROVISIONAL,no
2018,Indiana,9,US House,Morgan,18109,Morgan,MADISON 1,Trey Hollingsworth,Republican,R,508,693,0.733045,ABSENTEE; ELECTION DAY; PROVISIONAL,no
2018,Indiana,9,US House,Morgan,18109,Morgan,MADISON 2,Liz Watson,Democratic,D,174,711,0.244726,ABSENTEE; ELECTION DAY; PROVISIONAL,no
2018,Indiana,9,US House,Morgan,18109,Morgan,MADISON 2,Trey Hollingsworth,Republican,R,537,711,0.755274,ABSENTEE; ELECTION DAY; PROVISIONAL,no
2018,Indiana,9,US House,Morgan,18109,Morgan,MADISON 3,Liz Watson,Democratic,D,147,561,0.262032,ABSENTEE; ELECTION DAY; PROVISIONAL,no
2018,Indiana,9,US House,Morgan,18109,Morgan,MADISON 3,Trey Hollingsworth,Republican,R,414,561,0.737968,ABSENTEE; ELECTION DAY; PROVISIONAL,no
2018,Indiana,9,US House,Morgan,18109,Morgan,MADISON 4,Liz Watson,Democratic,D,190,649,0.292758,ABSENTEE; ELECTION DAY; PROVISIONAL,no
2018,Indiana,9,US House,Morgan,18109,Morgan,MADISON 4,Trey Hollingsworth,Republican,R,459,649,0.707242,ABSENTEE; ELECTION DAY; PROVISIONAL,no
2018,Indiana,9,US House,Morgan,18109,Morgan,MADISON 5,Liz Watson,Democratic,D,125,405,0.308642,ABSENTEE; ELECTION DAY; PROVISIONAL,no
2018,Indiana,9,US House,Morgan,18109,Morgan,MADISON 5,Trey Hollingsworth,Republican,R,280,405,0.691358,ABSENTEE; ELECTION DAY; PROVISIONAL,no
2018,Indiana,9,US House,Morgan,18109,Morgan,MADISON 6,Liz Watson,Democratic,D,215,603,0.356551,ABSENTEE; ELECTION DAY; PROVISIONAL,no
2018,Indiana,9,US House,Morgan,18109,Morgan,MADISON 6,Trey Hollingsworth,Republican,R,388,603,0.643449,ABSENTEE; ELECTION DAY; PROVISIONAL,no
2018,Indiana,9,US House,Morgan,18109,Morgan,RAY 1,Liz Watson,Democratic,D,54,254,0.212598,ABSENTEE; ELECTION DAY; PROVISIONAL,no
2018,Indiana,9,US House,Morgan,18109,Morgan,RAY 1,Trey Hollingsworth,Republican,R,200,254,0.787402,ABSENTEE; ELECTION DAY; PROVISIONAL,no
2018,Indiana,9,US House,Morgan,18109,Morgan,RAY 2,Liz Watson,Democratic,D,51,231,0.220779,ABSENTEE; ELECTION DAY; PROVISIONAL,no
2018,Indiana,9,US House,Morgan,18109,Morgan,RAY 2,Trey Hollingsworth,Republican,R,180,231,0.779221,ABSENTEE; ELECTION DAY; PROVISIONAL,no
2018,Indiana,9,US House,Morgan,18109,Morgan,WASHINGTON 1,Liz Watson,Democratic,D,78,319,0.244514,ABSENTEE; ELECTION DAY; PROVISIONAL,no
2018,Indiana,9,US House,Morgan,18109,Morgan,WASHINGTON 1,Trey Hollingsworth,Republican,R,241,319,0.755486,ABSENTEE; ELECTION DAY; PROVISIONAL,no
2018,Indiana,9,US House,Morgan,18109,Morgan,WASHINGTON 10,Liz Watson,Democratic,D,83,325,0.255385,ABSENTEE; ELECTION DAY; PROVISIONAL,no
2018,Indiana,9,US House,Morgan,18109,Morgan,WASHINGTON 10,Trey Hollingsworth,Republican,R,242,325,0.744615,ABSENTEE; ELECTION DAY; PROVISIONAL,no
2018,Indiana,9,US House,Morgan,18109,Morgan,WASHINGTON 11,Liz Watson,Democratic,D,157,493,0.318458,ABSENTEE; ELECTION DAY; PROVISIONAL,no
2018,Indiana,9,US House,Morgan,18109,Morgan,WASHINGTON 11,Trey Hollingsworth,Republican,R,336,493,0.681542,ABSENTEE; ELECTION DAY; PROVISIONAL,no
2018,Indiana,9,US House,Morgan,18109,Morgan,WASHINGTON 12,Liz Watson,Democratic,D,106,355,0.298592,ABSENTEE; ELECTION DAY; PROVISIONAL,no
2018,Indiana,9,US House,Morgan,18109,Morgan,WASHINGTON 12,Trey Hollingsworth,Republican,R,249,355,0.701408,ABSENTEE; ELECTION DAY; PROVISIONAL,no
2018,Indiana,9,US House,Morgan,18109,Morgan,WASHINGTON 13,Liz Watson,Democratic,D,125,460,0.271739,ABSENTEE; ELECTION DAY; PROVISIONAL,no
2018,Indiana,9,US House,Morgan,18109,Morgan,WASHINGTON 13,Trey Hollingsworth,Republican,R,335,460,0.728261,ABSENTEE; ELECTION DAY; PROVISIONAL,no
2018,Indiana,9,US House,Morgan,18109,Morgan,WASHINGTON 14,Liz Watson,Democratic,D,140,508,0.275591,ABSENTEE; ELECTION DAY; PROVISIONAL,no
2018,Indiana,9,US House,Morgan,18109,Morgan,WASHINGTON 14,Trey Hollingsworth,Republican,R,368,508,0.724409,ABSENTEE; ELECTION DAY; PROVISIONAL,no
2018,Indiana,9,US House,Morgan,18109,Morgan,WASHINGTON 2,Liz Watson,Democratic,D,116,468,0.247863,ABSENTEE; ELECTION DAY; PROVISIONAL,no
2018,Indiana,9,US House,Morgan,18109,Morgan,WASHINGTON 2,Trey Hollingsworth,Republican,R,352,468,0.752137,ABSENTEE; ELECTION DAY; PROVISIONAL,no
2018,Indiana,9,US House,Morgan,18109,Morgan,WASHINGTON 3,Liz Watson,Democratic,D,70,227,0.30837,ABSENTEE; ELECTION DAY; PROVISIONAL,no
2018,Indiana,9,US House,Morgan,18109,Morgan,WASHINGTON 3,Trey Hollingsworth,Republican,R,157,227,0.69163,ABSENTEE; ELECTION DAY; PROVISIONAL,no
2018,Indiana,9,US House,Morgan,18109,Morgan,WASHINGTON 4,Liz Watson,Democratic,D,116,346,0.33526,ABSENTEE; ELECTION DAY; PROVISIONAL,no
2018,Indiana,9,US House,Morgan,18109,Morgan,WASHINGTON 4,Trey Hollingsworth,Republican,R,230,346,0.66474,ABSENTEE; ELECTION DAY; PROVISIONAL,no
2018,Indiana,9,US House,Morgan,18109,Morgan,WASHINGTON 5,Liz Watson,Democratic,D,85,360,0.236111,ABSENTEE; ELECTION DAY; PROVISIONAL,no
2018,Indiana,9,US House,Morgan,18109,Morgan,WASHINGTON 5,Trey Hollingsworth,Republican,R,275,360,0.763889,ABSENTEE; ELECTION DAY; PROVISIONAL,no
2018,Indiana,9,US House,Morgan,18109,Morgan,WASHINGTON 6,Liz Watson,Democratic,D,132,418,0.315789,ABSENTEE; ELECTION DAY; PROVISIONAL,no
2018,Indiana,9,US House,Morgan,18109,Morgan,WASHINGTON 6,Trey Hollingsworth,Republican,R,286,418,0.684211,ABSENTEE; ELECTION DAY; PROVISIONAL,no
2018,Indiana,9,US House,Morgan,18109,Morgan,WASHINGTON 7,Liz Watson,Democratic,D,145,514,0.282101,ABSENTEE; ELECTION DAY; PROVISIONAL,no
2018,Indiana,9,US House,Morgan,18109,Morgan,WASHINGTON 7,Trey Hollingsworth,Republican,R,369,514,0.717899,ABSENTEE; ELECTION DAY; PROVISIONAL,no
2018,Indiana,9,US House,Morgan,18109,Morgan,WASHINGTON 8,Liz Watson,Democratic,D,211,748,0.282086,ABSENTEE; ELECTION DAY; PROVISIONAL,no
2018,Indiana,9,US House,Morgan,18109,Morgan,WASHINGTON 8,Trey Hollingsworth,Republican,R,537,748,0.717914,ABSENTEE; ELECTION DAY; PROVISIONAL,no
2018,Indiana,9,US House,Morgan,18109,Morgan,WASHINGTON 9,Liz Watson,Democratic,D,127,487,0.26078,ABSENTEE; ELECTION DAY; PROVISIONAL,no
2018,Indiana,9,US House,Morgan,18109,Morgan,WASHINGTON 9,Trey Hollingsworth,Republican,R,360,487,0.73922,ABSENTEE; ELECTION DAY; PROVISIONAL,no
2018,Indiana,9,US House,Orange,18117,Orange,01-French Lick East,Liz Watson,Democratic,D,68,138,0.492754,ABSENTEE; ELECTION DAY; PROVISIONAL,no
2018,Indiana,9,US House,Orange,18117,Orange,01-French Lick East,Trey Hollingsworth,Republican,R,70,138,0.507246,ABSENTEE; ELECTION DAY; PROVISIONAL,no
2018,Indiana,9,US House,Orange,18117,Orange,02-FLE-West Baden,Liz Watson,Democratic,D,139,377,0.3687,ABSENTEE; ELECTION DAY; PROVISIONAL,no
2018,Indiana,9,US House,Orange,18117,Orange,02-FLE-West Baden,Trey Hollingsworth,Republican,R,238,377,0.6313,ABSENTEE; ELECTION DAY; PROVISIONAL,no
2018,Indiana,9,US House,Orange,18117,Orange,03-French Lick North,Liz Watson,Democratic,D,117,367,0.318801,ABSENTEE; ELECTION DAY; PROVISIONAL,no
2018,Indiana,9,US House,Orange,18117,Orange,03-French Lick North,Trey Hollingsworth,Republican,R,250,367,0.681199,ABSENTEE; ELECTION DAY; PROVISIONAL,no
2018,Indiana,9,US House,Orange,18117,Orange,04-French Lick South,Liz Watson,Democratic,D,127,335,0.379104,ABSENTEE; ELECTION DAY; PROVISIONAL,no
2018,Indiana,9,US House,Orange,18117,Orange,04-French Lick South,Trey Hollingsworth,Republican,R,208,335,0.620896,ABSENTEE; ELECTION DAY; PROVISIONAL,no
2018,Indiana,9,US House,Orange,18117,Orange,05-French Lick West,Liz Watson,Democratic,D,90,274,0.328467,ABSENTEE; ELECTION DAY; PROVISIONAL,no
2018,Indiana,9,US House,Orange,18117,Orange,05-French Lick West,Trey Hollingsworth,Republican,R,184,274,0.671533,ABSENTEE; ELECTION DAY; PROVISIONAL,no
2018,Indiana,9,US House,Orange,18117,Orange,06-FLW-West Baden,Liz Watson,Democratic,D,46,133,0.345865,ABSENTEE; ELECTION DAY; PROVISIONAL,no
2018,Indiana,9,US House,Orange,18117,Orange,06-FLW-West Baden,Trey Hollingsworth,Republican,R,87,133,0.654135,ABSENTEE; ELECTION DAY; PROVISIONAL,no
2018,Indiana,9,US House,Orange,18117,Orange,07-Greenfield,Liz Watson,Democratic,D,91,258,0.352713,ABSENTEE; ELECTION DAY; PROVISIONAL,no
2018,Indiana,9,US House,Orange,18117,Orange,07-Greenfield,Trey Hollingsworth,Republican,R,167,258,0.647287,ABSENTEE; ELECTION DAY; PROVISIONAL,no
2018,Indiana,9,US House,Orange,18117,Orange,08-Jackson,Liz Watson,Democratic,D,129,356,0.36236,ABSENTEE; ELECTION DAY; PROVISIONAL,no
2018,Indiana,9,US House,Orange,18117,Orange,08-Jackson,Trey Hollingsworth,Republican,R,227,356,0.63764,ABSENTEE; ELECTION DAY; PROVISIONAL,no
2018,Indiana,9,US House,Orange,18117,Orange,09-Northeast Only,Liz Watson,Democratic,D,58,202,0.287129,ABSENTEE; ELECTION DAY; PROVISIONAL,no
2018,Indiana,9,US House,Orange,18117,Orange,09-Northeast Only,Trey Hollingsworth,Republican,R,144,202,0.712871,ABSENTEE; ELECTION DAY; PROVISIONAL,no
2018,Indiana,9,US House,Orange,18117,Orange,10-Northwest Only,Liz Watson,Democratic,D,32,142,0.225352,ABSENTEE; ELECTION DAY; PROVISIONAL,no
2018,Indiana,9,US House,Orange,18117,Orange,10-Northwest Only,Trey Hollingsworth,Republican,R,110,142,0.774648,ABSENTEE; ELECTION DAY; PROVISIONAL,no
2018,Indiana,9,US House,Orange,18117,Orange,11-Orangeville,Liz Watson,Democratic,D,70,268,0.261194,ABSENTEE; ELECTION DAY; PROVISIONAL,no
2018,Indiana,9,US House,Orange,18117,Orange,11-Orangeville,Trey Hollingsworth,Republican,R,198,268,0.738806,ABSENTEE; ELECTION DAY; PROVISIONAL,no
2018,Indiana,9,US House,Orange,18117,Orange,12-Orleans East,Liz Watson,Democratic,D,116,363,0.319559,ABSENTEE; ELECTION DAY; PROVISIONAL,no
2018,Indiana,9,US House,Orange,18117,Orange,12-Orleans East,Trey Hollingsworth,Republican,R,247,363,0.680441,ABSENTEE; ELECTION DAY; PROVISIONAL,no
2018,Indiana,9,US House,Orange,18117,Orange,13-Orleans Northwest,Liz Watson,Democratic,D,100,346,0.289017,ABSENTEE; ELECTION DAY; PROVISIONAL,no
2018,Indiana,9,US House,Orange,18117,Orange,13-Orleans Northwest,Trey Hollingsworth,Republican,R,246,346,0.710983,ABSENTEE; ELECTION DAY; PROVISIONAL,no
2018,Indiana,9,US House,Orange,18117,Orange,14-Orleans Southwest,Liz Watson,Democratic,D,150,460,0.326087,ABSENTEE; ELECTION DAY; PROVISIONAL,no
2018,Indiana,9,US House,Orange,18117,Orange,14-Orleans Southwest,Trey Hollingsworth,Republican,R,310,460,0.673913,ABSENTEE; ELECTION DAY; PROVISIONAL,no
2018,Indiana,9,US House,Orange,18117,Orange,15- Paoli North,Liz Watson,Democratic,D,44,105,0.419048,ABSENTEE; ELECTION DAY; PROVISIONAL,no
2018,Indiana,9,US House,Orange,18117,Orange,15- Paoli North,Trey Hollingsworth,Republican,R,61,105,0.580952,ABSENTEE; ELECTION DAY; PROVISIONAL,no
2018,Indiana,9,US House,Orange,18117,Orange,16- Paoli Northeast,Liz Watson,Democratic,D,124,369,0.336043,ABSENTEE; ELECTION DAY; PROVISIONAL,no
2018,Indiana,9,US House,Orange,18117,Orange,16- Paoli Northeast,Trey Hollingsworth,Republican,R,245,369,0.663957,ABSENTEE; ELECTION DAY; PROVISIONAL,no
2018,Indiana,9,US House,Orange,18117,Orange,17- Paoli Northwest,Liz Watson,Democratic,D,150,439,0.341686,ABSENTEE; ELECTION DAY; PROVISIONAL,no
2018,Indiana,9,US House,Orange,18117,Orange,17- Paoli Northwest,Trey Hollingsworth,Republican,R,289,439,0.658314,ABSENTEE; ELECTION DAY; PROVISIONAL,no
2018,Indiana,9,US House,Orange,18117,Orange,18-Paoli South,Liz Watson,Democratic,D,40,104,0.384615,ABSENTEE; ELECTION DAY; PROVISIONAL,no
2018,Indiana,9,US House,Orange,18117,Orange,18-Paoli South,Trey Hollingsworth,Republican,R,64,104,0.615385,ABSENTEE; ELECTION DAY; PROVISIONAL,no
2018,Indiana,9,US House,Orange,18117,Orange,19-Paoli Southeast,Liz Watson,Democratic,D,184,544,0.338235,ABSENTEE; ELECTION DAY; PROVISIONAL,no
2018,Indiana,9,US House,Orange,18117,Orange,19-Paoli Southeast,Trey Hollingsworth,Republican,R,360,544,0.661765,ABSENTEE; ELECTION DAY; PROVISIONAL,no
2018,Indiana,9,US House,Orange,18117,Orange,20-Paoli Southwest,Liz Watson,Democratic,D,155,435,0.356322,ABSENTEE; ELECTION DAY; PROVISIONAL,no
2018,Indiana,9,US House,Orange,18117,Orange,20-Paoli Southwest,Trey Hollingsworth,Republican,R,280,435,0.643678,ABSENTEE; ELECTION DAY; PROVISIONAL,no
2018,Indiana,9,US House,Orange,18117,Orange,21-Southeast Only,Liz Watson,Democratic,D,153,486,0.314815,ABSENTEE; ELECTION DAY; PROVISIONAL,no
2018,Indiana,9,US House,Orange,18117,Orange,21-Southeast Only,Trey Hollingsworth,Republican,R,333,486,0.685185,ABSENTEE; ELECTION DAY; PROVISIONAL,no
2018,Indiana,9,US House,Orange,18117,Orange,22-StampersCreek,Liz Watson,Democratic,D,94,271,0.346863,ABSENTEE; ELECTION DAY; PROVISIONAL,no
2018,Indiana,9,US House,Orange,18117,Orange,22-StampersCreek,Trey Hollingsworth,Republican,R,177,271,0.653137,ABSENTEE; ELECTION DAY; PROVISIONAL,no
2018,Indiana,9,US House,Scott,18143,Scott,Finley 1,Liz Watson,Democratic,D,210,649,0.323575,ABSENTEE; ELECTION DAY; PROVISIONAL,no
2018,Indiana,9,US House,Scott,18143,Scott,Finley 1,Trey Hollingsworth,Republican,R,439,649,0.676425,ABSENTEE; ELECTION DAY; PROVISIONAL,no
2018,Indiana,9,US House,Scott,18143,Scott,Lexington 3,Liz Watson,Democratic,D,28,82,0.341463,ABSENTEE; ELECTION DAY; PROVISIONAL,no
2018,Indiana,9,US House,Scott,18143,Scott,Lexington 3,Trey Hollingsworth,Republican,R,54,82,0.658537,ABSENTEE; ELECTION DAY; PROVISIONAL,no
2018,Indiana,9,US House,Scott,18143,Scott,Vienna 1,Liz Watson,Democratic,D,266,709,0.375176,ABSENTEE; ELECTION DAY; PROVISIONAL,no
2018,Indiana,9,US House,Scott,18143,Scott,Vienna 1,Trey Hollingsworth,Republican,R,443,709,0.624824,ABSENTEE; ELECTION DAY; PROVISIONAL,no
2018,Indiana,9,US House,Scott,18143,Scott,Vienna 2,Liz Watson,Democratic,D,204,420,0.485714,ABSENTEE; ELECTION DAY; PROVISIONAL,no
2018,Indiana,9,US House,Scott,18143,Scott,Vienna 2,Trey Hollingsworth,Republican,R,216,420,0.514286,ABSENTEE; ELECTION DAY; PROVISIONAL,no
2018,Indiana,9,US House,Scott,18143,Scott,Vienna 3,Liz Watson,Democratic,D,186,374,0.497326,ABSENTEE; ELECTION DAY; PROVISIONAL,no
2018,Indiana,9,US House,Scott,18143,Scott,Vienna 3,Trey Hollingsworth,Republican,R,188,374,0.502674,ABSENTEE; ELECTION DAY; PROVISIONAL,no
2018,Indiana,9,US House,Scott,18143,Scott,Vienna 4,Liz Watson,Democratic,D,263,544,0.483456,ABSENTEE; ELECTION DAY; PROVISIONAL,no
2018,Indiana,9,US House,Scott,18143,Scott,Vienna 4,Trey Hollingsworth,Republican,R,281,544,0.516544,ABSENTEE; ELECTION DAY; PROVISIONAL,no
2018,Indiana,9,US House,Scott,18143,Scott,Vienna 5,Liz Watson,Democratic,D,301,686,0.438776,ABSENTEE; ELECTION DAY; PROVISIONAL,no
2018,Indiana,9,US House,Scott,18143,Scott,Vienna 5,Trey Hollingsworth,Republican,R,385,686,0.561224,ABSENTEE; ELECTION DAY; PROVISIONAL,no
2018,Indiana,9,US House,Scott,18143,Scott,Vienna 6,Liz Watson,Democratic,D,209,582,0.359107,ABSENTEE; ELECTION DAY; PROVISIONAL,no
2018,Indiana,9,US House,Scott,18143,Scott,Vienna 6,Trey Hollingsworth,Republican,R,373,582,0.640893,ABSENTEE; ELECTION DAY; PROVISIONAL,no
2020,Indiana,9,US House,Brown,18013,Brown,BROWN,Andy Ruff,Democratic,D,2831,8865,0.319346,TOTAL,yes
2020,Indiana,9,US House,Brown,18013,Brown,BROWN,Tonya L. Millis,Libertarian,L,391,8865,0.044106,TOTAL,yes
2020,Indiana,9,US House,Brown,18013,Brown,BROWN,Trey Hollingsworth,Republican,R,5643,8865,0.636548,TOTAL,yes
2020,Indiana,9,US House,Brown,18013,Brown,HAMBLEN 1,Andy Ruff,Democratic,D,0,0,,TOTAL,yes
2020,Indiana,9,US House,Brown,18013,Brown,HAMBLEN 1,Tonya L. Millis,Libertarian,L,0,0,,TOTAL,yes
2020,Indiana,9,US House,Brown,18013,Brown,HAMBLEN 1,Trey Hollingsworth,Republican,R,0,0,,TOTAL,yes
2020,Indiana,9,US House,Brown,18013,Brown,HAMBLEN 2,Andy Ruff,Democratic,D,0,0,,TOTAL,yes
2020,Indiana,9,US House,Brown,18013,Brown,HAMBLEN 2,Tonya L. Millis,Libertarian,L,0,0,,TOTAL,yes
2020,Indiana,9,US House,Brown,18013,Brown,HAMBLEN 2,Trey Hollingsworth,Republican,R,0,0,,TOTAL,yes
2020,Indiana,9,US House,Brown,18013,Brown,HAMBLEN 3,Andy Ruff,Democratic,D,0,0,,TOTAL,yes
2020,Indiana,9,US House,Brown,18013,Brown,HAMBLEN 3,Tonya L. Millis,Libertarian,L,0,0,,TOTAL,yes
2020,Indiana,9,US House,Brown,18013,Brown,HAMBLEN 3,Trey Hollingsworth,Republican,R,0,0,,TOTAL,yes
2020,Indiana,9,US House,Brown,18013,Brown,JACKSON 1,Andy Ruff,Democratic,D,0,0,,TOTAL,yes
2020,Indiana,9,US House,Brown,18013,Brown,JACKSON 1,Tonya L. Millis,Libertarian,L,0,0,,TOTAL,yes
2020,Indiana,9,US House,Brown,18013,Brown,JACKSON 1,Trey Hollingsworth,Republican,R,0,0,,TOTAL,yes
2020,Indiana,9,US House,Brown,18013,Brown,JACKSON 2,Andy Ruff,Democratic,D,0,0,,TOTAL,yes
2020,Indiana,9,US House,Brown,18013,Brown,JACKSON 2,Tonya L. Millis,Libertarian,L,0,0,,TOTAL,yes
2020,Indiana,9,US House,Brown,18013,Brown,JACKSON 2,Trey Hollingsworth,Republican,R,0,0,,TOTAL,yes
2020,Indiana,9,US House,Brown,18013,Brown,JACKSON 3,Andy Ruff,Democratic,D,0,0,,TOTAL,yes
2020,Indiana,9,US House,Brown,18013,Brown,JACKSON 3,Tonya L. Millis,Libertarian,L,0,0,,TOTAL,yes
2020,Indiana,9,US House,Brown,18013,Brown,JACKSON 3,Trey Hollingsworth,Republican,R,0,0,,TOTAL,yes
2020,Indiana,9,US House,Brown,18013,Brown,JACKSON 4,Andy Ruff,Democratic,D,0,0,,TOTAL,yes
2020,Indiana,9,US House,Brown,18013,Brown,JACKSON 4,Tonya L. Millis,Libertarian,L,0,0,,TOTAL,yes
2020,Indiana,9,US House,Brown,18013,Brown,JACKSON 4,Trey Hollingsworth,Republican,R,0,0,,TOTAL,yes
2020,Indiana,9,US House,Brown,18013,Brown,VAN BUREN 1,Andy Ruff,Democratic,D,0,0,,TOTAL,yes
2020,Indiana,9,US House,Brown,18013,Brown,VAN BUREN 1,Tonya L. Millis,Libertarian,L,0,0,,TOTAL,yes
2020,Indiana,9,US House,Brown,18013,Brown,VAN BUREN 1,Trey Hollingsworth,Republican,R,0,0,,TOTAL,yes
2020,Indiana,9,US House,Brown,18013,Brown,WASHINGTON 1,Andy Ruff,Democratic,D,0,0,,TOTAL,yes
2020,Indiana,9,US House,Brown,18013,Brown,WASHINGTON 1,Tonya L. Millis,Libertarian,L,0,0,,TOTAL,yes
2020,Indiana,9,US House,Brown,18013,Brown,WASHINGTON 1,Trey Hollingsworth,Republican,R,0,0,,TOTAL,yes
2020,Indiana,9,US House,Brown,18013,Brown,WASHINGTON 2,Andy Ruff,Democratic,D,0,0,,TOTAL,yes
2020,Indiana,9,US House,Brown,18013,Brown,WASHINGTON 2,Tonya L. Millis,Libertarian,L,0,0,,TOTAL,yes
2020,Indiana,9,US House,Brown,18013,Brown,WASHINGTON 2,Trey Hollingsworth,Republican,R,0,0,,TOTAL,yes
2020,Indiana,9,US House,Brown,18013,Brown,WASHINGTON 3,Andy Ruff,Democratic,D,0,0,,TOTAL,yes
2020,Indiana,9,US House,Brown,18013,Brown,WASHINGTON 3,Tonya L. Millis,Libertarian,L,0,0,,TOTAL,yes
2020,Indiana,9,US House,Brown,18013,Brown,WASHINGTON 3,Trey Hollingsworth,Republican,R,0,0,,TOTAL,yes
2020,Indiana,9,US House,Brown,18013,Brown,WASHINGTON 4,Andy Ruff,Democratic,D,0,0,,TOTAL,yes
2020,Indiana,9,US House,Brown,18013,Brown,WASHINGTON 4,Tonya L. Millis,Libertarian,L,0,0,,TOTAL,yes
2020,Indiana,9,US House,Brown,18013,Brown,WASHINGTON 4,Trey Hollingsworth,Republican,R,0,0,,TOTAL,yes
2020,Indiana,9,US House,Clark,18019,Clark,BETH 01,Andy Ruff,Democratic,D,0,0,,TOTAL,yes
2020,Indiana,9,US House,Clark,18019,Clark,BETH 01,Tonya L. Millis,Libertarian,L,0,0,,TOTAL,yes
2020,Indiana,9,US House,Clark,18019,Clark,BETH 01,Trey Hollingsworth,Republican,R,0,0,,TOTAL,yes
2020,Indiana,9,US House,Clark,18019,Clark,CARR 01,Andy Ruff,Democratic,D,0,0,,TOTAL,yes
2020,Indiana,9,US House,Clark,18019,Clark,CARR 01,Tonya L. Millis,Libertarian,L,0,0,,TOTAL,yes
2020,Indiana,9,US House,Clark,18019,Clark,CARR 01,Trey Hollingsworth,Republican,R,0,0,,TOTAL,yes
2020,Indiana,9,US House,Clark,18019,Clark,CHAS 01,Andy Ruff,Democratic,D,0,0,,TOTAL,yes
2020,Indiana,9,US House,Clark,18019,Clark,CHAS 01,Tonya L. Millis,Libertarian,L,0,0,,TOTAL,yes
2020,Indiana,9,US House,Clark,18019,Clark,CHAS 01,Trey Hollingsworth,Republican,R,0,0,,TOTAL,yes
2020,Indiana,9,US House,Clark,18019,Clark,CHAS 02,Andy Ruff,Democratic,D,0,0,,TOTAL,yes
2020,Indiana,9,US House,Clark,18019,Clark,CHAS 02,Tonya L. Millis,Libertarian,L,0,0,,TOTAL,yes
2020,Indiana,9,US House,Clark,18019,Clark,CHAS 02,Trey Hollingsworth,Republican,R,0,0,,TOTAL,yes
2020,Indiana,9,US House,Clark,18019,Clark,CHAS 03,Andy Ruff,Democratic,D,0,0,,TOTAL,yes
2020,Indiana,9,US House,Clark,18019,Clark,CHAS 03,Tonya L. Millis,Libertarian,L,0,0,,TOTAL,yes
2020,Indiana,9,US House,Clark,18019,Clark,CHAS 03,Trey Hollingsworth,Republican,R,0,0,,TOTAL,yes
2020,Indiana,9,US House,Clark,18019,Clark,CHAS 04,Andy Ruff,Democratic,D,0,0,,TOTAL,yes
2020,Indiana,9,US House,Clark,18019,Clark,CHAS 04,Tonya L. Millis,Libertarian,L,0,0,,TOTAL,yes
2020,Indiana,9,US House,Clark,18019,Clark,CHAS 04,Trey Hollingsworth,Republican,R,0,0,,TOTAL,yes
2020,Indiana,9,US House,Clark,18019,Clark,CHAS 05,Andy Ruff,Democratic,D,0,0,,TOTAL,yes
2020,Indiana,9,US House,Clark,18019,Clark,CHAS 05,Tonya L. Millis,Libertarian,L,0,0,,TOTAL,yes
2020,Indiana,9,US House,Clark,18019,Clark,CHAS 05,Trey Hollingsworth,Republican,R,0,0,,TOTAL,yes
2020,Indiana,9,US House,Clark,18019,Clark,CHAS 06,Andy Ruff,Democratic,D,0,0,,TOTAL,yes
2020,Indiana,9,US House,Clark,18019,Clark,CHAS 06,Tonya L. Millis,Libertarian,L,0,0,,TOTAL,yes
2020,Indiana,9,US House,Clark,18019,Clark,CHAS 06,Trey Hollingsworth,Republican,R,0,0,,TOTAL,yes
2020,Indiana,9,US House,Clark,18019,Clark,CHAS 07,Andy Ruff,Democratic,D,0,0,,TOTAL,yes
2020,Indiana,9,US House,Clark,18019,Clark,CHAS 07,Tonya L. Millis,Libertarian,L,0,0,,TOTAL,yes
2020,Indiana,9,US House,Clark,18019,Clark,CHAS 07,Trey Hollingsworth,Republican,R,0,0,,TOTAL,yes
2020,Indiana,9,US House,Clark,18019,Clark,CHAS 08,Andy Ruff,Democratic,D,0,0,,TOTAL,yes
2020,Indiana,9,US House,Clark,18019,Clark,CHAS 08,Tonya L. Millis,Libertarian,L,0,0,,TOTAL,yes
2020,Indiana,9,US House,Clark,18019,Clark,CHAS 08,Trey Hollingsworth,Republican,R,0,0,,TOTAL,yes
2020,Indiana,9,US House,Clark,18019,Clark,CLARK,Andy Ruff,Democratic,D,20246,56817,0.356337,TOTAL,yes
2020,Indiana,9,US House,Clark,18019,Clark,CLARK,Tonya L. Millis,Libertarian,L,2441,56817,0.042962,TOTAL,yes
2020,Indiana,9,US House,Clark,18019,Clark,CLARK,Trey Hollingsworth,Republican,R,34130,56817,0.6007,TOTAL,yes
2020,Indiana,9,US House,Clark,18019,Clark,JEFF 01,Andy Ruff,Democratic,D,0,0,,TOTAL,yes
2020,Indiana,9,US House,Clark,18019,Clark,JEFF 01,Tonya L. Millis,Libertarian,L,0,0,,TOTAL,yes
2020,Indiana,9,US House,Clark,18019,Clark,JEFF 01,Trey Hollingsworth,Republican,R,0,0,,TOTAL,yes
2020,Indiana,9,US House,Clark,18019,Clark,JEFF 02,Andy Ruff,Democratic,D,0,0,,TOTAL,yes
2020,Indiana,9,US House,Clark,18019,Clark,JEFF 02,Tonya L. Millis,Libertarian,L,0,0,,TOTAL,yes
2020,Indiana,9,US House,Clark,18019,Clark,JEFF 02,Trey Hollingsworth,Republican,R,0,0,,TOTAL,yes
2020,Indiana,9,US House,Clark,18019,Clark,JEFF 03,Andy Ruff,Democratic,D,0,0,,TOTAL,yes
2020,Indiana,9,US House,Clark,18019,Clark,JEFF 03,Tonya L. Millis,Libertarian,L,0,0,,TOTAL,yes
2020,Indiana,9,US House,Clark,18019,Clark,JEFF 03,Trey Hollingsworth,Republican,R,0,0,,TOTAL,yes
2020,Indiana,9,US House,Clark,18019,Clark,JEFF 04,Andy Ruff,Democratic,D,0,0,,TOTAL,yes
2020,Indiana,9,US House,Clark,18019,Clark,JEFF 04,Tonya L. Millis,Libertarian,L,0,0,,TOTAL,yes
2020,Indiana,9,US House,Clark,18019,Clark,JEFF 04,Trey Hollingsworth,Republican,R,0,0,,TOTAL,yes
2020,Indiana,9,US House,Clark,18019,Clark,JEFF 05,Andy Ruff,Democratic,D,0,0,,TOTAL,yes
2020,Indiana,9,US House,Clark,18019,Clark,JEFF 05,Tonya L. Millis,Libertarian,L,0,0,,TOTAL,yes
2020,Indiana,9,US House,Clark,18019,Clark,JEFF 05,Trey Hollingsworth,Republican,R,0,0,,TOTAL,yes
2020,Indiana,9,US House,Clark,18019,Clark,JEFF 06,Andy Ruff,Democratic,D,0,0,,TOTAL,yes
2020,Indiana,9,US House,Clark,18019,Clark,JEFF 06,Tonya L. Millis,Libertarian,L,0,0,,TOTAL,yes
2020,Indiana,9,US House,Clark,18019,Clark,JEFF 06,Trey Hollingsworth,Republican,R,0,0,,TOTAL,yes
2020,Indiana,9,US House,Clark,18019,Clark,JEFF 07,Andy Ruff,Democratic,D,0,0,,TOTAL,yes
2020,Indiana,9,US House,Clark,18019,Clark,JEFF 07,Tonya L. Millis,Libertarian,L,0,0,,TOTAL,yes
2020,Indiana,9,US House,Clark,18019,Clark,JEFF 07,Trey Hollingsworth,Republican,R,0,0,,TOTAL,yes
2020,Indiana,9,US House,Clark,18019,Clark,JEFF 08,Andy Ruff,Democratic,D,0,0,,TOTAL,yes
2020,Indiana,9,US House,Clark,18019,Clark,JEFF 08,Tonya L. Millis,Libertarian,L,0,0,,TOTAL,yes
2020,Indiana,9,US House,Clark,18019,Clark,JEFF 08,Trey Hollingsworth,Republican,R,0,0,,TOTAL,yes
2020,Indiana,9,US House,Clark,18019,Clark,JEFF 09,Andy Ruff,Democratic,D,0,0,,TOTAL,yes
2020,Indiana,9,US House,Clark,18019,Clark,JEFF 09,Tonya L. Millis,Libertarian,L,0,0,,TOTAL,yes
2020,Indiana,9,US House,Clark,18019,Clark,JEFF 09,Trey Hollingsworth,Republican,R,0,0,,TOTAL,yes
2020,Indiana,9,US House,Clark,18019,Clark,JEFF 10,Andy Ruff,Democratic,D,0,0,,TOTAL,yes
2020,Indiana,9,US House,Clark,18019,Clark,JEFF 10,Tonya L. Millis,Libertarian,L,0,0,,TOTAL,yes
2020,Indiana,9,US House,Clark,18019,Clark,JEFF 10,Trey Hollingsworth,Republican,R,0,0,,TOTAL,yes
2020,Indiana,9,US House,Clark,18019,Clark,JEFF 11,Andy Ruff,Democratic,D,0,0,,TOTAL,yes
2020,Indiana,9,US House,Clark,18019,Clark,JEFF 11,Tonya L. Millis,Libertarian,L,0,0,,TOTAL,yes
2020,Indiana,9,US House,Clark,18019,Clark,JEFF 11,Trey Hollingsworth,Republican,R,0,0,,TOTAL,yes
2020,Indiana,9,US House,Clark,18019,Clark,JEFF 11 A,Andy Ruff,Democratic,D,0,0,,TOTAL,yes
2020,Indiana,9,US House,Clark,18019,Clark,JEFF 11 A,Tonya L. Millis,Libertarian,L,0,0,,TOTAL,yes
2020,Indiana,9,US House,Clark,18019,Clark,JEFF 11 A,Trey Hollingsworth,Republican,R,0,0,,TOTAL,yes
2020,Indiana,9,US House,Clark,18019,Clark,JEFF 12,Andy Ruff,Democratic,D,0,0,,TOTAL,yes
2020,Indiana,9,US House,Clark,18019,Clark,JEFF 12,Tonya L. Millis,Libertarian,L,0,0,,TOTAL,yes
2020,Indiana,9,US House,Clark,18019,Clark,JEFF 12,Trey Hollingsworth,Republican,R,0,0,,TOTAL,yes
2020,Indiana,9,US House,Clark,18019,Clark,JEFF 13,Andy Ruff,Democratic,D,0,0,,TOTAL,yes
2020,Indiana,9,US House,Clark,18019,Clark,JEFF 13,Tonya L. Millis,Libertarian,L,0,0,,TOTAL,yes
2020,Indiana,9,US House,Clark,18019,Clark,JEFF 13,Trey Hollingsworth,Republican,R,0,0,,TOTAL,yes
2020,Indiana,9,US House,Clark,18019,Clark,JEFF 14,Andy Ruff,Democratic,D,0,0,,TOTAL,yes
2020,Indiana,9,US House,Clark,18019,Clark,JEFF 14,Tonya L. Millis,Libertarian,L,0,0,,TOTAL,yes
2020,Indiana,9,US House,Clark,18019,Clark,JEFF 14,Trey Hollingsworth,Republican,R,0,0,,TOTAL,yes
2020,Indiana,9,US House,Clark,18019,Clark,JEFF 15,Andy Ruff,Democratic,D,0,0,,TOTAL,yes
2020,Indiana,9,US House,Clark,18019,Clark,JEFF 15,Tonya L. Millis,Libertarian,L,0,0,,TOTAL,yes
2020,Indiana,9,US House,Clark,18019,Clark,JEFF 15,Trey Hollingsworth,Republican,R,0,0,,TOTAL,yes
2020,Indiana,9,US House,Clark,18019,Clark,JEFF 16,Andy Ruff,Democratic,D,0,0,,TOTAL,yes
2020,Indiana,9,US House,Clark,18019,Clark,JEFF 16,Tonya L. Millis,Libertarian,L,0,0,,TOTAL,yes
2020,Indiana,9,US House,Clark,18019,Clark,JEFF 16,Trey Hollingsworth,Republican,R,0,0,,TOTAL,yes
2020,Indiana,9,US House,Clark,18019,Clark,JEFF 17,Andy Ruff,Democratic,D,0,0,,TOTAL,yes
2020,Indiana,9,US House,Clark,18019,Clark,JEFF 17,Tonya L. Millis,Libertarian,L,0,0,,TOTAL,yes
2020,Indiana,9,US House,Clark,18019,Clark,JEFF 17,Trey Hollingsworth,Republican,R,0,0,,TOTAL,yes
2020,Indiana,9,US House,Clark,18019,Clark,JEFF 18,Andy Ruff,Democratic,D,0,0,,TOTAL,yes
2020,Indiana,9,US House,Clark,18019,Clark,JEFF 18,Tonya L. Millis,Libertarian,L,0,0,,TOTAL,yes
2020,Indiana,9,US House,Clark,18019,Clark,JEFF 18,Trey Hollingsworth,Republican,R,0,0,,TOTAL,yes
2020,Indiana,9,US House,Clark,18019,Clark,JEFF 20,Andy Ruff,Democratic,D,0,0,,TOTAL,yes
2020,Indiana,9,US House,Clark,18019,Clark,JEFF 20,Tonya L. Millis,Libertarian,L,0,0,,TOTAL,yes
2020,Indiana,9,US House,Clark,18019,Clark,JEFF 20,Trey Hollingsworth,Republican,R,0,0,,TOTAL,yes
2020,Indiana,9,US House,Clark,18019,Clark,JEFF 21,Andy Ruff,Democratic,D,0,0,,TOTAL,yes
2020,Indiana,9,US House,Clark,18019,Clark,JEFF 21,Tonya L. Millis,Libertarian,L,0,0,,TOTAL,yes
2020,Indiana,9,US House,Clark,18019,Clark,JEFF 21,Trey Hollingsworth,Republican,R,0,0,,TOTAL,yes
2020,Indiana,9,US House,Clark,18019,Clark,JEFF 22,Andy Ruff,Democratic,D,0,0,,TOTAL,yes
2020,Indiana,9,US House,Clark,18019,Clark,JEFF 22,Tonya L. Millis,Libertarian,L,0,0,,TOTAL,yes
2020,Indiana,9,US House,Clark,18019,Clark,JEFF 22,Trey Hollingsworth,Republican,R,0,0,,TOTAL,yes
2020,Indiana,9,US House,Clark,18019,Clark,JEFF 23,Andy Ruff,Democratic,D,0,0,,TOTAL,yes
2020,Indiana,9,US House,Clark,18019,Clark,JEFF 23,Tonya L. Millis,Libertarian,L,0,0,,TOTAL,yes
2020,Indiana,9,US House,Clark,18019,Clark,JEFF 23,Trey Hollingsworth,Republican,R,0,0,,TOTAL,yes
2020,Indiana,9,US House,Clark,18019,Clark,JEFF 24,Andy Ruff,Democratic,D,0,0,,TOTAL,yes
2020,Indiana,9,US House,Clark,18019,Clark,JEFF 24,Tonya L. Millis,Libertarian,L,0,0,,TOTAL,yes
2020,Indiana,9,US House,Clark,18019,Clark,JEFF 24,Trey Hollingsworth,Republican,R,0,0,,TOTAL,yes
2020,Indiana,9,US House,Clark,18019,Clark,JEFF 25,Andy Ruff,Democratic,D,0,0,,TOTAL,yes
2020,Indiana,9,US House,Clark,18019,Clark,JEFF 25,Tonya L. Millis,Libertarian,L,0,0,,TOTAL,yes
2020,Indiana,9,US House,Clark,18019,Clark,JEFF 25,Trey Hollingsworth,Republican,R,0,0,,TOTAL,yes
2020,Indiana,9,US House,Clark,18019,Clark,JEFF 27,Andy Ruff,Democratic,D,0,0,,TOTAL,yes
2020,Indiana,9,US House,Clark,18019,Clark,JEFF 27,Tonya L. Millis,Libertarian,L,0,0,,TOTAL,yes
2020,Indiana,9,US House,Clark,18019,Clark,JEFF 27,Trey Hollingsworth,Republican,R,0,0,,TOTAL,yes
2020,Indiana,9,US House,Clark,18019,Clark,JEFF 30,Andy Ruff,Democratic,D,0,0,,TOTAL,yes
2020,Indiana,9,US House,Clark,18019,Clark,JEFF 30,Tonya L. Millis,Libertarian,L,0,0,,TOTAL,yes
2020,Indiana,9,US House,Clark,18019,Clark,JEFF 30,Trey Hollingsworth,Republican,R,0,0,,TOTAL,yes
2020,Indiana,9,US House,Clark,18019,Clark,JEFF 31,Andy Ruff,Democratic,D,0,0,,TOTAL,yes
2020,Indiana,9,US House,Clark,18019,Clark,JEFF 31,Tonya L. Millis,Libertarian,L,0,0,,TOTAL,yes
2020,Indiana,9,US House,Clark,18019,Clark,JEFF 31,Trey Hollingsworth,Republican,R,0,0,,TOTAL,yes
2020,Indiana,9,US House,Clark,18019,Clark,JEFF 32,Andy Ruff,Democratic,D,0,0,,TOTAL,yes
2020,Indiana,9,US House,Clark,18019,Clark,JEFF 32,Tonya L. Millis,Libertarian,L,0,0,,TOTAL,yes
2020,Indiana,9,US House,Clark,18019,Clark,JEFF 32,Trey Hollingsworth,Republican,R,0,0,,TOTAL,yes
2020,Indiana,9,US House,Clark,18019,Clark,JEFF 33,Andy Ruff,Democratic,D,0,0,,TOTAL,yes
2020,Indiana,9,US House,Clark,18019,Clark,JEFF 33,Tonya L. Millis,Libertarian,L,0,0,,TOTAL,yes
2020,Indiana,9,US House,Clark,18019,Clark,JEFF 33,Trey Hollingsworth,Republican,R,0,0,,TOTAL,yes
2020,Indiana,9,US House,Clark,18019,Clark,JEFF 34,Andy Ruff,Democratic,D,0,0,,TOTAL,yes
2020,Indiana,9,US House,Clark,18019,Clark,JEFF 34,Tonya L. Millis,Libertarian,L,0,0,,TOTAL,yes
2020,Indiana,9,US House,Clark,18019,Clark,JEFF 34,Trey Hollingsworth,Republican,R,0,0,,TOTAL,yes
2020,Indiana,9,US House,Clark,18019,Clark,JEFF 35,Andy Ruff,Democratic,D,0,0,,TOTAL,yes
2020,Indiana,9,US House,Clark,18019,Clark,JEFF 35,Tonya L. Millis,Libertarian,L,0,0,,TOTAL,yes
2020,Indiana,9,US House,Clark,18019,Clark,JEFF 35,Trey Hollingsworth,Republican,R,0,0,,TOTAL,yes
2020,Indiana,9,US House,Clark,18019,Clark,JEFF 36,Andy Ruff,Democratic,D,0,0,,TOTAL,yes
2020,Indiana,9,US House,Clark,18019,Clark,JEFF 36,Tonya L. Millis,Libertarian,L,0,0,,TOTAL,yes
2020,Indiana,9,US House,Clark,18019,Clark,JEFF 36,Trey Hollingsworth,Republican,R,0,0,,TOTAL,yes
2020,Indiana,9,US House,Clark,18019,Clark,JEFF 37,Andy Ruff,Democratic,D,0,0,,TOTAL,yes
2020,Indiana,9,US House,Clark,18019,Clark,JEFF 37,Tonya L. Millis,Libertarian,L,0,0,,TOTAL,yes
2020,Indiana,9,US House,Clark,18019,Clark,JEFF 37,Trey Hollingsworth,Republican,R,0,0,,TOTAL,yes
2020,Indiana,9,US House,Clark,18019,Clark,JEFF 38,Andy Ruff,Democratic,D,0,0,,TOTAL,yes
2020,Indiana,9,US House,Clark,18019,Clark,JEFF 38,Tonya L. Millis,Libertarian,L,0,0,,TOTAL,yes
2020,Indiana,9,US House,Clark,18019,Clark,JEFF 38,Trey Hollingsworth,Republican,R,0,0,,TOTAL,yes
2020,Indiana,9,US House,Clark,18019,Clark,JEFF 39,Andy Ruff,Democratic,D,0,0,,TOTAL,yes
2020,Indiana,9,US House,Clark,18019,Clark,JEFF 39,Tonya L. Millis,Libertarian,L,0,0,,TOTAL,yes
2020,Indiana,9,US House,Clark,18019,Clark,JEFF 39,Trey Hollingsworth,Republican,R,0,0,,TOTAL,yes
2020,Indiana,9,US House,Clark,18019,Clark,JEFF 40,Andy Ruff,Democratic,D,0,0,,TOTAL,yes
2020,Indiana,9,US House,Clark,18019,Clark,JEFF 40,Tonya L. Millis,Libertarian,L,0,0,,TOTAL,yes
2020,Indiana,9,US House,Clark,18019,Clark,JEFF 40,Trey Hollingsworth,Republican,R,0,0,,TOTAL,yes
2020,Indiana,9,US House,Clark,18019,Clark,JEFF 41,Andy Ruff,Democratic,D,0,0,,TOTAL,yes
2020,Indiana,9,US House,Clark,18019,Clark,JEFF 41,Tonya L. Millis,Libertarian,L,0,0,,TOTAL,yes
2020,Indiana,9,US House,Clark,18019,Clark,JEFF 41,Trey Hollingsworth,Republican,R,0,0,,TOTAL,yes
2020,Indiana,9,US House,Clark,18019,Clark,JEFF 42,Andy Ruff,Democratic,D,0,0,,TOTAL,yes
2020,Indiana,9,US House,Clark,18019,Clark,JEFF 42,Tonya L. Millis,Libertarian,L,0,0,,TOTAL,yes
2020,Indiana,9,US House,Clark,18019,Clark,JEFF 42,Trey Hollingsworth,Republican,R,0,0,,TOTAL,yes
2020,Indiana,9,US House,Clark,18019,Clark,MONR 01,Andy Ruff,Democratic,D,0,0,,TOTAL,yes
2020,Indiana,9,US House,Clark,18019,Clark,MONR 01,Tonya L. Millis,Libertarian,L,0,0,,TOTAL,yes
2020,Indiana,9,US House,Clark,18019,Clark,MONR 01,Trey Hollingsworth,Republican,R,0,0,,TOTAL,yes
2020,Indiana,9,US House,Clark,18019,Clark,MONR 02,Andy Ruff,Democratic,D,0,0,,TOTAL,yes
2020,Indiana,9,US House,Clark,18019,Clark,MONR 02,Tonya L. Millis,Libertarian,L,0,0,,TOTAL,yes
2020,Indiana,9,US House,Clark,18019,Clark,MONR 02,Trey Hollingsworth,Republican,R,0,0,,TOTAL,yes
2020,Indiana,9,US House,Clark,18019,Clark,MONR 03,Andy Ruff,Democratic,D,0,0,,TOTAL,yes
2020,Indiana,9,US House,Clark,18019,Clark,MONR 03,Tonya L. Millis,Libertarian,L,0,0,,TOTAL,yes
2020,Indiana,9,US House,Clark,18019,Clark,MONR 03,Trey Hollingsworth,Republican,R,0,0,,TOTAL,yes
2020,Indiana,9,US House,Clark,18019,Clark,OREG 01,Andy Ruff,Democratic,D,0,0,,TOTAL,yes
2020,Indiana,9,US House,Clark,18019,Clark,OREG 01,Tonya L. Millis,Libertarian,L,0,0,,TOTAL,yes
2020,Indiana,9,US House,Clark,18019,Clark,OREG 01,Trey Hollingsworth,Republican,R,0,0,,TOTAL,yes
2020,Indiana,9,US House,Clark,18019,Clark,OWEN 01,Andy Ruff,Democratic,D,0,0,,TOTAL,yes
2020,Indiana,9,US House,Clark,18019,Clark,OWEN 01,Tonya L. Millis,Libertarian,L,0,0,,TOTAL,yes
2020,Indiana,9,US House,Clark,18019,Clark,OWEN 01,Trey Hollingsworth,Republican,R,0,0,,TOTAL,yes
2020,Indiana,9,US House,Clark,18019,Clark,SC-C 43,Andy Ruff,Democratic,D,0,0,,TOTAL,yes
2020,Indiana,9,US House,Clark,18019,Clark,SC-C 43,Tonya L. Millis,Libertarian,L,0,0,,TOTAL,yes
2020,Indiana,9,US House,Clark,18019,Clark,SC-C 43,Trey Hollingsworth,Republican,R,0,0,,TOTAL,yes
2020,Indiana,9,US House,Clark,18019,Clark,SLVR 01,Andy Ruff,Democratic,D,0,0,,TOTAL,yes
2020,Indiana,9,US House,Clark,18019,Clark,SLVR 01,Tonya L. Millis,Libertarian,L,0,0,,TOTAL,yes
2020,Indiana,9,US House,Clark,18019,Clark,SLVR 01,Trey Hollingsworth,Republican,R,0,0,,TOTAL,yes
2020,Indiana,9,US House,Clark,18019,Clark,SLVR 02,Andy Ruff,Democratic,D,0,0,,TOTAL,yes
2020,Indiana,9,US House,Clark,18019,Clark,SLVR 02,Tonya L. Millis,Libertarian,L,0,0,,TOTAL,yes
2020,Indiana,9,US House,Clark,18019,Clark,SLVR 02,Trey Hollingsworth,Republican,R,0,0,,TOTAL,yes
2020,Indiana,9,US House,Clark,18019,Clark,SLVR 03,Andy Ruff,Democratic,D,0,0,,TOTAL,yes
2020,Indiana,9,US House,Clark,18019,Clark,SLVR 03,Tonya L. Millis,Libertarian,L,0,0,,TOTAL,yes
2020,Indiana,9,US House,Clark,18019,Clark,SLVR 03,Trey Hollingsworth,Republican,R,0,0,,TOTAL,yes
2020,Indiana,9,US House,Clark,18019,Clark,SLVR 04,Andy Ruff,Democratic,D,0,0,,TOTAL,yes
2020,Indiana,9,US House,Clark,18019,Clark,SLVR 04,Tonya L. Millis,Libertarian,L,0,0,,TOTAL,yes
2020,Indiana,9,US House,Clark,18019,Clark,SLVR 04,Trey Hollingsworth,Republican,R,0,0,,TOTAL,yes
2020,Indiana,9,US House,Clark,18019,Clark,SLVR 05,Andy Ruff,Democratic,D,0,0,,TOTAL,yes
2020,Indiana,9,US House,Clark,18019,Clark,SLVR 05,Tonya L. Millis,Libertarian,L,0,0,,TOTAL,yes
2020,Indiana,9,US House,Clark,18019,Clark,SLVR 05,Trey Hollingsworth,Republican,R,0,0,,TOTAL,yes
2020,Indiana,9,US House,Clark,18019,Clark,SLVR 06,Andy Ruff,Democratic,D,0,0,,TOTAL,yes
2020,Indiana,9,US House,Clark,18019,Clark,SLVR 06,Tonya L. Millis,Libertarian,L,0,0,,TOTAL,yes
2020,Indiana,9,US House,Clark,18019,Clark,SLVR 06,Trey Hollingsworth,Republican,R,0,0,,TOTAL,yes
2020,Indiana,9,US House,Clark,18019,Clark,SLVR 07,Andy Ruff,Democratic,D,0,0,,TOTAL,yes
2020,Indiana,9,US House,Clark,18019,Clark,SLVR 07,Tonya L. Millis,Libertarian,L,0,0,,TOTAL,yes
2020,Indiana,9,US House,Clark,18019,Clark,SLVR 07,Trey Hollingsworth,Republican,R,0,0,,TOTAL,yes
2020,Indiana,9,US House,Clark,18019,Clark,U-JC 19,Andy Ruff,Democratic,D,0,0,,TOTAL,yes
2020,Indiana,9,US House,Clark,18019,Clark,U-JC 19,Tonya L. Millis,Libertarian,L,0,0,,TOTAL,yes
2020,Indiana,9,US House,Clark,18019,Clark,U-JC 19,Trey Hollingsworth,Republican,R,0,0,,TOTAL,yes
2020,Indiana,9,US House,Clark,18019,Clark,UNIO 01,Andy Ruff,Democratic,D,0,0,,TOTAL,yes
2020,Indiana,9,US House,Clark,18019,Clark,UNIO 01,Tonya L. Millis,Libertarian,L,0,0,,TOTAL,yes
2020,Indiana,9,US House,Clark,18019,Clark,UNIO 01,Trey Hollingsworth,Republican,R,0,0,,TOTAL,yes
2020,Indiana,9,US House,Clark,18019,Clark,UTIC 01,Andy Ruff,Democratic,D,0,0,,TOTAL,yes
2020,Indiana,9,US House,Clark,18019,Clark,UTIC 01,Tonya L. Millis,Libertarian,L,0,0,,TOTAL,yes
2020,Indiana,9,US House,Clark,18019,Clark,UTIC 01,Trey Hollingsworth,Republican,R,0,0,,TOTAL,yes
2020,Indiana,9,US House,Clark,18019,Clark,UTIC 02,Andy Ruff,Democratic,D,0,0,,TOTAL,yes
2020,Indiana,9,US House,Clark,18019,Clark,UTIC 02,Tonya L. Millis,Libertarian,L,0,0,,TOTAL,yes
2020,Indiana,9,US House,Clark,18019,Clark,UTIC 02,Trey Hollingsworth,Republican,R,0,0,,TOTAL,yes
2020,Indiana,9,US House,Clark,18019,Clark,UTIC 03,Andy Ruff,Democratic,D,0,0,,TOTAL,yes
2020,Indiana,9,US House,Clark,18019,Clark,UTIC 03,Tonya L. Millis,Libertarian,L,0,0,,TOTAL,yes
2020,Indiana,9,US House,Clark,18019,Clark,UTIC 03,Trey Hollingsworth,Republican,R,0,0,,TOTAL,yes
2020,Indiana,9,US House,Clark,18019,Clark,UTIC 04,Andy Ruff,Democratic,D,0,0,,TOTAL,yes
2020,Indiana,9,US House,Clark,18019,Clark,UTIC 04,Tonya L. Millis,Libertarian,L,0,0,,TOTAL,yes
2020,Indiana,9,US House,Clark,18019,Clark,UTIC 04,Trey Hollingsworth,Republican,R,0,0,,TOTAL,yes
2020,Indiana,9,US House,Clark,18019,Clark,WASH 01,Andy Ruff,Democratic,D,0,0,,TOTAL,yes
2020,Indiana,9,US House,Clark,18019,Clark,WASH 01,Tonya L. Millis,Libertarian,L,0,0,,TOTAL,yes
2020,Indiana,9,US House,Clark,18019,Clark,WASH 01,Trey Hollingsworth,Republican,R,0,0,,TOTAL,yes
2020,Indiana,9,US House,Clark,18019,Clark,WOOD 01,Andy Ruff,Democratic,D,0,0,,TOTAL,yes
2020,Indiana,9,US House,Clark,18019,Clark,WOOD 01,Tonya L. Millis,Libertarian,L,0,0,,TOTAL,yes
2020,Indiana,9,US House,Clark,18019,Clark,WOOD 01,Trey Hollingsworth,Republican,R,0,0,,TOTAL,yes
2020,Indiana,9,US House,Clark,18019,Clark,WOOD 02,Andy Ruff,Democratic,D,0,0,,TOTAL,yes
2020,Indiana,9,US House,Clark,18019,Clark,WOOD 02,Tonya L. Millis,Libertarian,L,0,0,,TOTAL,yes
2020,Indiana,9,US House,Clark,18019,Clark,WOOD 02,Trey Hollingsworth,Republican,R,0,0,,TOTAL,yes
2020,Indiana,9,US House,Clark,18019,Clark,WOOD 03,Andy Ruff,Democratic,D,0,0,,TOTAL,yes
2020,Indiana,9,US House,Clark,18019,Clark,WOOD 03,Tonya L. Millis,Libertarian,L,0,0,,TOTAL,yes
2020,Indiana,9,US House,Clark,18019,Clark,WOOD 03,Trey Hollingsworth,Republican,R,0,0,,TOTAL,yes
2020,Indiana,9,US House,Crawford,18025,Crawford,CRAWFORD,Andy Ruff,Democratic,D,1138,3980,0.28593,TOTAL,yes
2020,Indiana,9,US House,Crawford,18025,Crawford,CRAWFORD,Tonya L. Millis,Libertarian,L,157,3980,0.039447,TOTAL,yes
2020,Indiana,9,US House,Crawford,18025,Crawford,CRAWFORD,Trey Hollingsworth,Republican,R,2685,3980,0.674623,TOTAL,yes
2020,Indiana,9,US House,Crawford,18025,Crawford,JENNINGS 1,Andy Ruff,Democratic,D,0,0,,TOTAL,yes
2020,Indiana,9,US House,Crawford,18025,Crawford,JENNINGS 1,Tonya L. Millis,Libertarian,L,0,0,,TOTAL,yes
2020,Indiana,9,US House,Crawford,18025,Crawford,JENNINGS 1,Trey Hollingsworth,Republican,R,0,0,,TOTAL,yes
2020,Indiana,9,US House,Crawford,18025,Crawford,JENNINGS 2,Andy Ruff,Democratic,D,0,0,,TOTAL,yes
2020,Indiana,9,US House,Crawford,18025,Crawford,JENNINGS 2,Tonya L. Millis,Libertarian,L,0,0,,TOTAL,yes
2020,Indiana,9,US House,Crawford,18025,Crawford,JENNINGS 2,Trey Hollingsworth,Republican,R,0,0,,TOTAL,yes
2020,Indiana,9,US House,Crawford,18025,Crawford,JOHNSON 2,Andy Ruff,Democratic,D,0,0,,TOTAL,yes
2020,Indiana,9,US House,Crawford,18025,Crawford,JOHNSON 2,Tonya L. Millis,Libertarian,L,0,0,,TOTAL,yes
2020,Indiana,9,US House,Crawford,18025,Crawford,JOHNSON 2,Trey Hollingsworth,Republican,R,0,0,,TOTAL,yes
2020,Indiana,9,US House,Crawford,18025,Crawford,LIBERTY 1,Andy Ruff,Democratic,D,0,0,,TOTAL,yes
2020,Indiana,9,US House,Crawford,18025,Crawford,LIBERTY 1,Tonya L. Millis,Libertarian,L,0,0,,TOTAL,yes
2020,Indiana,9,US House,Crawford,18025,Crawford,LIBERTY 1,Trey Hollingsworth,Republican,R,0,0,,TOTAL,yes
2020,Indiana,9,US House,Crawford,18025,Crawford,LIBERTY 2,Andy Ruff,Democratic,D,0,0,,TOTAL,yes
2020,Indiana,9,US House,Crawford,18025,Crawford,LIBERTY 2,Tonya L. Millis,Libertarian,L,0,0,,TOTAL,yes
2020,Indiana,9,US House,Crawford,18025,Crawford,LIBERTY 2,Trey Hollingsworth,Republican,R,0,0,,TOTAL,yes
2020,Indiana,9,US House,Crawford,18025,Crawford,OHIO 1,Andy Ruff,Democratic,D,0,0,,TOTAL,yes
2020,Indiana,9,US House,Crawford,18025,Crawford,OHIO 1,Tonya L. Millis,Libertarian,L,0,0,,TOTAL,yes
2020,Indiana,9,US House,Crawford,18025,Crawford,OHIO 1,Trey Hollingsworth,Republican,R,0,0,,TOTAL,yes
2020,Indiana,9,US House,Crawford,18025,Crawford,PATOKA 1,Andy Ruff,Democratic,D,0,0,,TOTAL,yes
2020,Indiana,9,US House,Crawford,18025,Crawford,PATOKA 1,Tonya L. Millis,Libertarian,L,0,0,,TOTAL,yes
2020,Indiana,9,US House,Crawford,18025,Crawford,PATOKA 1,Trey Hollingsworth,Republican,R,0,0,,TOTAL,yes
2020,Indiana,9,US House,Crawford,18025,Crawford,STERLING 1,Andy Ruff,Democratic,D,0,0,,TOTAL,yes
2020,Indiana,9,US House,Crawford,18025,Crawford,STERLING 1,Tonya L. Millis,Libertarian,L,0,0,,TOTAL,yes
2020,Indiana,9,US House,Crawford,18025,Crawford,STERLING 1,Trey Hollingsworth,Republican,R,0,0,,TOTAL,yes
2020,Indiana,9,US House,Crawford,18025,Crawford,STERLING 2,Andy Ruff,Democratic,D,0,0,,TOTAL,yes
2020,Indiana,9,US House,Crawford,18025,Crawford,STERLING 2,Tonya L. Millis,Libertarian,L,0,0,,TOTAL,yes
2020,Indiana,9,US House,Crawford,18025,Crawford,STERLING 2,Trey Hollingsworth,Republican,R,0,0,,TOTAL,yes
2020,Indiana,9,US House,Crawford,18025,Crawford,STERLING 3,Andy Ruff,Democratic,D,0,0,,TOTAL,yes
2020,Indiana,9,US House,Crawford,18025,Crawford,STERLING 3,Tonya L. Millis,Libertarian,L,0,0,,TOTAL,yes
2020,Indiana,9,US House,Crawford,18025,Crawford,STERLING 3,Trey Hollingsworth,Republican,R,0,0,,TOTAL,yes
2020,Indiana,9,US House,Crawford,18025,Crawford,UNION 1,Andy Ruff,Democratic,D,0,0,,TOTAL,yes
2020,Indiana,9,US House,Crawford,18025,Crawford,UNION 1,Tonya L. Millis,Libertarian,L,0,0,,TOTAL,yes
2020,Indiana,9,US House,Crawford,18025,Crawford,UNION 1,Trey Hollingsworth,Republican,R,0,0,,TOTAL,yes
2020,Indiana,9,US House,Crawford,18025,Crawford,WHISKEY RUN 1,Andy Ruff,Democratic,D,0,0,,TOTAL,yes
2020,Indiana,9,US House,Crawford,18025,Crawford,WHISKEY RUN 1,Tonya L. Millis,Libertarian,L,0,0,,TOTAL,yes
2020,Indiana,9,US House,Crawford,18025,Crawford,WHISKEY RUN 1,Trey Hollingsworth,Republican,R,0,0,,TOTAL,yes
2020,Indiana,9,US House,Crawford,18025,Crawford,WHISKEY RUN 2,Andy Ruff,Democratic,D,0,0,,TOTAL,yes
2020,Indiana,9,US House,Crawford,18025,Crawford,WHISKEY RUN 2,Tonya L. Millis,Libertarian,L,0,0,,TOTAL,yes
2020,Indiana,9,US House,Crawford,18025,Crawford,WHISKEY RUN 2,Trey Hollingsworth,Republican,R,0,0,,TOTAL,yes
2020,Indiana,9,US House,Harrison,18061,Harrison,CENTRAL FRANKLIN,Andy Ruff,Democratic,D,150,578,0.259516,TOTAL,yes
2020,Indiana,9,US House,Harrison,18061,Harrison,CENTRAL FRANKLIN,Tonya L. Millis,Libertarian,L,20,578,0.034602,TOTAL,yes
2020,Indiana,9,US House,Harrison,18061,Harrison,CENTRAL FRANKLIN,Trey Hollingsworth,Republican,R,408,578,0.705882,TOTAL,yes
2020,Indiana,9,US House,Harrison,18061,Harrison,CORYDON EAST,Andy Ruff,Democratic,D,167,532,0.31391,TOTAL,yes
2020,Indiana,9,US House,Harrison,18061,Harrison,CORYDON EAST,Tonya L. Millis,Libertarian,L,24,532,0.045113,TOTAL,yes
2020,Indiana,9,US House,Harrison,18061,Harrison,CORYDON EAST,Trey Hollingsworth,Republican,R,341,532,0.640977,TOTAL,yes
2020,Indiana,9,US House,Harrison,18061,Harrison,CORYDON SOUTH,Andy Ruff,Democratic,D,135,425,0.317647,TOTAL,yes
2020,Indiana,9,US House,Harrison,18061,Harrison,CORYDON SOUTH,Tonya L. Millis,Libertarian,L,10,425,0.023529,TOTAL,yes
2020,Indiana,9,US House,Harrison,18061,Harrison,CORYDON SOUTH,Trey Hollingsworth,Republican,R,280,425,0.658824,TOTAL,yes
2020,Indiana,9,US House,Harrison,18061,Harrison,CORYDON WEST,Andy Ruff,Democratic,D,105,375,0.28,TOTAL,yes
2020,Indiana,9,US House,Harrison,18061,Harrison,CORYDON WEST,Tonya L. Millis,Libertarian,L,11,375,0.029333,TOTAL,yes
2020,Indiana,9,US House,Harrison,18061,Harrison,CORYDON WEST,Trey Hollingsworth,Republican,R,259,375,0.690667,TOTAL,yes
2020,Indiana,9,US House,Harrison,18061,Harrison,EAST BOONE,Andy Ruff,Democratic,D,60,329,0.182371,TOTAL,yes
2020,Indiana,9,US House,Harrison,18061,Harrison,EAST BOONE,Tonya L. Millis,Libertarian,L,11,329,0.033435,TOTAL,yes
2020,Indiana,9,US House,Harrison,18061,Harrison,EAST BOONE,Trey Hollingsworth,Republican,R,258,329,0.784195,TOTAL,yes
2020,Indiana,9,US House,Harrison,18061,Harrison,EAST HARRISON,Andy Ruff,Democratic,D,179,624,0.286859,TOTAL,yes
2020,Indiana,9,US House,Harrison,18061,Harrison,EAST HARRISON,Tonya L. Millis,Libertarian,L,10,624,0.016026,TOTAL,yes
2020,Indiana,9,US House,Harrison,18061,Harrison,EAST HARRISON,Trey Hollingsworth,Republican,R,435,624,0.697115,TOTAL,yes
2020,Indiana,9,US House,Harrison,18061,Harrison,EAST HETH,Andy Ruff,Democratic,D,53,304,0.174342,TOTAL,yes
2020,Indiana,9,US House,Harrison,18061,Harrison,EAST HETH,Tonya L. Millis,Libertarian,L,17,304,0.055921,TOTAL,yes
2020,Indiana,9,US House,Harrison,18061,Harrison,EAST HETH,Trey Hollingsworth,Republican,R,234,304,0.769737,TOTAL,yes
2020,Indiana,9,US House,Harrison,18061,Harrison,EAST WEBSTER,Andy Ruff,Democratic,D,82,463,0.177106,TOTAL,yes
2020,Indiana,9,US House,Harrison,18061,Harrison,EAST WEBSTER,Tonya L. Millis,Libertarian,L,21,463,0.045356,TOTAL,yes
2020,Indiana,9,US House,Harrison,18061,Harrison,EAST WEBSTER,Trey Hollingsworth,Republican,R,360,463,0.777538,TOTAL,yes
2020,Indiana,9,US House,Harrison,18061,Harrison,NORTH BLUE RIVER,Andy Ruff,Democratic,D,108,456,0.236842,TOTAL,yes
2020,Indiana,9,US House,Harrison,18061,Harrison,NORTH BLUE RIVER,Tonya L. Millis,Libertarian,L,19,456,0.041667,TOTAL,yes
2020,Indiana,9,US House,Harrison,18061,Harrison,NORTH BLUE RIVER,Trey Hollingsworth,Republican,R,329,456,0.721491,TOTAL,yes
2020,Indiana,9,US House,Harrison,18061,Harrison,NORTH EAST HARRISON,Andy Ruff,Democratic,D,184,706,0.260623,TOTAL,yes
2020,Indiana,9,US House,Harrison,18061,Harrison,NORTH EAST HARRISON,Tonya L. Millis,Libertarian,L,9,706,0.012748,TOTAL,yes
2020,Indiana,9,US House,Harrison,18061,Harrison,NORTH EAST HARRISON,Trey Hollingsworth,Republican,R,513,706,0.726629,TOTAL,yes
2020,Indiana,9,US House,Harrison,18061,Harrison,NORTH EAST JACKSON,Andy Ruff,Democratic,D,176,675,0.260741,TOTAL,yes
2020,Indiana,9,US House,Harrison,18061,Harrison,NORTH EAST JACKSON,Tonya L. Millis,Libertarian,L,19,675,0.028148,TOTAL,yes
2020,Indiana,9,US House,Harrison,18061,Harrison,NORTH EAST JACKSON,Trey Hollingsworth,Republican,R,480,675,0.711111,TOTAL,yes
2020,Indiana,9,US House,Harrison,18061,Harrison,NORTH EAST MORGAN,Andy Ruff,Democratic,D,156,548,0.284672,TOTAL,yes
2020,Indiana,9,US House,Harrison,18061,Harrison,NORTH EAST MORGAN,Tonya L. Millis,Libertarian,L,21,548,0.038321,TOTAL,yes
2020,Indiana,9,US House,Harrison,18061,Harrison,NORTH EAST MORGAN,Trey Hollingsworth,Republican,R,371,548,0.677007,TOTAL,yes
2020,Indiana,9,US House,Harrison,18061,Harrison,NORTH EAST POSEY,Andy Ruff,Democratic,D,108,576,0.1875,TOTAL,yes
2020,Indiana,9,US House,Harrison,18061,Harrison,NORTH EAST POSEY,Tonya L. Millis,Libertarian,L,16,576,0.027778,TOTAL,yes
2020,Indiana,9,US House,Harrison,18061,Harrison,NORTH EAST POSEY,Trey Hollingsworth,Republican,R,452,576,0.784722,TOTAL,yes
2020,Indiana,9,US House,Harrison,18061,Harrison,NORTH FRANKLIN,Andy Ruff,Democratic,D,111,525,0.211429,TOTAL,yes
2020,Indiana,9,US House,Harrison,18061,Harrison,NORTH FRANKLIN,Tonya L. Millis,Libertarian,L,8,525,0.015238,TOTAL,yes
2020,Indiana,9,US House,Harrison,18061,Harrison,NORTH FRANKLIN,Trey Hollingsworth,Republican,R,406,525,0.773333,TOTAL,yes
2020,Indiana,9,US House,Harrison,18061,Harrison,NORTH HARRISON,Andy Ruff,Democratic,D,136,525,0.259048,TOTAL,yes
2020,Indiana,9,US House,Harrison,18061,Harrison,NORTH HARRISON,Tonya L. Millis,Libertarian,L,20,525,0.038095,TOTAL,yes
2020,Indiana,9,US House,Harrison,18061,Harrison,NORTH HARRISON,Trey Hollingsworth,Republican,R,369,525,0.702857,TOTAL,yes
2020,Indiana,9,US House,Harrison,18061,Harrison,NORTH JACKSON,Andy Ruff,Democratic,D,138,538,0.256506,TOTAL,yes
2020,Indiana,9,US House,Harrison,18061,Harrison,NORTH JACKSON,Tonya L. Millis,Libertarian,L,14,538,0.026022,TOTAL,yes
2020,Indiana,9,US House,Harrison,18061,Harrison,NORTH JACKSON,Trey Hollingsworth,Republican,R,386,538,0.717472,TOTAL,yes
2020,Indiana,9,US House,Harrison,18061,Harrison,NORTH SPENCER,Andy Ruff,Democratic,D,124,511,0.242661,TOTAL,yes
2020,Indiana,9,US House,Harrison,18061,Harrison,NORTH SPENCER,Tonya L. Millis,Libertarian,L,18,511,0.035225,TOTAL,yes
2020,Indiana,9,US House,Harrison,18061,Harrison,NORTH SPENCER,Trey Hollingsworth,Republican,R,369,511,0.722114,TOTAL,yes
2020,Indiana,9,US House,Harrison,18061,Harrison,NORTH WEST JACKSON,Andy Ruff,Democratic,D,121,511,0.236791,TOTAL,yes
2020,Indiana,9,US House,Harrison,18061,Harrison,NORTH WEST JACKSON,Tonya L. Millis,Libertarian,L,21,511,0.041096,TOTAL,yes
2020,Indiana,9,US House,Harrison,18061,Harrison,NORTH WEST JACKSON,Trey Hollingsworth,Republican,R,369,511,0.722114,TOTAL,yes
2020,Indiana,9,US House,Harrison,18061,Harrison,NORTH WEST MORGAN,Andy Ruff,Democratic,D,122,484,0.252066,TOTAL,yes
2020,Indiana,9,US House,Harrison,18061,Harrison,NORTH WEST MORGAN,Tonya L. Millis,Libertarian,L,18,484,0.03719,TOTAL,yes
2020,Indiana,9,US House,Harrison,18061,Harrison,NORTH WEST MORGAN,Trey Hollingsworth,Republican,R,344,484,0.710744,TOTAL,yes
2020,Indiana,9,US House,Harrison,18061,Harrison,NORTHWEST HARRISON,Andy Ruff,Democratic,D,166,676,0.245562,TOTAL,yes
2020,Indiana,9,US House,Harrison,18061,Harrison,NORTHWEST HARRISON,Tonya L. Millis,Libertarian,L,16,676,0.023669,TOTAL,yes
2020,Indiana,9,US House,Harrison,18061,Harrison,NORTHWEST HARRISON,Trey Hollingsworth,Republican,R,494,676,0.730769,TOTAL,yes
2020,Indiana,9,US House,Harrison,18061,Harrison,SOUTH BLUE RIVER,Andy Ruff,Democratic,D,158,572,0.276224,TOTAL,yes
2020,Indiana,9,US House,Harrison,18061,Harrison,SOUTH BLUE RIVER,Tonya L. Millis,Libertarian,L,11,572,0.019231,TOTAL,yes
2020,Indiana,9,US House,Harrison,18061,Harrison,SOUTH BLUE RIVER,Trey Hollingsworth,Republican,R,403,572,0.704545,TOTAL,yes
2020,Indiana,9,US House,Harrison,18061,Harrison,SOUTH EAST HARRISON,Andy Ruff,Democratic,D,142,637,0.22292,TOTAL,yes
2020,Indiana,9,US House,Harrison,18061,Harrison,SOUTH EAST HARRISON,Tonya L. Millis,Libertarian,L,28,637,0.043956,TOTAL,yes
2020,Indiana,9,US House,Harrison,18061,Harrison,SOUTH EAST HARRISON,Trey Hollingsworth,Republican,R,467,637,0.733124,TOTAL,yes
2020,Indiana,9,US House,Harrison,18061,Harrison,SOUTH EAST JACKSON,Andy Ruff,Democratic,D,180,621,0.289855,TOTAL,yes
2020,Indiana,9,US House,Harrison,18061,Harrison,SOUTH EAST JACKSON,Tonya L. Millis,Libertarian,L,27,621,0.043478,TOTAL,yes
2020,Indiana,9,US House,Harrison,18061,Harrison,SOUTH EAST JACKSON,Trey Hollingsworth,Republican,R,414,621,0.666667,TOTAL,yes
2020,Indiana,9,US House,Harrison,18061,Harrison,SOUTH EAST POSEY,Andy Ruff,Democratic,D,80,408,0.196078,TOTAL,yes
2020,Indiana,9,US House,Harrison,18061,Harrison,SOUTH EAST POSEY,Tonya L. Millis,Libertarian,L,11,408,0.026961,TOTAL,yes
2020,Indiana,9,US House,Harrison,18061,Harrison,SOUTH EAST POSEY,Trey Hollingsworth,Republican,R,317,408,0.776961,TOTAL,yes
2020,Indiana,9,US House,Harrison,18061,Harrison,SOUTH FRANKLIN,Andy Ruff,Democratic,D,159,681,0.23348,TOTAL,yes
2020,Indiana,9,US House,Harrison,18061,Harrison,SOUTH FRANKLIN,Tonya L. Millis,Libertarian,L,19,681,0.0279,TOTAL,yes
2020,Indiana,9,US House,Harrison,18061,Harrison,SOUTH FRANKLIN,Trey Hollingsworth,Republican,R,503,681,0.73862,TOTAL,yes
2020,Indiana,9,US House,Harrison,18061,Harrison,SOUTH HARRISON,Andy Ruff,Democratic,D,121,573,0.211169,TOTAL,yes
2020,Indiana,9,US House,Harrison,18061,Harrison,SOUTH HARRISON,Tonya L. Millis,Libertarian,L,16,573,0.027923,TOTAL,yes
2020,Indiana,9,US House,Harrison,18061,Harrison,SOUTH HARRISON,Trey Hollingsworth,Republican,R,436,573,0.760908,TOTAL,yes
2020,Indiana,9,US House,Harrison,18061,Harrison,SOUTH MORGAN,Andy Ruff,Democratic,D,141,638,0.221003,TOTAL,yes
2020,Indiana,9,US House,Harrison,18061,Harrison,SOUTH MORGAN,Tonya L. Millis,Libertarian,L,19,638,0.029781,TOTAL,yes
2020,Indiana,9,US House,Harrison,18061,Harrison,SOUTH MORGAN,Trey Hollingsworth,Republican,R,478,638,0.749216,TOTAL,yes
2020,Indiana,9,US House,Harrison,18061,Harrison,SOUTH SPENCER,Andy Ruff,Democratic,D,129,479,0.269311,TOTAL,yes
2020,Indiana,9,US House,Harrison,18061,Harrison,SOUTH SPENCER,Tonya L. Millis,Libertarian,L,12,479,0.025052,TOTAL,yes
2020,Indiana,9,US House,Harrison,18061,Harrison,SOUTH SPENCER,Trey Hollingsworth,Republican,R,338,479,0.705637,TOTAL,yes
2020,Indiana,9,US House,Harrison,18061,Harrison,SOUTH WEST HARRISON,Andy Ruff,Democratic,D,142,636,0.22327,TOTAL,yes
2020,Indiana,9,US House,Harrison,18061,Harrison,SOUTH WEST HARRISON,Tonya L. Millis,Libertarian,L,22,636,0.034591,TOTAL,yes
2020,Indiana,9,US House,Harrison,18061,Harrison,SOUTH WEST HARRISON,Trey Hollingsworth,Republican,R,472,636,0.742138,TOTAL,yes
2020,Indiana,9,US House,Harrison,18061,Harrison,SOUTH WEST JACKSON,Andy Ruff,Democratic,D,185,701,0.263909,TOTAL,yes
2020,Indiana,9,US House,Harrison,18061,Harrison,SOUTH WEST JACKSON,Tonya L. Millis,Libertarian,L,19,701,0.027104,TOTAL,yes
2020,Indiana,9,US House,Harrison,18061,Harrison,SOUTH WEST JACKSON,Trey Hollingsworth,Republican,R,497,701,0.708987,TOTAL,yes
2020,Indiana,9,US House,Harrison,18061,Harrison,SOUTHWEST MORGAN,Andy Ruff,Democratic,D,31,195,0.158974,TOTAL,yes
2020,Indiana,9,US House,Harrison,18061,Harrison,SOUTHWEST MORGAN,Tonya L. Millis,Libertarian,L,5,195,0.025641,TOTAL,yes
2020,Indiana,9,US House,Harrison,18061,Harrison,SOUTHWEST MORGAN,Trey Hollingsworth,Republican,R,159,195,0.815385,TOTAL,yes
2020,Indiana,9,US House,Harrison,18061,Harrison,TAYLOR,Andy Ruff,Democratic,D,113,399,0.283208,TOTAL,yes
2020,Indiana,9,US House,Harrison,18061,Harrison,TAYLOR,Tonya L. Millis,Libertarian,L,9,399,0.022556,TOTAL,yes
2020,Indiana,9,US House,Harrison,18061,Harrison,TAYLOR,Trey Hollingsworth,Republican,R,277,399,0.694236,TOTAL,yes
2020,Indiana,9,US House,Harrison,18061,Harrison,WASHINGTON,Andy Ruff,Democratic,D,35,225,0.155556,TOTAL,yes
2020,Indiana,9,US House,Harrison,18061,Harrison,WASHINGTON,Tonya L. Millis,Libertarian,L,8,225,0.035556,TOTAL,yes
2020,Indiana,9,US House,Harrison,18061,Harrison,WASHINGTON,Trey Hollingsworth,Republican,R,182,225,0.808889,TOTAL,yes
2020,Indiana,9,US House,Harrison,18061,Harrison,WEST BOONE,Andy Ruff,Democratic,D,67,403,0.166253,TOTAL,yes
2020,Indiana,9,US House,Harrison,18061,Harrison,WEST BOONE,Tonya L. Millis,Libertarian,L,17,403,0.042184,TOTAL,yes
2020,Indiana,9,US House,Harrison,18061,Harrison,WEST BOONE,Trey Hollingsworth,Republican,R,319,403,0.791563,TOTAL,yes
2020,Indiana,9,US House,Harrison,18061,Harrison,WEST FRANKLIN,Andy Ruff,Democratic,D,172,702,0.245014,TOTAL,yes
2020,Indiana,9,US House,Harrison,18061,Harrison,WEST FRANKLIN,Tonya L. Millis,Libertarian,L,18,702,0.025641,TOTAL,yes
2020,Indiana,9,US House,Harrison,18061,Harrison,WEST FRANKLIN,Trey Hollingsworth,Republican,R,512,702,0.729345,TOTAL,yes
2020,Indiana,9,US House,Harrison,18061,Harrison,WEST HARRISON,Andy Ruff,Democratic,D,177,580,0.305172,TOTAL,yes
2020,Indiana,9,US House,Harrison,18061,Harrison,WEST HARRISON,Tonya L. Millis,Libertarian,L,12,580,0.02069,TOTAL,yes
2020,Indiana,9,US House,Harrison,18061,Harrison,WEST HARRISON,Trey Hollingsworth,Republican,R,391,580,0.674138,TOTAL,yes
2020,Indiana,9,US House,Harrison,18061,Harrison,WEST HETH,Andy Ruff,Democratic,D,40,255,0.156863,TOTAL,yes
2020,Indiana,9,US House,Harrison,18061,Harrison,WEST HETH,Tonya L. Millis,Libertarian,L,11,255,0.043137,TOTAL,yes
2020,Indiana,9,US House,Harrison,18061,Harrison,WEST HETH,Trey Hollingsworth,Republican,R,204,255,0.8,TOTAL,yes
2020,Indiana,9,US House,Harrison,18061,Harrison,WEST POSEY,Andy Ruff,Democratic,D,131,542,0.241697,TOTAL,yes
2020,Indiana,9,US House,Harrison,18061,Harrison,WEST POSEY,Tonya L. Millis,Libertarian,L,18,542,0.03321,TOTAL,yes
2020,Indiana,9,US House,Harrison,18061,Harrison,WEST POSEY,Trey Hollingsworth,Republican,R,393,542,0.725092,TOTAL,yes
2020,Indiana,9,US House,Harrison,18061,Harrison,WEST WEBSTER,Andy Ruff,Democratic,D,95,418,0.227273,TOTAL,yes
2020,Indiana,9,US House,Harrison,18061,Harrison,WEST WEBSTER,Tonya L. Millis,Libertarian,L,10,418,0.023923,TOTAL,yes
2020,Indiana,9,US House,Harrison,18061,Harrison,WEST WEBSTER,Trey Hollingsworth,Republican,R,313,418,0.748804,TOTAL,yes
2020,Indiana,9,US House,Johnson,18081,Johnson,BLUE RIVER 1,Andy Ruff,Democratic,D,51,323,0.157895,TOTAL,yes
2020,Indiana,9,US House,Johnson,18081,Johnson,BLUE RIVER 1,Tonya L. Millis,Libertarian,L,16,323,0.049536,TOTAL,yes
2020,Indiana,9,US House,Johnson,18081,Johnson,BLUE RIVER 1,Trey Hollingsworth,Republican,R,256,323,0.79257,TOTAL,yes
2020,Indiana,9,US House,Johnson,18081,Johnson,BLUE RIVER 2,Andy Ruff,Democratic,D,77,419,0.183771,TOTAL,yes
2020,Indiana,9,US House,Johnson,18081,Johnson,BLUE RIVER 2,Tonya L. Millis,Libertarian,L,20,419,0.047733,TOTAL,yes
2020,Indiana,9,US House,Johnson,18081,Johnson,BLUE RIVER 2,Trey Hollingsworth,Republican,R,322,419,0.768496,TOTAL,yes
2020,Indiana,9,US House,Johnson,18081,Johnson,BLUE RIVER 3,Andy Ruff,Democratic,D,69,452,0.152655,TOTAL,yes
2020,Indiana,9,US House,Johnson,18081,Johnson,BLUE RIVER 3,Tonya L. Millis,Libertarian,L,13,452,0.028761,TOTAL,yes
2020,Indiana,9,US House,Johnson,18081,Johnson,BLUE RIVER 3,Trey Hollingsworth,Republican,R,370,452,0.818584,TOTAL,yes
2020,Indiana,9,US House,Johnson,18081,Johnson,BLUE RIVER 4,Andy Ruff,Democratic,D,76,350,0.217143,TOTAL,yes
2020,Indiana,9,US House,Johnson,18081,Johnson,BLUE RIVER 4,Tonya L. Millis,Libertarian,L,20,350,0.057143,TOTAL,yes
2020,Indiana,9,US House,Johnson,18081,Johnson,BLUE RIVER 4,Trey Hollingsworth,Republican,R,254,350,0.725714,TOTAL,yes
2020,Indiana,9,US House,Johnson,18081,Johnson,BLUE RIVER 5,Andy Ruff,Democratic,D,56,337,0.166172,TOTAL,yes
2020,Indiana,9,US House,Johnson,18081,Johnson,BLUE RIVER 5,Tonya L. Millis,Libertarian,L,16,337,0.047478,TOTAL,yes
2020,Indiana,9,US House,Johnson,18081,Johnson,BLUE RIVER 5,Trey Hollingsworth,Republican,R,265,337,0.78635,TOTAL,yes
2020,Indiana,9,US House,Johnson,18081,Johnson,CLARK 1,Andy Ruff,Democratic,D,51,327,0.155963,TOTAL,yes
2020,Indiana,9,US House,Johnson,18081,Johnson,CLARK 1,Tonya L. Millis,Libertarian,L,13,327,0.039755,TOTAL,yes
2020,Indiana,9,US House,Johnson,18081,Johnson,CLARK 1,Trey Hollingsworth,Republican,R,263,327,0.804281,TOTAL,yes
2020,Indiana,9,US House,Johnson,18081,Johnson,CLARK 2,Andy Ruff,Democratic,D,106,634,0.167192,TOTAL,yes
2020,Indiana,9,US House,Johnson,18081,Johnson,CLARK 2,Tonya L. Millis,Libertarian,L,16,634,0.025237,TOTAL,yes
2020,Indiana,9,US House,Johnson,18081,Johnson,CLARK 2,Trey Hollingsworth,Republican,R,512,634,0.807571,TOTAL,yes
2020,Indiana,9,US House,Johnson,18081,Johnson,CLARK 3,Andy Ruff,Democratic,D,186,677,0.274742,TOTAL,yes
2020,Indiana,9,US House,Johnson,18081,Johnson,CLARK 3,Tonya L. Millis,Libertarian,L,19,677,0.028065,TOTAL,yes
2020,Indiana,9,US House,Johnson,18081,Johnson,CLARK 3,Trey Hollingsworth,Republican,R,472,677,0.697194,TOTAL,yes
2020,Indiana,9,US House,Johnson,18081,Johnson,FRANKLIN 01,Andy Ruff,Democratic,D,176,718,0.245125,TOTAL,yes
2020,Indiana,9,US House,Johnson,18081,Johnson,FRANKLIN 01,Tonya L. Millis,Libertarian,L,35,718,0.048747,TOTAL,yes
2020,Indiana,9,US House,Johnson,18081,Johnson,FRANKLIN 01,Trey Hollingsworth,Republican,R,507,718,0.706128,TOTAL,yes
2020,Indiana,9,US House,Johnson,18081,Johnson,FRANKLIN 02,Andy Ruff,Democratic,D,168,485,0.346392,TOTAL,yes
2020,Indiana,9,US House,Johnson,18081,Johnson,FRANKLIN 02,Tonya L. Millis,Libertarian,L,24,485,0.049485,TOTAL,yes
2020,Indiana,9,US House,Johnson,18081,Johnson,FRANKLIN 02,Trey Hollingsworth,Republican,R,293,485,0.604124,TOTAL,yes
2020,Indiana,9,US House,Johnson,18081,Johnson,FRANKLIN 03,Andy Ruff,Democratic,D,85,294,0.289116,TOTAL,yes
2020,Indiana,9,US House,Johnson,18081,Johnson,FRANKLIN 03,Tonya L. Millis,Libertarian,L,15,294,0.05102,TOTAL,yes
2020,Indiana,9,US House,Johnson,18081,Johnson,FRANKLIN 03,Trey Hollingsworth,Republican,R,194,294,0.659864,TOTAL,yes
2020,Indiana,9,US House,Johnson,18081,Johnson,FRANKLIN 04,Andy Ruff,Democratic,D,162,462,0.350649,TOTAL,yes
2020,Indiana,9,US House,Johnson,18081,Johnson,FRANKLIN 04,Tonya L. Millis,Libertarian,L,24,462,0.051948,TOTAL,yes
2020,Indiana,9,US House,Johnson,18081,Johnson,FRANKLIN 04,Trey Hollingsworth,Republican,R,276,462,0.597403,TOTAL,yes
2020,Indiana,9,US House,Johnson,18081,Johnson,FRANKLIN 05,Andy Ruff,Democratic,D,81,212,0.382075,TOTAL,yes
2020,Indiana,9,US House,Johnson,18081,Johnson,FRANKLIN 05,Tonya L. Millis,Libertarian,L,12,212,0.056604,TOTAL,yes
2020,Indiana,9,US House,Johnson,18081,Johnson,FRANKLIN 05,Trey Hollingsworth,Republican,R,119,212,0.561321,TOTAL,yes
2020,Indiana,9,US House,Johnson,18081,Johnson,FRANKLIN 06,Andy Ruff,Democratic,D,164,551,0.297641,TOTAL,yes
2020,Indiana,9,US House,Johnson,18081,Johnson,FRANKLIN 06,Tonya L. Millis,Libertarian,L,22,551,0.039927,TOTAL,yes
2020,Indiana,9,US House,Johnson,18081,Johnson,FRANKLIN 06,Trey Hollingsworth,Republican,R,365,551,0.662432,TOTAL,yes
2020,Indiana,9,US House,Johnson,18081,Johnson,FRANKLIN 07,Andy Ruff,Democratic,D,181,430,0.42093,TOTAL,yes
2020,Indiana,9,US House,Johnson,18081,Johnson,FRANKLIN 07,Tonya L. Millis,Libertarian,L,24,430,0.055814,TOTAL,yes
2020,Indiana,9,US House,Johnson,18081,Johnson,FRANKLIN 07,Trey Hollingsworth,Republican,R,225,430,0.523256,TOTAL,yes
2020,Indiana,9,US House,Johnson,18081,Johnson,FRANKLIN 08,Andy Ruff,Democratic,D,50,231,0.21645,TOTAL,yes
2020,Indiana,9,US House,Johnson,18081,Johnson,FRANKLIN 08,Tonya L. Millis,Libertarian,L,10,231,0.04329,TOTAL,yes
2020,Indiana,9,US House,Johnson,18081,Johnson,FRANKLIN 08,Trey Hollingsworth,Republican,R,171,231,0.74026,TOTAL,yes
2020,Indiana,9,US House,Johnson,18081,Johnson,FRANKLIN 09,Andy Ruff,Democratic,D,244,799,0.305382,TOTAL,yes
2020,Indiana,9,US House,Johnson,18081,Johnson,FRANKLIN 09,Tonya L. Millis,Libertarian,L,27,799,0.033792,TOTAL,yes
2020,Indiana,9,US House,Johnson,18081,Johnson,FRANKLIN 09,Trey Hollingsworth,Republican,R,528,799,0.660826,TOTAL,yes
2020,Indiana,9,US House,Johnson,18081,Johnson,FRANKLIN 10,Andy Ruff,Democratic,D,84,376,0.223404,TOTAL,yes
2020,Indiana,9,US House,Johnson,18081,Johnson,FRANKLIN 10,Tonya L. Millis,Libertarian,L,10,376,0.026596,TOTAL,yes
2020,Indiana,9,US House,Johnson,18081,Johnson,FRANKLIN 10,Trey Hollingsworth,Republican,R,282,376,0.75,TOTAL,yes
2020,Indiana,9,US House,Johnson,18081,Johnson,FRANKLIN 11,Andy Ruff,Democratic,D,103,370,0.278378,TOTAL,yes
2020,Indiana,9,US House,Johnson,18081,Johnson,FRANKLIN 11,Tonya L. Millis,Libertarian,L,27,370,0.072973,TOTAL,yes
2020,Indiana,9,US House,Johnson,18081,Johnson,FRANKLIN 11,Trey Hollingsworth,Republican,R,240,370,0.648649,TOTAL,yes
2020,Indiana,9,US House,Johnson,18081,Johnson,FRANKLIN 12,Andy Ruff,Democratic,D,51,192,0.265625,TOTAL,yes
2020,Indiana,9,US House,Johnson,18081,Johnson,FRANKLIN 12,Tonya L. Millis,Libertarian,L,9,192,0.046875,TOTAL,yes
2020,Indiana,9,US House,Johnson,18081,Johnson,FRANKLIN 12,Trey Hollingsworth,Republican,R,132,192,0.6875,TOTAL,yes
2020,Indiana,9,US House,Johnson,18081,Johnson,FRANKLIN 13,Andy Ruff,Democratic,D,74,280,0.264286,TOTAL,yes
2020,Indiana,9,US House,Johnson,18081,Johnson,FRANKLIN 13,Tonya L. Millis,Libertarian,L,3,280,0.010714,TOTAL,yes
2020,Indiana,9,US House,Johnson,18081,Johnson,FRANKLIN 13,Trey Hollingsworth,Republican,R,203,280,0.725,TOTAL,yes
2020,Indiana,9,US House,Johnson,18081,Johnson,FRANKLIN 14,Andy Ruff,Democratic,D,73,255,0.286275,TOTAL,yes
2020,Indiana,9,US House,Johnson,18081,Johnson,FRANKLIN 14,Tonya L. Millis,Libertarian,L,14,255,0.054902,TOTAL,yes
2020,Indiana,9,US House,Johnson,18081,Johnson,FRANKLIN 14,Trey Hollingsworth,Republican,R,168,255,0.658824,TOTAL,yes
2020,Indiana,9,US House,Johnson,18081,Johnson,FRANKLIN 15,Andy Ruff,Democratic,D,127,575,0.22087,TOTAL,yes
2020,Indiana,9,US House,Johnson,18081,Johnson,FRANKLIN 15,Tonya L. Millis,Libertarian,L,24,575,0.041739,TOTAL,yes
2020,Indiana,9,US House,Johnson,18081,Johnson,FRANKLIN 15,Trey Hollingsworth,Republican,R,424,575,0.737391,TOTAL,yes
2020,Indiana,9,US House,Johnson,18081,Johnson,FRANKLIN 16,Andy Ruff,Democratic,D,222,906,0.245033,TOTAL,yes
2020,Indiana,9,US House,Johnson,18081,Johnson,FRANKLIN 16,Tonya L. Millis,Libertarian,L,50,906,0.055188,TOTAL,yes
2020,Indiana,9,US House,Johnson,18081,Johnson,FRANKLIN 16,Trey Hollingsworth,Republican,R,634,906,0.699779,TOTAL,yes
2020,Indiana,9,US House,Johnson,18081,Johnson,FRANKLIN 17,Andy Ruff,Democratic,D,135,438,0.308219,TOTAL,yes
2020,Indiana,9,US House,Johnson,18081,Johnson,FRANKLIN 17,Tonya L. Millis,Libertarian,L,13,438,0.02968,TOTAL,yes
2020,Indiana,9,US House,Johnson,18081,Johnson,FRANKLIN 17,Trey Hollingsworth,Republican,R,290,438,0.6621,TOTAL,yes
2020,Indiana,9,US House,Johnson,18081,Johnson,FRANKLIN 18,Andy Ruff,Democratic,D,169,497,0.34004,TOTAL,yes
2020,Indiana,9,US House,Johnson,18081,Johnson,FRANKLIN 18,Tonya L. Millis,Libertarian,L,27,497,0.054326,TOTAL,yes
2020,Indiana,9,US House,Johnson,18081,Johnson,FRANKLIN 18,Trey Hollingsworth,Republican,R,301,497,0.605634,TOTAL,yes
2020,Indiana,9,US House,Johnson,18081,Johnson,FRANKLIN 19,Andy Ruff,Democratic,D,191,714,0.267507,TOTAL,yes
2020,Indiana,9,US House,Johnson,18081,Johnson,FRANKLIN 19,Tonya L. Millis,Libertarian,L,41,714,0.057423,TOTAL,yes
2020,Indiana,9,US House,Johnson,18081,Johnson,FRANKLIN 19,Trey Hollingsworth,Republican,R,482,714,0.67507,TOTAL,yes
2020,Indiana,9,US House,Johnson,18081,Johnson,FRANKLIN 20,Andy Ruff,Democratic,D,102,380,0.268421,TOTAL,yes
2020,Indiana,9,US House,Johnson,18081,Johnson,FRANKLIN 20,Tonya L. Millis,Libertarian,L,11,380,0.028947,TOTAL,yes
2020,Indiana,9,US House,Johnson,18081,Johnson,FRANKLIN 20,Trey Hollingsworth,Republican,R,267,380,0.702632,TOTAL,yes
2020,Indiana,9,US House,Johnson,18081,Johnson,HENSLEY 1,Andy Ruff,Democratic,D,44,312,0.141026,TOTAL,yes
2020,Indiana,9,US House,Johnson,18081,Johnson,HENSLEY 1,Tonya L. Millis,Libertarian,L,13,312,0.041667,TOTAL,yes
2020,Indiana,9,US House,Johnson,18081,Johnson,HENSLEY 1,Trey Hollingsworth,Republican,R,255,312,0.817308,TOTAL,yes
2020,Indiana,9,US House,Johnson,18081,Johnson,HENSLEY 2,Andy Ruff,Democratic,D,142,880,0.161364,TOTAL,yes
2020,Indiana,9,US House,Johnson,18081,Johnson,HENSLEY 2,Tonya L. Millis,Libertarian,L,38,880,0.043182,TOTAL,yes
2020,Indiana,9,US House,Johnson,18081,Johnson,HENSLEY 2,Trey Hollingsworth,Republican,R,700,880,0.795455,TOTAL,yes
2020,Indiana,9,US House,Johnson,18081,Johnson,HENSLEY 3,Andy Ruff,Democratic,D,134,860,0.155814,TOTAL,yes
2020,Indiana,9,US House,Johnson,18081,Johnson,HENSLEY 3,Tonya L. Millis,Libertarian,L,37,860,0.043023,TOTAL,yes
2020,Indiana,9,US House,Johnson,18081,Johnson,HENSLEY 3,Trey Hollingsworth,Republican,R,689,860,0.801163,TOTAL,yes
2020,Indiana,9,US House,Johnson,18081,Johnson,NEEDHAM 1,Andy Ruff,Democratic,D,151,775,0.194839,TOTAL,yes
2020,Indiana,9,US House,Johnson,18081,Johnson,NEEDHAM 1,Tonya L. Millis,Libertarian,L,35,775,0.045161,TOTAL,yes
2020,Indiana,9,US House,Johnson,18081,Johnson,NEEDHAM 1,Trey Hollingsworth,Republican,R,589,775,0.76,TOTAL,yes
2020,Indiana,9,US House,Johnson,18081,Johnson,NEEDHAM 2,Andy Ruff,Democratic,D,262,873,0.300115,TOTAL,yes
2020,Indiana,9,US House,Johnson,18081,Johnson,NEEDHAM 2,Tonya L. Millis,Libertarian,L,36,873,0.041237,TOTAL,yes
2020,Indiana,9,US House,Johnson,18081,Johnson,NEEDHAM 2,Trey Hollingsworth,Republican,R,575,873,0.658648,TOTAL,yes
2020,Indiana,9,US House,Johnson,18081,Johnson,NEEDHAM 3,Andy Ruff,Democratic,D,91,455,0.2,TOTAL,yes
2020,Indiana,9,US House,Johnson,18081,Johnson,NEEDHAM 3,Tonya L. Millis,Libertarian,L,16,455,0.035165,TOTAL,yes
2020,Indiana,9,US House,Johnson,18081,Johnson,NEEDHAM 3,Trey Hollingsworth,Republican,R,348,455,0.764835,TOTAL,yes
2020,Indiana,9,US House,Johnson,18081,Johnson,NEEDHAM 4,Andy Ruff,Democratic,D,189,621,0.304348,TOTAL,yes
2020,Indiana,9,US House,Johnson,18081,Johnson,NEEDHAM 4,Tonya L. Millis,Libertarian,L,25,621,0.040258,TOTAL,yes
2020,Indiana,9,US House,Johnson,18081,Johnson,NEEDHAM 4,Trey Hollingsworth,Republican,R,407,621,0.655395,TOTAL,yes
2020,Indiana,9,US House,Johnson,18081,Johnson,NEEDHAM 5,Andy Ruff,Democratic,D,294,1070,0.274766,TOTAL,yes
2020,Indiana,9,US House,Johnson,18081,Johnson,NEEDHAM 5,Tonya L. Millis,Libertarian,L,72,1070,0.06729,TOTAL,yes
2020,Indiana,9,US House,Johnson,18081,Johnson,NEEDHAM 5,Trey Hollingsworth,Republican,R,704,1070,0.657944,TOTAL,yes
2020,Indiana,9,US House,Johnson,18081,Johnson,NINEVEH 1,Andy Ruff,Democratic,D,167,1015,0.164532,TOTAL,yes
2020,Indiana,9,US House,Johnson,18081,Johnson,NINEVEH 1,Tonya L. Millis,Libertarian,L,42,1015,0.041379,TOTAL,yes
2020,Indiana,9,US House,Johnson,18081,Johnson,NINEVEH 1,Trey Hollingsworth,Republican,R,806,1015,0.794089,TOTAL,yes
2020,Indiana,9,US House,Johnson,18081,Johnson,NINEVEH 2,Andy Ruff,Democratic,D,151,766,0.197128,TOTAL,yes
2020,Indiana,9,US House,Johnson,18081,Johnson,NINEVEH 2,Tonya L. Millis,Libertarian,L,31,766,0.04047,TOTAL,yes
2020,Indiana,9,US House,Johnson,18081,Johnson,NINEVEH 2,Trey Hollingsworth,Republican,R,584,766,0.762402,TOTAL,yes
2020,Indiana,9,US House,Johnson,18081,Johnson,NINEVEH 3,Andy Ruff,Democratic,D,67,407,0.164619,TOTAL,yes
2020,Indiana,9,US House,Johnson,18081,Johnson,NINEVEH 3,Tonya L. Millis,Libertarian,L,13,407,0.031941,TOTAL,yes
2020,Indiana,9,US House,Johnson,18081,Johnson,NINEVEH 3,Trey Hollingsworth,Republican,R,327,407,0.80344,TOTAL,yes
2020,Indiana,9,US House,Johnson,18081,Johnson,NINEVEH 4,Andy Ruff,Democratic,D,0,1,0.0,TOTAL,yes
2020,Indiana,9,US House,Johnson,18081,Johnson,NINEVEH 4,Tonya L. Millis,Libertarian,L,0,1,0.0,TOTAL,yes
2020,Indiana,9,US House,Johnson,18081,Johnson,NINEVEH 4,Trey Hollingsworth,Republican,R,1,1,1.0,TOTAL,yes
2020,Indiana,9,US House,Johnson,18081,Johnson,PLEASANT 01,Andy Ruff,Democratic,D,117,501,0.233533,TOTAL,yes
2020,Indiana,9,US House,Johnson,18081,Johnson,PLEASANT 01,Tonya L. Millis,Libertarian,L,33,501,0.065868,TOTAL,yes
2020,Indiana,9,US House,Johnson,18081,Johnson,PLEASANT 01,Trey Hollingsworth,Republican,R,351,501,0.700599,TOTAL,yes
2020,Indiana,9,US House,Johnson,18081,Johnson,PLEASANT 02,Andy Ruff,Democratic,D,115,484,0.237603,TOTAL,yes
2020,Indiana,9,US House,Johnson,18081,Johnson,PLEASANT 02,Tonya L. Millis,Libertarian,L,25,484,0.051653,TOTAL,yes
2020,Indiana,9,US House,Johnson,18081,Johnson,PLEASANT 02,Trey Hollingsworth,Republican,R,344,484,0.710744,TOTAL,yes
2020,Indiana,9,US House,Johnson,18081,Johnson,PLEASANT 03,Andy Ruff,Democratic,D,376,1046,0.359465,TOTAL,yes
2020,Indiana,9,US House,Johnson,18081,Johnson,PLEASANT 03,Tonya L. Millis,Libertarian,L,52,1046,0.049713,TOTAL,yes
2020,Indiana,9,US House,Johnson,18081,Johnson,PLEASANT 03,Trey Hollingsworth,Republican,R,618,1046,0.590822,TOTAL,yes
2020,Indiana,9,US House,Johnson,18081,Johnson,PLEASANT 04,Andy Ruff,Democratic,D,102,343,0.297376,TOTAL,yes
2020,Indiana,9,US House,Johnson,18081,Johnson,PLEASANT 04,Tonya L. Millis,Libertarian,L,26,343,0.075802,TOTAL,yes
2020,Indiana,9,US House,Johnson,18081,Johnson,PLEASANT 04,Trey Hollingsworth,Republican,R,215,343,0.626822,TOTAL,yes
2020,Indiana,9,US House,Johnson,18081,Johnson,PLEASANT 05,Andy Ruff,Democratic,D,82,265,0.309434,TOTAL,yes
2020,Indiana,9,US House,Johnson,18081,Johnson,PLEASANT 05,Tonya L. Millis,Libertarian,L,17,265,0.064151,TOTAL,yes
2020,Indiana,9,US House,Johnson,18081,Johnson,PLEASANT 05,Trey Hollingsworth,Republican,R,166,265,0.626415,TOTAL,yes
2020,Indiana,9,US House,Johnson,18081,Johnson,PLEASANT 06,Andy Ruff,Democratic,D,136,438,0.310502,TOTAL,yes
2020,Indiana,9,US House,Johnson,18081,Johnson,PLEASANT 06,Tonya L. Millis,Libertarian,L,23,438,0.052511,TOTAL,yes
2020,Indiana,9,US House,Johnson,18081,Johnson,PLEASANT 06,Trey Hollingsworth,Republican,R,279,438,0.636986,TOTAL,yes
2020,Indiana,9,US House,Johnson,18081,Johnson,PLEASANT 07,Andy Ruff,Democratic,D,108,535,0.201869,TOTAL,yes
2020,Indiana,9,US House,Johnson,18081,Johnson,PLEASANT 07,Tonya L. Millis,Libertarian,L,35,535,0.065421,TOTAL,yes
2020,Indiana,9,US House,Johnson,18081,Johnson,PLEASANT 07,Trey Hollingsworth,Republican,R,392,535,0.73271,TOTAL,yes
2020,Indiana,9,US House,Johnson,18081,Johnson,PLEASANT 08,Andy Ruff,Democratic,D,126,440,0.286364,TOTAL,yes
2020,Indiana,9,US House,Johnson,18081,Johnson,PLEASANT 08,Tonya L. Millis,Libertarian,L,16,440,0.036364,TOTAL,yes
2020,Indiana,9,US House,Johnson,18081,Johnson,PLEASANT 08,Trey Hollingsworth,Republican,R,298,440,0.677273,TOTAL,yes
2020,Indiana,9,US House,Johnson,18081,Johnson,PLEASANT 09,Andy Ruff,Democratic,D,135,478,0.282427,TOTAL,yes
2020,Indiana,9,US House,Johnson,18081,Johnson,PLEASANT 09,Tonya L. Millis,Libertarian,L,21,478,0.043933,TOTAL,yes
2020,Indiana,9,US House,Johnson,18081,Johnson,PLEASANT 09,Trey Hollingsworth,Republican,R,322,478,0.67364,TOTAL,yes
2020,Indiana,9,US House,Johnson,18081,Johnson,PLEASANT 10,Andy Ruff,Democratic,D,82,318,0.257862,TOTAL,yes
2020,Indiana,9,US House,Johnson,18081,Johnson,PLEASANT 10,Tonya L. Millis,Libertarian,L,19,318,0.059748,TOTAL,yes
2020,Indiana,9,US House,Johnson,18081,Johnson,PLEASANT 10,Trey Hollingsworth,Republican,R,217,318,0.68239,TOTAL,yes
2020,Indiana,9,US House,Johnson,18081,Johnson,PLEASANT 11,Andy Ruff,Democratic,D,270,859,0.314319,TOTAL,yes
2020,Indiana,9,US House,Johnson,18081,Johnson,PLEASANT 11,Tonya L. Millis,Libertarian,L,30,859,0.034924,TOTAL,yes
2020,Indiana,9,US House,Johnson,18081,Johnson,PLEASANT 11,Trey Hollingsworth,Republican,R,559,859,0.650757,TOTAL,yes
2020,Indiana,9,US House,Johnson,18081,Johnson,PLEASANT 12,Andy Ruff,Democratic,D,106,444,0.238739,TOTAL,yes
2020,Indiana,9,US House,Johnson,18081,Johnson,PLEASANT 12,Tonya L. Millis,Libertarian,L,12,444,0.027027,TOTAL,yes
2020,Indiana,9,US House,Johnson,18081,Johnson,PLEASANT 12,Trey Hollingsworth,Republican,R,326,444,0.734234,TOTAL,yes
2020,Indiana,9,US House,Johnson,18081,Johnson,PLEASANT 13,Andy Ruff,Democratic,D,299,619,0.483037,TOTAL,yes
2020,Indiana,9,US House,Johnson,18081,Johnson,PLEASANT 13,Tonya L. Millis,Libertarian,L,38,619,0.061389,TOTAL,yes
2020,Indiana,9,US House,Johnson,18081,Johnson,PLEASANT 13,Trey Hollingsworth,Republican,R,282,619,0.455574,TOTAL,yes
2020,Indiana,9,US House,Johnson,18081,Johnson,PLEASANT 14,Andy Ruff,Democratic,D,205,751,0.272969,TOTAL,yes
2020,Indiana,9,US House,Johnson,18081,Johnson,PLEASANT 14,Tonya L. Millis,Libertarian,L,26,751,0.034621,TOTAL,yes
2020,Indiana,9,US House,Johnson,18081,Johnson,PLEASANT 14,Trey Hollingsworth,Republican,R,520,751,0.69241,TOTAL,yes
2020,Indiana,9,US House,Johnson,18081,Johnson,PLEASANT 15,Andy Ruff,Democratic,D,79,263,0.30038,TOTAL,yes
2020,Indiana,9,US House,Johnson,18081,Johnson,PLEASANT 15,Tonya L. Millis,Libertarian,L,13,263,0.04943,TOTAL,yes
2020,Indiana,9,US House,Johnson,18081,Johnson,PLEASANT 15,Trey Hollingsworth,Republican,R,171,263,0.65019,TOTAL,yes
2020,Indiana,9,US House,Johnson,18081,Johnson,PLEASANT 16,Andy Ruff,Democratic,D,147,506,0.290514,TOTAL,yes
2020,Indiana,9,US House,Johnson,18081,Johnson,PLEASANT 16,Tonya L. Millis,Libertarian,L,19,506,0.037549,TOTAL,yes
2020,Indiana,9,US House,Johnson,18081,Johnson,PLEASANT 16,Trey Hollingsworth,Republican,R,340,506,0.671937,TOTAL,yes
2020,Indiana,9,US House,Johnson,18081,Johnson,PLEASANT 17,Andy Ruff,Democratic,D,216,583,0.370497,TOTAL,yes
2020,Indiana,9,US House,Johnson,18081,Johnson,PLEASANT 17,Tonya L. Millis,Libertarian,L,22,583,0.037736,TOTAL,yes
2020,Indiana,9,US House,Johnson,18081,Johnson,PLEASANT 17,Trey Hollingsworth,Republican,R,345,583,0.591767,TOTAL,yes
2020,Indiana,9,US House,Johnson,18081,Johnson,PLEASANT 18,Andy Ruff,Democratic,D,89,370,0.240541,TOTAL,yes
2020,Indiana,9,US House,Johnson,18081,Johnson,PLEASANT 18,Tonya L. Millis,Libertarian,L,16,370,0.043243,TOTAL,yes
2020,Indiana,9,US House,Johnson,18081,Johnson,PLEASANT 18,Trey Hollingsworth,Republican,R,265,370,0.716216,TOTAL,yes
2020,Indiana,9,US House,Johnson,18081,Johnson,PLEASANT 19,Andy Ruff,Democratic,D,240,987,0.243161,TOTAL,yes
2020,Indiana,9,US House,Johnson,18081,Johnson,PLEASANT 19,Tonya L. Millis,Libertarian,L,48,987,0.048632,TOTAL,yes
2020,Indiana,9,US House,Johnson,18081,Johnson,PLEASANT 19,Trey Hollingsworth,Republican,R,699,987,0.708207,TOTAL,yes
2020,Indiana,9,US House,Johnson,18081,Johnson,PLEASANT 20,Andy Ruff,Democratic,D,81,243,0.333333,TOTAL,yes
2020,Indiana,9,US House,Johnson,18081,Johnson,PLEASANT 20,Tonya L. Millis,Libertarian,L,9,243,0.037037,TOTAL,yes
2020,Indiana,9,US House,Johnson,18081,Johnson,PLEASANT 20,Trey Hollingsworth,Republican,R,153,243,0.62963,TOTAL,yes
2020,Indiana,9,US House,Johnson,18081,Johnson,PLEASANT 21,Andy Ruff,Democratic,D,208,964,0.215768,TOTAL,yes
2020,Indiana,9,US House,Johnson,18081,Johnson,PLEASANT 21,Tonya L. Millis,Libertarian,L,39,964,0.040456,TOTAL,yes
2020,Indiana,9,US House,Johnson,18081,Johnson,PLEASANT 21,Trey Hollingsworth,Republican,R,717,964,0.743776,TOTAL,yes
2020,Indiana,9,US House,Johnson,18081,Johnson,PLEASANT 22,Andy Ruff,Democratic,D,532,1747,0.304522,TOTAL,yes
2020,Indiana,9,US House,Johnson,18081,Johnson,PLEASANT 22,Tonya L. Millis,Libertarian,L,80,1747,0.045793,TOTAL,yes
2020,Indiana,9,US House,Johnson,18081,Johnson,PLEASANT 22,Trey Hollingsworth,Republican,R,1135,1747,0.649685,TOTAL,yes
2020,Indiana,9,US House,Johnson,18081,Johnson,PLEASANT 23,Andy Ruff,Democratic,D,58,177,0.327684,TOTAL,yes
2020,Indiana,9,US House,Johnson,18081,Johnson,PLEASANT 23,Tonya L. Millis,Libertarian,L,11,177,0.062147,TOTAL,yes
2020,Indiana,9,US House,Johnson,18081,Johnson,PLEASANT 23,Trey Hollingsworth,Republican,R,108,177,0.610169,TOTAL,yes
2020,Indiana,9,US House,Johnson,18081,Johnson,PLEASANT 24,Andy Ruff,Democratic,D,82,253,0.324111,TOTAL,yes
2020,Indiana,9,US House,Johnson,18081,Johnson,PLEASANT 24,Tonya L. Millis,Libertarian,L,8,253,0.031621,TOTAL,yes
2020,Indiana,9,US House,Johnson,18081,Johnson,PLEASANT 24,Trey Hollingsworth,Republican,R,163,253,0.644269,TOTAL,yes
2020,Indiana,9,US House,Johnson,18081,Johnson,PLEASANT 25,Andy Ruff,Democratic,D,76,198,0.383838,TOTAL,yes
2020,Indiana,9,US House,Johnson,18081,Johnson,PLEASANT 25,Tonya L. Millis,Libertarian,L,9,198,0.045455,TOTAL,yes
2020,Indiana,9,US House,Johnson,18081,Johnson,PLEASANT 25,Trey Hollingsworth,Republican,R,113,198,0.570707,TOTAL,yes
2020,Indiana,9,US House,Johnson,18081,Johnson,PLEASANT 26,Andy Ruff,Democratic,D,90,280,0.321429,TOTAL,yes
2020,Indiana,9,US House,Johnson,18081,Johnson,PLEASANT 26,Tonya L. Millis,Libertarian,L,13,280,0.046429,TOTAL,yes
2020,Indiana,9,US House,Johnson,18081,Johnson,PLEASANT 26,Trey Hollingsworth,Republican,R,177,280,0.632143,TOTAL,yes
2020,Indiana,9,US House,Johnson,18081,Johnson,PLEASANT 27,Andy Ruff,Democratic,D,85,258,0.329457,TOTAL,yes
2020,Indiana,9,US House,Johnson,18081,Johnson,PLEASANT 27,Tonya L. Millis,Libertarian,L,8,258,0.031008,TOTAL,yes
2020,Indiana,9,US House,Johnson,18081,Johnson,PLEASANT 27,Trey Hollingsworth,Republican,R,165,258,0.639535,TOTAL,yes
2020,Indiana,9,US House,Johnson,18081,Johnson,PLEASANT 28,Andy Ruff,Democratic,D,205,711,0.288326,TOTAL,yes
2020,Indiana,9,US House,Johnson,18081,Johnson,PLEASANT 28,Tonya L. Millis,Libertarian,L,35,711,0.049226,TOTAL,yes
2020,Indiana,9,US House,Johnson,18081,Johnson,PLEASANT 28,Trey Hollingsworth,Republican,R,471,711,0.662447,TOTAL,yes
2020,Indiana,9,US House,Johnson,18081,Johnson,PLEASANT 29,Andy Ruff,Democratic,D,123,358,0.343575,TOTAL,yes
2020,Indiana,9,US House,Johnson,18081,Johnson,PLEASANT 29,Tonya L. Millis,Libertarian,L,17,358,0.047486,TOTAL,yes
2020,Indiana,9,US House,Johnson,18081,Johnson,PLEASANT 29,Trey Hollingsworth,Republican,R,218,358,0.608939,TOTAL,yes
2020,Indiana,9,US House,Johnson,18081,Johnson,PLEASANT 30,Andy Ruff,Democratic,D,151,476,0.317227,TOTAL,yes
2020,Indiana,9,US House,Johnson,18081,Johnson,PLEASANT 30,Tonya L. Millis,Libertarian,L,23,476,0.048319,TOTAL,yes
2020,Indiana,9,US House,Johnson,18081,Johnson,PLEASANT 30,Trey Hollingsworth,Republican,R,302,476,0.634454,TOTAL,yes
2020,Indiana,9,US House,Johnson,18081,Johnson,PLEASANT 31,Andy Ruff,Democratic,D,149,709,0.210155,TOTAL,yes
2020,Indiana,9,US House,Johnson,18081,Johnson,PLEASANT 31,Tonya L. Millis,Libertarian,L,31,709,0.043724,TOTAL,yes
2020,Indiana,9,US House,Johnson,18081,Johnson,PLEASANT 31,Trey Hollingsworth,Republican,R,529,709,0.746121,TOTAL,yes
2020,Indiana,9,US House,Johnson,18081,Johnson,PLEASANT 32,Andy Ruff,Democratic,D,130,383,0.339426,TOTAL,yes
2020,Indiana,9,US House,Johnson,18081,Johnson,PLEASANT 32,Tonya L. Millis,Libertarian,L,10,383,0.02611,TOTAL,yes
2020,Indiana,9,US House,Johnson,18081,Johnson,PLEASANT 32,Trey Hollingsworth,Republican,R,243,383,0.634465,TOTAL,yes
2020,Indiana,9,US House,Johnson,18081,Johnson,PLEASANT 33,Andy Ruff,Democratic,D,243,722,0.336565,TOTAL,yes
2020,Indiana,9,US House,Johnson,18081,Johnson,PLEASANT 33,Tonya L. Millis,Libertarian,L,31,722,0.042936,TOTAL,yes
2020,Indiana,9,US House,Johnson,18081,Johnson,PLEASANT 33,Trey Hollingsworth,Republican,R,448,722,0.620499,TOTAL,yes
2020,Indiana,9,US House,Johnson,18081,Johnson,PLEASANT 34,Andy Ruff,Democratic,D,132,513,0.25731,TOTAL,yes
2020,Indiana,9,US House,Johnson,18081,Johnson,PLEASANT 34,Tonya L. Millis,Libertarian,L,24,513,0.046784,TOTAL,yes
2020,Indiana,9,US House,Johnson,18081,Johnson,PLEASANT 34,Trey Hollingsworth,Republican,R,357,513,0.695906,TOTAL,yes
2020,Indiana,9,US House,Johnson,18081,Johnson,PLEASANT 35,Andy Ruff,Democratic,D,124,499,0.248497,TOTAL,yes
2020,Indiana,9,US House,Johnson,18081,Johnson,PLEASANT 35,Tonya L. Millis,Libertarian,L,23,499,0.046092,TOTAL,yes
2020,Indiana,9,US House,Johnson,18081,Johnson,PLEASANT 35,Trey Hollingsworth,Republican,R,352,499,0.705411,TOTAL,yes
2020,Indiana,9,US House,Johnson,18081,Johnson,PLEASANT 36,Andy Ruff,Democratic,D,56,190,0.294737,TOTAL,yes
2020,Indiana,9,US House,Johnson,18081,Johnson,PLEASANT 36,Tonya L. Millis,Libertarian,L,11,190,0.057895,TOTAL,yes
2020,Indiana,9,US House,Johnson,18081,Johnson,PLEASANT 36,Trey Hollingsworth,Republican,R,123,190,0.647368,TOTAL,yes
2020,Indiana,9,US House,Johnson,18081,Johnson,PLEASANT 37,Andy Ruff,Democratic,D,98,224,0.4375,TOTAL,yes
2020,Indiana,9,US House,Johnson,18081,Johnson,PLEASANT 37,Tonya L. Millis,Libertarian,L,14,224,0.0625,TOTAL,yes
2020,Indiana,9,US House,Johnson,18081,Johnson,PLEASANT 37,Trey Hollingsworth,Republican,R,112,224,0.5,TOTAL,yes
2020,Indiana,9,US House,Johnson,18081,Johnson,PLEASANT 38,Andy Ruff,Democratic,D,215,657,0.327245,TOTAL,yes
2020,Indiana,9,US House,Johnson,18081,Johnson,PLEASANT 38,Tonya L. Millis,Libertarian,L,36,657,0.054795,TOTAL,yes
2020,Indiana,9,US House,Johnson,18081,Johnson,PLEASANT 38,Trey Hollingsworth,Republican,R,406,657,0.61796,TOTAL,yes
2020,Indiana,9,US House,Johnson,18081,Johnson,PLEASANT 39,Andy Ruff,Democratic,D,231,717,0.322176,TOTAL,yes
2020,Indiana,9,US House,Johnson,18081,Johnson,PLEASANT 39,Tonya L. Millis,Libertarian,L,41,717,0.057183,TOTAL,yes
2020,Indiana,9,US House,Johnson,18081,Johnson,PLEASANT 39,Trey Hollingsworth,Republican,R,445,717,0.620642,TOTAL,yes
2020,Indiana,9,US House,Johnson,18081,Johnson,PLEASANT 40,Andy Ruff,Democratic,D,205,600,0.341667,TOTAL,yes
2020,Indiana,9,US House,Johnson,18081,Johnson,PLEASANT 40,Tonya L. Millis,Libertarian,L,27,600,0.045,TOTAL,yes
2020,Indiana,9,US House,Johnson,18081,Johnson,PLEASANT 40,Trey Hollingsworth,Republican,R,368,600,0.613333,TOTAL,yes
2020,Indiana,9,US House,Johnson,18081,Johnson,PLEASANT 41,Andy Ruff,Democratic,D,18,109,0.165138,TOTAL,yes
2020,Indiana,9,US House,Johnson,18081,Johnson,PLEASANT 41,Tonya L. Millis,Libertarian,L,10,109,0.091743,TOTAL,yes
2020,Indiana,9,US House,Johnson,18081,Johnson,PLEASANT 41,Trey Hollingsworth,Republican,R,81,109,0.743119,TOTAL,yes
2020,Indiana,9,US House,Johnson,18081,Johnson,PLEASANT 42,Andy Ruff,Democratic,D,316,892,0.35426,TOTAL,yes
2020,Indiana,9,US House,Johnson,18081,Johnson,PLEASANT 42,Tonya L. Millis,Libertarian,L,44,892,0.049327,TOTAL,yes
2020,Indiana,9,US House,Johnson,18081,Johnson,PLEASANT 42,Trey Hollingsworth,Republican,R,532,892,0.596413,TOTAL,yes
2020,Indiana,9,US House,Johnson,18081,Johnson,PLEASANT 43,Andy Ruff,Democratic,D,278,840,0.330952,TOTAL,yes
2020,Indiana,9,US House,Johnson,18081,Johnson,PLEASANT 43,Tonya L. Millis,Libertarian,L,24,840,0.028571,TOTAL,yes
2020,Indiana,9,US House,Johnson,18081,Johnson,PLEASANT 43,Trey Hollingsworth,Republican,R,538,840,0.640476,TOTAL,yes
2020,Indiana,9,US House,Johnson,18081,Johnson,PLEASANT 44,Andy Ruff,Democratic,D,146,390,0.374359,TOTAL,yes
2020,Indiana,9,US House,Johnson,18081,Johnson,PLEASANT 44,Tonya L. Millis,Libertarian,L,27,390,0.069231,TOTAL,yes
2020,Indiana,9,US House,Johnson,18081,Johnson,PLEASANT 44,Trey Hollingsworth,Republican,R,217,390,0.55641,TOTAL,yes
2020,Indiana,9,US House,Johnson,18081,Johnson,PLEASANT 45,Andy Ruff,Democratic,D,477,985,0.484264,TOTAL,yes
2020,Indiana,9,US House,Johnson,18081,Johnson,PLEASANT 45,Tonya L. Millis,Libertarian,L,39,985,0.039594,TOTAL,yes
2020,Indiana,9,US House,Johnson,18081,Johnson,PLEASANT 45,Trey Hollingsworth,Republican,R,469,985,0.476142,TOTAL,yes
2020,Indiana,9,US House,Johnson,18081,Johnson,PLEASANT 46,Andy Ruff,Democratic,D,64,374,0.171123,TOTAL,yes
2020,Indiana,9,US House,Johnson,18081,Johnson,PLEASANT 46,Tonya L. Millis,Libertarian,L,14,374,0.037433,TOTAL,yes
2020,Indiana,9,US House,Johnson,18081,Johnson,PLEASANT 46,Trey Hollingsworth,Republican,R,296,374,0.791444,TOTAL,yes
2020,Indiana,9,US House,Johnson,18081,Johnson,PLEASANT 47,Andy Ruff,Democratic,D,216,607,0.355848,TOTAL,yes
2020,Indiana,9,US House,Johnson,18081,Johnson,PLEASANT 47,Tonya L. Millis,Libertarian,L,21,607,0.034596,TOTAL,yes
2020,Indiana,9,US House,Johnson,18081,Johnson,PLEASANT 47,Trey Hollingsworth,Republican,R,370,607,0.609555,TOTAL,yes
2020,Indiana,9,US House,Johnson,18081,Johnson,PLEASANT 48,Andy Ruff,Democratic,D,186,552,0.336957,TOTAL,yes
2020,Indiana,9,US House,Johnson,18081,Johnson,PLEASANT 48,Tonya L. Millis,Libertarian,L,25,552,0.04529,TOTAL,yes
2020,Indiana,9,US House,Johnson,18081,Johnson,PLEASANT 48,Trey Hollingsworth,Republican,R,341,552,0.617754,TOTAL,yes
2020,Indiana,9,US House,Johnson,18081,Johnson,PLEASANT 49,Andy Ruff,Democratic,D,107,412,0.259709,TOTAL,yes
2020,Indiana,9,US House,Johnson,18081,Johnson,PLEASANT 49,Tonya L. Millis,Libertarian,L,21,412,0.050971,TOTAL,yes
2020,Indiana,9,US House,Johnson,18081,Johnson,PLEASANT 49,Trey Hollingsworth,Republican,R,284,412,0.68932,TOTAL,yes
2020,Indiana,9,US House,Johnson,18081,Johnson,UNION 1,Andy Ruff,Democratic,D,118,653,0.180704,TOTAL,yes
2020,Indiana,9,US House,Johnson,18081,Johnson,UNION 1,Tonya L. Millis,Libertarian,L,28,653,0.042879,TOTAL,yes
2020,Indiana,9,US House,Johnson,18081,Johnson,UNION 1,Trey Hollingsworth,Republican,R,507,653,0.776417,TOTAL,yes
2020,Indiana,9,US House,Johnson,18081,Johnson,UNION 2,Andy Ruff,Democratic,D,90,565,0.159292,TOTAL,yes
2020,Indiana,9,US House,Johnson,18081,Johnson,UNION 2,Tonya L. Millis,Libertarian,L,32,565,0.056637,TOTAL,yes
2020,Indiana,9,US House,Johnson,18081,Johnson,UNION 2,Trey Hollingsworth,Republican,R,443,565,0.784071,TOTAL,yes
2020,Indiana,9,US House,Johnson,18081,Johnson,UNION 3,Andy Ruff,Democratic,D,76,354,0.214689,TOTAL,yes
2020,Indiana,9,US House,Johnson,18081,Johnson,UNION 3,Tonya L. Millis,Libertarian,L,13,354,0.036723,TOTAL,yes
2020,Indiana,9,US House,Johnson,18081,Johnson,UNION 3,Trey Hollingsworth,Republican,R,265,354,0.748588,TOTAL,yes
2020,Indiana,9,US House,Johnson,18081,Johnson,WHITE RIVER 01,Andy Ruff,Democratic,D,149,508,0.293307,TOTAL,yes
2020,Indiana,9,US House,Johnson,18081,Johnson,WHITE RIVER 01,Tonya L. Millis,Libertarian,L,17,508,0.033465,TOTAL,yes
2020,Indiana,9,US House,Johnson,18081,Johnson,WHITE RIVER 01,Trey Hollingsworth,Republican,R,342,508,0.673228,TOTAL,yes
2020,Indiana,9,US House,Johnson,18081,Johnson,WHITE RIVER 02,Andy Ruff,Democratic,D,87,259,0.335907,TOTAL,yes
2020,Indiana,9,US House,Johnson,18081,Johnson,WHITE RIVER 02,Tonya L. Millis,Libertarian,L,6,259,0.023166,TOTAL,yes
2020,Indiana,9,US House,Johnson,18081,Johnson,WHITE RIVER 02,Trey Hollingsworth,Republican,R,166,259,0.640927,TOTAL,yes
2020,Indiana,9,US House,Johnson,18081,Johnson,WHITE RIVER 03,Andy Ruff,Democratic,D,240,706,0.339943,TOTAL,yes
2020,Indiana,9,US House,Johnson,18081,Johnson,WHITE RIVER 03,Tonya L. Millis,Libertarian,L,33,706,0.046742,TOTAL,yes
2020,Indiana,9,US House,Johnson,18081,Johnson,WHITE RIVER 03,Trey Hollingsworth,Republican,R,433,706,0.613314,TOTAL,yes
2020,Indiana,9,US House,Johnson,18081,Johnson,WHITE RIVER 04,Andy Ruff,Democratic,D,147,537,0.273743,TOTAL,yes
2020,Indiana,9,US House,Johnson,18081,Johnson,WHITE RIVER 04,Tonya L. Millis,Libertarian,L,13,537,0.024209,TOTAL,yes
2020,Indiana,9,US House,Johnson,18081,Johnson,WHITE RIVER 04,Trey Hollingsworth,Republican,R,377,537,0.702048,TOTAL,yes
2020,Indiana,9,US House,Johnson,18081,Johnson,WHITE RIVER 05,Andy Ruff,Democratic,D,108,427,0.252927,TOTAL,yes
2020,Indiana,9,US House,Johnson,18081,Johnson,WHITE RIVER 05,Tonya L. Millis,Libertarian,L,32,427,0.074941,TOTAL,yes
2020,Indiana,9,US House,Johnson,18081,Johnson,WHITE RIVER 05,Trey Hollingsworth,Republican,R,287,427,0.672131,TOTAL,yes
2020,Indiana,9,US House,Johnson,18081,Johnson,WHITE RIVER 06,Andy Ruff,Democratic,D,159,544,0.292279,TOTAL,yes
2020,Indiana,9,US House,Johnson,18081,Johnson,WHITE RIVER 06,Tonya L. Millis,Libertarian,L,31,544,0.056985,TOTAL,yes
2020,Indiana,9,US House,Johnson,18081,Johnson,WHITE RIVER 06,Trey Hollingsworth,Republican,R,354,544,0.650735,TOTAL,yes
2020,Indiana,9,US House,Johnson,18081,Johnson,WHITE RIVER 07,Andy Ruff,Democratic,D,284,875,0.324571,TOTAL,yes
2020,Indiana,9,US House,Johnson,18081,Johnson,WHITE RIVER 07,Tonya L. Millis,Libertarian,L,29,875,0.033143,TOTAL,yes
2020,Indiana,9,US House,Johnson,18081,Johnson,WHITE RIVER 07,Trey Hollingsworth,Republican,R,562,875,0.642286,TOTAL,yes
2020,Indiana,9,US House,Johnson,18081,Johnson,WHITE RIVER 08,Andy Ruff,Democratic,D,169,735,0.229932,TOTAL,yes
2020,Indiana,9,US House,Johnson,18081,Johnson,WHITE RIVER 08,Tonya L. Millis,Libertarian,L,16,735,0.021769,TOTAL,yes
2020,Indiana,9,US House,Johnson,18081,Johnson,WHITE RIVER 08,Trey Hollingsworth,Republican,R,550,735,0.748299,TOTAL,yes
2020,Indiana,9,US House,Johnson,18081,Johnson,WHITE RIVER 09,Andy Ruff,Democratic,D,189,808,0.233911,TOTAL,yes
2020,Indiana,9,US House,Johnson,18081,Johnson,WHITE RIVER 09,Tonya L. Millis,Libertarian,L,42,808,0.05198,TOTAL,yes
2020,Indiana,9,US House,Johnson,18081,Johnson,WHITE RIVER 09,Trey Hollingsworth,Republican,R,577,808,0.714109,TOTAL,yes
2020,Indiana,9,US House,Johnson,18081,Johnson,WHITE RIVER 10,Andy Ruff,Democratic,D,113,435,0.25977,TOTAL,yes
2020,Indiana,9,US House,Johnson,18081,Johnson,WHITE RIVER 10,Tonya L. Millis,Libertarian,L,8,435,0.018391,TOTAL,yes
2020,Indiana,9,US House,Johnson,18081,Johnson,WHITE RIVER 10,Trey Hollingsworth,Republican,R,314,435,0.721839,TOTAL,yes
2020,Indiana,9,US House,Johnson,18081,Johnson,WHITE RIVER 11,Andy Ruff,Democratic,D,187,728,0.256868,TOTAL,yes
2020,Indiana,9,US House,Johnson,18081,Johnson,WHITE RIVER 11,Tonya L. Millis,Libertarian,L,20,728,0.027473,TOTAL,yes
2020,Indiana,9,US House,Johnson,18081,Johnson,WHITE RIVER 11,Trey Hollingsworth,Republican,R,521,728,0.715659,TOTAL,yes
2020,Indiana,9,US House,Johnson,18081,Johnson,WHITE RIVER 12,Andy Ruff,Democratic,D,186,677,0.274742,TOTAL,yes
2020,Indiana,9,US House,Johnson,18081,Johnson,WHITE RIVER 12,Tonya L. Millis,Libertarian,L,15,677,0.022157,TOTAL,yes
2020,Indiana,9,US House,Johnson,18081,Johnson,WHITE RIVER 12,Trey Hollingsworth,Republican,R,476,677,0.703102,TOTAL,yes
2020,Indiana,9,US House,Johnson,18081,Johnson,WHITE RIVER 13,Andy Ruff,Democratic,D,133,488,0.272541,TOTAL,yes
2020,Indiana,9,US House,Johnson,18081,Johnson,WHITE RIVER 13,Tonya L. Millis,Libertarian,L,16,488,0.032787,TOTAL,yes
2020,Indiana,9,US House,Johnson,18081,Johnson,WHITE RIVER 13,Trey Hollingsworth,Republican,R,339,488,0.694672,TOTAL,yes
2020,Indiana,9,US House,Johnson,18081,Johnson,WHITE RIVER 14,Andy Ruff,Democratic,D,259,802,0.322943,TOTAL,yes
2020,Indiana,9,US House,Johnson,18081,Johnson,WHITE RIVER 14,Tonya L. Millis,Libertarian,L,23,802,0.028678,TOTAL,yes
2020,Indiana,9,US House,Johnson,18081,Johnson,WHITE RIVER 14,Trey Hollingsworth,Republican,R,520,802,0.648379,TOTAL,yes
2020,Indiana,9,US House,Johnson,18081,Johnson,WHITE RIVER 15,Andy Ruff,Democratic,D,511,1894,0.269799,TOTAL,yes
2020,Indiana,9,US House,Johnson,18081,Johnson,WHITE RIVER 15,Tonya L. Millis,Libertarian,L,80,1894,0.042239,TOTAL,yes
2020,Indiana,9,US House,Johnson,18081,Johnson,WHITE RIVER 15,Trey Hollingsworth,Republican,R,1303,1894,0.687962,TOTAL,yes
2020,Indiana,9,US House,Johnson,18081,Johnson,WHITE RIVER 16,Andy Ruff,Democratic,D,244,869,0.280783,TOTAL,yes
2020,Indiana,9,US House,Johnson,18081,Johnson,WHITE RIVER 16,Tonya L. Millis,Libertarian,L,32,869,0.036824,TOTAL,yes
2020,Indiana,9,US House,Johnson,18081,Johnson,WHITE RIVER 16,Trey Hollingsworth,Republican,R,593,869,0.682394,TOTAL,yes
2020,Indiana,9,US House,Johnson,18081,Johnson,WHITE RIVER 17,Andy Ruff,Democratic,D,131,467,0.280514,TOTAL,yes
2020,Indiana,9,US House,Johnson,18081,Johnson,WHITE RIVER 17,Tonya L. Millis,Libertarian,L,24,467,0.051392,TOTAL,yes
2020,Indiana,9,US House,Johnson,18081,Johnson,WHITE RIVER 17,Trey Hollingsworth,Republican,R,312,467,0.668094,TOTAL,yes
2020,Indiana,9,US House,Johnson,18081,Johnson,WHITE RIVER 18,Andy Ruff,Democratic,D,138,433,0.318707,TOTAL,yes
2020,Indiana,9,US House,Johnson,18081,Johnson,WHITE RIVER 18,Tonya L. Millis,Libertarian,L,14,433,0.032333,TOTAL,yes
2020,Indiana,9,US House,Johnson,18081,Johnson,WHITE RIVER 18,Trey Hollingsworth,Republican,R,281,433,0.648961,TOTAL,yes
2020,Indiana,9,US House,Johnson,18081,Johnson,WHITE RIVER 19,Andy Ruff,Democratic,D,153,521,0.293666,TOTAL,yes
2020,Indiana,9,US House,Johnson,18081,Johnson,WHITE RIVER 19,Tonya L. Millis,Libertarian,L,20,521,0.038388,TOTAL,yes
2020,Indiana,9,US House,Johnson,18081,Johnson,WHITE RIVER 19,Trey Hollingsworth,Republican,R,348,521,0.667946,TOTAL,yes
2020,Indiana,9,US House,Johnson,18081,Johnson,WHITE RIVER 20,Andy Ruff,Democratic,D,118,450,0.262222,TOTAL,yes
2020,Indiana,9,US House,Johnson,18081,Johnson,WHITE RIVER 20,Tonya L. Millis,Libertarian,L,14,450,0.031111,TOTAL,yes
2020,Indiana,9,US House,Johnson,18081,Johnson,WHITE RIVER 20,Trey Hollingsworth,Republican,R,318,450,0.706667,TOTAL,yes
2020,Indiana,9,US House,Johnson,18081,Johnson,WHITE RIVER 21,Andy Ruff,Democratic,D,327,1053,0.310541,TOTAL,yes
2020,Indiana,9,US House,Johnson,18081,Johnson,WHITE RIVER 21,Tonya L. Millis,Libertarian,L,26,1053,0.024691,TOTAL,yes
2020,Indiana,9,US House,Johnson,18081,Johnson,WHITE RIVER 21,Trey Hollingsworth,Republican,R,700,1053,0.664767,TOTAL,yes
2020,Indiana,9,US House,Johnson,18081,Johnson,WHITE RIVER 22,Andy Ruff,Democratic,D,204,730,0.279452,TOTAL,yes
2020,Indiana,9,US House,Johnson,18081,Johnson,WHITE RIVER 22,Tonya L. Millis,Libertarian,L,23,730,0.031507,TOTAL,yes
2020,Indiana,9,US House,Johnson,18081,Johnson,WHITE RIVER 22,Trey Hollingsworth,Republican,R,503,730,0.689041,TOTAL,yes
2020,Indiana,9,US House,Johnson,18081,Johnson,WHITE RIVER 23,Andy Ruff,Democratic,D,72,323,0.22291,TOTAL,yes
2020,Indiana,9,US House,Johnson,18081,Johnson,WHITE RIVER 23,Tonya L. Millis,Libertarian,L,14,323,0.043344,TOTAL,yes
2020,Indiana,9,US House,Johnson,18081,Johnson,WHITE RIVER 23,Trey Hollingsworth,Republican,R,237,323,0.733746,TOTAL,yes
2020,Indiana,9,US House,Johnson,18081,Johnson,WHITE RIVER 24,Andy Ruff,Democratic,D,135,502,0.268924,TOTAL,yes
2020,Indiana,9,US House,Johnson,18081,Johnson,WHITE RIVER 24,Tonya L. Millis,Libertarian,L,9,502,0.017928,TOTAL,yes
2020,Indiana,9,US House,Johnson,18081,Johnson,WHITE RIVER 24,Trey Hollingsworth,Republican,R,358,502,0.713147,TOTAL,yes
2020,Indiana,9,US House,Johnson,18081,Johnson,WHITE RIVER 25,Andy Ruff,Democratic,D,194,571,0.339755,TOTAL,yes
2020,Indiana,9,US House,Johnson,18081,Johnson,WHITE RIVER 25,Tonya L. Millis,Libertarian,L,22,571,0.038529,TOTAL,yes
2020,Indiana,9,US House,Johnson,18081,Johnson,WHITE RIVER 25,Trey Hollingsworth,Republican,R,355,571,0.621716,TOTAL,yes
2020,Indiana,9,US House,Johnson,18081,Johnson,WHITE RIVER 26,Andy Ruff,Democratic,D,112,422,0.265403,TOTAL,yes
2020,Indiana,9,US House,Johnson,18081,Johnson,WHITE RIVER 26,Tonya L. Millis,Libertarian,L,22,422,0.052133,TOTAL,yes
2020,Indiana,9,US House,Johnson,18081,Johnson,WHITE RIVER 26,Trey Hollingsworth,Republican,R,288,422,0.682464,TOTAL,yes
2020,Indiana,9,US House,Johnson,18081,Johnson,WHITE RIVER 27,Andy Ruff,Democratic,D,154,519,0.296724,TOTAL,yes
2020,Indiana,9,US House,Johnson,18081,Johnson,WHITE RIVER 27,Tonya L. Millis,Libertarian,L,29,519,0.055877,TOTAL,yes
2020,Indiana,9,US House,Johnson,18081,Johnson,WHITE RIVER 27,Trey Hollingsworth,Republican,R,336,519,0.647399,TOTAL,yes
2020,Indiana,9,US House,Johnson,18081,Johnson,WHITE RIVER 28,Andy Ruff,Democratic,D,93,394,0.236041,TOTAL,yes
2020,Indiana,9,US House,Johnson,18081,Johnson,WHITE RIVER 28,Tonya L. Millis,Libertarian,L,14,394,0.035533,TOTAL,yes
2020,Indiana,9,US House,Johnson,18081,Johnson,WHITE RIVER 28,Trey Hollingsworth,Republican,R,287,394,0.728426,TOTAL,yes
2020,Indiana,9,US House,Johnson,18081,Johnson,WHITE RIVER 29,Andy Ruff,Democratic,D,283,928,0.304957,TOTAL,yes
2020,Indiana,9,US House,Johnson,18081,Johnson,WHITE RIVER 29,Tonya L. Millis,Libertarian,L,25,928,0.02694,TOTAL,yes
2020,Indiana,9,US House,Johnson,18081,Johnson,WHITE RIVER 29,Trey Hollingsworth,Republican,R,620,928,0.668103,TOTAL,yes
2020,Indiana,9,US House,Johnson,18081,Johnson,WHITE RIVER 30,Andy Ruff,Democratic,D,207,528,0.392045,TOTAL,yes
2020,Indiana,9,US House,Johnson,18081,Johnson,WHITE RIVER 30,Tonya L. Millis,Libertarian,L,20,528,0.037879,TOTAL,yes
2020,Indiana,9,US House,Johnson,18081,Johnson,WHITE RIVER 30,Trey Hollingsworth,Republican,R,301,528,0.570076,TOTAL,yes
2020,Indiana,9,US House,Johnson,18081,Johnson,WHITE RIVER 31,Andy Ruff,Democratic,D,154,426,0.361502,TOTAL,yes
2020,Indiana,9,US House,Johnson,18081,Johnson,WHITE RIVER 31,Tonya L. Millis,Libertarian,L,20,426,0.046948,TOTAL,yes
2020,Indiana,9,US House,Johnson,18081,Johnson,WHITE RIVER 31,Trey Hollingsworth,Republican,R,252,426,0.591549,TOTAL,yes
2020,Indiana,9,US House,Johnson,18081,Johnson,WHITE RIVER 32,Andy Ruff,Democratic,D,240,794,0.302267,TOTAL,yes
2020,Indiana,9,US House,Johnson,18081,Johnson,WHITE RIVER 32,Tonya L. Millis,Libertarian,L,28,794,0.035264,TOTAL,yes
2020,Indiana,9,US House,Johnson,18081,Johnson,WHITE RIVER 32,Trey Hollingsworth,Republican,R,526,794,0.662469,TOTAL,yes
2020,Indiana,9,US House,Johnson,18081,Johnson,WHITE RIVER 33,Andy Ruff,Democratic,D,135,476,0.283613,TOTAL,yes
2020,Indiana,9,US House,Johnson,18081,Johnson,WHITE RIVER 33,Tonya L. Millis,Libertarian,L,19,476,0.039916,TOTAL,yes
2020,Indiana,9,US House,Johnson,18081,Johnson,WHITE RIVER 33,Trey Hollingsworth,Republican,R,322,476,0.676471,TOTAL,yes
2020,Indiana,9,US House,Johnson,18081,Johnson,WHITE RIVER 34,Andy Ruff,Democratic,D,153,640,0.239063,TOTAL,yes
2020,Indiana,9,US House,Johnson,18081,Johnson,WHITE RIVER 34,Tonya L. Millis,Libertarian,L,19,640,0.029687,TOTAL,yes
2020,Indiana,9,US House,Johnson,18081,Johnson,WHITE RIVER 34,Trey Hollingsworth,Republican,R,468,640,0.73125,TOTAL,yes
2020,Indiana,9,US House,Johnson,18081,Johnson,WHITE RIVER 35,Andy Ruff,Democratic,D,313,1392,0.224856,TOTAL,yes
2020,Indiana,9,US House,Johnson,18081,Johnson,WHITE RIVER 35,Tonya L. Millis,Libertarian,L,28,1392,0.020115,TOTAL,yes
2020,Indiana,9,US House,Johnson,18081,Johnson,WHITE RIVER 35,Trey Hollingsworth,Republican,R,1051,1392,0.755029,TOTAL,yes
2020,Indiana,9,US House,Johnson,18081,Johnson,WHITE RIVER 36,Andy Ruff,Democratic,D,142,465,0.305376,TOTAL,yes
2020,Indiana,9,US House,Johnson,18081,Johnson,WHITE RIVER 36,Tonya L. Millis,Libertarian,L,18,465,0.03871,TOTAL,yes
2020,Indiana,9,US House,Johnson,18081,Johnson,WHITE RIVER 36,Trey Hollingsworth,Republican,R,305,465,0.655914,TOTAL,yes
2020,Indiana,9,US House,Johnson,18081,Johnson,WHITE RIVER 37,Andy Ruff,Democratic,D,510,1356,0.376106,TOTAL,yes
2020,Indiana,9,US House,Johnson,18081,Johnson,WHITE RIVER 37,Tonya L. Millis,Libertarian,L,61,1356,0.044985,TOTAL,yes
2020,Indiana,9,US House,Johnson,18081,Johnson,WHITE RIVER 37,Trey Hollingsworth,Republican,R,785,1356,0.578909,TOTAL,yes
2020,Indiana,9,US House,Johnson,18081,Johnson,WHITE RIVER 38,Andy Ruff,Democratic,D,137,519,0.263969,TOTAL,yes
2020,Indiana,9,US House,Johnson,18081,Johnson,WHITE RIVER 38,Tonya L. Millis,Libertarian,L,9,519,0.017341,TOTAL,yes
2020,Indiana,9,US House,Johnson,18081,Johnson,WHITE RIVER 38,Trey Hollingsworth,Republican,R,373,519,0.71869,TOTAL,yes
2020,Indiana,9,US House,Johnson,18081,Johnson,WHITE RIVER 39,Andy Ruff,Democratic,D,274,882,0.310658,TOTAL,yes
2020,Indiana,9,US House,Johnson,18081,Johnson,WHITE RIVER 39,Tonya L. Millis,Libertarian,L,29,882,0.03288,TOTAL,yes
2020,Indiana,9,US House,Johnson,18081,Johnson,WHITE RIVER 39,Trey Hollingsworth,Republican,R,579,882,0.656463,TOTAL,yes
2020,Indiana,9,US House,Johnson,18081,Johnson,WHITE RIVER 40,Andy Ruff,Democratic,D,108,457,0.236324,TOTAL,yes
2020,Indiana,9,US House,Johnson,18081,Johnson,WHITE RIVER 40,Tonya L. Millis,Libertarian,L,10,457,0.021882,TOTAL,yes
2020,Indiana,9,US House,Johnson,18081,Johnson,WHITE RIVER 40,Trey Hollingsworth,Republican,R,339,457,0.741794,TOTAL,yes
2020,Indiana,9,US House,Johnson,18081,Johnson,WHITE RIVER 41,Andy Ruff,Democratic,D,160,508,0.314961,TOTAL,yes
2020,Indiana,9,US House,Johnson,18081,Johnson,WHITE RIVER 41,Tonya L. Millis,Libertarian,L,12,508,0.023622,TOTAL,yes
2020,Indiana,9,US House,Johnson,18081,Johnson,WHITE RIVER 41,Trey Hollingsworth,Republican,R,336,508,0.661417,TOTAL,yes
2020,Indiana,9,US House,Johnson,18081,Johnson,WHITE RIVER 42,Andy Ruff,Democratic,D,191,563,0.339254,TOTAL,yes
2020,Indiana,9,US House,Johnson,18081,Johnson,WHITE RIVER 42,Tonya L. Millis,Libertarian,L,16,563,0.028419,TOTAL,yes
2020,Indiana,9,US House,Johnson,18081,Johnson,WHITE RIVER 42,Trey Hollingsworth,Republican,R,356,563,0.632327,TOTAL,yes
2020,Indiana,9,US House,Johnson,18081,Johnson,WHITE RIVER 43,Andy Ruff,Democratic,D,61,308,0.198052,TOTAL,yes
2020,Indiana,9,US House,Johnson,18081,Johnson,WHITE RIVER 43,Tonya L. Millis,Libertarian,L,11,308,0.035714,TOTAL,yes
2020,Indiana,9,US House,Johnson,18081,Johnson,WHITE RIVER 43,Trey Hollingsworth,Republican,R,236,308,0.766234,TOTAL,yes
2020,Indiana,9,US House,Monroe,18105,Monroe,BEAN BLOSSOM 1,Andy Ruff,Democratic,D,237,797,0.297365,TOTAL,yes
2020,Indiana,9,US House,Monroe,18105,Monroe,BEAN BLOSSOM 1,Tonya L. Millis,Libertarian,L,32,797,0.040151,TOTAL,yes
2020,Indiana,9,US House,Monroe,18105,Monroe,BEAN BLOSSOM 1,Trey Hollingsworth,Republican,R,528,797,0.662484,TOTAL,yes
2020,Indiana,9,US House,Monroe,18105,Monroe,BEAN BLOSSOM 2,Andy Ruff,Democratic,D,266,755,0.352318,TOTAL,yes
2020,Indiana,9,US House,Monroe,18105,Monroe,BEAN BLOSSOM 2,Tonya L. Millis,Libertarian,L,26,755,0.034437,TOTAL,yes
2020,Indiana,9,US House,Monroe,18105,Monroe,BEAN BLOSSOM 2,Trey Hollingsworth,Republican,R,463,755,0.613245,TOTAL,yes
2020,Indiana,9,US House,Monroe,18105,Monroe,BENTON 1,Andy Ruff,Democratic,D,505,1031,0.489816,TOTAL,yes
2020,Indiana,9,US House,Monroe,18105,Monroe,BENTON 1,Tonya L. Millis,Libertarian,L,37,1031,0.035887,TOTAL,yes
2020,Indiana,9,US House,Monroe,18105,Monroe,BENTON 1,Trey Hollingsworth,Republican,R,489,1031,0.474297,TOTAL,yes
2020,Indiana,9,US House,Monroe,18105,Monroe,BENTON 2,Andy Ruff,Democratic,D,595,1007,0.590864,TOTAL,yes
2020,Indiana,9,US House,Monroe,18105,Monroe,BENTON 2,Tonya L. Millis,Libertarian,L,37,1007,0.036743,TOTAL,yes
2020,Indiana,9,US House,Monroe,18105,Monroe,BENTON 2,Trey Hollingsworth,Republican,R,375,1007,0.372393,TOTAL,yes
2020,Indiana,9,US House,Monroe,18105,Monroe,BLOOMINGTON 01,Andy Ruff,Democratic,D,191,231,0.82684,TOTAL,yes
2020,Indiana,9,US House,Monroe,18105,Monroe,BLOOMINGTON 01,Tonya L. Millis,Libertarian,L,6,231,0.025974,TOTAL,yes
2020,Indiana,9,US House,Monroe,18105,Monroe,BLOOMINGTON 01,Trey Hollingsworth,Republican,R,34,231,0.147186,TOTAL,yes
2020,Indiana,9,US House,Monroe,18105,Monroe,BLOOMINGTON 02,Andy Ruff,Democratic,D,512,647,0.791345,TOTAL,yes
2020,Indiana,9,US House,Monroe,18105,Monroe,BLOOMINGTON 02,Tonya L. Millis,Libertarian,L,36,647,0.055641,TOTAL,yes
2020,Indiana,9,US House,Monroe,18105,Monroe,BLOOMINGTON 02,Trey Hollingsworth,Republican,R,99,647,0.153014,TOTAL,yes
2020,Indiana,9,US House,Monroe,18105,Monroe,BLOOMINGTON 03,Andy Ruff,Democratic,D,322,416,0.774038,TOTAL,yes
2020,Indiana,9,US House,Monroe,18105,Monroe,BLOOMINGTON 03,Tonya L. Millis,Libertarian,L,34,416,0.081731,TOTAL,yes
2020,Indiana,9,US House,Monroe,18105,Monroe,BLOOMINGTON 03,Trey Hollingsworth,Republican,R,60,416,0.144231,TOTAL,yes
2020,Indiana,9,US House,Monroe,18105,Monroe,BLOOMINGTON 04,Andy Ruff,Democratic,D,91,112,0.8125,TOTAL,yes
2020,Indiana,9,US House,Monroe,18105,Monroe,BLOOMINGTON 04,Tonya L. Millis,Libertarian,L,3,112,0.026786,TOTAL,yes
2020,Indiana,9,US House,Monroe,18105,Monroe,BLOOMINGTON 04,Trey Hollingsworth,Republican,R,18,112,0.160714,TOTAL,yes
2020,Indiana,9,US House,Monroe,18105,Monroe,BLOOMINGTON 05,Andy Ruff,Democratic,D,189,258,0.732558,TOTAL,yes
2020,Indiana,9,US House,Monroe,18105,Monroe,BLOOMINGTON 05,Tonya L. Millis,Libertarian,L,21,258,0.081395,TOTAL,yes
2020,Indiana,9,US House,Monroe,18105,Monroe,BLOOMINGTON 05,Trey Hollingsworth,Republican,R,48,258,0.186047,TOTAL,yes
2020,Indiana,9,US House,Monroe,18105,Monroe,BLOOMINGTON 06,Andy Ruff,Democratic,D,685,828,0.827295,TOTAL,yes
2020,Indiana,9,US House,Monroe,18105,Monroe,BLOOMINGTON 06,Tonya L. Millis,Libertarian,L,37,828,0.044686,TOTAL,yes
2020,Indiana,9,US House,Monroe,18105,Monroe,BLOOMINGTON 06,Trey Hollingsworth,Republican,R,106,828,0.128019,TOTAL,yes
2020,Indiana,9,US House,Monroe,18105,Monroe,BLOOMINGTON 07,Andy Ruff,Democratic,D,77,130,0.592308,TOTAL,yes
2020,Indiana,9,US House,Monroe,18105,Monroe,BLOOMINGTON 07,Tonya L. Millis,Libertarian,L,8,130,0.061538,TOTAL,yes
2020,Indiana,9,US House,Monroe,18105,Monroe,BLOOMINGTON 07,Trey Hollingsworth,Republican,R,45,130,0.346154,TOTAL,yes
2020,Indiana,9,US House,Monroe,18105,Monroe,BLOOMINGTON 08,Andy Ruff,Democratic,D,341,406,0.839901,TOTAL,yes
2020,Indiana,9,US House,Monroe,18105,Monroe,BLOOMINGTON 08,Tonya L. Millis,Libertarian,L,15,406,0.036946,TOTAL,yes
2020,Indiana,9,US House,Monroe,18105,Monroe,BLOOMINGTON 08,Trey Hollingsworth,Republican,R,50,406,0.123153,TOTAL,yes
2020,Indiana,9,US House,Monroe,18105,Monroe,BLOOMINGTON 09,Andy Ruff,Democratic,D,601,769,0.781534,TOTAL,yes
2020,Indiana,9,US House,Monroe,18105,Monroe,BLOOMINGTON 09,Tonya L. Millis,Libertarian,L,28,769,0.036411,TOTAL,yes
2020,Indiana,9,US House,Monroe,18105,Monroe,BLOOMINGTON 09,Trey Hollingsworth,Republican,R,140,769,0.182055,TOTAL,yes
2020,Indiana,9,US House,Monroe,18105,Monroe,BLOOMINGTON 10,Andy Ruff,Democratic,D,546,674,0.810089,TOTAL,yes
2020,Indiana,9,US House,Monroe,18105,Monroe,BLOOMINGTON 10,Tonya L. Millis,Libertarian,L,20,674,0.029674,TOTAL,yes
2020,Indiana,9,US House,Monroe,18105,Monroe,BLOOMINGTON 10,Trey Hollingsworth,Republican,R,108,674,0.160237,TOTAL,yes
2020,Indiana,9,US House,Monroe,18105,Monroe,BLOOMINGTON 11,Andy Ruff,Democratic,D,414,739,0.560217,TOTAL,yes
2020,Indiana,9,US House,Monroe,18105,Monroe,BLOOMINGTON 11,Tonya L. Millis,Libertarian,L,28,739,0.037889,TOTAL,yes
2020,Indiana,9,US House,Monroe,18105,Monroe,BLOOMINGTON 11,Trey Hollingsworth,Republican,R,297,739,0.401894,TOTAL,yes
2020,Indiana,9,US House,Monroe,18105,Monroe,BLOOMINGTON 12,Andy Ruff,Democratic,D,507,904,0.560841,TOTAL,yes
2020,Indiana,9,US House,Monroe,18105,Monroe,BLOOMINGTON 12,Tonya L. Millis,Libertarian,L,30,904,0.033186,TOTAL,yes
2020,Indiana,9,US House,Monroe,18105,Monroe,BLOOMINGTON 12,Trey Hollingsworth,Republican,R,367,904,0.405973,TOTAL,yes
2020,Indiana,9,US House,Monroe,18105,Monroe,BLOOMINGTON 13,Andy Ruff,Democratic,D,559,791,0.7067,TOTAL,yes
2020,Indiana,9,US House,Monroe,18105,Monroe,BLOOMINGTON 13,Tonya L. Millis,Libertarian,L,30,791,0.037927,TOTAL,yes
2020,Indiana,9,US House,Monroe,18105,Monroe,BLOOMINGTON 13,Trey Hollingsworth,Republican,R,202,791,0.255373,TOTAL,yes
2020,Indiana,9,US House,Monroe,18105,Monroe,BLOOMINGTON 14,Andy Ruff,Democratic,D,406,610,0.665574,TOTAL,yes
2020,Indiana,9,US House,Monroe,18105,Monroe,BLOOMINGTON 14,Tonya L. Millis,Libertarian,L,45,610,0.07377,TOTAL,yes
2020,Indiana,9,US House,Monroe,18105,Monroe,BLOOMINGTON 14,Trey Hollingsworth,Republican,R,159,610,0.260656,TOTAL,yes
2020,Indiana,9,US House,Monroe,18105,Monroe,BLOOMINGTON 15,Andy Ruff,Democratic,D,494,907,0.544653,TOTAL,yes
2020,Indiana,9,US House,Monroe,18105,Monroe,BLOOMINGTON 15,Tonya L. Millis,Libertarian,L,29,907,0.031974,TOTAL,yes
2020,Indiana,9,US House,Monroe,18105,Monroe,BLOOMINGTON 15,Trey Hollingsworth,Republican,R,384,907,0.423374,TOTAL,yes
2020,Indiana,9,US House,Monroe,18105,Monroe,BLOOMINGTON 16,Andy Ruff,Democratic,D,475,630,0.753968,TOTAL,yes
2020,Indiana,9,US House,Monroe,18105,Monroe,BLOOMINGTON 16,Tonya L. Millis,Libertarian,L,33,630,0.052381,TOTAL,yes
2020,Indiana,9,US House,Monroe,18105,Monroe,BLOOMINGTON 16,Trey Hollingsworth,Republican,R,122,630,0.193651,TOTAL,yes
2020,Indiana,9,US House,Monroe,18105,Monroe,BLOOMINGTON 17,Andy Ruff,Democratic,D,589,816,0.721814,TOTAL,yes
2020,Indiana,9,US House,Monroe,18105,Monroe,BLOOMINGTON 17,Tonya L. Millis,Libertarian,L,24,816,0.029412,TOTAL,yes
2020,Indiana,9,US House,Monroe,18105,Monroe,BLOOMINGTON 17,Trey Hollingsworth,Republican,R,203,816,0.248775,TOTAL,yes
2020,Indiana,9,US House,Monroe,18105,Monroe,BLOOMINGTON 18,Andy Ruff,Democratic,D,190,253,0.750988,TOTAL,yes
2020,Indiana,9,US House,Monroe,18105,Monroe,BLOOMINGTON 18,Tonya L. Millis,Libertarian,L,22,253,0.086957,TOTAL,yes
2020,Indiana,9,US House,Monroe,18105,Monroe,BLOOMINGTON 18,Trey Hollingsworth,Republican,R,41,253,0.162055,TOTAL,yes
2020,Indiana,9,US House,Monroe,18105,Monroe,BLOOMINGTON 19,Andy Ruff,Democratic,D,200,249,0.803213,TOTAL,yes
2020,Indiana,9,US House,Monroe,18105,Monroe,BLOOMINGTON 19,Tonya L. Millis,Libertarian,L,15,249,0.060241,TOTAL,yes
2020,Indiana,9,US House,Monroe,18105,Monroe,BLOOMINGTON 19,Trey Hollingsworth,Republican,R,34,249,0.136546,TOTAL,yes
2020,Indiana,9,US House,Monroe,18105,Monroe,BLOOMINGTON 20,Andy Ruff,Democratic,D,689,792,0.869949,TOTAL,yes
2020,Indiana,9,US House,Monroe,18105,Monroe,BLOOMINGTON 20,Tonya L. Millis,Libertarian,L,24,792,0.030303,TOTAL,yes
2020,Indiana,9,US House,Monroe,18105,Monroe,BLOOMINGTON 20,Trey Hollingsworth,Republican,R,79,792,0.099747,TOTAL,yes
2020,Indiana,9,US House,Monroe,18105,Monroe,BLOOMINGTON 21,Andy Ruff,Democratic,D,589,719,0.819193,TOTAL,yes
2020,Indiana,9,US House,Monroe,18105,Monroe,BLOOMINGTON 21,Tonya L. Millis,Libertarian,L,28,719,0.038943,TOTAL,yes
2020,Indiana,9,US House,Monroe,18105,Monroe,BLOOMINGTON 21,Trey Hollingsworth,Republican,R,102,719,0.141864,TOTAL,yes
2020,Indiana,9,US House,Monroe,18105,Monroe,BLOOMINGTON 22,Andy Ruff,Democratic,D,343,446,0.769058,TOTAL,yes
2020,Indiana,9,US House,Monroe,18105,Monroe,BLOOMINGTON 22,Tonya L. Millis,Libertarian,L,17,446,0.038117,TOTAL,yes
2020,Indiana,9,US House,Monroe,18105,Monroe,BLOOMINGTON 22,Trey Hollingsworth,Republican,R,86,446,0.192825,TOTAL,yes
2020,Indiana,9,US House,Monroe,18105,Monroe,BLOOMINGTON 23,Andy Ruff,Democratic,D,333,456,0.730263,TOTAL,yes
2020,Indiana,9,US House,Monroe,18105,Monroe,BLOOMINGTON 23,Tonya L. Millis,Libertarian,L,36,456,0.078947,TOTAL,yes
2020,Indiana,9,US House,Monroe,18105,Monroe,BLOOMINGTON 23,Trey Hollingsworth,Republican,R,87,456,0.190789,TOTAL,yes
2020,Indiana,9,US House,Monroe,18105,Monroe,BLOOMINGTON 24,Andy Ruff,Democratic,D,134,225,0.595556,TOTAL,yes
2020,Indiana,9,US House,Monroe,18105,Monroe,BLOOMINGTON 24,Tonya L. Millis,Libertarian,L,22,225,0.097778,TOTAL,yes
2020,Indiana,9,US House,Monroe,18105,Monroe,BLOOMINGTON 24,Trey Hollingsworth,Republican,R,69,225,0.306667,TOTAL,yes
2020,Indiana,9,US House,Monroe,18105,Monroe,CLEAR CREEK 1,Andy Ruff,Democratic,D,449,1177,0.381478,TOTAL,yes
2020,Indiana,9,US House,Monroe,18105,Monroe,CLEAR CREEK 1,Tonya L. Millis,Libertarian,L,39,1177,0.033135,TOTAL,yes
2020,Indiana,9,US House,Monroe,18105,Monroe,CLEAR CREEK 1,Trey Hollingsworth,Republican,R,689,1177,0.585387,TOTAL,yes
2020,Indiana,9,US House,Monroe,18105,Monroe,CLEAR CREEK 2,Andy Ruff,Democratic,D,297,741,0.40081,TOTAL,yes
2020,Indiana,9,US House,Monroe,18105,Monroe,CLEAR CREEK 2,Tonya L. Millis,Libertarian,L,41,741,0.055331,TOTAL,yes
2020,Indiana,9,US House,Monroe,18105,Monroe,CLEAR CREEK 2,Trey Hollingsworth,Republican,R,403,741,0.54386,TOTAL,yes
2020,Indiana,9,US House,Monroe,18105,Monroe,CLEAR CREEK 3,Andy Ruff,Democratic,D,446,1041,0.428434,TOTAL,yes
2020,Indiana,9,US House,Monroe,18105,Monroe,CLEAR CREEK 3,Tonya L. Millis,Libertarian,L,40,1041,0.038425,TOTAL,yes
2020,Indiana,9,US House,Monroe,18105,Monroe,CLEAR CREEK 3,Trey Hollingsworth,Republican,R,555,1041,0.533141,TOTAL,yes
2020,Indiana,9,US House,Monroe,18105,Monroe,INDIAN CREEK,Andy Ruff,Democratic,D,325,854,0.380562,TOTAL,yes
2020,Indiana,9,US House,Monroe,18105,Monroe,INDIAN CREEK,Tonya L. Millis,Libertarian,L,26,854,0.030445,TOTAL,yes
2020,Indiana,9,US House,Monroe,18105,Monroe,INDIAN CREEK,Trey Hollingsworth,Republican,R,503,854,0.588993,TOTAL,yes
2020,Indiana,9,US House,Monroe,18105,Monroe,PERRY 01,Andy Ruff,Democratic,D,561,717,0.782427,TOTAL,yes
2020,Indiana,9,US House,Monroe,18105,Monroe,PERRY 01,Tonya L. Millis,Libertarian,L,35,717,0.048815,TOTAL,yes
2020,Indiana,9,US House,Monroe,18105,Monroe,PERRY 01,Trey Hollingsworth,Republican,R,121,717,0.168759,TOTAL,yes
2020,Indiana,9,US House,Monroe,18105,Monroe,PERRY 02,Andy Ruff,Democratic,D,438,709,0.617772,TOTAL,yes
2020,Indiana,9,US House,Monroe,18105,Monroe,PERRY 02,Tonya L. Millis,Libertarian,L,48,709,0.067701,TOTAL,yes
2020,Indiana,9,US House,Monroe,18105,Monroe,PERRY 02,Trey Hollingsworth,Republican,R,223,709,0.314528,TOTAL,yes
2020,Indiana,9,US House,Monroe,18105,Monroe,PERRY 03,Andy Ruff,Democratic,D,652,913,0.714129,TOTAL,yes
2020,Indiana,9,US House,Monroe,18105,Monroe,PERRY 03,Tonya L. Millis,Libertarian,L,53,913,0.05805,TOTAL,yes
2020,Indiana,9,US House,Monroe,18105,Monroe,PERRY 03,Trey Hollingsworth,Republican,R,208,913,0.22782,TOTAL,yes
2020,Indiana,9,US House,Monroe,18105,Monroe,PERRY 04,Andy Ruff,Democratic,D,575,936,0.614316,TOTAL,yes
2020,Indiana,9,US House,Monroe,18105,Monroe,PERRY 04,Tonya L. Millis,Libertarian,L,42,936,0.044872,TOTAL,yes
2020,Indiana,9,US House,Monroe,18105,Monroe,PERRY 04,Trey Hollingsworth,Republican,R,319,936,0.340812,TOTAL,yes
2020,Indiana,9,US House,Monroe,18105,Monroe,PERRY 05,Andy Ruff,Democratic,D,792,1225,0.646531,TOTAL,yes
2020,Indiana,9,US House,Monroe,18105,Monroe,PERRY 05,Tonya L. Millis,Libertarian,L,53,1225,0.043265,TOTAL,yes
2020,Indiana,9,US House,Monroe,18105,Monroe,PERRY 05,Trey Hollingsworth,Republican,R,380,1225,0.310204,TOTAL,yes
2020,Indiana,9,US House,Monroe,18105,Monroe,PERRY 06,Andy Ruff,Democratic,D,425,531,0.800377,TOTAL,yes
2020,Indiana,9,US House,Monroe,18105,Monroe,PERRY 06,Tonya L. Millis,Libertarian,L,26,531,0.048964,TOTAL,yes
2020,Indiana,9,US House,Monroe,18105,Monroe,PERRY 06,Trey Hollingsworth,Republican,R,80,531,0.150659,TOTAL,yes
2020,Indiana,9,US House,Monroe,18105,Monroe,PERRY 07,Andy Ruff,Democratic,D,272,316,0.860759,TOTAL,yes
2020,Indiana,9,US House,Monroe,18105,Monroe,PERRY 07,Tonya L. Millis,Libertarian,L,6,316,0.018987,TOTAL,yes
2020,Indiana,9,US House,Monroe,18105,Monroe,PERRY 07,Trey Hollingsworth,Republican,R,38,316,0.120253,TOTAL,yes
2020,Indiana,9,US House,Monroe,18105,Monroe,PERRY 08,Andy Ruff,Democratic,D,682,779,0.875481,TOTAL,yes
2020,Indiana,9,US House,Monroe,18105,Monroe,PERRY 08,Tonya L. Millis,Libertarian,L,24,779,0.030809,TOTAL,yes
2020,Indiana,9,US House,Monroe,18105,Monroe,PERRY 08,Trey Hollingsworth,Republican,R,73,779,0.09371,TOTAL,yes
2020,Indiana,9,US House,Monroe,18105,Monroe,PERRY 09,Andy Ruff,Democratic,D,564,764,0.73822,TOTAL,yes
2020,Indiana,9,US House,Monroe,18105,Monroe,PERRY 09,Tonya L. Millis,Libertarian,L,31,764,0.040576,TOTAL,yes
2020,Indiana,9,US House,Monroe,18105,Monroe,PERRY 09,Trey Hollingsworth,Republican,R,169,764,0.221204,TOTAL,yes
2020,Indiana,9,US House,Monroe,18105,Monroe,PERRY 10,Andy Ruff,Democratic,D,509,797,0.638645,TOTAL,yes
2020,Indiana,9,US House,Monroe,18105,Monroe,PERRY 10,Tonya L. Millis,Libertarian,L,36,797,0.045169,TOTAL,yes
2020,Indiana,9,US House,Monroe,18105,Monroe,PERRY 10,Trey Hollingsworth,Republican,R,252,797,0.316186,TOTAL,yes
2020,Indiana,9,US House,Monroe,18105,Monroe,PERRY 11,Andy Ruff,Democratic,D,592,898,0.659243,TOTAL,yes
2020,Indiana,9,US House,Monroe,18105,Monroe,PERRY 11,Tonya L. Millis,Libertarian,L,15,898,0.016704,TOTAL,yes
2020,Indiana,9,US House,Monroe,18105,Monroe,PERRY 11,Trey Hollingsworth,Republican,R,291,898,0.324053,TOTAL,yes
2020,Indiana,9,US House,Monroe,18105,Monroe,PERRY 12,Andy Ruff,Democratic,D,577,828,0.69686,TOTAL,yes
2020,Indiana,9,US House,Monroe,18105,Monroe,PERRY 12,Tonya L. Millis,Libertarian,L,25,828,0.030193,TOTAL,yes
2020,Indiana,9,US House,Monroe,18105,Monroe,PERRY 12,Trey Hollingsworth,Republican,R,226,828,0.272947,TOTAL,yes
2020,Indiana,9,US House,Monroe,18105,Monroe,PERRY 13,Andy Ruff,Democratic,D,448,681,0.657856,TOTAL,yes
2020,Indiana,9,US House,Monroe,18105,Monroe,PERRY 13,Tonya L. Millis,Libertarian,L,25,681,0.036711,TOTAL,yes
2020,Indiana,9,US House,Monroe,18105,Monroe,PERRY 13,Trey Hollingsworth,Republican,R,208,681,0.305433,TOTAL,yes
2020,Indiana,9,US House,Monroe,18105,Monroe,PERRY 14,Andy Ruff,Democratic,D,608,783,0.776501,TOTAL,yes
2020,Indiana,9,US House,Monroe,18105,Monroe,PERRY 14,Tonya L. Millis,Libertarian,L,21,783,0.02682,TOTAL,yes
2020,Indiana,9,US House,Monroe,18105,Monroe,PERRY 14,Trey Hollingsworth,Republican,R,154,783,0.196679,TOTAL,yes
2020,Indiana,9,US House,Monroe,18105,Monroe,PERRY 15,Andy Ruff,Democratic,D,464,522,0.888889,TOTAL,yes
2020,Indiana,9,US House,Monroe,18105,Monroe,PERRY 15,Tonya L. Millis,Libertarian,L,6,522,0.011494,TOTAL,yes
2020,Indiana,9,US House,Monroe,18105,Monroe,PERRY 15,Trey Hollingsworth,Republican,R,52,522,0.099617,TOTAL,yes
2020,Indiana,9,US House,Monroe,18105,Monroe,PERRY 16,Andy Ruff,Democratic,D,675,761,0.886991,TOTAL,yes
2020,Indiana,9,US House,Monroe,18105,Monroe,PERRY 16,Tonya L. Millis,Libertarian,L,17,761,0.022339,TOTAL,yes
2020,Indiana,9,US House,Monroe,18105,Monroe,PERRY 16,Trey Hollingsworth,Republican,R,69,761,0.09067,TOTAL,yes
2020,Indiana,9,US House,Monroe,18105,Monroe,PERRY 17,Andy Ruff,Democratic,D,592,795,0.744654,TOTAL,yes
2020,Indiana,9,US House,Monroe,18105,Monroe,PERRY 17,Tonya L. Millis,Libertarian,L,19,795,0.023899,TOTAL,yes
2020,Indiana,9,US House,Monroe,18105,Monroe,PERRY 17,Trey Hollingsworth,Republican,R,184,795,0.231447,TOTAL,yes
2020,Indiana,9,US House,Monroe,18105,Monroe,PERRY 18,Andy Ruff,Democratic,D,698,863,0.808806,TOTAL,yes
2020,Indiana,9,US House,Monroe,18105,Monroe,PERRY 18,Tonya L. Millis,Libertarian,L,16,863,0.01854,TOTAL,yes
2020,Indiana,9,US House,Monroe,18105,Monroe,PERRY 18,Trey Hollingsworth,Republican,R,149,863,0.172654,TOTAL,yes
2020,Indiana,9,US House,Monroe,18105,Monroe,PERRY 19,Andy Ruff,Democratic,D,549,838,0.655131,TOTAL,yes
2020,Indiana,9,US House,Monroe,18105,Monroe,PERRY 19,Tonya L. Millis,Libertarian,L,20,838,0.023866,TOTAL,yes
2020,Indiana,9,US House,Monroe,18105,Monroe,PERRY 19,Trey Hollingsworth,Republican,R,269,838,0.321002,TOTAL,yes
2020,Indiana,9,US House,Monroe,18105,Monroe,PERRY 20,Andy Ruff,Democratic,D,505,646,0.781734,TOTAL,yes
2020,Indiana,9,US House,Monroe,18105,Monroe,PERRY 20,Tonya L. Millis,Libertarian,L,35,646,0.05418,TOTAL,yes
2020,Indiana,9,US House,Monroe,18105,Monroe,PERRY 20,Trey Hollingsworth,Republican,R,106,646,0.164087,TOTAL,yes
2020,Indiana,9,US House,Monroe,18105,Monroe,PERRY 21,Andy Ruff,Democratic,D,849,1256,0.675955,TOTAL,yes
2020,Indiana,9,US House,Monroe,18105,Monroe,PERRY 21,Tonya L. Millis,Libertarian,L,35,1256,0.027866,TOTAL,yes
2020,Indiana,9,US House,Monroe,18105,Monroe,PERRY 21,Trey Hollingsworth,Republican,R,372,1256,0.296178,TOTAL,yes
2020,Indiana,9,US House,Monroe,18105,Monroe,PERRY 22,Andy Ruff,Democratic,D,626,947,0.661035,TOTAL,yes
2020,Indiana,9,US House,Monroe,18105,Monroe,PERRY 22,Tonya L. Millis,Libertarian,L,20,947,0.021119,TOTAL,yes
2020,Indiana,9,US House,Monroe,18105,Monroe,PERRY 22,Trey Hollingsworth,Republican,R,301,947,0.317846,TOTAL,yes
2020,Indiana,9,US House,Monroe,18105,Monroe,PERRY 23,Andy Ruff,Democratic,D,755,1448,0.521409,TOTAL,yes
2020,Indiana,9,US House,Monroe,18105,Monroe,PERRY 23,Tonya L. Millis,Libertarian,L,35,1448,0.024171,TOTAL,yes
2020,Indiana,9,US House,Monroe,18105,Monroe,PERRY 23,Trey Hollingsworth,Republican,R,658,1448,0.45442,TOTAL,yes
2020,Indiana,9,US House,Monroe,18105,Monroe,PERRY 24,Andy Ruff,Democratic,D,462,1084,0.426199,TOTAL,yes
2020,Indiana,9,US House,Monroe,18105,Monroe,PERRY 24,Tonya L. Millis,Libertarian,L,45,1084,0.041513,TOTAL,yes
2020,Indiana,9,US House,Monroe,18105,Monroe,PERRY 24,Trey Hollingsworth,Republican,R,577,1084,0.532288,TOTAL,yes
2020,Indiana,9,US House,Monroe,18105,Monroe,PERRY 25,Andy Ruff,Democratic,D,428,909,0.470847,TOTAL,yes
2020,Indiana,9,US House,Monroe,18105,Monroe,PERRY 25,Tonya L. Millis,Libertarian,L,49,909,0.053905,TOTAL,yes
2020,Indiana,9,US House,Monroe,18105,Monroe,PERRY 25,Trey Hollingsworth,Republican,R,432,909,0.475248,TOTAL,yes
2020,Indiana,9,US House,Monroe,18105,Monroe,PERRY 26,Andy Ruff,Democratic,D,624,888,0.702703,TOTAL,yes
2020,Indiana,9,US House,Monroe,18105,Monroe,PERRY 26,Tonya L. Millis,Libertarian,L,20,888,0.022523,TOTAL,yes
2020,Indiana,9,US House,Monroe,18105,Monroe,PERRY 26,Trey Hollingsworth,Republican,R,244,888,0.274775,TOTAL,yes
2020,Indiana,9,US House,Monroe,18105,Monroe,PERRY 27,Andy Ruff,Democratic,D,675,1265,0.533597,TOTAL,yes
2020,Indiana,9,US House,Monroe,18105,Monroe,PERRY 27,Tonya L. Millis,Libertarian,L,62,1265,0.049012,TOTAL,yes
2020,Indiana,9,US House,Monroe,18105,Monroe,PERRY 27,Trey Hollingsworth,Republican,R,528,1265,0.417391,TOTAL,yes
2020,Indiana,9,US House,Monroe,18105,Monroe,PERRY 28,Andy Ruff,Democratic,D,104,147,0.707483,TOTAL,yes
2020,Indiana,9,US House,Monroe,18105,Monroe,PERRY 28,Tonya L. Millis,Libertarian,L,4,147,0.027211,TOTAL,yes
2020,Indiana,9,US House,Monroe,18105,Monroe,PERRY 28,Trey Hollingsworth,Republican,R,39,147,0.265306,TOTAL,yes
2020,Indiana,9,US House,Monroe,18105,Monroe,PERRY 29,Andy Ruff,Democratic,D,411,628,0.654459,TOTAL,yes
2020,Indiana,9,US House,Monroe,18105,Monroe,PERRY 29,Tonya L. Millis,Libertarian,L,39,628,0.062102,TOTAL,yes
2020,Indiana,9,US House,Monroe,18105,Monroe,PERRY 29,Trey Hollingsworth,Republican,R,178,628,0.283439,TOTAL,yes
2020,Indiana,9,US House,Monroe,18105,Monroe,PERRY 30,Andy Ruff,Democratic,D,406,486,0.835391,TOTAL,yes
2020,Indiana,9,US House,Monroe,18105,Monroe,PERRY 30,Tonya L. Millis,Libertarian,L,26,486,0.053498,TOTAL,yes
2020,Indiana,9,US House,Monroe,18105,Monroe,PERRY 30,Trey Hollingsworth,Republican,R,54,486,0.111111,TOTAL,yes
2020,Indiana,9,US House,Monroe,18105,Monroe,PERRY 31,Andy Ruff,Democratic,D,639,749,0.853138,TOTAL,yes
2020,Indiana,9,US House,Monroe,18105,Monroe,PERRY 31,Tonya L. Millis,Libertarian,L,26,749,0.034713,TOTAL,yes
2020,Indiana,9,US House,Monroe,18105,Monroe,PERRY 31,Trey Hollingsworth,Republican,R,84,749,0.11215,TOTAL,yes
2020,Indiana,9,US House,Monroe,18105,Monroe,PERRY 32,Andy Ruff,Democratic,D,590,730,0.808219,TOTAL,yes
2020,Indiana,9,US House,Monroe,18105,Monroe,PERRY 32,Tonya L. Millis,Libertarian,L,21,730,0.028767,TOTAL,yes
2020,Indiana,9,US House,Monroe,18105,Monroe,PERRY 32,Trey Hollingsworth,Republican,R,119,730,0.163014,TOTAL,yes
2020,Indiana,9,US House,Monroe,18105,Monroe,POLK,Andy Ruff,Democratic,D,67,155,0.432258,TOTAL,yes
2020,Indiana,9,US House,Monroe,18105,Monroe,POLK,Tonya L. Millis,Libertarian,L,5,155,0.032258,TOTAL,yes
2020,Indiana,9,US House,Monroe,18105,Monroe,POLK,Trey Hollingsworth,Republican,R,83,155,0.535484,TOTAL,yes
2020,Indiana,9,US House,Monroe,18105,Monroe,RICHLAND 1,Andy Ruff,Democratic,D,423,1002,0.422156,TOTAL,yes
2020,Indiana,9,US House,Monroe,18105,Monroe,RICHLAND 1,Tonya L. Millis,Libertarian,L,54,1002,0.053892,TOTAL,yes
2020,Indiana,9,US House,Monroe,18105,Monroe,RICHLAND 1,Trey Hollingsworth,Republican,R,525,1002,0.523952,TOTAL,yes
2020,Indiana,9,US House,Monroe,18105,Monroe,RICHLAND 2,Andy Ruff,Democratic,D,401,938,0.427505,TOTAL,yes
2020,Indiana,9,US House,Monroe,18105,Monroe,RICHLAND 2,Tonya L. Millis,Libertarian,L,38,938,0.040512,TOTAL,yes
2020,Indiana,9,US House,Monroe,18105,Monroe,RICHLAND 2,Trey Hollingsworth,Republican,R,499,938,0.531983,TOTAL,yes
2020,Indiana,9,US House,Monroe,18105,Monroe,RICHLAND 3,Andy Ruff,Democratic,D,238,605,0.393388,TOTAL,yes
2020,Indiana,9,US House,Monroe,18105,Monroe,RICHLAND 3,Tonya L. Millis,Libertarian,L,16,605,0.026446,TOTAL,yes
2020,Indiana,9,US House,Monroe,18105,Monroe,RICHLAND 3,Trey Hollingsworth,Republican,R,351,605,0.580165,TOTAL,yes
2020,Indiana,9,US House,Monroe,18105,Monroe,RICHLAND 4,Andy Ruff,Democratic,D,513,1174,0.436968,TOTAL,yes
2020,Indiana,9,US House,Monroe,18105,Monroe,RICHLAND 4,Tonya L. Millis,Libertarian,L,39,1174,0.03322,TOTAL,yes
2020,Indiana,9,US House,Monroe,18105,Monroe,RICHLAND 4,Trey Hollingsworth,Republican,R,622,1174,0.529813,TOTAL,yes
2020,Indiana,9,US House,Monroe,18105,Monroe,RICHLAND 5,Andy Ruff,Democratic,D,301,771,0.390402,TOTAL,yes
2020,Indiana,9,US House,Monroe,18105,Monroe,RICHLAND 5,Tonya L. Millis,Libertarian,L,24,771,0.031128,TOTAL,yes
2020,Indiana,9,US House,Monroe,18105,Monroe,RICHLAND 5,Trey Hollingsworth,Republican,R,446,771,0.57847,TOTAL,yes
2020,Indiana,9,US House,Monroe,18105,Monroe,RICHLAND 6,Andy Ruff,Democratic,D,239,818,0.292176,TOTAL,yes
2020,Indiana,9,US House,Monroe,18105,Monroe,RICHLAND 6,Tonya L. Millis,Libertarian,L,52,818,0.06357,TOTAL,yes
2020,Indiana,9,US House,Monroe,18105,Monroe,RICHLAND 6,Trey Hollingsworth,Republican,R,527,818,0.644254,TOTAL,yes
2020,Indiana,9,US House,Monroe,18105,Monroe,RICHLAND 7,Andy Ruff,Democratic,D,523,1083,0.482918,TOTAL,yes
2020,Indiana,9,US House,Monroe,18105,Monroe,RICHLAND 7,Tonya L. Millis,Libertarian,L,26,1083,0.024007,TOTAL,yes
2020,Indiana,9,US House,Monroe,18105,Monroe,RICHLAND 7,Trey Hollingsworth,Republican,R,534,1083,0.493075,TOTAL,yes
2020,Indiana,9,US House,Monroe,18105,Monroe,RICHLAND 8,Andy Ruff,Democratic,D,589,1308,0.450306,TOTAL,yes
2020,Indiana,9,US House,Monroe,18105,Monroe,RICHLAND 8,Tonya L. Millis,Libertarian,L,55,1308,0.042049,TOTAL,yes
2020,Indiana,9,US House,Monroe,18105,Monroe,RICHLAND 8,Trey Hollingsworth,Republican,R,664,1308,0.507645,TOTAL,yes
2020,Indiana,9,US House,Monroe,18105,Monroe,RICHLAND 9,Andy Ruff,Democratic,D,2,3,0.666667,TOTAL,yes
2020,Indiana,9,US House,Monroe,18105,Monroe,RICHLAND 9,Tonya L. Millis,Libertarian,L,0,3,0.0,TOTAL,yes
2020,Indiana,9,US House,Monroe,18105,Monroe,RICHLAND 9,Trey Hollingsworth,Republican,R,1,3,0.333333,TOTAL,yes
2020,Indiana,9,US House,Monroe,18105,Monroe,SALT CREEK,Andy Ruff,Democratic,D,595,1016,0.58563,TOTAL,yes
2020,Indiana,9,US House,Monroe,18105,Monroe,SALT CREEK,Tonya L. Millis,Libertarian,L,39,1016,0.038386,TOTAL,yes
2020,Indiana,9,US House,Monroe,18105,Monroe,SALT CREEK,Trey Hollingsworth,Republican,R,382,1016,0.375984,TOTAL,yes
2020,Indiana,9,US House,Monroe,18105,Monroe,VAN BUREN 1,Andy Ruff,Democratic,D,737,1440,0.511806,TOTAL,yes
2020,Indiana,9,US House,Monroe,18105,Monroe,VAN BUREN 1,Tonya L. Millis,Libertarian,L,71,1440,0.049306,TOTAL,yes
2020,Indiana,9,US House,Monroe,18105,Monroe,VAN BUREN 1,Trey Hollingsworth,Republican,R,632,1440,0.438889,TOTAL,yes
2020,Indiana,9,US House,Monroe,18105,Monroe,VAN BUREN 2,Andy Ruff,Democratic,D,299,634,0.471609,TOTAL,yes
2020,Indiana,9,US House,Monroe,18105,Monroe,VAN BUREN 2,Tonya L. Millis,Libertarian,L,39,634,0.061514,TOTAL,yes
2020,Indiana,9,US House,Monroe,18105,Monroe,VAN BUREN 2,Trey Hollingsworth,Republican,R,296,634,0.466877,TOTAL,yes
2020,Indiana,9,US House,Monroe,18105,Monroe,VAN BUREN 3,Andy Ruff,Democratic,D,541,1007,0.537239,TOTAL,yes
2020,Indiana,9,US House,Monroe,18105,Monroe,VAN BUREN 3,Tonya L. Millis,Libertarian,L,48,1007,0.047666,TOTAL,yes
2020,Indiana,9,US House,Monroe,18105,Monroe,VAN BUREN 3,Trey Hollingsworth,Republican,R,418,1007,0.415094,TOTAL,yes
2020,Indiana,9,US House,Monroe,18105,Monroe,VAN BUREN 4,Andy Ruff,Democratic,D,335,1040,0.322115,TOTAL,yes
2020,Indiana,9,US House,Monroe,18105,Monroe,VAN BUREN 4,Tonya L. Millis,Libertarian,L,29,1040,0.027885,TOTAL,yes
2020,Indiana,9,US House,Monroe,18105,Monroe,VAN BUREN 4,Trey Hollingsworth,Republican,R,676,1040,0.65,TOTAL,yes
2020,Indiana,9,US House,Monroe,18105,Monroe,VAN BUREN 5,Andy Ruff,Democratic,D,346,913,0.37897,TOTAL,yes
2020,Indiana,9,US House,Monroe,18105,Monroe,VAN BUREN 5,Tonya L. Millis,Libertarian,L,22,913,0.024096,TOTAL,yes
2020,Indiana,9,US House,Monroe,18105,Monroe,VAN BUREN 5,Trey Hollingsworth,Republican,R,545,913,0.596933,TOTAL,yes
2020,Indiana,9,US House,Monroe,18105,Monroe,VAN BUREN 6,Andy Ruff,Democratic,D,468,1017,0.460177,TOTAL,yes
2020,Indiana,9,US House,Monroe,18105,Monroe,VAN BUREN 6,Tonya L. Millis,Libertarian,L,44,1017,0.043265,TOTAL,yes
2020,Indiana,9,US House,Monroe,18105,Monroe,VAN BUREN 6,Trey Hollingsworth,Republican,R,505,1017,0.496559,TOTAL,yes
2020,Indiana,9,US House,Monroe,18105,Monroe,WASHINGTON,Andy Ruff,Democratic,D,494,1207,0.409279,TOTAL,yes
2020,Indiana,9,US House,Monroe,18105,Monroe,WASHINGTON,Tonya L. Millis,Libertarian,L,37,1207,0.030655,TOTAL,yes
2020,Indiana,9,US House,Monroe,18105,Monroe,WASHINGTON,Trey Hollingsworth,Republican,R,676,1207,0.560066,TOTAL,yes
2022,Indiana,9,US House,Bartholomew,18005,Bartholomew,Jackson - 5000,Matthew Fyfe,Democratic,D,60,362,0.165746,TOTAL,yes
2022,Indiana,9,US House,Bartholomew,18005,Bartholomew,Jackson - 5000,Tonya L. Millis,Libertarian,L,12,362,0.033149,TOTAL,yes
2022,Indiana,9,US House,Bartholomew,18005,Bartholomew,Jackson - 5000,Erin Houchin,Republican,R,290,362,0.801105,TOTAL,yes
2022,Indiana,9,US House,Bartholomew,18005,Bartholomew,Ohio - 5100,Matthew Fyfe,Democratic,D,156,710,0.219718,TOTAL,yes
2022,Indiana,9,US House,Bartholomew,18005,Bartholomew,Ohio - 5100,Tonya L. Millis,Libertarian,L,22,710,0.030986,TOTAL,yes
2022,Indiana,9,US House,Bartholomew,18005,Bartholomew,Ohio - 5100,Erin Houchin,Republican,R,532,710,0.749296,TOTAL,yes
2022,Indiana,9,US House,Bartholomew,18005,Bartholomew,Sandcreek - 5300,Matthew Fyfe,Democratic,D,114,538,0.211896,TOTAL,yes
2022,Indiana,9,US House,Bartholomew,18005,Bartholomew,Sandcreek - 5300,Tonya L. Millis,Libertarian,L,11,538,0.020446,TOTAL,yes
2022,Indiana,9,US House,Bartholomew,18005,Bartholomew,Sandcreek - 5300,Erin Houchin,Republican,R,413,538,0.767658,TOTAL,yes
2022,Indiana,9,US House,Bartholomew,18005,Bartholomew,Wayne - 5600,Matthew Fyfe,Democratic,D,63,340,0.185294,TOTAL,yes
2022,Indiana,9,US House,Bartholomew,18005,Bartholomew,Wayne - 5600,Tonya L. Millis,Libertarian,L,12,340,0.035294,TOTAL,yes
2022,Indiana,9,US House,Bartholomew,18005,Bartholomew,Wayne - 5600,Erin Houchin,Republican,R,265,340,0.779412,TOTAL,yes
2022,Indiana,9,US House,Bartholomew,18005,Bartholomew,Wayne - 5700,Matthew Fyfe,Democratic,D,77,468,0.16453,TOTAL,yes
2022,Indiana,9,US House,Bartholomew,18005,Bartholomew,Wayne - 5700,Tonya L. Millis,Libertarian,L,19,468,0.040598,TOTAL,yes
2022,Indiana,9,US House,Bartholomew,18005,Bartholomew,Wayne - 5700,Erin Houchin,Republican,R,372,468,0.794872,TOTAL,yes
2022,Indiana,9,US House,Bartholomew,18005,Bartholomew,Wayne - 5800,Matthew Fyfe,Democratic,D,36,106,0.339623,TOTAL,yes
2022,Indiana,9,US House,Bartholomew,18005,Bartholomew,Wayne - 5800,Tonya L. Millis,Libertarian,L,8,106,0.075472,TOTAL,yes
2022,Indiana,9,US House,Bartholomew,18005,Bartholomew,Wayne - 5800,Erin Houchin,Republican,R,62,106,0.584906,TOTAL,yes
2022,Indiana,9,US House,Clark,18019,Clark,Bethlehem 01,Matthew Fyfe,Democratic,D,14,112,0.125,TOTAL,yes
2022,Indiana,9,US House,Clark,18019,Clark,Bethlehem 01,Tonya L. Millis,Libertarian,L,3,112,0.026786,TOTAL,yes
2022,Indiana,9,US House,Clark,18019,Clark,Bethlehem 01,Erin Houchin,Republican,R,95,112,0.848214,TOTAL,yes
2022,Indiana,9,US House,Clark,18019,Clark,Carr 01,Matthew Fyfe,Democratic,D,228,954,0.238994,TOTAL,yes
2022,Indiana,9,US House,Clark,18019,Clark,Carr 01,Tonya L. Millis,Libertarian,L,21,954,0.022013,TOTAL,yes
2022,Indiana,9,US House,Clark,18019,Clark,Carr 01,Erin Houchin,Republican,R,705,954,0.738994,TOTAL,yes
2022,Indiana,9,US House,Clark,18019,Clark,Carr 02,Matthew Fyfe,Democratic,D,241,935,0.257754,TOTAL,yes
2022,Indiana,9,US House,Clark,18019,Clark,Carr 02,Tonya L. Millis,Libertarian,L,16,935,0.017112,TOTAL,yes
2022,Indiana,9,US House,Clark,18019,Clark,Carr 02,Erin Houchin,Republican,R,678,935,0.725134,TOTAL,yes
2022,Indiana,9,US House,Clark,18019,Clark,Charlestown 01,Matthew Fyfe,Democratic,D,151,485,0.31134,TOTAL,yes
2022,Indiana,9,US House,Clark,18019,Clark,Charlestown 01,Tonya L. Millis,Libertarian,L,26,485,0.053608,TOTAL,yes
2022,Indiana,9,US House,Clark,18019,Clark,Charlestown 01,Erin Houchin,Republican,R,308,485,0.635052,TOTAL,yes
2022,Indiana,9,US House,Clark,18019,Clark,Charlestown 02,Matthew Fyfe,Democratic,D,66,223,0.295964,TOTAL,yes
2022,Indiana,9,US House,Clark,18019,Clark,Charlestown 02,Tonya L. Millis,Libertarian,L,14,223,0.06278,TOTAL,yes
2022,Indiana,9,US House,Clark,18019,Clark,Charlestown 02,Erin Houchin,Republican,R,143,223,0.641256,TOTAL,yes
2022,Indiana,9,US House,Clark,18019,Clark,Charlestown 03,Matthew Fyfe,Democratic,D,156,570,0.273684,TOTAL,yes
2022,Indiana,9,US House,Clark,18019,Clark,Charlestown 03,Tonya L. Millis,Libertarian,L,14,570,0.024561,TOTAL,yes
2022,Indiana,9,US House,Clark,18019,Clark,Charlestown 03,Erin Houchin,Republican,R,400,570,0.701754,TOTAL,yes
2022,Indiana,9,US House,Clark,18019,Clark,Charlestown 04,Matthew Fyfe,Democratic,D,296,1071,0.276377,TOTAL,yes
2022,Indiana,9,US House,Clark,18019,Clark,Charlestown 04,Tonya L. Millis,Libertarian,L,17,1071,0.015873,TOTAL,yes
2022,Indiana,9,US House,Clark,18019,Clark,Charlestown 04,Erin Houchin,Republican,R,758,1071,0.70775,TOTAL,yes
2022,Indiana,9,US House,Clark,18019,Clark,Charlestown 05,Matthew Fyfe,Democratic,D,111,367,0.302452,TOTAL,yes
2022,Indiana,9,US House,Clark,18019,Clark,Charlestown 05,Tonya L. Millis,Libertarian,L,11,367,0.029973,TOTAL,yes
2022,Indiana,9,US House,Clark,18019,Clark,Charlestown 05,Erin Houchin,Republican,R,245,367,0.667575,TOTAL,yes
2022,Indiana,9,US House,Clark,18019,Clark,Charlestown 06,Matthew Fyfe,Democratic,D,286,1025,0.279024,TOTAL,yes
2022,Indiana,9,US House,Clark,18019,Clark,Charlestown 06,Tonya L. Millis,Libertarian,L,25,1025,0.02439,TOTAL,yes
2022,Indiana,9,US House,Clark,18019,Clark,Charlestown 06,Erin Houchin,Republican,R,714,1025,0.696585,TOTAL,yes
2022,Indiana,9,US House,Clark,18019,Clark,Charlestown 07,Matthew Fyfe,Democratic,D,169,669,0.252616,TOTAL,yes
2022,Indiana,9,US House,Clark,18019,Clark,Charlestown 07,Tonya L. Millis,Libertarian,L,15,669,0.022422,TOTAL,yes
2022,Indiana,9,US House,Clark,18019,Clark,Charlestown 07,Erin Houchin,Republican,R,485,669,0.724963,TOTAL,yes
2022,Indiana,9,US House,Clark,18019,Clark,Charlestown 08,Matthew Fyfe,Democratic,D,124,492,0.252033,TOTAL,yes
2022,Indiana,9,US House,Clark,18019,Clark,Charlestown 08,Tonya L. Millis,Libertarian,L,10,492,0.020325,TOTAL,yes
2022,Indiana,9,US House,Clark,18019,Clark,Charlestown 08,Erin Houchin,Republican,R,358,492,0.727642,TOTAL,yes
2022,Indiana,9,US House,Clark,18019,Clark,Jeffersonville 01,Matthew Fyfe,Democratic,D,122,273,0.446886,TOTAL,yes
2022,Indiana,9,US House,Clark,18019,Clark,Jeffersonville 01,Tonya L. Millis,Libertarian,L,7,273,0.025641,TOTAL,yes
2022,Indiana,9,US House,Clark,18019,Clark,Jeffersonville 01,Erin Houchin,Republican,R,144,273,0.527473,TOTAL,yes
2022,Indiana,9,US House,Clark,18019,Clark,Jeffersonville 02,Matthew Fyfe,Democratic,D,134,226,0.59292,TOTAL,yes
2022,Indiana,9,US House,Clark,18019,Clark,Jeffersonville 02,Tonya L. Millis,Libertarian,L,14,226,0.061947,TOTAL,yes
2022,Indiana,9,US House,Clark,18019,Clark,Jeffersonville 02,Erin Houchin,Republican,R,78,226,0.345133,TOTAL,yes
2022,Indiana,9,US House,Clark,18019,Clark,Jeffersonville 03,Matthew Fyfe,Democratic,D,200,289,0.692042,TOTAL,yes
2022,Indiana,9,US House,Clark,18019,Clark,Jeffersonville 03,Tonya L. Millis,Libertarian,L,23,289,0.079585,TOTAL,yes
2022,Indiana,9,US House,Clark,18019,Clark,Jeffersonville 03,Erin Houchin,Republican,R,66,289,0.228374,TOTAL,yes
2022,Indiana,9,US House,Clark,18019,Clark,Jeffersonville 04,Matthew Fyfe,Democratic,D,241,400,0.6025,TOTAL,yes
2022,Indiana,9,US House,Clark,18019,Clark,Jeffersonville 04,Tonya L. Millis,Libertarian,L,20,400,0.05,TOTAL,yes
2022,Indiana,9,US House,Clark,18019,Clark,Jeffersonville 04,Erin Houchin,Republican,R,139,400,0.3475,TOTAL,yes
2022,Indiana,9,US House,Clark,18019,Clark,Jeffersonville 05,Matthew Fyfe,Democratic,D,154,272,0.566176,TOTAL,yes
2022,Indiana,9,US House,Clark,18019,Clark,Jeffersonville 05,Tonya L. Millis,Libertarian,L,14,272,0.051471,TOTAL,yes
2022,Indiana,9,US House,Clark,18019,Clark,Jeffersonville 05,Erin Houchin,Republican,R,104,272,0.382353,TOTAL,yes
2022,Indiana,9,US House,Clark,18019,Clark,Jeffersonville 06,Matthew Fyfe,Democratic,D,116,241,0.481328,TOTAL,yes
2022,Indiana,9,US House,Clark,18019,Clark,Jeffersonville 06,Tonya L. Millis,Libertarian,L,14,241,0.058091,TOTAL,yes
2022,Indiana,9,US House,Clark,18019,Clark,Jeffersonville 06,Erin Houchin,Republican,R,111,241,0.460581,TOTAL,yes
2022,Indiana,9,US House,Clark,18019,Clark,Jeffersonville 07,Matthew Fyfe,Democratic,D,233,486,0.479424,TOTAL,yes
2022,Indiana,9,US House,Clark,18019,Clark,Jeffersonville 07,Tonya L. Millis,Libertarian,L,16,486,0.032922,TOTAL,yes
2022,Indiana,9,US House,Clark,18019,Clark,Jeffersonville 07,Erin Houchin,Republican,R,237,486,0.487654,TOTAL,yes
2022,Indiana,9,US House,Clark,18019,Clark,Jeffersonville 08,Matthew Fyfe,Democratic,D,130,283,0.459364,TOTAL,yes
2022,Indiana,9,US House,Clark,18019,Clark,Jeffersonville 08,Tonya L. Millis,Libertarian,L,12,283,0.042403,TOTAL,yes
2022,Indiana,9,US House,Clark,18019,Clark,Jeffersonville 08,Erin Houchin,Republican,R,141,283,0.498233,TOTAL,yes
2022,Indiana,9,US House,Clark,18019,Clark,Jeffersonville 09,Matthew Fyfe,Democratic,D,195,387,0.503876,TOTAL,yes
2022,Indiana,9,US House,Clark,18019,Clark,Jeffersonville 09,Tonya L. Millis,Libertarian,L,10,387,0.02584,TOTAL,yes
2022,Indiana,9,US House,Clark,18019,Clark,Jeffersonville 09,Erin Houchin,Republican,R,182,387,0.470284,TOTAL,yes
2022,Indiana,9,US House,Clark,18019,Clark,Jeffersonville 10,Matthew Fyfe,Democratic,D,150,295,0.508475,TOTAL,yes
2022,Indiana,9,US House,Clark,18019,Clark,Jeffersonville 10,Tonya L. Millis,Libertarian,L,10,295,0.033898,TOTAL,yes
2022,Indiana,9,US House,Clark,18019,Clark,Jeffersonville 10,Erin Houchin,Republican,R,135,295,0.457627,TOTAL,yes
2022,Indiana,9,US House,Clark,18019,Clark,Jeffersonville 11,Matthew Fyfe,Democratic,D,193,437,0.441648,TOTAL,yes
2022,Indiana,9,US House,Clark,18019,Clark,Jeffersonville 11,Tonya L. Millis,Libertarian,L,17,437,0.038902,TOTAL,yes
2022,Indiana,9,US House,Clark,18019,Clark,Jeffersonville 11,Erin Houchin,Republican,R,227,437,0.519451,TOTAL,yes
2022,Indiana,9,US House,Clark,18019,Clark,Jeffersonville 12,Matthew Fyfe,Democratic,D,142,349,0.406877,TOTAL,yes
2022,Indiana,9,US House,Clark,18019,Clark,Jeffersonville 12,Tonya L. Millis,Libertarian,L,14,349,0.040115,TOTAL,yes
2022,Indiana,9,US House,Clark,18019,Clark,Jeffersonville 12,Erin Houchin,Republican,R,193,349,0.553009,TOTAL,yes
2022,Indiana,9,US House,Clark,18019,Clark,Jeffersonville 13,Matthew Fyfe,Democratic,D,347,730,0.475342,TOTAL,yes
2022,Indiana,9,US House,Clark,18019,Clark,Jeffersonville 13,Tonya L. Millis,Libertarian,L,26,730,0.035616,TOTAL,yes
2022,Indiana,9,US House,Clark,18019,Clark,Jeffersonville 13,Erin Houchin,Republican,R,357,730,0.489041,TOTAL,yes
2022,Indiana,9,US House,Clark,18019,Clark,Jeffersonville 14,Matthew Fyfe,Democratic,D,113,295,0.383051,TOTAL,yes
2022,Indiana,9,US House,Clark,18019,Clark,Jeffersonville 14,Tonya L. Millis,Libertarian,L,12,295,0.040678,TOTAL,yes
2022,Indiana,9,US House,Clark,18019,Clark,Jeffersonville 14,Erin Houchin,Republican,R,170,295,0.576271,TOTAL,yes
2022,Indiana,9,US House,Clark,18019,Clark,Jeffersonville 15,Matthew Fyfe,Democratic,D,358,795,0.450314,TOTAL,yes
2022,Indiana,9,US House,Clark,18019,Clark,Jeffersonville 15,Tonya L. Millis,Libertarian,L,24,795,0.030189,TOTAL,yes
2022,Indiana,9,US House,Clark,18019,Clark,Jeffersonville 15,Erin Houchin,Republican,R,413,795,0.519497,TOTAL,yes
2022,Indiana,9,US House,Clark,18019,Clark,Jeffersonville 16,Matthew Fyfe,Democratic,D,332,837,0.396655,TOTAL,yes
2022,Indiana,9,US House,Clark,18019,Clark,Jeffersonville 16,Tonya L. Millis,Libertarian,L,24,837,0.028674,TOTAL,yes
2022,Indiana,9,US House,Clark,18019,Clark,Jeffersonville 16,Erin Houchin,Republican,R,481,837,0.574671,TOTAL,yes
2022,Indiana,9,US House,Clark,18019,Clark,Jeffersonville 17,Matthew Fyfe,Democratic,D,262,632,0.414557,TOTAL,yes
2022,Indiana,9,US House,Clark,18019,Clark,Jeffersonville 17,Tonya L. Millis,Libertarian,L,24,632,0.037975,TOTAL,yes
2022,Indiana,9,US House,Clark,18019,Clark,Jeffersonville 17,Erin Houchin,Republican,R,346,632,0.547468,TOTAL,yes
2022,Indiana,9,US House,Clark,18019,Clark,Jeffersonville 18,Matthew Fyfe,Democratic,D,299,724,0.412983,TOTAL,yes
2022,Indiana,9,US House,Clark,18019,Clark,Jeffersonville 18,Tonya L. Millis,Libertarian,L,6,724,0.008287,TOTAL,yes
2022,Indiana,9,US House,Clark,18019,Clark,Jeffersonville 18,Erin Houchin,Republican,R,419,724,0.578729,TOTAL,yes
2022,Indiana,9,US House,Clark,18019,Clark,Jeffersonville 20,Matthew Fyfe,Democratic,D,299,676,0.442308,TOTAL,yes
2022,Indiana,9,US House,Clark,18019,Clark,Jeffersonville 20,Tonya L. Millis,Libertarian,L,12,676,0.017751,TOTAL,yes
2022,Indiana,9,US House,Clark,18019,Clark,Jeffersonville 20,Erin Houchin,Republican,R,365,676,0.539941,TOTAL,yes
2022,Indiana,9,US House,Clark,18019,Clark,Jeffersonville 21,Matthew Fyfe,Democratic,D,143,337,0.424332,TOTAL,yes
2022,Indiana,9,US House,Clark,18019,Clark,Jeffersonville 21,Tonya L. Millis,Libertarian,L,14,337,0.041543,TOTAL,yes
2022,Indiana,9,US House,Clark,18019,Clark,Jeffersonville 21,Erin Houchin,Republican,R,180,337,0.534125,TOTAL,yes
2022,Indiana,9,US House,Clark,18019,Clark,Jeffersonville 22,Matthew Fyfe,Democratic,D,250,497,0.503018,TOTAL,yes
2022,Indiana,9,US House,Clark,18019,Clark,Jeffersonville 22,Tonya L. Millis,Libertarian,L,21,497,0.042254,TOTAL,yes
2022,Indiana,9,US House,Clark,18019,Clark,Jeffersonville 22,Erin Houchin,Republican,R,226,497,0.454728,TOTAL,yes
2022,Indiana,9,US House,Clark,18019,Clark,Jeffersonville 23,Matthew Fyfe,Democratic,D,246,533,0.461538,TOTAL,yes
2022,Indiana,9,US House,Clark,18019,Clark,Jeffersonville 23,Tonya L. Millis,Libertarian,L,24,533,0.045028,TOTAL,yes
2022,Indiana,9,US House,Clark,18019,Clark,Jeffersonville 23,Erin Houchin,Republican,R,263,533,0.493433,TOTAL,yes
2022,Indiana,9,US House,Clark,18019,Clark,Jeffersonville 24,Matthew Fyfe,Democratic,D,230,491,0.468432,TOTAL,yes
2022,Indiana,9,US House,Clark,18019,Clark,Jeffersonville 24,Tonya L. Millis,Libertarian,L,14,491,0.028513,TOTAL,yes
2022,Indiana,9,US House,Clark,18019,Clark,Jeffersonville 24,Erin Houchin,Republican,R,247,491,0.503055,TOTAL,yes
2022,Indiana,9,US House,Clark,18019,Clark,Jeffersonville 25,Matthew Fyfe,Democratic,D,310,813,0.381304,TOTAL,yes
2022,Indiana,9,US House,Clark,18019,Clark,Jeffersonville 25,Tonya L. Millis,Libertarian,L,28,813,0.03444,TOTAL,yes
2022,Indiana,9,US House,Clark,18019,Clark,Jeffersonville 25,Erin Houchin,Republican,R,475,813,0.584256,TOTAL,yes
2022,Indiana,9,US House,Clark,18019,Clark,Jeffersonville 26,Matthew Fyfe,Democratic,D,183,378,0.484127,TOTAL,yes
2022,Indiana,9,US House,Clark,18019,Clark,Jeffersonville 26,Tonya L. Millis,Libertarian,L,14,378,0.037037,TOTAL,yes
2022,Indiana,9,US House,Clark,18019,Clark,Jeffersonville 26,Erin Houchin,Republican,R,181,378,0.478836,TOTAL,yes
2022,Indiana,9,US House,Clark,18019,Clark,Jeffersonville 27,Matthew Fyfe,Democratic,D,61,148,0.412162,TOTAL,yes
2022,Indiana,9,US House,Clark,18019,Clark,Jeffersonville 27,Tonya L. Millis,Libertarian,L,6,148,0.040541,TOTAL,yes
2022,Indiana,9,US House,Clark,18019,Clark,Jeffersonville 27,Erin Houchin,Republican,R,81,148,0.547297,TOTAL,yes
2022,Indiana,9,US House,Clark,18019,Clark,Jeffersonville 30,Matthew Fyfe,Democratic,D,123,269,0.457249,TOTAL,yes
2022,Indiana,9,US House,Clark,18019,Clark,Jeffersonville 30,Tonya L. Millis,Libertarian,L,8,269,0.02974,TOTAL,yes
2022,Indiana,9,US House,Clark,18019,Clark,Jeffersonville 30,Erin Houchin,Republican,R,138,269,0.513011,TOTAL,yes
2022,Indiana,9,US House,Clark,18019,Clark,Jeffersonville 31,Matthew Fyfe,Democratic,D,92,259,0.355212,TOTAL,yes
2022,Indiana,9,US House,Clark,18019,Clark,Jeffersonville 31,Tonya L. Millis,Libertarian,L,12,259,0.046332,TOTAL,yes
2022,Indiana,9,US House,Clark,18019,Clark,Jeffersonville 31,Erin Houchin,Republican,R,155,259,0.598456,TOTAL,yes
2022,Indiana,9,US House,Clark,18019,Clark,Jeffersonville 32,Matthew Fyfe,Democratic,D,93,201,0.462687,TOTAL,yes
2022,Indiana,9,US House,Clark,18019,Clark,Jeffersonville 32,Tonya L. Millis,Libertarian,L,8,201,0.039801,TOTAL,yes
2022,Indiana,9,US House,Clark,18019,Clark,Jeffersonville 32,Erin Houchin,Republican,R,100,201,0.497512,TOTAL,yes
2022,Indiana,9,US House,Clark,18019,Clark,Jeffersonville 33,Matthew Fyfe,Democratic,D,132,301,0.438538,TOTAL,yes
2022,Indiana,9,US House,Clark,18019,Clark,Jeffersonville 33,Tonya L. Millis,Libertarian,L,13,301,0.043189,TOTAL,yes
2022,Indiana,9,US House,Clark,18019,Clark,Jeffersonville 33,Erin Houchin,Republican,R,156,301,0.518272,TOTAL,yes
2022,Indiana,9,US House,Clark,18019,Clark,Jeffersonville 34,Matthew Fyfe,Democratic,D,96,211,0.454976,TOTAL,yes
2022,Indiana,9,US House,Clark,18019,Clark,Jeffersonville 34,Tonya L. Millis,Libertarian,L,16,211,0.075829,TOTAL,yes
2022,Indiana,9,US House,Clark,18019,Clark,Jeffersonville 34,Erin Houchin,Republican,R,99,211,0.469194,TOTAL,yes
2022,Indiana,9,US House,Clark,18019,Clark,Jeffersonville 35,Matthew Fyfe,Democratic,D,130,258,0.503876,TOTAL,yes
2022,Indiana,9,US House,Clark,18019,Clark,Jeffersonville 35,Tonya L. Millis,Libertarian,L,6,258,0.023256,TOTAL,yes
2022,Indiana,9,US House,Clark,18019,Clark,Jeffersonville 35,Erin Houchin,Republican,R,122,258,0.472868,TOTAL,yes
2022,Indiana,9,US House,Clark,18019,Clark,Jeffersonville 36,Matthew Fyfe,Democratic,D,125,308,0.405844,TOTAL,yes
2022,Indiana,9,US House,Clark,18019,Clark,Jeffersonville 36,Tonya L. Millis,Libertarian,L,11,308,0.035714,TOTAL,yes
2022,Indiana,9,US House,Clark,18019,Clark,Jeffersonville 36,Erin Houchin,Republican,R,172,308,0.558442,TOTAL,yes
2022,Indiana,9,US House,Clark,18019,Clark,Jeffersonville 37,Matthew Fyfe,Democratic,D,271,582,0.465636,TOTAL,yes
2022,Indiana,9,US House,Clark,18019,Clark,Jeffersonville 37,Tonya L. Millis,Libertarian,L,20,582,0.034364,TOTAL,yes
2022,Indiana,9,US House,Clark,18019,Clark,Jeffersonville 37,Erin Houchin,Republican,R,291,582,0.5,TOTAL,yes
2022,Indiana,9,US House,Clark,18019,Clark,Jeffersonville 38,Matthew Fyfe,Democratic,D,202,484,0.417355,TOTAL,yes
2022,Indiana,9,US House,Clark,18019,Clark,Jeffersonville 38,Tonya L. Millis,Libertarian,L,20,484,0.041322,TOTAL,yes
2022,Indiana,9,US House,Clark,18019,Clark,Jeffersonville 38,Erin Houchin,Republican,R,262,484,0.541322,TOTAL,yes
2022,Indiana,9,US House,Clark,18019,Clark,Jeffersonville 39,Matthew Fyfe,Democratic,D,124,256,0.484375,TOTAL,yes
2022,Indiana,9,US House,Clark,18019,Clark,Jeffersonville 39,Tonya L. Millis,Libertarian,L,7,256,0.027344,TOTAL,yes
2022,Indiana,9,US House,Clark,18019,Clark,Jeffersonville 39,Erin Houchin,Republican,R,125,256,0.488281,TOTAL,yes
2022,Indiana,9,US House,Clark,18019,Clark,Jeffersonville 40,Matthew Fyfe,Democratic,D,233,555,0.41982,TOTAL,yes
2022,Indiana,9,US House,Clark,18019,Clark,Jeffersonville 40,Tonya L. Millis,Libertarian,L,15,555,0.027027,TOTAL,yes
2022,Indiana,9,US House,Clark,18019,Clark,Jeffersonville 40,Erin Houchin,Republican,R,307,555,0.553153,TOTAL,yes
2022,Indiana,9,US House,Clark,18019,Clark,Jeffersonville 41,Matthew Fyfe,Democratic,D,139,294,0.472789,TOTAL,yes
2022,Indiana,9,US House,Clark,18019,Clark,Jeffersonville 41,Tonya L. Millis,Libertarian,L,10,294,0.034014,TOTAL,yes
2022,Indiana,9,US House,Clark,18019,Clark,Jeffersonville 41,Erin Houchin,Republican,R,145,294,0.493197,TOTAL,yes
2022,Indiana,9,US House,Clark,18019,Clark,Jeffersonville 42,Matthew Fyfe,Democratic,D,123,316,0.389241,TOTAL,yes
2022,Indiana,9,US House,Clark,18019,Clark,Jeffersonville 42,Tonya L. Millis,Libertarian,L,12,316,0.037975,TOTAL,yes
2022,Indiana,9,US House,Clark,18019,Clark,Jeffersonville 42,Erin Houchin,Republican,R,181,316,0.572785,TOTAL,yes
2022,Indiana,9,US House,Clark,18019,Clark,Monroe 01,Matthew Fyfe,Democratic,D,126,575,0.21913,TOTAL,yes
2022,Indiana,9,US House,Clark,18019,Clark,Monroe 01,Tonya L. Millis,Libertarian,L,22,575,0.038261,TOTAL,yes
2022,Indiana,9,US House,Clark,18019,Clark,Monroe 01,Erin Houchin,Republican,R,427,575,0.742609,TOTAL,yes
2022,Indiana,9,US House,Clark,18019,Clark,Monroe 02,Matthew Fyfe,Democratic,D,200,958,0.208768,TOTAL,yes
2022,Indiana,9,US House,Clark,18019,Clark,Monroe 02,Tonya L. Millis,Libertarian,L,21,958,0.021921,TOTAL,yes
2022,Indiana,9,US House,Clark,18019,Clark,Monroe 02,Erin Houchin,Republican,R,737,958,0.769311,TOTAL,yes
2022,Indiana,9,US House,Clark,18019,Clark,Monroe 03,Matthew Fyfe,Democratic,D,98,519,0.188825,TOTAL,yes
2022,Indiana,9,US House,Clark,18019,Clark,Monroe 03,Tonya L. Millis,Libertarian,L,20,519,0.038536,TOTAL,yes
2022,Indiana,9,US House,Clark,18019,Clark,Monroe 03,Erin Houchin,Republican,R,401,519,0.77264,TOTAL,yes
2022,Indiana,9,US House,Clark,18019,Clark,Oregon 01,Matthew Fyfe,Democratic,D,117,592,0.197635,TOTAL,yes
2022,Indiana,9,US House,Clark,18019,Clark,Oregon 01,Tonya L. Millis,Libertarian,L,21,592,0.035473,TOTAL,yes
2022,Indiana,9,US House,Clark,18019,Clark,Oregon 01,Erin Houchin,Republican,R,454,592,0.766892,TOTAL,yes
2022,Indiana,9,US House,Clark,18019,Clark,Owen 01,Matthew Fyfe,Democratic,D,58,308,0.188312,TOTAL,yes
2022,Indiana,9,US House,Clark,18019,Clark,Owen 01,Tonya L. Millis,Libertarian,L,4,308,0.012987,TOTAL,yes
2022,Indiana,9,US House,Clark,18019,Clark,Owen 01,Erin Houchin,Republican,R,246,308,0.798701,TOTAL,yes
2022,Indiana,9,US House,Clark,18019,Clark,Silver Creek - Clarksville 43,Matthew Fyfe,Democratic,D,369,1077,0.342618,TOTAL,yes
2022,Indiana,9,US House,Clark,18019,Clark,Silver Creek - Clarksville 43,Tonya L. Millis,Libertarian,L,40,1077,0.03714,TOTAL,yes
2022,Indiana,9,US House,Clark,18019,Clark,Silver Creek - Clarksville 43,Erin Houchin,Republican,R,668,1077,0.620241,TOTAL,yes
2022,Indiana,9,US House,Clark,18019,Clark,Silver Creek - Clarksville 44,Matthew Fyfe,Democratic,D,0,0,,TOTAL,yes
2022,Indiana,9,US House,Clark,18019,Clark,Silver Creek - Clarksville 44,Tonya L. Millis,Libertarian,L,0,0,,TOTAL,yes
2022,Indiana,9,US House,Clark,18019,Clark,Silver Creek - Clarksville 44,Erin Houchin,Republican,R,0,0,,TOTAL,yes
2022,Indiana,9,US House,Clark,18019,Clark,Silver Creek 01,Matthew Fyfe,Democratic,D,106,347,0.305476,TOTAL,yes
2022,Indiana,9,US House,Clark,18019,Clark,Silver Creek 01,Tonya L. Millis,Libertarian,L,6,347,0.017291,TOTAL,yes
2022,Indiana,9,US House,Clark,18019,Clark,Silver Creek 01,Erin Houchin,Republican,R,235,347,0.677233,TOTAL,yes
2022,Indiana,9,US House,Clark,18019,Clark,Silver Creek 02,Matthew Fyfe,Democratic,D,90,262,0.343511,TOTAL,yes
2022,Indiana,9,US House,Clark,18019,Clark,Silver Creek 02,Tonya L. Millis,Libertarian,L,13,262,0.049618,TOTAL,yes
2022,Indiana,9,US House,Clark,18019,Clark,Silver Creek 02,Erin Houchin,Republican,R,159,262,0.60687,TOTAL,yes
2022,Indiana,9,US House,Clark,18019,Clark,Silver Creek 03,Matthew Fyfe,Democratic,D,124,486,0.255144,TOTAL,yes
2022,Indiana,9,US House,Clark,18019,Clark,Silver Creek 03,Tonya L. Millis,Libertarian,L,20,486,0.041152,TOTAL,yes
2022,Indiana,9,US House,Clark,18019,Clark,Silver Creek 03,Erin Houchin,Republican,R,342,486,0.703704,TOTAL,yes
2022,Indiana,9,US House,Clark,18019,Clark,Silver Creek 04,Matthew Fyfe,Democratic,D,210,584,0.359589,TOTAL,yes
2022,Indiana,9,US House,Clark,18019,Clark,Silver Creek 04,Tonya L. Millis,Libertarian,L,13,584,0.02226,TOTAL,yes
2022,Indiana,9,US House,Clark,18019,Clark,Silver Creek 04,Erin Houchin,Republican,R,361,584,0.618151,TOTAL,yes
2022,Indiana,9,US House,Clark,18019,Clark,Silver Creek 05,Matthew Fyfe,Democratic,D,70,220,0.318182,TOTAL,yes
2022,Indiana,9,US House,Clark,18019,Clark,Silver Creek 05,Tonya L. Millis,Libertarian,L,8,220,0.036364,TOTAL,yes
2022,Indiana,9,US House,Clark,18019,Clark,Silver Creek 05,Erin Houchin,Republican,R,142,220,0.645455,TOTAL,yes
2022,Indiana,9,US House,Clark,18019,Clark,Silver Creek 06,Matthew Fyfe,Democratic,D,305,942,0.323779,TOTAL,yes
2022,Indiana,9,US House,Clark,18019,Clark,Silver Creek 06,Tonya L. Millis,Libertarian,L,34,942,0.036093,TOTAL,yes
2022,Indiana,9,US House,Clark,18019,Clark,Silver Creek 06,Erin Houchin,Republican,R,603,942,0.640127,TOTAL,yes
2022,Indiana,9,US House,Clark,18019,Clark,Silver Creek 07,Matthew Fyfe,Democratic,D,55,178,0.308989,TOTAL,yes
2022,Indiana,9,US House,Clark,18019,Clark,Silver Creek 07,Tonya L. Millis,Libertarian,L,6,178,0.033708,TOTAL,yes
2022,Indiana,9,US House,Clark,18019,Clark,Silver Creek 07,Erin Houchin,Republican,R,117,178,0.657303,TOTAL,yes
2022,Indiana,9,US House,Clark,18019,Clark,Union 01,Matthew Fyfe,Democratic,D,173,754,0.229443,TOTAL,yes
2022,Indiana,9,US House,Clark,18019,Clark,Union 01,Tonya L. Millis,Libertarian,L,28,754,0.037135,TOTAL,yes
2022,Indiana,9,US House,Clark,18019,Clark,Union 01,Erin Houchin,Republican,R,553,754,0.733422,TOTAL,yes
2022,Indiana,9,US House,Clark,18019,Clark,Union 02,Matthew Fyfe,Democratic,D,154,642,0.239875,TOTAL,yes
2022,Indiana,9,US House,Clark,18019,Clark,Union 02,Tonya L. Millis,Libertarian,L,18,642,0.028037,TOTAL,yes
2022,Indiana,9,US House,Clark,18019,Clark,Union 02,Erin Houchin,Republican,R,470,642,0.732087,TOTAL,yes
2022,Indiana,9,US House,Clark,18019,Clark,Utica 01,Matthew Fyfe,Democratic,D,61,219,0.278539,TOTAL,yes
2022,Indiana,9,US House,Clark,18019,Clark,Utica 01,Tonya L. Millis,Libertarian,L,14,219,0.063927,TOTAL,yes
2022,Indiana,9,US House,Clark,18019,Clark,Utica 01,Erin Houchin,Republican,R,144,219,0.657534,TOTAL,yes
2022,Indiana,9,US House,Clark,18019,Clark,Utica 02,Matthew Fyfe,Democratic,D,432,969,0.44582,TOTAL,yes
2022,Indiana,9,US House,Clark,18019,Clark,Utica 02,Tonya L. Millis,Libertarian,L,33,969,0.034056,TOTAL,yes
2022,Indiana,9,US House,Clark,18019,Clark,Utica 02,Erin Houchin,Republican,R,504,969,0.520124,TOTAL,yes
2022,Indiana,9,US House,Clark,18019,Clark,Utica 03,Matthew Fyfe,Democratic,D,341,976,0.349385,TOTAL,yes
2022,Indiana,9,US House,Clark,18019,Clark,Utica 03,Tonya L. Millis,Libertarian,L,34,976,0.034836,TOTAL,yes
2022,Indiana,9,US House,Clark,18019,Clark,Utica 03,Erin Houchin,Republican,R,601,976,0.615779,TOTAL,yes
2022,Indiana,9,US House,Clark,18019,Clark,Utica 04,Matthew Fyfe,Democratic,D,460,1110,0.414414,TOTAL,yes
2022,Indiana,9,US House,Clark,18019,Clark,Utica 04,Tonya L. Millis,Libertarian,L,39,1110,0.035135,TOTAL,yes
2022,Indiana,9,US House,Clark,18019,Clark,Utica 04,Erin Houchin,Republican,R,611,1110,0.55045,TOTAL,yes
2022,Indiana,9,US House,Clark,18019,Clark,Washington 01,Matthew Fyfe,Democratic,D,119,573,0.207679,TOTAL,yes
2022,Indiana,9,US House,Clark,18019,Clark,Washington 01,Tonya L. Millis,Libertarian,L,16,573,0.027923,TOTAL,yes
2022,Indiana,9,US House,Clark,18019,Clark,Washington 01,Erin Houchin,Republican,R,438,573,0.764398,TOTAL,yes
2022,Indiana,9,US House,Clark,18019,Clark,Wood 01,Matthew Fyfe,Democratic,D,52,221,0.235294,TOTAL,yes
2022,Indiana,9,US House,Clark,18019,Clark,Wood 01,Tonya L. Millis,Libertarian,L,9,221,0.040724,TOTAL,yes
2022,Indiana,9,US House,Clark,18019,Clark,Wood 01,Erin Houchin,Republican,R,160,221,0.723982,TOTAL,yes
2022,Indiana,9,US House,Clark,18019,Clark,Wood 02,Matthew Fyfe,Democratic,D,121,510,0.237255,TOTAL,yes
2022,Indiana,9,US House,Clark,18019,Clark,Wood 02,Tonya L. Millis,Libertarian,L,21,510,0.041176,TOTAL,yes
2022,Indiana,9,US House,Clark,18019,Clark,Wood 02,Erin Houchin,Republican,R,368,510,0.721569,TOTAL,yes
2022,Indiana,9,US House,Clark,18019,Clark,Wood 03,Matthew Fyfe,Democratic,D,64,250,0.256,TOTAL,yes
2022,Indiana,9,US House,Clark,18019,Clark,Wood 03,Tonya L. Millis,Libertarian,L,4,250,0.016,TOTAL,yes
2022,Indiana,9,US House,Clark,18019,Clark,Wood 03,Erin Houchin,Republican,R,182,250,0.728,TOTAL,yes
2022,Indiana,9,US House,Dearborn,18029,Dearborn,Caesar Creek,Matthew Fyfe,Democratic,D,18,92,0.195652,TOTAL,yes
2022,Indiana,9,US House,Dearborn,18029,Dearborn,Caesar Creek,Tonya L. Millis,Libertarian,L,1,92,0.01087,TOTAL,yes
2022,Indiana,9,US House,Dearborn,18029,Dearborn,Caesar Creek,Erin Houchin,Republican,R,73,92,0.793478,TOTAL,yes
2022,Indiana,9,US House,Dearborn,18029,Dearborn,Center 1,Matthew Fyfe,Democratic,D,45,118,0.381356,TOTAL,yes
2022,Indiana,9,US House,Dearborn,18029,Dearborn,Center 1,Tonya L. Millis,Libertarian,L,2,118,0.016949,TOTAL,yes
2022,Indiana,9,US House,Dearborn,18029,Dearborn,Center 1,Erin Houchin,Republican,R,71,118,0.601695,TOTAL,yes
2022,Indiana,9,US House,Dearborn,18029,Dearborn,Center 2,Matthew Fyfe,Democratic,D,36,169,0.213018,TOTAL,yes
2022,Indiana,9,US House,Dearborn,18029,Dearborn,Center 2,Tonya L. Millis,Libertarian,L,4,169,0.023669,TOTAL,yes
2022,Indiana,9,US House,Dearborn,18029,Dearborn,Center 2,Erin Houchin,Republican,R,129,169,0.763314,TOTAL,yes
2022,Indiana,9,US House,Dearborn,18029,Dearborn,Center 3,Matthew Fyfe,Democratic,D,37,197,0.187817,TOTAL,yes
2022,Indiana,9,US House,Dearborn,18029,Dearborn,Center 3,Tonya L. Millis,Libertarian,L,5,197,0.025381,TOTAL,yes
2022,Indiana,9,US House,Dearborn,18029,Dearborn,Center 3,Erin Houchin,Republican,R,155,197,0.786802,TOTAL,yes
2022,Indiana,9,US House,Dearborn,18029,Dearborn,Center 4,Matthew Fyfe,Democratic,D,38,155,0.245161,TOTAL,yes
2022,Indiana,9,US House,Dearborn,18029,Dearborn,Center 4,Tonya L. Millis,Libertarian,L,3,155,0.019355,TOTAL,yes
2022,Indiana,9,US House,Dearborn,18029,Dearborn,Center 4,Erin Houchin,Republican,R,114,155,0.735484,TOTAL,yes
2022,Indiana,9,US House,Dearborn,18029,Dearborn,Center 5,Matthew Fyfe,Democratic,D,41,246,0.166667,TOTAL,yes
2022,Indiana,9,US House,Dearborn,18029,Dearborn,Center 5,Tonya L. Millis,Libertarian,L,8,246,0.03252,TOTAL,yes
2022,Indiana,9,US House,Dearborn,18029,Dearborn,Center 5,Erin Houchin,Republican,R,197,246,0.800813,TOTAL,yes
2022,Indiana,9,US House,Dearborn,18029,Dearborn,Center 6,Matthew Fyfe,Democratic,D,38,222,0.171171,TOTAL,yes
2022,Indiana,9,US House,Dearborn,18029,Dearborn,Center 6,Tonya L. Millis,Libertarian,L,5,222,0.022523,TOTAL,yes
2022,Indiana,9,US House,Dearborn,18029,Dearborn,Center 6,Erin Houchin,Republican,R,179,222,0.806306,TOTAL,yes
2022,Indiana,9,US House,Dearborn,18029,Dearborn,Clay 1,Matthew Fyfe,Democratic,D,41,250,0.164,TOTAL,yes
2022,Indiana,9,US House,Dearborn,18029,Dearborn,Clay 1,Tonya L. Millis,Libertarian,L,7,250,0.028,TOTAL,yes
2022,Indiana,9,US House,Dearborn,18029,Dearborn,Clay 1,Erin Houchin,Republican,R,202,250,0.808,TOTAL,yes
2022,Indiana,9,US House,Dearborn,18029,Dearborn,Clay 2,Matthew Fyfe,Democratic,D,52,231,0.225108,TOTAL,yes
2022,Indiana,9,US House,Dearborn,18029,Dearborn,Clay 2,Tonya L. Millis,Libertarian,L,7,231,0.030303,TOTAL,yes
2022,Indiana,9,US House,Dearborn,18029,Dearborn,Clay 2,Erin Houchin,Republican,R,172,231,0.744589,TOTAL,yes
2022,Indiana,9,US House,Dearborn,18029,Dearborn,Clay 3,Matthew Fyfe,Democratic,D,27,250,0.108,TOTAL,yes
2022,Indiana,9,US House,Dearborn,18029,Dearborn,Clay 3,Tonya L. Millis,Libertarian,L,5,250,0.02,TOTAL,yes
2022,Indiana,9,US House,Dearborn,18029,Dearborn,Clay 3,Erin Houchin,Republican,R,218,250,0.872,TOTAL,yes
2022,Indiana,9,US House,Dearborn,18029,Dearborn,Greendale 1,Matthew Fyfe,Democratic,D,78,214,0.364486,TOTAL,yes
2022,Indiana,9,US House,Dearborn,18029,Dearborn,Greendale 1,Tonya L. Millis,Libertarian,L,2,214,0.009346,TOTAL,yes
2022,Indiana,9,US House,Dearborn,18029,Dearborn,Greendale 1,Erin Houchin,Republican,R,134,214,0.626168,TOTAL,yes
2022,Indiana,9,US House,Dearborn,18029,Dearborn,Greendale 2,Matthew Fyfe,Democratic,D,71,206,0.34466,TOTAL,yes
2022,Indiana,9,US House,Dearborn,18029,Dearborn,Greendale 2,Tonya L. Millis,Libertarian,L,2,206,0.009709,TOTAL,yes
2022,Indiana,9,US House,Dearborn,18029,Dearborn,Greendale 2,Erin Houchin,Republican,R,133,206,0.645631,TOTAL,yes
2022,Indiana,9,US House,Dearborn,18029,Dearborn,Greendale 3,Matthew Fyfe,Democratic,D,62,232,0.267241,TOTAL,yes
2022,Indiana,9,US House,Dearborn,18029,Dearborn,Greendale 3,Tonya L. Millis,Libertarian,L,3,232,0.012931,TOTAL,yes
2022,Indiana,9,US House,Dearborn,18029,Dearborn,Greendale 3,Erin Houchin,Republican,R,167,232,0.719828,TOTAL,yes
2022,Indiana,9,US House,Dearborn,18029,Dearborn,Greendale 4,Matthew Fyfe,Democratic,D,92,278,0.330935,TOTAL,yes
2022,Indiana,9,US House,Dearborn,18029,Dearborn,Greendale 4,Tonya L. Millis,Libertarian,L,10,278,0.035971,TOTAL,yes
2022,Indiana,9,US House,Dearborn,18029,Dearborn,Greendale 4,Erin Houchin,Republican,R,176,278,0.633094,TOTAL,yes
2022,Indiana,9,US House,Dearborn,18029,Dearborn,Greendale 5,Matthew Fyfe,Democratic,D,73,289,0.252595,TOTAL,yes
2022,Indiana,9,US House,Dearborn,18029,Dearborn,Greendale 5,Tonya L. Millis,Libertarian,L,6,289,0.020761,TOTAL,yes
2022,Indiana,9,US House,Dearborn,18029,Dearborn,Greendale 5,Erin Houchin,Republican,R,210,289,0.726644,TOTAL,yes
2022,Indiana,9,US House,Dearborn,18029,Dearborn,Harrison 1,Matthew Fyfe,Democratic,D,6,37,0.162162,TOTAL,yes
2022,Indiana,9,US House,Dearborn,18029,Dearborn,Harrison 1,Tonya L. Millis,Libertarian,L,1,37,0.027027,TOTAL,yes
2022,Indiana,9,US House,Dearborn,18029,Dearborn,Harrison 1,Erin Houchin,Republican,R,30,37,0.810811,TOTAL,yes
2022,Indiana,9,US House,Dearborn,18029,Dearborn,Harrison 2,Matthew Fyfe,Democratic,D,63,470,0.134043,TOTAL,yes
2022,Indiana,9,US House,Dearborn,18029,Dearborn,Harrison 2,Tonya L. Millis,Libertarian,L,12,470,0.025532,TOTAL,yes
2022,Indiana,9,US House,Dearborn,18029,Dearborn,Harrison 2,Erin Houchin,Republican,R,395,470,0.840426,TOTAL,yes
2022,Indiana,9,US House,Dearborn,18029,Dearborn,Harrison 3,Matthew Fyfe,Democratic,D,69,509,0.13556,TOTAL,yes
2022,Indiana,9,US House,Dearborn,18029,Dearborn,Harrison 3,Tonya L. Millis,Libertarian,L,6,509,0.011788,TOTAL,yes
2022,Indiana,9,US House,Dearborn,18029,Dearborn,Harrison 3,Erin Houchin,Republican,R,434,509,0.852652,TOTAL,yes
2022,Indiana,9,US House,Dearborn,18029,Dearborn,Hogan,Matthew Fyfe,Democratic,D,64,321,0.199377,TOTAL,yes
2022,Indiana,9,US House,Dearborn,18029,Dearborn,Hogan,Tonya L. Millis,Libertarian,L,5,321,0.015576,TOTAL,yes
2022,Indiana,9,US House,Dearborn,18029,Dearborn,Hogan,Erin Houchin,Republican,R,252,321,0.785047,TOTAL,yes
2022,Indiana,9,US House,Dearborn,18029,Dearborn,Jackson 1,Matthew Fyfe,Democratic,D,57,554,0.102888,TOTAL,yes
2022,Indiana,9,US House,Dearborn,18029,Dearborn,Jackson 1,Tonya L. Millis,Libertarian,L,8,554,0.01444,TOTAL,yes
2022,Indiana,9,US House,Dearborn,18029,Dearborn,Jackson 1,Erin Houchin,Republican,R,489,554,0.882671,TOTAL,yes
2022,Indiana,9,US House,Dearborn,18029,Dearborn,Kelso 1,Matthew Fyfe,Democratic,D,15,197,0.076142,TOTAL,yes
2022,Indiana,9,US House,Dearborn,18029,Dearborn,Kelso 1,Tonya L. Millis,Libertarian,L,5,197,0.025381,TOTAL,yes
2022,Indiana,9,US House,Dearborn,18029,Dearborn,Kelso 1,Erin Houchin,Republican,R,177,197,0.898477,TOTAL,yes
2022,Indiana,9,US House,Dearborn,18029,Dearborn,Kelso 2,Matthew Fyfe,Democratic,D,43,259,0.166023,TOTAL,yes
2022,Indiana,9,US House,Dearborn,18029,Dearborn,Kelso 2,Tonya L. Millis,Libertarian,L,0,259,0.0,TOTAL,yes
2022,Indiana,9,US House,Dearborn,18029,Dearborn,Kelso 2,Erin Houchin,Republican,R,216,259,0.833977,TOTAL,yes
2022,Indiana,9,US House,Dearborn,18029,Dearborn,Kelso 3,Matthew Fyfe,Democratic,D,56,434,0.129032,TOTAL,yes
2022,Indiana,9,US House,Dearborn,18029,Dearborn,Kelso 3,Tonya L. Millis,Libertarian,L,7,434,0.016129,TOTAL,yes
2022,Indiana,9,US House,Dearborn,18029,Dearborn,Kelso 3,Erin Houchin,Republican,R,371,434,0.854839,TOTAL,yes
2022,Indiana,9,US House,Dearborn,18029,Dearborn,Lawrenceburg 01,Matthew Fyfe,Democratic,D,77,192,0.401042,TOTAL,yes
2022,Indiana,9,US House,Dearborn,18029,Dearborn,Lawrenceburg 01,Tonya L. Millis,Libertarian,L,7,192,0.036458,TOTAL,yes
2022,Indiana,9,US House,Dearborn,18029,Dearborn,Lawrenceburg 01,Erin Houchin,Republican,R,108,192,0.5625,TOTAL,yes
2022,Indiana,9,US House,Dearborn,18029,Dearborn,Lawrenceburg 02,Matthew Fyfe,Democratic,D,58,136,0.426471,TOTAL,yes
2022,Indiana,9,US House,Dearborn,18029,Dearborn,Lawrenceburg 02,Tonya L. Millis,Libertarian,L,3,136,0.022059,TOTAL,yes
2022,Indiana,9,US House,Dearborn,18029,Dearborn,Lawrenceburg 02,Erin Houchin,Republican,R,75,136,0.551471,TOTAL,yes
2022,Indiana,9,US House,Dearborn,18029,Dearborn,Lawrenceburg 03,Matthew Fyfe,Democratic,D,68,353,0.192635,TOTAL,yes
2022,Indiana,9,US House,Dearborn,18029,Dearborn,Lawrenceburg 03,Tonya L. Millis,Libertarian,L,6,353,0.016997,TOTAL,yes
2022,Indiana,9,US House,Dearborn,18029,Dearborn,Lawrenceburg 03,Erin Houchin,Republican,R,279,353,0.790368,TOTAL,yes
2022,Indiana,9,US House,Dearborn,18029,Dearborn,Lawrenceburg 04,Matthew Fyfe,Democratic,D,80,269,0.297398,TOTAL,yes
2022,Indiana,9,US House,Dearborn,18029,Dearborn,Lawrenceburg 04,Tonya L. Millis,Libertarian,L,5,269,0.018587,TOTAL,yes
2022,Indiana,9,US House,Dearborn,18029,Dearborn,Lawrenceburg 04,Erin Houchin,Republican,R,184,269,0.684015,TOTAL,yes
2022,Indiana,9,US House,Dearborn,18029,Dearborn,Lawrenceburg 08,Matthew Fyfe,Democratic,D,39,160,0.24375,TOTAL,yes
2022,Indiana,9,US House,Dearborn,18029,Dearborn,Lawrenceburg 08,Tonya L. Millis,Libertarian,L,1,160,0.00625,TOTAL,yes
2022,Indiana,9,US House,Dearborn,18029,Dearborn,Lawrenceburg 08,Erin Houchin,Republican,R,120,160,0.75,TOTAL,yes
2022,Indiana,9,US House,Dearborn,18029,Dearborn,Lawrenceburg 09,Matthew Fyfe,Democratic,D,63,317,0.198738,TOTAL,yes
2022,Indiana,9,US House,Dearborn,18029,Dearborn,Lawrenceburg 09,Tonya L. Millis,Libertarian,L,11,317,0.0347,TOTAL,yes
2022,Indiana,9,US House,Dearborn,18029,Dearborn,Lawrenceburg 09,Erin Houchin,Republican,R,243,317,0.766562,TOTAL,yes
2022,Indiana,9,US House,Dearborn,18029,Dearborn,Logan 1,Matthew Fyfe,Democratic,D,80,667,0.11994,TOTAL,yes
2022,Indiana,9,US House,Dearborn,18029,Dearborn,Logan 1,Tonya L. Millis,Libertarian,L,11,667,0.016492,TOTAL,yes
2022,Indiana,9,US House,Dearborn,18029,Dearborn,Logan 1,Erin Houchin,Republican,R,576,667,0.863568,TOTAL,yes
2022,Indiana,9,US House,Dearborn,18029,Dearborn,Logan 2,Matthew Fyfe,Democratic,D,68,587,0.115843,TOTAL,yes
2022,Indiana,9,US House,Dearborn,18029,Dearborn,Logan 2,Tonya L. Millis,Libertarian,L,15,587,0.025554,TOTAL,yes
2022,Indiana,9,US House,Dearborn,18029,Dearborn,Logan 2,Erin Houchin,Republican,R,504,587,0.858603,TOTAL,yes
2022,Indiana,9,US House,Dearborn,18029,Dearborn,Manchester 1,Matthew Fyfe,Democratic,D,73,468,0.155983,TOTAL,yes
2022,Indiana,9,US House,Dearborn,18029,Dearborn,Manchester 1,Tonya L. Millis,Libertarian,L,12,468,0.025641,TOTAL,yes
2022,Indiana,9,US House,Dearborn,18029,Dearborn,Manchester 1,Erin Houchin,Republican,R,383,468,0.818376,TOTAL,yes
2022,Indiana,9,US House,Dearborn,18029,Dearborn,Manchester 2,Matthew Fyfe,Democratic,D,67,505,0.132673,TOTAL,yes
2022,Indiana,9,US House,Dearborn,18029,Dearborn,Manchester 2,Tonya L. Millis,Libertarian,L,10,505,0.019802,TOTAL,yes
2022,Indiana,9,US House,Dearborn,18029,Dearborn,Manchester 2,Erin Houchin,Republican,R,428,505,0.847525,TOTAL,yes
2022,Indiana,9,US House,Dearborn,18029,Dearborn,Miller 1,Matthew Fyfe,Democratic,D,93,533,0.174484,TOTAL,yes
2022,Indiana,9,US House,Dearborn,18029,Dearborn,Miller 1,Tonya L. Millis,Libertarian,L,12,533,0.022514,TOTAL,yes
2022,Indiana,9,US House,Dearborn,18029,Dearborn,Miller 1,Erin Houchin,Republican,R,428,533,0.803002,TOTAL,yes
2022,Indiana,9,US House,Dearborn,18029,Dearborn,Miller 2,Matthew Fyfe,Democratic,D,77,410,0.187805,TOTAL,yes
2022,Indiana,9,US House,Dearborn,18029,Dearborn,Miller 2,Tonya L. Millis,Libertarian,L,9,410,0.021951,TOTAL,yes
2022,Indiana,9,US House,Dearborn,18029,Dearborn,Miller 2,Erin Houchin,Republican,R,324,410,0.790244,TOTAL,yes
2022,Indiana,9,US House,Dearborn,18029,Dearborn,Miller 3,Matthew Fyfe,Democratic,D,109,512,0.212891,TOTAL,yes
2022,Indiana,9,US House,Dearborn,18029,Dearborn,Miller 3,Tonya L. Millis,Libertarian,L,8,512,0.015625,TOTAL,yes
2022,Indiana,9,US House,Dearborn,18029,Dearborn,Miller 3,Erin Houchin,Republican,R,395,512,0.771484,TOTAL,yes
2022,Indiana,9,US House,Dearborn,18029,Dearborn,Miller 4,Matthew Fyfe,Democratic,D,44,402,0.109453,TOTAL,yes
2022,Indiana,9,US House,Dearborn,18029,Dearborn,Miller 4,Tonya L. Millis,Libertarian,L,9,402,0.022388,TOTAL,yes
2022,Indiana,9,US House,Dearborn,18029,Dearborn,Miller 4,Erin Houchin,Republican,R,349,402,0.868159,TOTAL,yes
2022,Indiana,9,US House,Dearborn,18029,Dearborn,Miller 5,Matthew Fyfe,Democratic,D,40,366,0.10929,TOTAL,yes
2022,Indiana,9,US House,Dearborn,18029,Dearborn,Miller 5,Tonya L. Millis,Libertarian,L,3,366,0.008197,TOTAL,yes
2022,Indiana,9,US House,Dearborn,18029,Dearborn,Miller 5,Erin Houchin,Republican,R,323,366,0.882514,TOTAL,yes
2022,Indiana,9,US House,Dearborn,18029,Dearborn,Miller 6,Matthew Fyfe,Democratic,D,118,529,0.223062,TOTAL,yes
2022,Indiana,9,US House,Dearborn,18029,Dearborn,Miller 6,Tonya L. Millis,Libertarian,L,17,529,0.032136,TOTAL,yes
2022,Indiana,9,US House,Dearborn,18029,Dearborn,Miller 6,Erin Houchin,Republican,R,394,529,0.744802,TOTAL,yes
2022,Indiana,9,US House,Dearborn,18029,Dearborn,Miller 7,Matthew Fyfe,Democratic,D,66,408,0.161765,TOTAL,yes
2022,Indiana,9,US House,Dearborn,18029,Dearborn,Miller 7,Tonya L. Millis,Libertarian,L,15,408,0.036765,TOTAL,yes
2022,Indiana,9,US House,Dearborn,18029,Dearborn,Miller 7,Erin Houchin,Republican,R,327,408,0.801471,TOTAL,yes
2022,Indiana,9,US House,Dearborn,18029,Dearborn,Sparta 1,Matthew Fyfe,Democratic,D,22,120,0.183333,TOTAL,yes
2022,Indiana,9,US House,Dearborn,18029,Dearborn,Sparta 1,Tonya L. Millis,Libertarian,L,2,120,0.016667,TOTAL,yes
2022,Indiana,9,US House,Dearborn,18029,Dearborn,Sparta 1,Erin Houchin,Republican,R,96,120,0.8,TOTAL,yes
2022,Indiana,9,US House,Dearborn,18029,Dearborn,Sparta 2,Matthew Fyfe,Democratic,D,71,379,0.187335,TOTAL,yes
2022,Indiana,9,US House,Dearborn,18029,Dearborn,Sparta 2,Tonya L. Millis,Libertarian,L,4,379,0.010554,TOTAL,yes
2022,Indiana,9,US House,Dearborn,18029,Dearborn,Sparta 2,Erin Houchin,Republican,R,304,379,0.802111,TOTAL,yes
2022,Indiana,9,US House,Dearborn,18029,Dearborn,Sparta 3,Matthew Fyfe,Democratic,D,26,220,0.118182,TOTAL,yes
2022,Indiana,9,US House,Dearborn,18029,Dearborn,Sparta 3,Tonya L. Millis,Libertarian,L,4,220,0.018182,TOTAL,yes
2022,Indiana,9,US House,Dearborn,18029,Dearborn,Sparta 3,Erin Houchin,Republican,R,190,220,0.863636,TOTAL,yes
2022,Indiana,9,US House,Dearborn,18029,Dearborn,Washington 1,Matthew Fyfe,Democratic,D,99,420,0.235714,TOTAL,yes
2022,Indiana,9,US House,Dearborn,18029,Dearborn,Washington 1,Tonya L. Millis,Libertarian,L,11,420,0.02619,TOTAL,yes
2022,Indiana,9,US House,Dearborn,18029,Dearborn,Washington 1,Erin Houchin,Republican,R,310,420,0.738095,TOTAL,yes
2022,Indiana,9,US House,Dearborn,18029,Dearborn,York 1,Matthew Fyfe,Democratic,D,81,420,0.192857,TOTAL,yes
2022,Indiana,9,US House,Dearborn,18029,Dearborn,York 1,Tonya L. Millis,Libertarian,L,5,420,0.011905,TOTAL,yes
2022,Indiana,9,US House,Dearborn,18029,Dearborn,York 1,Erin Houchin,Republican,R,334,420,0.795238,TOTAL,yes
2022,Indiana,9,US House,Decatur,18031,Decatur,Adams,Matthew Fyfe,Democratic,D,80,413,0.193705,TOTAL,yes
2022,Indiana,9,US House,Decatur,18031,Decatur,Adams,Tonya L. Millis,Libertarian,L,18,413,0.043584,TOTAL,yes
2022,Indiana,9,US House,Decatur,18031,Decatur,Adams,Erin Houchin,Republican,R,315,413,0.762712,TOTAL,yes
2022,Indiana,9,US House,Decatur,18031,Decatur,Clay,Matthew Fyfe,Democratic,D,59,386,0.15285,TOTAL,yes
2022,Indiana,9,US House,Decatur,18031,Decatur,Clay,Tonya L. Millis,Libertarian,L,18,386,0.046632,TOTAL,yes
2022,Indiana,9,US House,Decatur,18031,Decatur,Clay,Erin Houchin,Republican,R,309,386,0.800518,TOTAL,yes
2022,Indiana,9,US House,Decatur,18031,Decatur,Clinton,Matthew Fyfe,Democratic,D,16,170,0.094118,TOTAL,yes
2022,Indiana,9,US House,Decatur,18031,Decatur,Clinton,Tonya L. Millis,Libertarian,L,7,170,0.041176,TOTAL,yes
2022,Indiana,9,US House,Decatur,18031,Decatur,Clinton,Erin Houchin,Republican,R,147,170,0.864706,TOTAL,yes
2022,Indiana,9,US House,Decatur,18031,Decatur,Fugit,Matthew Fyfe,Democratic,D,131,752,0.174202,TOTAL,yes
2022,Indiana,9,US House,Decatur,18031,Decatur,Fugit,Tonya L. Millis,Libertarian,L,21,752,0.027926,TOTAL,yes
2022,Indiana,9,US House,Decatur,18031,Decatur,Fugit,Erin Houchin,Republican,R,600,752,0.797872,TOTAL,yes
2022,Indiana,9,US House,Decatur,18031,Decatur,Greensburg 1,Matthew Fyfe,Democratic,D,84,396,0.212121,TOTAL,yes
2022,Indiana,9,US House,Decatur,18031,Decatur,Greensburg 1,Tonya L. Millis,Libertarian,L,22,396,0.055556,TOTAL,yes
2022,Indiana,9,US House,Decatur,18031,Decatur,Greensburg 1,Erin Houchin,Republican,R,290,396,0.732323,TOTAL,yes
2022,Indiana,9,US House,Decatur,18031,Decatur,Greensburg 2,Matthew Fyfe,Democratic,D,104,402,0.258706,TOTAL,yes
2022,Indiana,9,US House,Decatur,18031,Decatur,Greensburg 2,Tonya L. Millis,Libertarian,L,23,402,0.057214,TOTAL,yes
2022,Indiana,9,US House,Decatur,18031,Decatur,Greensburg 2,Erin Houchin,Republican,R,275,402,0.68408,TOTAL,yes
2022,Indiana,9,US House,Decatur,18031,Decatur,Greensburg 3,Matthew Fyfe,Democratic,D,83,324,0.256173,TOTAL,yes
2022,Indiana,9,US House,Decatur,18031,Decatur,Greensburg 3,Tonya L. Millis,Libertarian,L,12,324,0.037037,TOTAL,yes
2022,Indiana,9,US House,Decatur,18031,Decatur,Greensburg 3,Erin Houchin,Republican,R,229,324,0.70679,TOTAL,yes
2022,Indiana,9,US House,Decatur,18031,Decatur,Greensburg 4,Matthew Fyfe,Democratic,D,136,633,0.21485,TOTAL,yes
2022,Indiana,9,US House,Decatur,18031,Decatur,Greensburg 4,Tonya L. Millis,Libertarian,L,11,633,0.017378,TOTAL,yes
2022,Indiana,9,US House,Decatur,18031,Decatur,Greensburg 4,Erin Houchin,Republican,R,486,633,0.767773,TOTAL,yes
2022,Indiana,9,US House,Decatur,18031,Decatur,Greensburg 5,Matthew Fyfe,Democratic,D,86,389,0.22108,TOTAL,yes
2022,Indiana,9,US House,Decatur,18031,Decatur,Greensburg 5,Tonya L. Millis,Libertarian,L,17,389,0.043702,TOTAL,yes
2022,Indiana,9,US House,Decatur,18031,Decatur,Greensburg 5,Erin Houchin,Republican,R,286,389,0.735219,TOTAL,yes
2022,Indiana,9,US House,Decatur,18031,Decatur,Greensburg 6,Matthew Fyfe,Democratic,D,56,229,0.244541,TOTAL,yes
2022,Indiana,9,US House,Decatur,18031,Decatur,Greensburg 6,Tonya L. Millis,Libertarian,L,15,229,0.065502,TOTAL,yes
2022,Indiana,9,US House,Decatur,18031,Decatur,Greensburg 6,Erin Houchin,Republican,R,158,229,0.689956,TOTAL,yes
2022,Indiana,9,US House,Decatur,18031,Decatur,Greensburg 7,Matthew Fyfe,Democratic,D,93,400,0.2325,TOTAL,yes
2022,Indiana,9,US House,Decatur,18031,Decatur,Greensburg 7,Tonya L. Millis,Libertarian,L,20,400,0.05,TOTAL,yes
2022,Indiana,9,US House,Decatur,18031,Decatur,Greensburg 7,Erin Houchin,Republican,R,287,400,0.7175,TOTAL,yes
2022,Indiana,9,US House,Decatur,18031,Decatur,Greensburg 7 Adams N V,Matthew Fyfe,Democratic,D,0,0,,TOTAL,yes
2022,Indiana,9,US House,Decatur,18031,Decatur,Greensburg 7 Adams N V,Tonya L. Millis,Libertarian,L,0,0,,TOTAL,yes
2022,Indiana,9,US House,Decatur,18031,Decatur,Greensburg 7 Adams N V,Erin Houchin,Republican,R,0,0,,TOTAL,yes
2022,Indiana,9,US House,Decatur,18031,Decatur,Greensburg 7 Clay N V,Matthew Fyfe,Democratic,D,0,0,,TOTAL,yes
2022,Indiana,9,US House,Decatur,18031,Decatur,Greensburg 7 Clay N V,Tonya L. Millis,Libertarian,L,0,0,,TOTAL,yes
2022,Indiana,9,US House,Decatur,18031,Decatur,Greensburg 7 Clay N V,Erin Houchin,Republican,R,0,0,,TOTAL,yes
2022,Indiana,9,US House,Decatur,18031,Decatur,Greensburg 8,Matthew Fyfe,Democratic,D,81,347,0.233429,TOTAL,yes
2022,Indiana,9,US House,Decatur,18031,Decatur,Greensburg 8,Tonya L. Millis,Libertarian,L,13,347,0.037464,TOTAL,yes
2022,Indiana,9,US House,Decatur,18031,Decatur,Greensburg 8,Erin Houchin,Republican,R,253,347,0.729107,TOTAL,yes
2022,Indiana,9,US House,Decatur,18031,Decatur,Jackson,Matthew Fyfe,Democratic,D,56,330,0.169697,TOTAL,yes
2022,Indiana,9,US House,Decatur,18031,Decatur,Jackson,Tonya L. Millis,Libertarian,L,14,330,0.042424,TOTAL,yes
2022,Indiana,9,US House,Decatur,18031,Decatur,Jackson,Erin Houchin,Republican,R,260,330,0.787879,TOTAL,yes
2022,Indiana,9,US House,Decatur,18031,Decatur,Marion,Matthew Fyfe,Democratic,D,65,601,0.108153,TOTAL,yes
2022,Indiana,9,US House,Decatur,18031,Decatur,Marion,Tonya L. Millis,Libertarian,L,17,601,0.028286,TOTAL,yes
2022,Indiana,9,US House,Decatur,18031,Decatur,Marion,Erin Houchin,Republican,R,519,601,0.863561,TOTAL,yes
2022,Indiana,9,US House,Decatur,18031,Decatur,Saltcreek,Matthew Fyfe,Democratic,D,45,440,0.102273,TOTAL,yes
2022,Indiana,9,US House,Decatur,18031,Decatur,Saltcreek,Tonya L. Millis,Libertarian,L,21,440,0.047727,TOTAL,yes
2022,Indiana,9,US House,Decatur,18031,Decatur,Saltcreek,Erin Houchin,Republican,R,374,440,0.85,TOTAL,yes
2022,Indiana,9,US House,Decatur,18031,Decatur,Sandcreek North,Matthew Fyfe,Democratic,D,37,308,0.12013,TOTAL,yes
2022,Indiana,9,US House,Decatur,18031,Decatur,Sandcreek North,Tonya L. Millis,Libertarian,L,19,308,0.061688,TOTAL,yes
2022,Indiana,9,US House,Decatur,18031,Decatur,Sandcreek North,Erin Houchin,Republican,R,252,308,0.818182,TOTAL,yes
2022,Indiana,9,US House,Decatur,18031,Decatur,Sandcreek South,Matthew Fyfe,Democratic,D,44,277,0.158845,TOTAL,yes
2022,Indiana,9,US House,Decatur,18031,Decatur,Sandcreek South,Tonya L. Millis,Libertarian,L,13,277,0.046931,TOTAL,yes
2022,Indiana,9,US House,Decatur,18031,Decatur,Sandcreek South,Erin Houchin,Republican,R,220,277,0.794224,TOTAL,yes
2022,Indiana,9,US House,Decatur,18031,Decatur,St. Paul,Matthew Fyfe,Democratic,D,23,136,0.169118,TOTAL,yes
2022,Indiana,9,US House,Decatur,18031,Decatur,St. Paul,Tonya L. Millis,Libertarian,L,3,136,0.022059,TOTAL,yes
2022,Indiana,9,US House,Decatur,18031,Decatur,St. Paul,Erin Houchin,Republican,R,110,136,0.808824,TOTAL,yes
2022,Indiana,9,US House,Decatur,18031,Decatur,Washington,Matthew Fyfe,Democratic,D,131,719,0.182197,TOTAL,yes
2022,Indiana,9,US House,Decatur,18031,Decatur,Washington,Tonya L. Millis,Libertarian,L,23,719,0.031989,TOTAL,yes
2022,Indiana,9,US House,Decatur,18031,Decatur,Washington,Erin Houchin,Republican,R,565,719,0.785814,TOTAL,yes
2022,Indiana,9,US House,Decatur,18031,Decatur,Westport,Matthew Fyfe,Democratic,D,67,352,0.190341,TOTAL,yes
2022,Indiana,9,US House,Decatur,18031,Decatur,Westport,Tonya L. Millis,Libertarian,L,9,352,0.025568,TOTAL,yes
2022,Indiana,9,US House,Decatur,18031,Decatur,Westport,Erin Houchin,Republican,R,276,352,0.784091,TOTAL,yes
2022,Indiana,9,US House,Franklin,18047,Franklin,Batesville 1,Matthew Fyfe,Democratic,D,160,609,0.262726,TOTAL,yes
2022,Indiana,9,US House,Franklin,18047,Franklin,Batesville 1,Tonya L. Millis,Libertarian,L,5,609,0.00821,TOTAL,yes
2022,Indiana,9,US House,Franklin,18047,Franklin,Batesville 1,Erin Houchin,Republican,R,444,609,0.729064,TOTAL,yes
2022,Indiana,9,US House,Franklin,18047,Franklin,Bath 1,Matthew Fyfe,Democratic,D,17,131,0.129771,TOTAL,yes
2022,Indiana,9,US House,Franklin,18047,Franklin,Bath 1,Tonya L. Millis,Libertarian,L,6,131,0.045802,TOTAL,yes
2022,Indiana,9,US House,Franklin,18047,Franklin,Bath 1,Erin Houchin,Republican,R,108,131,0.824427,TOTAL,yes
2022,Indiana,9,US House,Franklin,18047,Franklin,Blooming Grv 1,Matthew Fyfe,Democratic,D,66,370,0.178378,TOTAL,yes
2022,Indiana,9,US House,Franklin,18047,Franklin,Blooming Grv 1,Tonya L. Millis,Libertarian,L,5,370,0.013514,TOTAL,yes
2022,Indiana,9,US House,Franklin,18047,Franklin,Blooming Grv 1,Erin Houchin,Republican,R,299,370,0.808108,TOTAL,yes
2022,Indiana,9,US House,Franklin,18047,Franklin,Brookville 1,Matthew Fyfe,Democratic,D,54,236,0.228814,TOTAL,yes
2022,Indiana,9,US House,Franklin,18047,Franklin,Brookville 1,Tonya L. Millis,Libertarian,L,9,236,0.038136,TOTAL,yes
2022,Indiana,9,US House,Franklin,18047,Franklin,Brookville 1,Erin Houchin,Republican,R,173,236,0.733051,TOTAL,yes
2022,Indiana,9,US House,Franklin,18047,Franklin,Brookville 2,Matthew Fyfe,Democratic,D,69,436,0.158257,TOTAL,yes
2022,Indiana,9,US House,Franklin,18047,Franklin,Brookville 2,Tonya L. Millis,Libertarian,L,3,436,0.006881,TOTAL,yes
2022,Indiana,9,US House,Franklin,18047,Franklin,Brookville 2,Erin Houchin,Republican,R,364,436,0.834862,TOTAL,yes
2022,Indiana,9,US House,Franklin,18047,Franklin,Brookville 3,Matthew Fyfe,Democratic,D,55,361,0.152355,TOTAL,yes
2022,Indiana,9,US House,Franklin,18047,Franklin,Brookville 3,Tonya L. Millis,Libertarian,L,7,361,0.019391,TOTAL,yes
2022,Indiana,9,US House,Franklin,18047,Franklin,Brookville 3,Erin Houchin,Republican,R,299,361,0.828255,TOTAL,yes
2022,Indiana,9,US House,Franklin,18047,Franklin,Brookville 4,Matthew Fyfe,Democratic,D,44,350,0.125714,TOTAL,yes
2022,Indiana,9,US House,Franklin,18047,Franklin,Brookville 4,Tonya L. Millis,Libertarian,L,11,350,0.031429,TOTAL,yes
2022,Indiana,9,US House,Franklin,18047,Franklin,Brookville 4,Erin Houchin,Republican,R,295,350,0.842857,TOTAL,yes
2022,Indiana,9,US House,Franklin,18047,Franklin,Brookville 5,Matthew Fyfe,Democratic,D,90,453,0.198675,TOTAL,yes
2022,Indiana,9,US House,Franklin,18047,Franklin,Brookville 5,Tonya L. Millis,Libertarian,L,10,453,0.022075,TOTAL,yes
2022,Indiana,9,US House,Franklin,18047,Franklin,Brookville 5,Erin Houchin,Republican,R,353,453,0.779249,TOTAL,yes
2022,Indiana,9,US House,Franklin,18047,Franklin,Butler 1,Matthew Fyfe,Democratic,D,64,411,0.155718,TOTAL,yes
2022,Indiana,9,US House,Franklin,18047,Franklin,Butler 1,Tonya L. Millis,Libertarian,L,8,411,0.019465,TOTAL,yes
2022,Indiana,9,US House,Franklin,18047,Franklin,Butler 1,Erin Houchin,Republican,R,339,411,0.824818,TOTAL,yes
2022,Indiana,9,US House,Franklin,18047,Franklin,Fairfield 1,Matthew Fyfe,Democratic,D,21,150,0.14,TOTAL,yes
2022,Indiana,9,US House,Franklin,18047,Franklin,Fairfield 1,Tonya L. Millis,Libertarian,L,3,150,0.02,TOTAL,yes
2022,Indiana,9,US House,Franklin,18047,Franklin,Fairfield 1,Erin Houchin,Republican,R,126,150,0.84,TOTAL,yes
2022,Indiana,9,US House,Franklin,18047,Franklin,Highland 1,Matthew Fyfe,Democratic,D,44,239,0.1841,TOTAL,yes
2022,Indiana,9,US House,Franklin,18047,Franklin,Highland 1,Tonya L. Millis,Libertarian,L,3,239,0.012552,TOTAL,yes
2022,Indiana,9,US House,Franklin,18047,Franklin,Highland 1,Erin Houchin,Republican,R,192,239,0.803347,TOTAL,yes
2022,Indiana,9,US House,Franklin,18047,Franklin,Highland 2,Matthew Fyfe,Democratic,D,31,266,0.116541,TOTAL,yes
2022,Indiana,9,US House,Franklin,18047,Franklin,Highland 2,Tonya L. Millis,Libertarian,L,5,266,0.018797,TOTAL,yes
2022,Indiana,9,US House,Franklin,18047,Franklin,Highland 2,Erin Houchin,Republican,R,230,266,0.864662,TOTAL,yes
2022,Indiana,9,US House,Franklin,18047,Franklin,Laurel 1,Matthew Fyfe,Democratic,D,35,357,0.098039,TOTAL,yes
2022,Indiana,9,US House,Franklin,18047,Franklin,Laurel 1,Tonya L. Millis,Libertarian,L,9,357,0.02521,TOTAL,yes
2022,Indiana,9,US House,Franklin,18047,Franklin,Laurel 1,Erin Houchin,Republican,R,313,357,0.876751,TOTAL,yes
2022,Indiana,9,US House,Franklin,18047,Franklin,Metamora 1,Matthew Fyfe,Democratic,D,31,263,0.117871,TOTAL,yes
2022,Indiana,9,US House,Franklin,18047,Franklin,Metamora 1,Tonya L. Millis,Libertarian,L,5,263,0.019011,TOTAL,yes
2022,Indiana,9,US House,Franklin,18047,Franklin,Metamora 1,Erin Houchin,Republican,R,227,263,0.863118,TOTAL,yes
2022,Indiana,9,US House,Franklin,18047,Franklin,Oldenburg 1,Matthew Fyfe,Democratic,D,116,242,0.479339,TOTAL,yes
2022,Indiana,9,US House,Franklin,18047,Franklin,Oldenburg 1,Tonya L. Millis,Libertarian,L,5,242,0.020661,TOTAL,yes
2022,Indiana,9,US House,Franklin,18047,Franklin,Oldenburg 1,Erin Houchin,Republican,R,121,242,0.5,TOTAL,yes
2022,Indiana,9,US House,Franklin,18047,Franklin,Posey 1,Matthew Fyfe,Democratic,D,27,218,0.123853,TOTAL,yes
2022,Indiana,9,US House,Franklin,18047,Franklin,Posey 1,Tonya L. Millis,Libertarian,L,8,218,0.036697,TOTAL,yes
2022,Indiana,9,US House,Franklin,18047,Franklin,Posey 1,Erin Houchin,Republican,R,183,218,0.83945,TOTAL,yes
2022,Indiana,9,US House,Franklin,18047,Franklin,Ray 1,Matthew Fyfe,Democratic,D,63,313,0.201278,TOTAL,yes
2022,Indiana,9,US House,Franklin,18047,Franklin,Ray 1,Tonya L. Millis,Libertarian,L,7,313,0.022364,TOTAL,yes
2022,Indiana,9,US House,Franklin,18047,Franklin,Ray 1,Erin Houchin,Republican,R,243,313,0.776358,TOTAL,yes
2022,Indiana,9,US House,Franklin,18047,Franklin,Ray 2,Matthew Fyfe,Democratic,D,51,316,0.161392,TOTAL,yes
2022,Indiana,9,US House,Franklin,18047,Franklin,Ray 2,Tonya L. Millis,Libertarian,L,9,316,0.028481,TOTAL,yes
2022,Indiana,9,US House,Franklin,18047,Franklin,Ray 2,Erin Houchin,Republican,R,256,316,0.810127,TOTAL,yes
2022,Indiana,9,US House,Franklin,18047,Franklin,Salt Creek 1,Matthew Fyfe,Democratic,D,24,143,0.167832,TOTAL,yes
2022,Indiana,9,US House,Franklin,18047,Franklin,Salt Creek 1,Tonya L. Millis,Libertarian,L,0,143,0.0,TOTAL,yes
2022,Indiana,9,US House,Franklin,18047,Franklin,Salt Creek 1,Erin Houchin,Republican,R,119,143,0.832168,TOTAL,yes
2022,Indiana,9,US House,Franklin,18047,Franklin,Salt Creek 2,Matthew Fyfe,Democratic,D,17,117,0.145299,TOTAL,yes
2022,Indiana,9,US House,Franklin,18047,Franklin,Salt Creek 2,Tonya L. Millis,Libertarian,L,3,117,0.025641,TOTAL,yes
2022,Indiana,9,US House,Franklin,18047,Franklin,Salt Creek 2,Erin Houchin,Republican,R,97,117,0.82906,TOTAL,yes
2022,Indiana,9,US House,Franklin,18047,Franklin,Springfield 1,Matthew Fyfe,Democratic,D,56,343,0.163265,TOTAL,yes
2022,Indiana,9,US House,Franklin,18047,Franklin,Springfield 1,Tonya L. Millis,Libertarian,L,6,343,0.017493,TOTAL,yes
2022,Indiana,9,US House,Franklin,18047,Franklin,Springfield 1,Erin Houchin,Republican,R,281,343,0.819242,TOTAL,yes
2022,Indiana,9,US House,Franklin,18047,Franklin,Whitewater 1,Matthew Fyfe,Democratic,D,66,572,0.115385,TOTAL,yes
2022,Indiana,9,US House,Franklin,18047,Franklin,Whitewater 1,Tonya L. Millis,Libertarian,L,9,572,0.015734,TOTAL,yes
2022,Indiana,9,US House,Franklin,18047,Franklin,Whitewater 1,Erin Houchin,Republican,R,497,572,0.868881,TOTAL,yes
2022,Indiana,9,US House,Franklin,18047,Franklin,Whitewater 2,Matthew Fyfe,Democratic,D,46,459,0.100218,TOTAL,yes
2022,Indiana,9,US House,Franklin,18047,Franklin,Whitewater 2,Tonya L. Millis,Libertarian,L,5,459,0.010893,TOTAL,yes
2022,Indiana,9,US House,Franklin,18047,Franklin,Whitewater 2,Erin Houchin,Republican,R,408,459,0.888889,TOTAL,yes
2022,Indiana,9,US House,Harrison,18061,Harrison,Blue River North,Matthew Fyfe,Democratic,D,77,324,0.237654,TOTAL,yes
2022,Indiana,9,US House,Harrison,18061,Harrison,Blue River North,Tonya L. Millis,Libertarian,L,6,324,0.018519,TOTAL,yes
2022,Indiana,9,US House,Harrison,18061,Harrison,Blue River North,Erin Houchin,Republican,R,241,324,0.743827,TOTAL,yes
2022,Indiana,9,US House,Harrison,18061,Harrison,Blue River South,Matthew Fyfe,Democratic,D,104,395,0.263291,TOTAL,yes
2022,Indiana,9,US House,Harrison,18061,Harrison,Blue River South,Tonya L. Millis,Libertarian,L,9,395,0.022785,TOTAL,yes
2022,Indiana,9,US House,Harrison,18061,Harrison,Blue River South,Erin Houchin,Republican,R,282,395,0.713924,TOTAL,yes
2022,Indiana,9,US House,Harrison,18061,Harrison,Boone East,Matthew Fyfe,Democratic,D,34,219,0.155251,TOTAL,yes
2022,Indiana,9,US House,Harrison,18061,Harrison,Boone East,Tonya L. Millis,Libertarian,L,9,219,0.041096,TOTAL,yes
2022,Indiana,9,US House,Harrison,18061,Harrison,Boone East,Erin Houchin,Republican,R,176,219,0.803653,TOTAL,yes
2022,Indiana,9,US House,Harrison,18061,Harrison,Boone West,Matthew Fyfe,Democratic,D,41,275,0.149091,TOTAL,yes
2022,Indiana,9,US House,Harrison,18061,Harrison,Boone West,Tonya L. Millis,Libertarian,L,7,275,0.025455,TOTAL,yes
2022,Indiana,9,US House,Harrison,18061,Harrison,Boone West,Erin Houchin,Republican,R,227,275,0.825455,TOTAL,yes
2022,Indiana,9,US House,Harrison,18061,Harrison,Corydon East,Matthew Fyfe,Democratic,D,92,291,0.316151,TOTAL,yes
2022,Indiana,9,US House,Harrison,18061,Harrison,Corydon East,Tonya L. Millis,Libertarian,L,9,291,0.030928,TOTAL,yes
2022,Indiana,9,US House,Harrison,18061,Harrison,Corydon East,Erin Houchin,Republican,R,190,291,0.652921,TOTAL,yes
2022,Indiana,9,US House,Harrison,18061,Harrison,Corydon South,Matthew Fyfe,Democratic,D,92,269,0.342007,TOTAL,yes
2022,Indiana,9,US House,Harrison,18061,Harrison,Corydon South,Tonya L. Millis,Libertarian,L,9,269,0.033457,TOTAL,yes
2022,Indiana,9,US House,Harrison,18061,Harrison,Corydon South,Erin Houchin,Republican,R,168,269,0.624535,TOTAL,yes
2022,Indiana,9,US House,Harrison,18061,Harrison,Corydon West,Matthew Fyfe,Democratic,D,96,295,0.325424,TOTAL,yes
2022,Indiana,9,US House,Harrison,18061,Harrison,Corydon West,Tonya L. Millis,Libertarian,L,3,295,0.010169,TOTAL,yes
2022,Indiana,9,US House,Harrison,18061,Harrison,Corydon West,Erin Houchin,Republican,R,196,295,0.664407,TOTAL,yes
2022,Indiana,9,US House,Harrison,18061,Harrison,Franklin Central,Matthew Fyfe,Democratic,D,71,319,0.222571,TOTAL,yes
2022,Indiana,9,US House,Harrison,18061,Harrison,Franklin Central,Tonya L. Millis,Libertarian,L,6,319,0.018809,TOTAL,yes
2022,Indiana,9,US House,Harrison,18061,Harrison,Franklin Central,Erin Houchin,Republican,R,242,319,0.758621,TOTAL,yes
2022,Indiana,9,US House,Harrison,18061,Harrison,Franklin Lanesville,Matthew Fyfe,Democratic,D,79,388,0.203608,TOTAL,yes
2022,Indiana,9,US House,Harrison,18061,Harrison,Franklin Lanesville,Tonya L. Millis,Libertarian,L,20,388,0.051546,TOTAL,yes
2022,Indiana,9,US House,Harrison,18061,Harrison,Franklin Lanesville,Erin Houchin,Republican,R,289,388,0.744845,TOTAL,yes
2022,Indiana,9,US House,Harrison,18061,Harrison,Franklin North,Matthew Fyfe,Democratic,D,77,334,0.230539,TOTAL,yes
2022,Indiana,9,US House,Harrison,18061,Harrison,Franklin North,Tonya L. Millis,Libertarian,L,3,334,0.008982,TOTAL,yes
2022,Indiana,9,US House,Harrison,18061,Harrison,Franklin North,Erin Houchin,Republican,R,254,334,0.760479,TOTAL,yes
2022,Indiana,9,US House,Harrison,18061,Harrison,Franklin South,Matthew Fyfe,Democratic,D,93,416,0.223558,TOTAL,yes
2022,Indiana,9,US House,Harrison,18061,Harrison,Franklin South,Tonya L. Millis,Libertarian,L,8,416,0.019231,TOTAL,yes
2022,Indiana,9,US House,Harrison,18061,Harrison,Franklin South,Erin Houchin,Republican,R,315,416,0.757212,TOTAL,yes
2022,Indiana,9,US House,Harrison,18061,Harrison,Franklin West,Matthew Fyfe,Democratic,D,102,404,0.252475,TOTAL,yes
2022,Indiana,9,US House,Harrison,18061,Harrison,Franklin West,Tonya L. Millis,Libertarian,L,10,404,0.024752,TOTAL,yes
2022,Indiana,9,US House,Harrison,18061,Harrison,Franklin West,Erin Houchin,Republican,R,292,404,0.722772,TOTAL,yes
2022,Indiana,9,US House,Harrison,18061,Harrison,Harrison Central,Matthew Fyfe,Democratic,D,68,217,0.313364,TOTAL,yes
2022,Indiana,9,US House,Harrison,18061,Harrison,Harrison Central,Tonya L. Millis,Libertarian,L,3,217,0.013825,TOTAL,yes
2022,Indiana,9,US House,Harrison,18061,Harrison,Harrison Central,Erin Houchin,Republican,R,146,217,0.672811,TOTAL,yes
2022,Indiana,9,US House,Harrison,18061,Harrison,Harrison East,Matthew Fyfe,Democratic,D,94,350,0.268571,TOTAL,yes
2022,Indiana,9,US House,Harrison,18061,Harrison,Harrison East,Tonya L. Millis,Libertarian,L,5,350,0.014286,TOTAL,yes
2022,Indiana,9,US House,Harrison,18061,Harrison,Harrison East,Erin Houchin,Republican,R,251,350,0.717143,TOTAL,yes
2022,Indiana,9,US House,Harrison,18061,Harrison,Harrison East Southeast,Matthew Fyfe,Democratic,D,106,363,0.292011,TOTAL,yes
2022,Indiana,9,US House,Harrison,18061,Harrison,Harrison East Southeast,Tonya L. Millis,Libertarian,L,11,363,0.030303,TOTAL,yes
2022,Indiana,9,US House,Harrison,18061,Harrison,Harrison East Southeast,Erin Houchin,Republican,R,246,363,0.677686,TOTAL,yes
2022,Indiana,9,US House,Harrison,18061,Harrison,Harrison North,Matthew Fyfe,Democratic,D,79,309,0.255663,TOTAL,yes
2022,Indiana,9,US House,Harrison,18061,Harrison,Harrison North,Tonya L. Millis,Libertarian,L,4,309,0.012945,TOTAL,yes
2022,Indiana,9,US House,Harrison,18061,Harrison,Harrison North,Erin Houchin,Republican,R,226,309,0.731392,TOTAL,yes
2022,Indiana,9,US House,Harrison,18061,Harrison,Harrison Northeast,Matthew Fyfe,Democratic,D,89,325,0.273846,TOTAL,yes
2022,Indiana,9,US House,Harrison,18061,Harrison,Harrison Northeast,Tonya L. Millis,Libertarian,L,7,325,0.021538,TOTAL,yes
2022,Indiana,9,US House,Harrison,18061,Harrison,Harrison Northeast,Erin Houchin,Republican,R,229,325,0.704615,TOTAL,yes
2022,Indiana,9,US House,Harrison,18061,Harrison,Harrison Northwest,Matthew Fyfe,Democratic,D,108,410,0.263415,TOTAL,yes
2022,Indiana,9,US House,Harrison,18061,Harrison,Harrison Northwest,Tonya L. Millis,Libertarian,L,5,410,0.012195,TOTAL,yes
2022,Indiana,9,US House,Harrison,18061,Harrison,Harrison Northwest,Erin Houchin,Republican,R,297,410,0.72439,TOTAL,yes
2022,Indiana,9,US House,Harrison,18061,Harrison,Harrison South,Matthew Fyfe,Democratic,D,78,303,0.257426,TOTAL,yes
2022,Indiana,9,US House,Harrison,18061,Harrison,Harrison South,Tonya L. Millis,Libertarian,L,5,303,0.016502,TOTAL,yes
2022,Indiana,9,US House,Harrison,18061,Harrison,Harrison South,Erin Houchin,Republican,R,220,303,0.726073,TOTAL,yes
2022,Indiana,9,US House,Harrison,18061,Harrison,Harrison Southeast,Matthew Fyfe,Democratic,D,64,290,0.22069,TOTAL,yes
2022,Indiana,9,US House,Harrison,18061,Harrison,Harrison Southeast,Tonya L. Millis,Libertarian,L,6,290,0.02069,TOTAL,yes
2022,Indiana,9,US House,Harrison,18061,Harrison,Harrison Southeast,Erin Houchin,Republican,R,220,290,0.758621,TOTAL,yes
2022,Indiana,9,US House,Harrison,18061,Harrison,Harrison Southwest,Matthew Fyfe,Democratic,D,77,345,0.223188,TOTAL,yes
2022,Indiana,9,US House,Harrison,18061,Harrison,Harrison Southwest,Tonya L. Millis,Libertarian,L,9,345,0.026087,TOTAL,yes
2022,Indiana,9,US House,Harrison,18061,Harrison,Harrison Southwest,Erin Houchin,Republican,R,259,345,0.750725,TOTAL,yes
2022,Indiana,9,US House,Harrison,18061,Harrison,Harrison West,Matthew Fyfe,Democratic,D,113,429,0.263403,TOTAL,yes
2022,Indiana,9,US House,Harrison,18061,Harrison,Harrison West,Tonya L. Millis,Libertarian,L,8,429,0.018648,TOTAL,yes
2022,Indiana,9,US House,Harrison,18061,Harrison,Harrison West,Erin Houchin,Republican,R,308,429,0.717949,TOTAL,yes
2022,Indiana,9,US House,Harrison,18061,Harrison,Heth East,Matthew Fyfe,Democratic,D,30,201,0.149254,TOTAL,yes
2022,Indiana,9,US House,Harrison,18061,Harrison,Heth East,Tonya L. Millis,Libertarian,L,6,201,0.029851,TOTAL,yes
2022,Indiana,9,US House,Harrison,18061,Harrison,Heth East,Erin Houchin,Republican,R,165,201,0.820896,TOTAL,yes
2022,Indiana,9,US House,Harrison,18061,Harrison,Heth West,Matthew Fyfe,Democratic,D,25,173,0.144509,TOTAL,yes
2022,Indiana,9,US House,Harrison,18061,Harrison,Heth West,Tonya L. Millis,Libertarian,L,3,173,0.017341,TOTAL,yes
2022,Indiana,9,US House,Harrison,18061,Harrison,Heth West,Erin Houchin,Republican,R,145,173,0.83815,TOTAL,yes
2022,Indiana,9,US House,Harrison,18061,Harrison,Jackson Crandall,Matthew Fyfe,Democratic,D,15,41,0.365854,TOTAL,yes
2022,Indiana,9,US House,Harrison,18061,Harrison,Jackson Crandall,Tonya L. Millis,Libertarian,L,1,41,0.02439,TOTAL,yes
2022,Indiana,9,US House,Harrison,18061,Harrison,Jackson Crandall,Erin Houchin,Republican,R,25,41,0.609756,TOTAL,yes
2022,Indiana,9,US House,Harrison,18061,Harrison,Jackson East,Matthew Fyfe,Democratic,D,67,328,0.204268,TOTAL,yes
2022,Indiana,9,US House,Harrison,18061,Harrison,Jackson East,Tonya L. Millis,Libertarian,L,9,328,0.027439,TOTAL,yes
2022,Indiana,9,US House,Harrison,18061,Harrison,Jackson East,Erin Houchin,Republican,R,252,328,0.768293,TOTAL,yes
2022,Indiana,9,US House,Harrison,18061,Harrison,Jackson North,Matthew Fyfe,Democratic,D,85,294,0.289116,TOTAL,yes
2022,Indiana,9,US House,Harrison,18061,Harrison,Jackson North,Tonya L. Millis,Libertarian,L,8,294,0.027211,TOTAL,yes
2022,Indiana,9,US House,Harrison,18061,Harrison,Jackson North,Erin Houchin,Republican,R,201,294,0.683673,TOTAL,yes
2022,Indiana,9,US House,Harrison,18061,Harrison,Jackson Northeast,Matthew Fyfe,Democratic,D,78,300,0.26,TOTAL,yes
2022,Indiana,9,US House,Harrison,18061,Harrison,Jackson Northeast,Tonya L. Millis,Libertarian,L,7,300,0.023333,TOTAL,yes
2022,Indiana,9,US House,Harrison,18061,Harrison,Jackson Northeast,Erin Houchin,Republican,R,215,300,0.716667,TOTAL,yes
2022,Indiana,9,US House,Harrison,18061,Harrison,Jackson Northwest,Matthew Fyfe,Democratic,D,77,339,0.227139,TOTAL,yes
2022,Indiana,9,US House,Harrison,18061,Harrison,Jackson Northwest,Tonya L. Millis,Libertarian,L,12,339,0.035398,TOTAL,yes
2022,Indiana,9,US House,Harrison,18061,Harrison,Jackson Northwest,Erin Houchin,Republican,R,250,339,0.737463,TOTAL,yes
2022,Indiana,9,US House,Harrison,18061,Harrison,Jackson Southeast,Matthew Fyfe,Democratic,D,87,347,0.25072,TOTAL,yes
2022,Indiana,9,US House,Harrison,18061,Harrison,Jackson Southeast,Tonya L. Millis,Libertarian,L,11,347,0.0317,TOTAL,yes
2022,Indiana,9,US House,Harrison,18061,Harrison,Jackson Southeast,Erin Houchin,Republican,R,249,347,0.717579,TOTAL,yes
2022,Indiana,9,US House,Harrison,18061,Harrison,Jackson Southwest,Matthew Fyfe,Democratic,D,104,415,0.250602,TOTAL,yes
2022,Indiana,9,US House,Harrison,18061,Harrison,Jackson Southwest,Tonya L. Millis,Libertarian,L,12,415,0.028916,TOTAL,yes
2022,Indiana,9,US House,Harrison,18061,Harrison,Jackson Southwest,Erin Houchin,Republican,R,299,415,0.720482,TOTAL,yes
2022,Indiana,9,US House,Harrison,18061,Harrison,Morgan Northeast,Matthew Fyfe,Democratic,D,96,345,0.278261,TOTAL,yes
2022,Indiana,9,US House,Harrison,18061,Harrison,Morgan Northeast,Tonya L. Millis,Libertarian,L,11,345,0.031884,TOTAL,yes
2022,Indiana,9,US House,Harrison,18061,Harrison,Morgan Northeast,Erin Houchin,Republican,R,238,345,0.689855,TOTAL,yes
2022,Indiana,9,US House,Harrison,18061,Harrison,Morgan Palmyra,Matthew Fyfe,Democratic,D,57,246,0.231707,TOTAL,yes
2022,Indiana,9,US House,Harrison,18061,Harrison,Morgan Palmyra,Tonya L. Millis,Libertarian,L,11,246,0.044715,TOTAL,yes
2022,Indiana,9,US House,Harrison,18061,Harrison,Morgan Palmyra,Erin Houchin,Republican,R,178,246,0.723577,TOTAL,yes
2022,Indiana,9,US House,Harrison,18061,Harrison,Morgan Southeast,Matthew Fyfe,Democratic,D,89,327,0.272171,TOTAL,yes
2022,Indiana,9,US House,Harrison,18061,Harrison,Morgan Southeast,Tonya L. Millis,Libertarian,L,10,327,0.030581,TOTAL,yes
2022,Indiana,9,US House,Harrison,18061,Harrison,Morgan Southeast,Erin Houchin,Republican,R,228,327,0.697248,TOTAL,yes
2022,Indiana,9,US House,Harrison,18061,Harrison,Morgan West,Matthew Fyfe,Democratic,D,81,384,0.210938,TOTAL,yes
2022,Indiana,9,US House,Harrison,18061,Harrison,Morgan West,Tonya L. Millis,Libertarian,L,13,384,0.033854,TOTAL,yes
2022,Indiana,9,US House,Harrison,18061,Harrison,Morgan West,Erin Houchin,Republican,R,290,384,0.755208,TOTAL,yes
2022,Indiana,9,US House,Harrison,18061,Harrison,Posey Elizabeth,Matthew Fyfe,Democratic,D,9,76,0.118421,TOTAL,yes
2022,Indiana,9,US House,Harrison,18061,Harrison,Posey Elizabeth,Tonya L. Millis,Libertarian,L,3,76,0.039474,TOTAL,yes
2022,Indiana,9,US House,Harrison,18061,Harrison,Posey Elizabeth,Erin Houchin,Republican,R,64,76,0.842105,TOTAL,yes
2022,Indiana,9,US House,Harrison,18061,Harrison,Posey Northeast,Matthew Fyfe,Democratic,D,57,358,0.159218,TOTAL,yes
2022,Indiana,9,US House,Harrison,18061,Harrison,Posey Northeast,Tonya L. Millis,Libertarian,L,14,358,0.039106,TOTAL,yes
2022,Indiana,9,US House,Harrison,18061,Harrison,Posey Northeast,Erin Houchin,Republican,R,287,358,0.801676,TOTAL,yes
2022,Indiana,9,US House,Harrison,18061,Harrison,Posey Southeast,Matthew Fyfe,Democratic,D,55,353,0.155807,TOTAL,yes
2022,Indiana,9,US House,Harrison,18061,Harrison,Posey Southeast,Tonya L. Millis,Libertarian,L,8,353,0.022663,TOTAL,yes
2022,Indiana,9,US House,Harrison,18061,Harrison,Posey Southeast,Erin Houchin,Republican,R,290,353,0.82153,TOTAL,yes
2022,Indiana,9,US House,Harrison,18061,Harrison,Posey West,Matthew Fyfe,Democratic,D,93,339,0.274336,TOTAL,yes
2022,Indiana,9,US House,Harrison,18061,Harrison,Posey West,Tonya L. Millis,Libertarian,L,10,339,0.029499,TOTAL,yes
2022,Indiana,9,US House,Harrison,18061,Harrison,Posey West,Erin Houchin,Republican,R,236,339,0.696165,TOTAL,yes
2022,Indiana,9,US House,Harrison,18061,Harrison,Spencer North,Matthew Fyfe,Democratic,D,90,389,0.231362,TOTAL,yes
2022,Indiana,9,US House,Harrison,18061,Harrison,Spencer North,Tonya L. Millis,Libertarian,L,3,389,0.007712,TOTAL,yes
2022,Indiana,9,US House,Harrison,18061,Harrison,Spencer North,Erin Houchin,Republican,R,296,389,0.760925,TOTAL,yes
2022,Indiana,9,US House,Harrison,18061,Harrison,Spencer South,Matthew Fyfe,Democratic,D,106,341,0.31085,TOTAL,yes
2022,Indiana,9,US House,Harrison,18061,Harrison,Spencer South,Tonya L. Millis,Libertarian,L,3,341,0.008798,TOTAL,yes
2022,Indiana,9,US House,Harrison,18061,Harrison,Spencer South,Erin Houchin,Republican,R,232,341,0.680352,TOTAL,yes
2022,Indiana,9,US House,Harrison,18061,Harrison,Taylor,Matthew Fyfe,Democratic,D,72,306,0.235294,TOTAL,yes
2022,Indiana,9,US House,Harrison,18061,Harrison,Taylor,Tonya L. Millis,Libertarian,L,7,306,0.022876,TOTAL,yes
2022,Indiana,9,US House,Harrison,18061,Harrison,Taylor,Erin Houchin,Republican,R,227,306,0.74183,TOTAL,yes
2022,Indiana,9,US House,Harrison,18061,Harrison,Washington,Matthew Fyfe,Democratic,D,31,163,0.190184,TOTAL,yes
2022,Indiana,9,US House,Harrison,18061,Harrison,Washington,Tonya L. Millis,Libertarian,L,6,163,0.03681,TOTAL,yes
2022,Indiana,9,US House,Harrison,18061,Harrison,Washington,Erin Houchin,Republican,R,126,163,0.773006,TOTAL,yes
2022,Indiana,9,US House,Harrison,18061,Harrison,Webster East,Matthew Fyfe,Democratic,D,60,321,0.186916,TOTAL,yes
2022,Indiana,9,US House,Harrison,18061,Harrison,Webster East,Tonya L. Millis,Libertarian,L,8,321,0.024922,TOTAL,yes
2022,Indiana,9,US House,Harrison,18061,Harrison,Webster East,Erin Houchin,Republican,R,253,321,0.788162,TOTAL,yes
2022,Indiana,9,US House,Harrison,18061,Harrison,Webster West,Matthew Fyfe,Democratic,D,62,282,0.219858,TOTAL,yes
2022,Indiana,9,US House,Harrison,18061,Harrison,Webster West,Tonya L. Millis,Libertarian,L,9,282,0.031915,TOTAL,yes
2022,Indiana,9,US House,Harrison,18061,Harrison,Webster West,Erin Houchin,Republican,R,211,282,0.748227,TOTAL,yes
2022,Indiana,9,US House,Jefferson,18077,Jefferson,1-1,Matthew Fyfe,Democratic,D,154,308,0.5,TOTAL,yes
2022,Indiana,9,US House,Jefferson,18077,Jefferson,1-1,Tonya L. Millis,Libertarian,L,4,308,0.012987,TOTAL,yes
2022,Indiana,9,US House,Jefferson,18077,Jefferson,1-1,Erin Houchin,Republican,R,150,308,0.487013,TOTAL,yes
2022,Indiana,9,US House,Jefferson,18077,Jefferson,1-2,Matthew Fyfe,Democratic,D,124,236,0.525424,TOTAL,yes
2022,Indiana,9,US House,Jefferson,18077,Jefferson,1-2,Tonya L. Millis,Libertarian,L,10,236,0.042373,TOTAL,yes
2022,Indiana,9,US House,Jefferson,18077,Jefferson,1-2,Erin Houchin,Republican,R,102,236,0.432203,TOTAL,yes
2022,Indiana,9,US House,Jefferson,18077,Jefferson,2-1,Matthew Fyfe,Democratic,D,193,392,0.492347,TOTAL,yes
2022,Indiana,9,US House,Jefferson,18077,Jefferson,2-1,Tonya L. Millis,Libertarian,L,7,392,0.017857,TOTAL,yes
2022,Indiana,9,US House,Jefferson,18077,Jefferson,2-1,Erin Houchin,Republican,R,192,392,0.489796,TOTAL,yes
2022,Indiana,9,US House,Jefferson,18077,Jefferson,2-2,Matthew Fyfe,Democratic,D,169,498,0.339357,TOTAL,yes
2022,Indiana,9,US House,Jefferson,18077,Jefferson,2-2,Tonya L. Millis,Libertarian,L,13,498,0.026104,TOTAL,yes
2022,Indiana,9,US House,Jefferson,18077,Jefferson,2-2,Erin Houchin,Republican,R,316,498,0.634538,TOTAL,yes
2022,Indiana,9,US House,Jefferson,18077,Jefferson,4-1,Matthew Fyfe,Democratic,D,159,458,0.347162,TOTAL,yes
2022,Indiana,9,US House,Jefferson,18077,Jefferson,4-1,Tonya L. Millis,Libertarian,L,7,458,0.015284,TOTAL,yes
2022,Indiana,9,US House,Jefferson,18077,Jefferson,4-1,Erin Houchin,Republican,R,292,458,0.637555,TOTAL,yes
2022,Indiana,9,US House,Jefferson,18077,Jefferson,4-1a,Matthew Fyfe,Democratic,D,104,324,0.320988,TOTAL,yes
2022,Indiana,9,US House,Jefferson,18077,Jefferson,4-1a,Tonya L. Millis,Libertarian,L,6,324,0.018519,TOTAL,yes
2022,Indiana,9,US House,Jefferson,18077,Jefferson,4-1a,Erin Houchin,Republican,R,214,324,0.660494,TOTAL,yes
2022,Indiana,9,US House,Jefferson,18077,Jefferson,4-2,Matthew Fyfe,Democratic,D,51,147,0.346939,TOTAL,yes
2022,Indiana,9,US House,Jefferson,18077,Jefferson,4-2,Tonya L. Millis,Libertarian,L,1,147,0.006803,TOTAL,yes
2022,Indiana,9,US House,Jefferson,18077,Jefferson,4-2,Erin Houchin,Republican,R,95,147,0.646259,TOTAL,yes
2022,Indiana,9,US House,Jefferson,18077,Jefferson,4-3,Matthew Fyfe,Democratic,D,114,354,0.322034,TOTAL,yes
2022,Indiana,9,US House,Jefferson,18077,Jefferson,4-3,Tonya L. Millis,Libertarian,L,6,354,0.016949,TOTAL,yes
2022,Indiana,9,US House,Jefferson,18077,Jefferson,4-3,Erin Houchin,Republican,R,234,354,0.661017,TOTAL,yes
2022,Indiana,9,US House,Jefferson,18077,Jefferson,5-1,Matthew Fyfe,Democratic,D,146,383,0.381201,TOTAL,yes
2022,Indiana,9,US House,Jefferson,18077,Jefferson,5-1,Tonya L. Millis,Libertarian,L,3,383,0.007833,TOTAL,yes
2022,Indiana,9,US House,Jefferson,18077,Jefferson,5-1,Erin Houchin,Republican,R,234,383,0.610966,TOTAL,yes
2022,Indiana,9,US House,Jefferson,18077,Jefferson,5-2,Matthew Fyfe,Democratic,D,146,394,0.370558,TOTAL,yes
2022,Indiana,9,US House,Jefferson,18077,Jefferson,5-2,Tonya L. Millis,Libertarian,L,14,394,0.035533,TOTAL,yes
2022,Indiana,9,US House,Jefferson,18077,Jefferson,5-2,Erin Houchin,Republican,R,234,394,0.593909,TOTAL,yes
2022,Indiana,9,US House,Jefferson,18077,Jefferson,Graham,Matthew Fyfe,Democratic,D,114,457,0.249453,TOTAL,yes
2022,Indiana,9,US House,Jefferson,18077,Jefferson,Graham,Tonya L. Millis,Libertarian,L,6,457,0.013129,TOTAL,yes
2022,Indiana,9,US House,Jefferson,18077,Jefferson,Graham,Erin Houchin,Republican,R,337,457,0.737418,TOTAL,yes
2022,Indiana,9,US House,Jefferson,18077,Jefferson,Hanover 1,Matthew Fyfe,Democratic,D,144,308,0.467532,TOTAL,yes
2022,Indiana,9,US House,Jefferson,18077,Jefferson,Hanover 1,Tonya L. Millis,Libertarian,L,10,308,0.032468,TOTAL,yes
2022,Indiana,9,US House,Jefferson,18077,Jefferson,Hanover 1,Erin Houchin,Republican,R,154,308,0.5,TOTAL,yes
2022,Indiana,9,US House,Jefferson,18077,Jefferson,Hanover 2,Matthew Fyfe,Democratic,D,108,382,0.282723,TOTAL,yes
2022,Indiana,9,US House,Jefferson,18077,Jefferson,Hanover 2,Tonya L. Millis,Libertarian,L,8,382,0.020942,TOTAL,yes
2022,Indiana,9,US House,Jefferson,18077,Jefferson,Hanover 2,Erin Houchin,Republican,R,266,382,0.696335,TOTAL,yes
2022,Indiana,9,US House,Jefferson,18077,Jefferson,Hanover 2a,Matthew Fyfe,Democratic,D,85,282,0.301418,TOTAL,yes
2022,Indiana,9,US House,Jefferson,18077,Jefferson,Hanover 2a,Tonya L. Millis,Libertarian,L,6,282,0.021277,TOTAL,yes
2022,Indiana,9,US House,Jefferson,18077,Jefferson,Hanover 2a,Erin Houchin,Republican,R,191,282,0.677305,TOTAL,yes
2022,Indiana,9,US House,Jefferson,18077,Jefferson,Hanover 3,Matthew Fyfe,Democratic,D,135,316,0.427215,TOTAL,yes
2022,Indiana,9,US House,Jefferson,18077,Jefferson,Hanover 3,Tonya L. Millis,Libertarian,L,16,316,0.050633,TOTAL,yes
2022,Indiana,9,US House,Jefferson,18077,Jefferson,Hanover 3,Erin Houchin,Republican,R,165,316,0.522152,TOTAL,yes
2022,Indiana,9,US House,Jefferson,18077,Jefferson,Lancaster,Matthew Fyfe,Democratic,D,106,466,0.227468,TOTAL,yes
2022,Indiana,9,US House,Jefferson,18077,Jefferson,Lancaster,Tonya L. Millis,Libertarian,L,10,466,0.021459,TOTAL,yes
2022,Indiana,9,US House,Jefferson,18077,Jefferson,Lancaster,Erin Houchin,Republican,R,350,466,0.751073,TOTAL,yes
2022,Indiana,9,US House,Jefferson,18077,Jefferson,Madison 1,Matthew Fyfe,Democratic,D,130,552,0.235507,TOTAL,yes
2022,Indiana,9,US House,Jefferson,18077,Jefferson,Madison 1,Tonya L. Millis,Libertarian,L,8,552,0.014493,TOTAL,yes
2022,Indiana,9,US House,Jefferson,18077,Jefferson,Madison 1,Erin Houchin,Republican,R,414,552,0.75,TOTAL,yes
2022,Indiana,9,US House,Jefferson,18077,Jefferson,Madison 2,Matthew Fyfe,Democratic,D,188,665,0.282707,TOTAL,yes
2022,Indiana,9,US House,Jefferson,18077,Jefferson,Madison 2,Tonya L. Millis,Libertarian,L,14,665,0.021053,TOTAL,yes
2022,Indiana,9,US House,Jefferson,18077,Jefferson,Madison 2,Erin Houchin,Republican,R,463,665,0.696241,TOTAL,yes
2022,Indiana,9,US House,Jefferson,18077,Jefferson,Madison 3,Matthew Fyfe,Democratic,D,112,412,0.271845,TOTAL,yes
2022,Indiana,9,US House,Jefferson,18077,Jefferson,Madison 3,Tonya L. Millis,Libertarian,L,23,412,0.055825,TOTAL,yes
2022,Indiana,9,US House,Jefferson,18077,Jefferson,Madison 3,Erin Houchin,Republican,R,277,412,0.67233,TOTAL,yes
2022,Indiana,9,US House,Jefferson,18077,Jefferson,Milton Twp,Matthew Fyfe,Democratic,D,98,315,0.311111,TOTAL,yes
2022,Indiana,9,US House,Jefferson,18077,Jefferson,Milton Twp,Tonya L. Millis,Libertarian,L,11,315,0.034921,TOTAL,yes
2022,Indiana,9,US House,Jefferson,18077,Jefferson,Milton Twp,Erin Houchin,Republican,R,206,315,0.653968,TOTAL,yes
2022,Indiana,9,US House,Jefferson,18077,Jefferson,Monroe Twp,Matthew Fyfe,Democratic,D,29,118,0.245763,TOTAL,yes
2022,Indiana,9,US House,Jefferson,18077,Jefferson,Monroe Twp,Tonya L. Millis,Libertarian,L,4,118,0.033898,TOTAL,yes
2022,Indiana,9,US House,Jefferson,18077,Jefferson,Monroe Twp,Erin Houchin,Republican,R,85,118,0.720339,TOTAL,yes
2022,Indiana,9,US House,Jefferson,18077,Jefferson,Republican Twp,Matthew Fyfe,Democratic,D,144,522,0.275862,TOTAL,yes
2022,Indiana,9,US House,Jefferson,18077,Jefferson,Republican Twp,Tonya L. Millis,Libertarian,L,12,522,0.022989,TOTAL,yes
2022,Indiana,9,US House,Jefferson,18077,Jefferson,Republican Twp,Erin Houchin,Republican,R,366,522,0.701149,TOTAL,yes
2022,Indiana,9,US House,Jefferson,18077,Jefferson,Saluda Twp,Matthew Fyfe,Democratic,D,91,384,0.236979,TOTAL,yes
2022,Indiana,9,US House,Jefferson,18077,Jefferson,Saluda Twp,Tonya L. Millis,Libertarian,L,9,384,0.023438,TOTAL,yes
2022,Indiana,9,US House,Jefferson,18077,Jefferson,Saluda Twp,Erin Houchin,Republican,R,284,384,0.739583,TOTAL,yes
2022,Indiana,9,US House,Jefferson,18077,Jefferson,Shelby Twp,Matthew Fyfe,Democratic,D,72,380,0.189474,TOTAL,yes
2022,Indiana,9,US House,Jefferson,18077,Jefferson,Shelby Twp,Tonya L. Millis,Libertarian,L,7,380,0.018421,TOTAL,yes
2022,Indiana,9,US House,Jefferson,18077,Jefferson,Shelby Twp,Erin Houchin,Republican,R,301,380,0.792105,TOTAL,yes
2022,Indiana,9,US House,Jefferson,18077,Jefferson,Smyrna,Matthew Fyfe,Democratic,D,97,393,0.246819,TOTAL,yes
2022,Indiana,9,US House,Jefferson,18077,Jefferson,Smyrna,Tonya L. Millis,Libertarian,L,8,393,0.020356,TOTAL,yes
2022,Indiana,9,US House,Jefferson,18077,Jefferson,Smyrna,Erin Houchin,Republican,R,288,393,0.732824,TOTAL,yes
2022,Indiana,9,US House,Jefferson,18077,Jefferson,Ward 3,Matthew Fyfe,Democratic,D,139,321,0.433022,TOTAL,yes
2022,Indiana,9,US House,Jefferson,18077,Jefferson,Ward 3,Tonya L. Millis,Libertarian,L,4,321,0.012461,TOTAL,yes
2022,Indiana,9,US House,Jefferson,18077,Jefferson,Ward 3,Erin Houchin,Republican,R,178,321,0.554517,TOTAL,yes
2022,Indiana,9,US House,Jennings,18079,Jennings,Bigger,Matthew Fyfe,Democratic,D,32,234,0.136752,TOTAL,yes
2022,Indiana,9,US House,Jennings,18079,Jennings,Bigger,Tonya L. Millis,Libertarian,L,13,234,0.055556,TOTAL,yes
2022,Indiana,9,US House,Jennings,18079,Jennings,Bigger,Erin Houchin,Republican,R,189,234,0.807692,TOTAL,yes
2022,Indiana,9,US House,Jennings,18079,Jennings,Campbell,Matthew Fyfe,Democratic,D,77,314,0.245223,TOTAL,yes
2022,Indiana,9,US House,Jennings,18079,Jennings,Campbell,Tonya L. Millis,Libertarian,L,17,314,0.05414,TOTAL,yes
2022,Indiana,9,US House,Jennings,18079,Jennings,Campbell,Erin Houchin,Republican,R,220,314,0.700637,TOTAL,yes
2022,Indiana,9,US House,Jennings,18079,Jennings,Center East,Matthew Fyfe,Democratic,D,62,316,0.196203,TOTAL,yes
2022,Indiana,9,US House,Jennings,18079,Jennings,Center East,Tonya L. Millis,Libertarian,L,14,316,0.044304,TOTAL,yes
2022,Indiana,9,US House,Jennings,18079,Jennings,Center East,Erin Houchin,Republican,R,240,316,0.759494,TOTAL,yes
2022,Indiana,9,US House,Jennings,18079,Jennings,Center West,Matthew Fyfe,Democratic,D,83,354,0.234463,TOTAL,yes
2022,Indiana,9,US House,Jennings,18079,Jennings,Center West,Tonya L. Millis,Libertarian,L,18,354,0.050847,TOTAL,yes
2022,Indiana,9,US House,Jennings,18079,Jennings,Center West,Erin Houchin,Republican,R,253,354,0.714689,TOTAL,yes
2022,Indiana,9,US House,Jennings,18079,Jennings,Columbia,Matthew Fyfe,Democratic,D,60,272,0.220588,TOTAL,yes
2022,Indiana,9,US House,Jennings,18079,Jennings,Columbia,Tonya L. Millis,Libertarian,L,13,272,0.047794,TOTAL,yes
2022,Indiana,9,US House,Jennings,18079,Jennings,Columbia,Erin Houchin,Republican,R,199,272,0.731618,TOTAL,yes
2022,Indiana,9,US House,Jennings,18079,Jennings,Geneva 01 East,Matthew Fyfe,Democratic,D,82,469,0.17484,TOTAL,yes
2022,Indiana,9,US House,Jennings,18079,Jennings,Geneva 01 East,Tonya L. Millis,Libertarian,L,12,469,0.025586,TOTAL,yes
2022,Indiana,9,US House,Jennings,18079,Jennings,Geneva 01 East,Erin Houchin,Republican,R,375,469,0.799574,TOTAL,yes
2022,Indiana,9,US House,Jennings,18079,Jennings,Geneva 01 West,Matthew Fyfe,Democratic,D,90,393,0.229008,TOTAL,yes
2022,Indiana,9,US House,Jennings,18079,Jennings,Geneva 01 West,Tonya L. Millis,Libertarian,L,26,393,0.066158,TOTAL,yes
2022,Indiana,9,US House,Jennings,18079,Jennings,Geneva 01 West,Erin Houchin,Republican,R,277,393,0.704835,TOTAL,yes
2022,Indiana,9,US House,Jennings,18079,Jennings,Geneva 02,Matthew Fyfe,Democratic,D,60,507,0.118343,TOTAL,yes
2022,Indiana,9,US House,Jennings,18079,Jennings,Geneva 02,Tonya L. Millis,Libertarian,L,26,507,0.051282,TOTAL,yes
2022,Indiana,9,US House,Jennings,18079,Jennings,Geneva 02,Erin Houchin,Republican,R,421,507,0.830375,TOTAL,yes
2022,Indiana,9,US House,Jennings,18079,Jennings,Geneva 03,Matthew Fyfe,Democratic,D,55,325,0.169231,TOTAL,yes
2022,Indiana,9,US House,Jennings,18079,Jennings,Geneva 03,Tonya L. Millis,Libertarian,L,15,325,0.046154,TOTAL,yes
2022,Indiana,9,US House,Jennings,18079,Jennings,Geneva 03,Erin Houchin,Republican,R,255,325,0.784615,TOTAL,yes
2022,Indiana,9,US House,Jennings,18079,Jennings,Lovett,Matthew Fyfe,Democratic,D,86,378,0.227513,TOTAL,yes
2022,Indiana,9,US House,Jennings,18079,Jennings,Lovett,Tonya L. Millis,Libertarian,L,18,378,0.047619,TOTAL,yes
2022,Indiana,9,US House,Jennings,18079,Jennings,Lovett,Erin Houchin,Republican,R,274,378,0.724868,TOTAL,yes
2022,Indiana,9,US House,Jennings,18079,Jennings,Marion,Matthew Fyfe,Democratic,D,53,338,0.156805,TOTAL,yes
2022,Indiana,9,US House,Jennings,18079,Jennings,Marion,Tonya L. Millis,Libertarian,L,7,338,0.02071,TOTAL,yes
2022,Indiana,9,US House,Jennings,18079,Jennings,Marion,Erin Houchin,Republican,R,278,338,0.822485,TOTAL,yes
2022,Indiana,9,US House,Jennings,18079,Jennings,Montgomery,Matthew Fyfe,Democratic,D,44,295,0.149153,TOTAL,yes
2022,Indiana,9,US House,Jennings,18079,Jennings,Montgomery,Tonya L. Millis,Libertarian,L,7,295,0.023729,TOTAL,yes
2022,Indiana,9,US House,Jennings,18079,Jennings,Montgomery,Erin Houchin,Republican,R,244,295,0.827119,TOTAL,yes
2022,Indiana,9,US House,Jennings,18079,Jennings,North Vernon 01a,Matthew Fyfe,Democratic,D,58,227,0.255507,TOTAL,yes
2022,Indiana,9,US House,Jennings,18079,Jennings,North Vernon 01a,Tonya L. Millis,Libertarian,L,9,227,0.039648,TOTAL,yes
2022,Indiana,9,US House,Jennings,18079,Jennings,North Vernon 01a,Erin Houchin,Republican,R,160,227,0.704846,TOTAL,yes
2022,Indiana,9,US House,Jennings,18079,Jennings,North Vernon 01b,Matthew Fyfe,Democratic,D,65,234,0.277778,TOTAL,yes
2022,Indiana,9,US House,Jennings,18079,Jennings,North Vernon 01b,Tonya L. Millis,Libertarian,L,13,234,0.055556,TOTAL,yes
2022,Indiana,9,US House,Jennings,18079,Jennings,North Vernon 01b,Erin Houchin,Republican,R,156,234,0.666667,TOTAL,yes
2022,Indiana,9,US House,Jennings,18079,Jennings,North Vernon 02a,Matthew Fyfe,Democratic,D,44,158,0.278481,TOTAL,yes
2022,Indiana,9,US House,Jennings,18079,Jennings,North Vernon 02a,Tonya L. Millis,Libertarian,L,7,158,0.044304,TOTAL,yes
2022,Indiana,9,US House,Jennings,18079,Jennings,North Vernon 02a,Erin Houchin,Republican,R,107,158,0.677215,TOTAL,yes
2022,Indiana,9,US House,Jennings,18079,Jennings,North Vernon 02b,Matthew Fyfe,Democratic,D,73,326,0.223926,TOTAL,yes
2022,Indiana,9,US House,Jennings,18079,Jennings,North Vernon 02b,Tonya L. Millis,Libertarian,L,14,326,0.042945,TOTAL,yes
2022,Indiana,9,US House,Jennings,18079,Jennings,North Vernon 02b,Erin Houchin,Republican,R,239,326,0.733129,TOTAL,yes
2022,Indiana,9,US House,Jennings,18079,Jennings,North Vernon 03a,Matthew Fyfe,Democratic,D,35,176,0.198864,TOTAL,yes
2022,Indiana,9,US House,Jennings,18079,Jennings,North Vernon 03a,Tonya L. Millis,Libertarian,L,10,176,0.056818,TOTAL,yes
2022,Indiana,9,US House,Jennings,18079,Jennings,North Vernon 03a,Erin Houchin,Republican,R,131,176,0.744318,TOTAL,yes
2022,Indiana,9,US House,Jennings,18079,Jennings,North Vernon 03b,Matthew Fyfe,Democratic,D,49,166,0.295181,TOTAL,yes
2022,Indiana,9,US House,Jennings,18079,Jennings,North Vernon 03b,Tonya L. Millis,Libertarian,L,8,166,0.048193,TOTAL,yes
2022,Indiana,9,US House,Jennings,18079,Jennings,North Vernon 03b,Erin Houchin,Republican,R,109,166,0.656627,TOTAL,yes
2022,Indiana,9,US House,Jennings,18079,Jennings,North Vernon 04a,Matthew Fyfe,Democratic,D,73,283,0.257951,TOTAL,yes
2022,Indiana,9,US House,Jennings,18079,Jennings,North Vernon 04a,Tonya L. Millis,Libertarian,L,10,283,0.035336,TOTAL,yes
2022,Indiana,9,US House,Jennings,18079,Jennings,North Vernon 04a,Erin Houchin,Republican,R,200,283,0.706714,TOTAL,yes
2022,Indiana,9,US House,Jennings,18079,Jennings,North Vernon 04b,Matthew Fyfe,Democratic,D,27,113,0.238938,TOTAL,yes
2022,Indiana,9,US House,Jennings,18079,Jennings,North Vernon 04b,Tonya L. Millis,Libertarian,L,2,113,0.017699,TOTAL,yes
2022,Indiana,9,US House,Jennings,18079,Jennings,North Vernon 04b,Erin Houchin,Republican,R,84,113,0.743363,TOTAL,yes
2022,Indiana,9,US House,Jennings,18079,Jennings,Sandcreek,Matthew Fyfe,Democratic,D,69,328,0.210366,TOTAL,yes
2022,Indiana,9,US House,Jennings,18079,Jennings,Sandcreek,Tonya L. Millis,Libertarian,L,19,328,0.057927,TOTAL,yes
2022,Indiana,9,US House,Jennings,18079,Jennings,Sandcreek,Erin Houchin,Republican,R,240,328,0.731707,TOTAL,yes
2022,Indiana,9,US House,Jennings,18079,Jennings,Spencer North,Matthew Fyfe,Democratic,D,83,401,0.206983,TOTAL,yes
2022,Indiana,9,US House,Jennings,18079,Jennings,Spencer North,Tonya L. Millis,Libertarian,L,16,401,0.0399,TOTAL,yes
2022,Indiana,9,US House,Jennings,18079,Jennings,Spencer North,Erin Houchin,Republican,R,302,401,0.753117,TOTAL,yes
2022,Indiana,9,US House,Jennings,18079,Jennings,Spencer South,Matthew Fyfe,Democratic,D,87,369,0.235772,TOTAL,yes
2022,Indiana,9,US House,Jennings,18079,Jennings,Spencer South,Tonya L. Millis,Libertarian,L,13,369,0.03523,TOTAL,yes
2022,Indiana,9,US House,Jennings,18079,Jennings,Spencer South,Erin Houchin,Republican,R,269,369,0.728997,TOTAL,yes
2022,Indiana,9,US House,Jennings,18079,Jennings,Vernon East,Matthew Fyfe,Democratic,D,84,512,0.164062,TOTAL,yes
2022,Indiana,9,US House,Jennings,18079,Jennings,Vernon East,Tonya L. Millis,Libertarian,L,19,512,0.037109,TOTAL,yes
2022,Indiana,9,US House,Jennings,18079,Jennings,Vernon East,Erin Houchin,Republican,R,409,512,0.798828,TOTAL,yes
2022,Indiana,9,US House,Jennings,18079,Jennings,Vernon West,Matthew Fyfe,Democratic,D,82,425,0.192941,TOTAL,yes
2022,Indiana,9,US House,Jennings,18079,Jennings,Vernon West,Tonya L. Millis,Libertarian,L,23,425,0.054118,TOTAL,yes
2022,Indiana,9,US House,Jennings,18079,Jennings,Vernon West,Erin Houchin,Republican,R,320,425,0.752941,TOTAL,yes
2022,Indiana,9,US House,Scott,18143,Scott,Finley 1,Matthew Fyfe,Democratic,D,0,0,,TOTAL,yes
2022,Indiana,9,US House,Scott,18143,Scott,Finley 1,Tonya L. Millis,Libertarian,L,0,0,,TOTAL,yes
2022,Indiana,9,US House,Scott,18143,Scott,Finley 1,Erin Houchin,Republican,R,0,0,,TOTAL,yes
2022,Indiana,9,US House,Scott,18143,Scott,Jennings 1,Matthew Fyfe,Democratic,D,0,0,,TOTAL,yes
2022,Indiana,9,US House,Scott,18143,Scott,Jennings 1,Tonya L. Millis,Libertarian,L,0,0,,TOTAL,yes
2022,Indiana,9,US House,Scott,18143,Scott,Jennings 1,Erin Houchin,Republican,R,0,0,,TOTAL,yes
2022,Indiana,9,US House,Scott,18143,Scott,Jennings 2,Matthew Fyfe,Democratic,D,0,0,,TOTAL,yes
2022,Indiana,9,US House,Scott,18143,Scott,Jennings 2,Tonya L. Millis,Libertarian,L,0,0,,TOTAL,yes
2022,Indiana,9,US House,Scott,18143,Scott,Jennings 2,Erin Houchin,Republican,R,0,0,,TOTAL,yes
2022,Indiana,9,US House,Scott,18143,Scott,Jennings 3,Matthew Fyfe,Democratic,D,0,0,,TOTAL,yes
2022,Indiana,9,US House,Scott,18143,Scott,Jennings 3,Tonya L. Millis,Libertarian,L,0,0,,TOTAL,yes
2022,Indiana,9,US House,Scott,18143,Scott,Jennings 3,Erin Houchin,Republican,R,0,0,,TOTAL,yes
2022,Indiana,9,US House,Scott,18143,Scott,Jennings 4,Matthew Fyfe,Democratic,D,0,0,,TOTAL,yes
2022,Indiana,9,US House,Scott,18143,Scott,Jennings 4,Tonya L. Millis,Libertarian,L,0,0,,TOTAL,yes
2022,Indiana,9,US House,Scott,18143,Scott,Jennings 4,Erin Houchin,Republican,R,0,0,,TOTAL,yes
2022,Indiana,9,US House,Scott,18143,Scott,Jennings 5,Matthew Fyfe,Democratic,D,0,0,,TOTAL,yes
2022,Indiana,9,US House,Scott,18143,Scott,Jennings 5,Tonya L. Millis,Libertarian,L,0,0,,TOTAL,yes
2022,Indiana,9,US House,Scott,18143,Scott,Jennings 5,Erin Houchin,Republican,R,0,0,,TOTAL,yes
2022,Indiana,9,US House,Scott,18143,Scott,Johnson 1,Matthew Fyfe,Democratic,D,0,0,,TOTAL,yes
2022,Indiana,9,US House,Scott,18143,Scott,Johnson 1,Tonya L. Millis,Libertarian,L,0,0,,TOTAL,yes
2022,Indiana,9,US House,Scott,18143,Scott,Johnson 1,Erin Houchin,Republican,R,0,0,,TOTAL,yes
2022,Indiana,9,US House,Scott,18143,Scott,Lexington 1,Matthew Fyfe,Democratic,D,0,0,,TOTAL,yes
2022,Indiana,9,US House,Scott,18143,Scott,Lexington 1,Tonya L. Millis,Libertarian,L,0,0,,TOTAL,yes
2022,Indiana,9,US House,Scott,18143,Scott,Lexington 1,Erin Houchin,Republican,R,0,0,,TOTAL,yes
2022,Indiana,9,US House,Scott,18143,Scott,Lexington 2,Matthew Fyfe,Democratic,D,0,0,,TOTAL,yes
2022,Indiana,9,US House,Scott,18143,Scott,Lexington 2,Tonya L. Millis,Libertarian,L,0,0,,TOTAL,yes
2022,Indiana,9,US House,Scott,18143,Scott,Lexington 2,Erin Houchin,Republican,R,0,0,,TOTAL,yes
2022,Indiana,9,US House,Scott,18143,Scott,Lexington 3,Matthew Fyfe,Democratic,D,0,0,,TOTAL,yes
2022,Indiana,9,US House,Scott,18143,Scott,Lexington 3,Tonya L. Millis,Libertarian,L,0,0,,TOTAL,yes
2022,Indiana,9,US House,Scott,18143,Scott,Lexington 3,Erin Houchin,Republican,R,0,0,,TOTAL,yes
2022,Indiana,9,US House,Scott,18143,Scott,Vienna 1,Matthew Fyfe,Democratic,D,0,0,,TOTAL,yes
2022,Indiana,9,US House,Scott,18143,Scott,Vienna 1,Tonya L. Millis,Libertarian,L,0,0,,TOTAL,yes
2022,Indiana,9,US House,Scott,18143,Scott,Vienna 1,Erin Houchin,Republican,R,0,0,,TOTAL,yes
2022,Indiana,9,US House,Scott,18143,Scott,Vienna 2,Matthew Fyfe,Democratic,D,0,0,,TOTAL,yes
2022,Indiana,9,US House,Scott,18143,Scott,Vienna 2,Tonya L. Millis,Libertarian,L,0,0,,TOTAL,yes
2022,Indiana,9,US House,Scott,18143,Scott,Vienna 2,Erin Houchin,Republican,R,0,0,,TOTAL,yes
2022,Indiana,9,US House,Scott,18143,Scott,Vienna 3,Matthew Fyfe,Democratic,D,0,0,,TOTAL,yes
2022,Indiana,9,US House,Scott,18143,Scott,Vienna 3,Tonya L. Millis,Libertarian,L,0,0,,TOTAL,yes
2022,Indiana,9,US House,Scott,18143,Scott,Vienna 3,Erin Houchin,Republican,R,0,0,,TOTAL,yes
2022,Indiana,9,US House,Scott,18143,Scott,Vienna 4,Matthew Fyfe,Democratic,D,0,0,,TOTAL,yes
2022,Indiana,9,US House,Scott,18143,Scott,Vienna 4,Tonya L. Millis,Libertarian,L,0,0,,TOTAL,yes
2022,Indiana,9,US House,Scott,18143,Scott,Vienna 4,Erin Houchin,Republican,R,0,0,,TOTAL,yes
2022,Indiana,9,US House,Scott,18143,Scott,Vienna 5,Matthew Fyfe,Democratic,D,0,0,,TOTAL,yes
2022,Indiana,9,US House,Scott,18143,Scott,Vienna 5,Tonya L. Millis,Libertarian,L,0,0,,TOTAL,yes
2022,Indiana,9,US House,Scott,18143,Scott,Vienna 5,Erin Houchin,Republican,R,0,0,,TOTAL,yes
2022,Indiana,9,US House,Scott,18143,Scott,Vienna 6,Matthew Fyfe,Democratic,D,0,0,,TOTAL,yes
2022,Indiana,9,US House,Scott,18143,Scott,Vienna 6,Tonya L. Millis,Libertarian,L,0,0,,TOTAL,yes
2022,Indiana,9,US House,Scott,18143,Scott,Vienna 6,Erin Houchin,Republican,R,0,0,,TOTAL,yes
2024,Indiana,9,US House,Bartholomew,18005,Bartholomew,JACKSON - 5000,"Timothy ""Tim"" Peck",Democratic,D,82,543,0.151013,TOTAL,yes
2024,Indiana,9,US House,Bartholomew,18005,Bartholomew,JACKSON - 5000,"Russell ""Russ"" Brooksbank",Libertarian,L,16,543,0.029466,TOTAL,yes
2024,Indiana,9,US House,Bartholomew,18005,Bartholomew,JACKSON - 5000,Erin Houchin,Republican,R,445,543,0.819521,TOTAL,yes
2024,Indiana,9,US House,Bartholomew,18005,Bartholomew,OHIO - 5100,"Timothy ""Tim"" Peck",Democratic,D,216,1000,0.216,TOTAL,yes
2024,Indiana,9,US House,Bartholomew,18005,Bartholomew,OHIO - 5100,"Russell ""Russ"" Brooksbank",Libertarian,L,24,1000,0.024,TOTAL,yes
2024,Indiana,9,US House,Bartholomew,18005,Bartholomew,OHIO - 5100,Erin Houchin,Republican,R,760,1000,0.76,TOTAL,yes
2024,Indiana,9,US House,Bartholomew,18005,Bartholomew,SANDCREEK - 5300,"Timothy ""Tim"" Peck",Democratic,D,200,856,0.233645,TOTAL,yes
2024,Indiana,9,US House,Bartholomew,18005,Bartholomew,SANDCREEK - 5300,"Russell ""Russ"" Brooksbank",Libertarian,L,34,856,0.03972,TOTAL,yes
2024,Indiana,9,US House,Bartholomew,18005,Bartholomew,SANDCREEK - 5300,Erin Houchin,Republican,R,622,856,0.726636,TOTAL,yes
2024,Indiana,9,US House,Bartholomew,18005,Bartholomew,WAYNE - 5600,"Timothy ""Tim"" Peck",Democratic,D,108,601,0.1797,TOTAL,yes
2024,Indiana,9,US House,Bartholomew,18005,Bartholomew,WAYNE - 5600,"Russell ""Russ"" Brooksbank",Libertarian,L,18,601,0.02995,TOTAL,yes
2024,Indiana,9,US House,Bartholomew,18005,Bartholomew,WAYNE - 5600,Erin Houchin,Republican,R,475,601,0.790349,TOTAL,yes
2024,Indiana,9,US House,Bartholomew,18005,Bartholomew,WAYNE - 5700,"Timothy ""Tim"" Peck",Democratic,D,156,827,0.188634,TOTAL,yes
2024,Indiana,9,US House,Bartholomew,18005,Bartholomew,WAYNE - 5700,"Russell ""Russ"" Brooksbank",Libertarian,L,27,827,0.032648,TOTAL,yes
2024,Indiana,9,US House,Bartholomew,18005,Bartholomew,WAYNE - 5700,Erin Houchin,Republican,R,644,827,0.778718,TOTAL,yes
2024,Indiana,9,US House,Bartholomew,18005,Bartholomew,WAYNE - 5800,"Timothy ""Tim"" Peck",Democratic,D,65,222,0.292793,TOTAL,yes
2024,Indiana,9,US House,Bartholomew,18005,Bartholomew,WAYNE - 5800,"Russell ""Russ"" Brooksbank",Libertarian,L,4,222,0.018018,TOTAL,yes
2024,Indiana,9,US House,Bartholomew,18005,Bartholomew,WAYNE - 5800,Erin Houchin,Republican,R,153,222,0.689189,TOTAL,yes
2024,Indiana,9,US House,Brown,18013,Brown,Hamblen 1,"Timothy ""Tim"" Peck",Democratic,D,204,815,0.250307,TOTAL,yes
2024,Indiana,9,US House,Brown,18013,Brown,Hamblen 1,"Russell ""Russ"" Brooksbank",Libertarian,L,44,815,0.053988,TOTAL,yes
2024,Indiana,9,US House,Brown,18013,Brown,Hamblen 1,Erin Houchin,Republican,R,567,815,0.695706,TOTAL,yes
2024,Indiana,9,US House,Brown,18013,Brown,Hamblen 2,"Timothy ""Tim"" Peck",Democratic,D,184,883,0.208381,TOTAL,yes
2024,Indiana,9,US House,Brown,18013,Brown,Hamblen 2,"Russell ""Russ"" Brooksbank",Libertarian,L,31,883,0.035108,TOTAL,yes
2024,Indiana,9,US House,Brown,18013,Brown,Hamblen 2,Erin Houchin,Republican,R,668,883,0.756512,TOTAL,yes
2024,Indiana,9,US House,Brown,18013,Brown,Hamblen 3,"Timothy ""Tim"" Peck",Democratic,D,187,744,0.251344,TOTAL,yes
2024,Indiana,9,US House,Brown,18013,Brown,Hamblen 3,"Russell ""Russ"" Brooksbank",Libertarian,L,21,744,0.028226,TOTAL,yes
2024,Indiana,9,US House,Brown,18013,Brown,Hamblen 3,Erin Houchin,Republican,R,536,744,0.72043,TOTAL,yes
2024,Indiana,9,US House,Brown,18013,Brown,Jackson 1,"Timothy ""Tim"" Peck",Democratic,D,154,656,0.234756,TOTAL,yes
2024,Indiana,9,US House,Brown,18013,Brown,Jackson 1,"Russell ""Russ"" Brooksbank",Libertarian,L,31,656,0.047256,TOTAL,yes
2024,Indiana,9,US House,Brown,18013,Brown,Jackson 1,Erin Houchin,Republican,R,471,656,0.717988,TOTAL,yes
2024,Indiana,9,US House,Brown,18013,Brown,Jackson 2,"Timothy ""Tim"" Peck",Democratic,D,127,338,0.37574,TOTAL,yes
2024,Indiana,9,US House,Brown,18013,Brown,Jackson 2,"Russell ""Russ"" Brooksbank",Libertarian,L,16,338,0.047337,TOTAL,yes
2024,Indiana,9,US House,Brown,18013,Brown,Jackson 2,Erin Houchin,Republican,R,195,338,0.576923,TOTAL,yes
2024,Indiana,9,US House,Brown,18013,Brown,Jackson 3,"Timothy ""Tim"" Peck",Democratic,D,144,561,0.256684,TOTAL,yes
2024,Indiana,9,US House,Brown,18013,Brown,Jackson 3,"Russell ""Russ"" Brooksbank",Libertarian,L,29,561,0.051693,TOTAL,yes
2024,Indiana,9,US House,Brown,18013,Brown,Jackson 3,Erin Houchin,Republican,R,388,561,0.691622,TOTAL,yes
2024,Indiana,9,US House,Brown,18013,Brown,Jackson 4,"Timothy ""Tim"" Peck",Democratic,D,238,534,0.445693,TOTAL,yes
2024,Indiana,9,US House,Brown,18013,Brown,Jackson 4,"Russell ""Russ"" Brooksbank",Libertarian,L,17,534,0.031835,TOTAL,yes
2024,Indiana,9,US House,Brown,18013,Brown,Jackson 4,Erin Houchin,Republican,R,279,534,0.522472,TOTAL,yes
2024,Indiana,9,US House,Brown,18013,Brown,Washington 1,"Timothy ""Tim"" Peck",Democratic,D,421,1307,0.322112,TOTAL,yes
2024,Indiana,9,US House,Brown,18013,Brown,Washington 1,"Russell ""Russ"" Brooksbank",Libertarian,L,58,1307,0.044376,TOTAL,yes
2024,Indiana,9,US House,Brown,18013,Brown,Washington 1,Erin Houchin,Republican,R,828,1307,0.633512,TOTAL,yes
2024,Indiana,9,US House,Brown,18013,Brown,Washington 2,"Timothy ""Tim"" Peck",Democratic,D,322,757,0.425363,TOTAL,yes
2024,Indiana,9,US House,Brown,18013,Brown,Washington 2,"Russell ""Russ"" Brooksbank",Libertarian,L,21,757,0.027741,TOTAL,yes
2024,Indiana,9,US House,Brown,18013,Brown,Washington 2,Erin Houchin,Republican,R,414,757,0.546896,TOTAL,yes
2024,Indiana,9,US House,Brown,18013,Brown,Washington 3,"Timothy ""Tim"" Peck",Democratic,D,396,888,0.445946,TOTAL,yes
2024,Indiana,9,US House,Brown,18013,Brown,Washington 3,"Russell ""Russ"" Brooksbank",Libertarian,L,29,888,0.032658,TOTAL,yes
2024,Indiana,9,US House,Brown,18013,Brown,Washington 3,Erin Houchin,Republican,R,463,888,0.521396,TOTAL,yes
2024,Indiana,9,US House,Brown,18013,Brown,van Buren 1,"Timothy ""Tim"" Peck",Democratic,D,324,1068,0.303371,TOTAL,yes
2024,Indiana,9,US House,Brown,18013,Brown,van Buren 1,"Russell ""Russ"" Brooksbank",Libertarian,L,47,1068,0.044007,TOTAL,yes
2024,Indiana,9,US House,Brown,18013,Brown,van Buren 1,Erin Houchin,Republican,R,697,1068,0.652622,TOTAL,yes
2024,Indiana,9,US House,Clark,18019,Clark,0001 BETHLEHEM 01,"Timothy ""Tim"" Peck",Democratic,D,50,171,0.292398,EARLY VOTING; ELECTION DAY; PROVISIONAL,no
2024,Indiana,9,US House,Clark,18019,Clark,0001 BETHLEHEM 01,"Russell ""Russ"" Brooksbank",Libertarian,L,3,171,0.017544,EARLY VOTING; ELECTION DAY; PROVISIONAL,no
2024,Indiana,9,US House,Clark,18019,Clark,0001 BETHLEHEM 01,Erin Houchin,Republican,R,118,171,0.690058,EARLY VOTING; ELECTION DAY; PROVISIONAL,no
2024,Indiana,9,US House,Clark,18019,Clark,0002 CARR 01,"Timothy ""Tim"" Peck",Democratic,D,380,1422,0.267229,EARLY VOTING; ELECTION DAY; PROVISIONAL,no
2024,Indiana,9,US House,Clark,18019,Clark,0002 CARR 01,"Russell ""Russ"" Brooksbank",Libertarian,L,37,1422,0.02602,EARLY VOTING; ELECTION DAY; PROVISIONAL,no
2024,Indiana,9,US House,Clark,18019,Clark,0002 CARR 01,Erin Houchin,Republican,R,1005,1422,0.706751,EARLY VOTING; ELECTION DAY; PROVISIONAL,no
2024,Indiana,9,US House,Clark,18019,Clark,0003 CARR 02,"Timothy ""Tim"" Peck",Democratic,D,332,1330,0.249624,EARLY VOTING; ELECTION DAY; PROVISIONAL,no
2024,Indiana,9,US House,Clark,18019,Clark,0003 CARR 02,"Russell ""Russ"" Brooksbank",Libertarian,L,35,1330,0.026316,EARLY VOTING; ELECTION DAY; PROVISIONAL,no
2024,Indiana,9,US House,Clark,18019,Clark,0003 CARR 02,Erin Houchin,Republican,R,963,1330,0.72406,EARLY VOTING; ELECTION DAY; PROVISIONAL,no
2024,Indiana,9,US House,Clark,18019,Clark,0004 CHARLESTOWN 01,"Timothy ""Tim"" Peck",Democratic,D,296,832,0.355769,EARLY VOTING; ELECTION DAY; PROVISIONAL,no
2024,Indiana,9,US House,Clark,18019,Clark,0004 CHARLESTOWN 01,"Russell ""Russ"" Brooksbank",Libertarian,L,46,832,0.055288,EARLY VOTING; ELECTION DAY; PROVISIONAL,no
2024,Indiana,9,US House,Clark,18019,Clark,0004 CHARLESTOWN 01,Erin Houchin,Republican,R,490,832,0.588942,EARLY VOTING; ELECTION DAY; PROVISIONAL,no
2024,Indiana,9,US House,Clark,18019,Clark,0005 CHARLESTOWN 02,"Timothy ""Tim"" Peck",Democratic,D,121,340,0.355882,EARLY VOTING; ELECTION DAY; PROVISIONAL,no
2024,Indiana,9,US House,Clark,18019,Clark,0005 CHARLESTOWN 02,"Russell ""Russ"" Brooksbank",Libertarian,L,8,340,0.023529,EARLY VOTING; ELECTION DAY; PROVISIONAL,no
2024,Indiana,9,US House,Clark,18019,Clark,0005 CHARLESTOWN 02,Erin Houchin,Republican,R,211,340,0.620588,EARLY VOTING; ELECTION DAY; PROVISIONAL,no
2024,Indiana,9,US House,Clark,18019,Clark,0006 CHARLESTOWN 03,"Timothy ""Tim"" Peck",Democratic,D,289,962,0.300416,EARLY VOTING; ELECTION DAY; PROVISIONAL,no
2024,Indiana,9,US House,Clark,18019,Clark,0006 CHARLESTOWN 03,"Russell ""Russ"" Brooksbank",Libertarian,L,29,962,0.030146,EARLY VOTING; ELECTION DAY; PROVISIONAL,no
2024,Indiana,9,US House,Clark,18019,Clark,0006 CHARLESTOWN 03,Erin Houchin,Republican,R,644,962,0.669439,EARLY VOTING; ELECTION DAY; PROVISIONAL,no
2024,Indiana,9,US House,Clark,18019,Clark,0007 CHARLESTOWN 04,"Timothy ""Tim"" Peck",Democratic,D,542,1834,0.295529,EARLY VOTING; ELECTION DAY; PROVISIONAL,no
2024,Indiana,9,US House,Clark,18019,Clark,0007 CHARLESTOWN 04,"Russell ""Russ"" Brooksbank",Libertarian,L,49,1834,0.026718,EARLY VOTING; ELECTION DAY; PROVISIONAL,no
2024,Indiana,9,US House,Clark,18019,Clark,0007 CHARLESTOWN 04,Erin Houchin,Republican,R,1243,1834,0.677754,EARLY VOTING; ELECTION DAY; PROVISIONAL,no
2024,Indiana,9,US House,Clark,18019,Clark,0008 CHARLESTOWN 05,"Timothy ""Tim"" Peck",Democratic,D,222,587,0.378194,EARLY VOTING; ELECTION DAY; PROVISIONAL,no
2024,Indiana,9,US House,Clark,18019,Clark,0008 CHARLESTOWN 05,"Russell ""Russ"" Brooksbank",Libertarian,L,25,587,0.042589,EARLY VOTING; ELECTION DAY; PROVISIONAL,no
2024,Indiana,9,US House,Clark,18019,Clark,0008 CHARLESTOWN 05,Erin Houchin,Republican,R,340,587,0.579216,EARLY VOTING; ELECTION DAY; PROVISIONAL,no
2024,Indiana,9,US House,Clark,18019,Clark,0009 CHARLESTOWN 06,"Timothy ""Tim"" Peck",Democratic,D,504,1742,0.289323,EARLY VOTING; ELECTION DAY; PROVISIONAL,no
2024,Indiana,9,US House,Clark,18019,Clark,0009 CHARLESTOWN 06,"Russell ""Russ"" Brooksbank",Libertarian,L,48,1742,0.027555,EARLY VOTING; ELECTION DAY; PROVISIONAL,no
2024,Indiana,9,US House,Clark,18019,Clark,0009 CHARLESTOWN 06,Erin Houchin,Republican,R,1190,1742,0.683123,EARLY VOTING; ELECTION DAY; PROVISIONAL,no
2024,Indiana,9,US House,Clark,18019,Clark,0010 CHARLESTOWN 07,"Timothy ""Tim"" Peck",Democratic,D,258,960,0.26875,EARLY VOTING; ELECTION DAY; PROVISIONAL,no
2024,Indiana,9,US House,Clark,18019,Clark,0010 CHARLESTOWN 07,"Russell ""Russ"" Brooksbank",Libertarian,L,25,960,0.026042,EARLY VOTING; ELECTION DAY; PROVISIONAL,no
2024,Indiana,9,US House,Clark,18019,Clark,0010 CHARLESTOWN 07,Erin Houchin,Republican,R,677,960,0.705208,EARLY VOTING; ELECTION DAY; PROVISIONAL,no
2024,Indiana,9,US House,Clark,18019,Clark,0011 CHARLESTOWN 08,"Timothy ""Tim"" Peck",Democratic,D,190,763,0.249017,EARLY VOTING; ELECTION DAY; PROVISIONAL,no
2024,Indiana,9,US House,Clark,18019,Clark,0011 CHARLESTOWN 08,"Russell ""Russ"" Brooksbank",Libertarian,L,32,763,0.04194,EARLY VOTING; ELECTION DAY; PROVISIONAL,no
2024,Indiana,9,US House,Clark,18019,Clark,0011 CHARLESTOWN 08,Erin Houchin,Republican,R,541,763,0.709043,EARLY VOTING; ELECTION DAY; PROVISIONAL,no
2024,Indiana,9,US House,Clark,18019,Clark,0012 JEFFERSONVILLE 01,"Timothy ""Tim"" Peck",Democratic,D,193,422,0.457346,EARLY VOTING; ELECTION DAY; PROVISIONAL,no
2024,Indiana,9,US House,Clark,18019,Clark,0012 JEFFERSONVILLE 01,"Russell ""Russ"" Brooksbank",Libertarian,L,9,422,0.021327,EARLY VOTING; ELECTION DAY; PROVISIONAL,no
2024,Indiana,9,US House,Clark,18019,Clark,0012 JEFFERSONVILLE 01,Erin Houchin,Republican,R,220,422,0.521327,EARLY VOTING; ELECTION DAY; PROVISIONAL,no
2024,Indiana,9,US House,Clark,18019,Clark,0013 JEFFERSONVILLE 02,"Timothy ""Tim"" Peck",Democratic,D,215,355,0.605634,EARLY VOTING; ELECTION DAY; PROVISIONAL,no
2024,Indiana,9,US House,Clark,18019,Clark,0013 JEFFERSONVILLE 02,"Russell ""Russ"" Brooksbank",Libertarian,L,18,355,0.050704,EARLY VOTING; ELECTION DAY; PROVISIONAL,no
2024,Indiana,9,US House,Clark,18019,Clark,0013 JEFFERSONVILLE 02,Erin Houchin,Republican,R,122,355,0.343662,EARLY VOTING; ELECTION DAY; PROVISIONAL,no
2024,Indiana,9,US House,Clark,18019,Clark,0015 JEFFERSONVILLE 03,"Timothy ""Tim"" Peck",Democratic,D,330,482,0.684647,EARLY VOTING; ELECTION DAY; PROVISIONAL,no
2024,Indiana,9,US House,Clark,18019,Clark,0015 JEFFERSONVILLE 03,"Russell ""Russ"" Brooksbank",Libertarian,L,16,482,0.033195,EARLY VOTING; ELECTION DAY; PROVISIONAL,no
2024,Indiana,9,US House,Clark,18019,Clark,0015 JEFFERSONVILLE 03,Erin Houchin,Republican,R,136,482,0.282158,EARLY VOTING; ELECTION DAY; PROVISIONAL,no
2024,Indiana,9,US House,Clark,18019,Clark,0016 JEFFERSONVILLE 04,"Timothy ""Tim"" Peck",Democratic,D,351,562,0.624555,EARLY VOTING; ELECTION DAY; PROVISIONAL,no
2024,Indiana,9,US House,Clark,18019,Clark,0016 JEFFERSONVILLE 04,"Russell ""Russ"" Brooksbank",Libertarian,L,24,562,0.042705,EARLY VOTING; ELECTION DAY; PROVISIONAL,no
2024,Indiana,9,US House,Clark,18019,Clark,0016 JEFFERSONVILLE 04,Erin Houchin,Republican,R,187,562,0.33274,EARLY VOTING; ELECTION DAY; PROVISIONAL,no
2024,Indiana,9,US House,Clark,18019,Clark,0017 JEFFERSONVILLE 05,"Timothy ""Tim"" Peck",Democratic,D,264,456,0.578947,EARLY VOTING; ELECTION DAY; PROVISIONAL,no
2024,Indiana,9,US House,Clark,18019,Clark,0017 JEFFERSONVILLE 05,"Russell ""Russ"" Brooksbank",Libertarian,L,17,456,0.037281,EARLY VOTING; ELECTION DAY; PROVISIONAL,no
2024,Indiana,9,US House,Clark,18019,Clark,0017 JEFFERSONVILLE 05,Erin Houchin,Republican,R,175,456,0.383772,EARLY VOTING; ELECTION DAY; PROVISIONAL,no
2024,Indiana,9,US House,Clark,18019,Clark,0018 JEFFERSONVILLE 06,"Timothy ""Tim"" Peck",Democratic,D,196,397,0.493703,EARLY VOTING; ELECTION DAY; PROVISIONAL,no
2024,Indiana,9,US House,Clark,18019,Clark,0018 JEFFERSONVILLE 06,"Russell ""Russ"" Brooksbank",Libertarian,L,11,397,0.027708,EARLY VOTING; ELECTION DAY; PROVISIONAL,no
2024,Indiana,9,US House,Clark,18019,Clark,0018 JEFFERSONVILLE 06,Erin Houchin,Republican,R,190,397,0.478589,EARLY VOTING; ELECTION DAY; PROVISIONAL,no
2024,Indiana,9,US House,Clark,18019,Clark,0019 JEFFERSONVILLE 07,"Timothy ""Tim"" Peck",Democratic,D,325,626,0.519169,EARLY VOTING; ELECTION DAY; PROVISIONAL,no
2024,Indiana,9,US House,Clark,18019,Clark,0019 JEFFERSONVILLE 07,"Russell ""Russ"" Brooksbank",Libertarian,L,11,626,0.017572,EARLY VOTING; ELECTION DAY; PROVISIONAL,no
2024,Indiana,9,US House,Clark,18019,Clark,0019 JEFFERSONVILLE 07,Erin Houchin,Republican,R,290,626,0.463259,EARLY VOTING; ELECTION DAY; PROVISIONAL,no
2024,Indiana,9,US House,Clark,18019,Clark,0020 JEFFERSONVILLE 08,"Timothy ""Tim"" Peck",Democratic,D,228,479,0.475992,EARLY VOTING; ELECTION DAY; PROVISIONAL,no
2024,Indiana,9,US House,Clark,18019,Clark,0020 JEFFERSONVILLE 08,"Russell ""Russ"" Brooksbank",Libertarian,L,13,479,0.02714,EARLY VOTING; ELECTION DAY; PROVISIONAL,no
2024,Indiana,9,US House,Clark,18019,Clark,0020 JEFFERSONVILLE 08,Erin Houchin,Republican,R,238,479,0.496868,EARLY VOTING; ELECTION DAY; PROVISIONAL,no
2024,Indiana,9,US House,Clark,18019,Clark,0021 JEFFERSONVILLE 09,"Timothy ""Tim"" Peck",Democratic,D,422,844,0.5,EARLY VOTING; ELECTION DAY; PROVISIONAL,no
2024,Indiana,9,US House,Clark,18019,Clark,0021 JEFFERSONVILLE 09,"Russell ""Russ"" Brooksbank",Libertarian,L,26,844,0.030806,EARLY VOTING; ELECTION DAY; PROVISIONAL,no
2024,Indiana,9,US House,Clark,18019,Clark,0021 JEFFERSONVILLE 09,Erin Houchin,Republican,R,396,844,0.469194,EARLY VOTING; ELECTION DAY; PROVISIONAL,no
2024,Indiana,9,US House,Clark,18019,Clark,0022 JEFFERSONVILLE 10,"Timothy ""Tim"" Peck",Democratic,D,229,454,0.504405,EARLY VOTING; ELECTION DAY; PROVISIONAL,no
2024,Indiana,9,US House,Clark,18019,Clark,0022 JEFFERSONVILLE 10,"Russell ""Russ"" Brooksbank",Libertarian,L,23,454,0.050661,EARLY VOTING; ELECTION DAY; PROVISIONAL,no
2024,Indiana,9,US House,Clark,18019,Clark,0022 JEFFERSONVILLE 10,Erin Houchin,Republican,R,202,454,0.444934,EARLY VOTING; ELECTION DAY; PROVISIONAL,no
2024,Indiana,9,US House,Clark,18019,Clark,0023 JEFFERSONVILLE 11,"Timothy ""Tim"" Peck",Democratic,D,232,485,0.478351,EARLY VOTING; ELECTION DAY; PROVISIONAL,no
2024,Indiana,9,US House,Clark,18019,Clark,0023 JEFFERSONVILLE 11,"Russell ""Russ"" Brooksbank",Libertarian,L,19,485,0.039175,EARLY VOTING; ELECTION DAY; PROVISIONAL,no
2024,Indiana,9,US House,Clark,18019,Clark,0023 JEFFERSONVILLE 11,Erin Houchin,Republican,R,234,485,0.482474,EARLY VOTING; ELECTION DAY; PROVISIONAL,no
2024,Indiana,9,US House,Clark,18019,Clark,0024 JEFFERSONVILLE 12,"Timothy ""Tim"" Peck",Democratic,D,240,529,0.453686,EARLY VOTING; ELECTION DAY; PROVISIONAL,no
2024,Indiana,9,US House,Clark,18019,Clark,0024 JEFFERSONVILLE 12,"Russell ""Russ"" Brooksbank",Libertarian,L,28,529,0.05293,EARLY VOTING; ELECTION DAY; PROVISIONAL,no
2024,Indiana,9,US House,Clark,18019,Clark,0024 JEFFERSONVILLE 12,Erin Houchin,Republican,R,261,529,0.493384,EARLY VOTING; ELECTION DAY; PROVISIONAL,no
2024,Indiana,9,US House,Clark,18019,Clark,0025 JEFFERSONVILLE 13,"Timothy ""Tim"" Peck",Democratic,D,658,1279,0.514464,EARLY VOTING; ELECTION DAY; PROVISIONAL,no
2024,Indiana,9,US House,Clark,18019,Clark,0025 JEFFERSONVILLE 13,"Russell ""Russ"" Brooksbank",Libertarian,L,46,1279,0.035966,EARLY VOTING; ELECTION DAY; PROVISIONAL,no
2024,Indiana,9,US House,Clark,18019,Clark,0025 JEFFERSONVILLE 13,Erin Houchin,Republican,R,575,1279,0.44957,EARLY VOTING; ELECTION DAY; PROVISIONAL,no
2024,Indiana,9,US House,Clark,18019,Clark,0026 JEFFERSONVILLE 14,"Timothy ""Tim"" Peck",Democratic,D,200,525,0.380952,EARLY VOTING; ELECTION DAY; PROVISIONAL,no
2024,Indiana,9,US House,Clark,18019,Clark,0026 JEFFERSONVILLE 14,"Russell ""Russ"" Brooksbank",Libertarian,L,27,525,0.051429,EARLY VOTING; ELECTION DAY; PROVISIONAL,no
2024,Indiana,9,US House,Clark,18019,Clark,0026 JEFFERSONVILLE 14,Erin Houchin,Republican,R,298,525,0.567619,EARLY VOTING; ELECTION DAY; PROVISIONAL,no
2024,Indiana,9,US House,Clark,18019,Clark,0027 JEFFERSONVILLE 15,"Timothy ""Tim"" Peck",Democratic,D,632,1295,0.488031,EARLY VOTING; ELECTION DAY; PROVISIONAL,no
2024,Indiana,9,US House,Clark,18019,Clark,0027 JEFFERSONVILLE 15,"Russell ""Russ"" Brooksbank",Libertarian,L,43,1295,0.033205,EARLY VOTING; ELECTION DAY; PROVISIONAL,no
2024,Indiana,9,US House,Clark,18019,Clark,0027 JEFFERSONVILLE 15,Erin Houchin,Republican,R,620,1295,0.478764,EARLY VOTING; ELECTION DAY; PROVISIONAL,no
2024,Indiana,9,US House,Clark,18019,Clark,0028 JEFFERSONVILLE 16,"Timothy ""Tim"" Peck",Democratic,D,504,1205,0.418257,EARLY VOTING; ELECTION DAY; PROVISIONAL,no
2024,Indiana,9,US House,Clark,18019,Clark,0028 JEFFERSONVILLE 16,"Russell ""Russ"" Brooksbank",Libertarian,L,29,1205,0.024066,EARLY VOTING; ELECTION DAY; PROVISIONAL,no
2024,Indiana,9,US House,Clark,18019,Clark,0028 JEFFERSONVILLE 16,Erin Houchin,Republican,R,672,1205,0.557676,EARLY VOTING; ELECTION DAY; PROVISIONAL,no
2024,Indiana,9,US House,Clark,18019,Clark,0029 JEFFERSONVILLE 17,"Timothy ""Tim"" Peck",Democratic,D,422,937,0.450374,EARLY VOTING; ELECTION DAY; PROVISIONAL,no
2024,Indiana,9,US House,Clark,18019,Clark,0029 JEFFERSONVILLE 17,"Russell ""Russ"" Brooksbank",Libertarian,L,31,937,0.033084,EARLY VOTING; ELECTION DAY; PROVISIONAL,no
2024,Indiana,9,US House,Clark,18019,Clark,0029 JEFFERSONVILLE 17,Erin Houchin,Republican,R,484,937,0.516542,EARLY VOTING; ELECTION DAY; PROVISIONAL,no
2024,Indiana,9,US House,Clark,18019,Clark,0030 JEFFERSONVILLE 18,"Timothy ""Tim"" Peck",Democratic,D,450,1023,0.439883,EARLY VOTING; ELECTION DAY; PROVISIONAL,no
2024,Indiana,9,US House,Clark,18019,Clark,0030 JEFFERSONVILLE 18,"Russell ""Russ"" Brooksbank",Libertarian,L,17,1023,0.016618,EARLY VOTING; ELECTION DAY; PROVISIONAL,no
2024,Indiana,9,US House,Clark,18019,Clark,0030 JEFFERSONVILLE 18,Erin Houchin,Republican,R,556,1023,0.5435,EARLY VOTING; ELECTION DAY; PROVISIONAL,no
2024,Indiana,9,US House,Clark,18019,Clark,0031 JEFFERSONVILLE 20,"Timothy ""Tim"" Peck",Democratic,D,387,833,0.464586,EARLY VOTING; ELECTION DAY; PROVISIONAL,no
2024,Indiana,9,US House,Clark,18019,Clark,0031 JEFFERSONVILLE 20,"Russell ""Russ"" Brooksbank",Libertarian,L,15,833,0.018007,EARLY VOTING; ELECTION DAY; PROVISIONAL,no
2024,Indiana,9,US House,Clark,18019,Clark,0031 JEFFERSONVILLE 20,Erin Houchin,Republican,R,431,833,0.517407,EARLY VOTING; ELECTION DAY; PROVISIONAL,no
2024,Indiana,9,US House,Clark,18019,Clark,0032 JEFFERSONVILLE 21,"Timothy ""Tim"" Peck",Democratic,D,196,455,0.430769,EARLY VOTING; ELECTION DAY; PROVISIONAL,no
2024,Indiana,9,US House,Clark,18019,Clark,0032 JEFFERSONVILLE 21,"Russell ""Russ"" Brooksbank",Libertarian,L,14,455,0.030769,EARLY VOTING; ELECTION DAY; PROVISIONAL,no
2024,Indiana,9,US House,Clark,18019,Clark,0032 JEFFERSONVILLE 21,Erin Houchin,Republican,R,245,455,0.538462,EARLY VOTING; ELECTION DAY; PROVISIONAL,no
2024,Indiana,9,US House,Clark,18019,Clark,0033 JEFFERSONVILLE 22,"Timothy ""Tim"" Peck",Democratic,D,343,702,0.488604,EARLY VOTING; ELECTION DAY; PROVISIONAL,no
2024,Indiana,9,US House,Clark,18019,Clark,0033 JEFFERSONVILLE 22,"Russell ""Russ"" Brooksbank",Libertarian,L,28,702,0.039886,EARLY VOTING; ELECTION DAY; PROVISIONAL,no
2024,Indiana,9,US House,Clark,18019,Clark,0033 JEFFERSONVILLE 22,Erin Houchin,Republican,R,331,702,0.47151,EARLY VOTING; ELECTION DAY; PROVISIONAL,no
2024,Indiana,9,US House,Clark,18019,Clark,0034 JEFFERSONVILLE 23,"Timothy ""Tim"" Peck",Democratic,D,399,776,0.514175,EARLY VOTING; ELECTION DAY; PROVISIONAL,no
2024,Indiana,9,US House,Clark,18019,Clark,0034 JEFFERSONVILLE 23,"Russell ""Russ"" Brooksbank",Libertarian,L,24,776,0.030928,EARLY VOTING; ELECTION DAY; PROVISIONAL,no
2024,Indiana,9,US House,Clark,18019,Clark,0034 JEFFERSONVILLE 23,Erin Houchin,Republican,R,353,776,0.454897,EARLY VOTING; ELECTION DAY; PROVISIONAL,no
2024,Indiana,9,US House,Clark,18019,Clark,0035 JEFFERSONVILLE 24,"Timothy ""Tim"" Peck",Democratic,D,438,835,0.524551,EARLY VOTING; ELECTION DAY; PROVISIONAL,no
2024,Indiana,9,US House,Clark,18019,Clark,0035 JEFFERSONVILLE 24,"Russell ""Russ"" Brooksbank",Libertarian,L,27,835,0.032335,EARLY VOTING; ELECTION DAY; PROVISIONAL,no
2024,Indiana,9,US House,Clark,18019,Clark,0035 JEFFERSONVILLE 24,Erin Houchin,Republican,R,370,835,0.443114,EARLY VOTING; ELECTION DAY; PROVISIONAL,no
2024,Indiana,9,US House,Clark,18019,Clark,0036 JEFFERSONVILLE 25,"Timothy ""Tim"" Peck",Democratic,D,571,1367,0.417703,EARLY VOTING; ELECTION DAY; PROVISIONAL,no
2024,Indiana,9,US House,Clark,18019,Clark,0036 JEFFERSONVILLE 25,"Russell ""Russ"" Brooksbank",Libertarian,L,50,1367,0.036576,EARLY VOTING; ELECTION DAY; PROVISIONAL,no
2024,Indiana,9,US House,Clark,18019,Clark,0036 JEFFERSONVILLE 25,Erin Houchin,Republican,R,746,1367,0.545721,EARLY VOTING; ELECTION DAY; PROVISIONAL,no
2024,Indiana,9,US House,Clark,18019,Clark,0037 JEFFERSONVILLE 26,"Timothy ""Tim"" Peck",Democratic,D,269,542,0.49631,EARLY VOTING; ELECTION DAY; PROVISIONAL,no
2024,Indiana,9,US House,Clark,18019,Clark,0037 JEFFERSONVILLE 26,"Russell ""Russ"" Brooksbank",Libertarian,L,25,542,0.046125,EARLY VOTING; ELECTION DAY; PROVISIONAL,no
2024,Indiana,9,US House,Clark,18019,Clark,0037 JEFFERSONVILLE 26,Erin Houchin,Republican,R,248,542,0.457565,EARLY VOTING; ELECTION DAY; PROVISIONAL,no
2024,Indiana,9,US House,Clark,18019,Clark,0038 JEFFERSONVILLE 27,"Timothy ""Tim"" Peck",Democratic,D,89,210,0.42381,EARLY VOTING; ELECTION DAY; PROVISIONAL,no
2024,Indiana,9,US House,Clark,18019,Clark,0038 JEFFERSONVILLE 27,"Russell ""Russ"" Brooksbank",Libertarian,L,4,210,0.019048,EARLY VOTING; ELECTION DAY; PROVISIONAL,no
2024,Indiana,9,US House,Clark,18019,Clark,0038 JEFFERSONVILLE 27,Erin Houchin,Republican,R,117,210,0.557143,EARLY VOTING; ELECTION DAY; PROVISIONAL,no
2024,Indiana,9,US House,Clark,18019,Clark,0039 JEFFERSONVILLE 30,"Timothy ""Tim"" Peck",Democratic,D,191,413,0.46247,EARLY VOTING; ELECTION DAY; PROVISIONAL,no
2024,Indiana,9,US House,Clark,18019,Clark,0039 JEFFERSONVILLE 30,"Russell ""Russ"" Brooksbank",Libertarian,L,19,413,0.046005,EARLY VOTING; ELECTION DAY; PROVISIONAL,no
2024,Indiana,9,US House,Clark,18019,Clark,0039 JEFFERSONVILLE 30,Erin Houchin,Republican,R,203,413,0.491525,EARLY VOTING; ELECTION DAY; PROVISIONAL,no
2024,Indiana,9,US House,Clark,18019,Clark,0040 JEFFERSONVILLE 31,"Timothy ""Tim"" Peck",Democratic,D,172,421,0.408551,EARLY VOTING; ELECTION DAY; PROVISIONAL,no
2024,Indiana,9,US House,Clark,18019,Clark,0040 JEFFERSONVILLE 31,"Russell ""Russ"" Brooksbank",Libertarian,L,20,421,0.047506,EARLY VOTING; ELECTION DAY; PROVISIONAL,no
2024,Indiana,9,US House,Clark,18019,Clark,0040 JEFFERSONVILLE 31,Erin Houchin,Republican,R,229,421,0.543943,EARLY VOTING; ELECTION DAY; PROVISIONAL,no
2024,Indiana,9,US House,Clark,18019,Clark,0041 JEFFERSONVILLE 32,"Timothy ""Tim"" Peck",Democratic,D,138,300,0.46,EARLY VOTING; ELECTION DAY; PROVISIONAL,no
2024,Indiana,9,US House,Clark,18019,Clark,0041 JEFFERSONVILLE 32,"Russell ""Russ"" Brooksbank",Libertarian,L,12,300,0.04,EARLY VOTING; ELECTION DAY; PROVISIONAL,no
2024,Indiana,9,US House,Clark,18019,Clark,0041 JEFFERSONVILLE 32,Erin Houchin,Republican,R,150,300,0.5,EARLY VOTING; ELECTION DAY; PROVISIONAL,no
2024,Indiana,9,US House,Clark,18019,Clark,0042 JEFFERSONVILLE 33,"Timothy ""Tim"" Peck",Democratic,D,235,464,0.506466,EARLY VOTING; ELECTION DAY; PROVISIONAL,no
2024,Indiana,9,US House,Clark,18019,Clark,0042 JEFFERSONVILLE 33,"Russell ""Russ"" Brooksbank",Libertarian,L,20,464,0.043103,EARLY VOTING; ELECTION DAY; PROVISIONAL,no
2024,Indiana,9,US House,Clark,18019,Clark,0042 JEFFERSONVILLE 33,Erin Houchin,Republican,R,209,464,0.450431,EARLY VOTING; ELECTION DAY; PROVISIONAL,no
2024,Indiana,9,US House,Clark,18019,Clark,0043 JEFFERSONVILLE 34,"Timothy ""Tim"" Peck",Democratic,D,176,389,0.452442,EARLY VOTING; ELECTION DAY; PROVISIONAL,no
2024,Indiana,9,US House,Clark,18019,Clark,0043 JEFFERSONVILLE 34,"Russell ""Russ"" Brooksbank",Libertarian,L,27,389,0.069409,EARLY VOTING; ELECTION DAY; PROVISIONAL,no
2024,Indiana,9,US House,Clark,18019,Clark,0043 JEFFERSONVILLE 34,Erin Houchin,Republican,R,186,389,0.478149,EARLY VOTING; ELECTION DAY; PROVISIONAL,no
2024,Indiana,9,US House,Clark,18019,Clark,0044 JEFFERSONVILLE 35,"Timothy ""Tim"" Peck",Democratic,D,282,548,0.514599,EARLY VOTING; ELECTION DAY; PROVISIONAL,no
2024,Indiana,9,US House,Clark,18019,Clark,0044 JEFFERSONVILLE 35,"Russell ""Russ"" Brooksbank",Libertarian,L,27,548,0.04927,EARLY VOTING; ELECTION DAY; PROVISIONAL,no
2024,Indiana,9,US House,Clark,18019,Clark,0044 JEFFERSONVILLE 35,Erin Houchin,Republican,R,239,548,0.436131,EARLY VOTING; ELECTION DAY; PROVISIONAL,no
2024,Indiana,9,US House,Clark,18019,Clark,0045 JEFFERSONVILLE 36,"Timothy ""Tim"" Peck",Democratic,D,220,493,0.446247,EARLY VOTING; ELECTION DAY; PROVISIONAL,no
2024,Indiana,9,US House,Clark,18019,Clark,0045 JEFFERSONVILLE 36,"Russell ""Russ"" Brooksbank",Libertarian,L,21,493,0.042596,EARLY VOTING; ELECTION DAY; PROVISIONAL,no
2024,Indiana,9,US House,Clark,18019,Clark,0045 JEFFERSONVILLE 36,Erin Houchin,Republican,R,252,493,0.511156,EARLY VOTING; ELECTION DAY; PROVISIONAL,no
2024,Indiana,9,US House,Clark,18019,Clark,0046 JEFFERSONVILLE 37,"Timothy ""Tim"" Peck",Democratic,D,362,805,0.449689,EARLY VOTING; ELECTION DAY; PROVISIONAL,no
2024,Indiana,9,US House,Clark,18019,Clark,0046 JEFFERSONVILLE 37,"Russell ""Russ"" Brooksbank",Libertarian,L,35,805,0.043478,EARLY VOTING; ELECTION DAY; PROVISIONAL,no
2024,Indiana,9,US House,Clark,18019,Clark,0046 JEFFERSONVILLE 37,Erin Houchin,Republican,R,408,805,0.506832,EARLY VOTING; ELECTION DAY; PROVISIONAL,no
2024,Indiana,9,US House,Clark,18019,Clark,0047 JEFFERSONVILLE 38,"Timothy ""Tim"" Peck",Democratic,D,349,727,0.480055,EARLY VOTING; ELECTION DAY; PROVISIONAL,no
2024,Indiana,9,US House,Clark,18019,Clark,0047 JEFFERSONVILLE 38,"Russell ""Russ"" Brooksbank",Libertarian,L,24,727,0.033012,EARLY VOTING; ELECTION DAY; PROVISIONAL,no
2024,Indiana,9,US House,Clark,18019,Clark,0047 JEFFERSONVILLE 38,Erin Houchin,Republican,R,354,727,0.486933,EARLY VOTING; ELECTION DAY; PROVISIONAL,no
2024,Indiana,9,US House,Clark,18019,Clark,0048 JEFFERSONVILLE 39,"Timothy ""Tim"" Peck",Democratic,D,215,447,0.480984,EARLY VOTING; ELECTION DAY; PROVISIONAL,no
2024,Indiana,9,US House,Clark,18019,Clark,0048 JEFFERSONVILLE 39,"Russell ""Russ"" Brooksbank",Libertarian,L,19,447,0.042506,EARLY VOTING; ELECTION DAY; PROVISIONAL,no
2024,Indiana,9,US House,Clark,18019,Clark,0048 JEFFERSONVILLE 39,Erin Houchin,Republican,R,213,447,0.47651,EARLY VOTING; ELECTION DAY; PROVISIONAL,no
2024,Indiana,9,US House,Clark,18019,Clark,0049 JEFFERSONVILLE 40,"Timothy ""Tim"" Peck",Democratic,D,357,810,0.440741,EARLY VOTING; ELECTION DAY; PROVISIONAL,no
2024,Indiana,9,US House,Clark,18019,Clark,0049 JEFFERSONVILLE 40,"Russell ""Russ"" Brooksbank",Libertarian,L,33,810,0.040741,EARLY VOTING; ELECTION DAY; PROVISIONAL,no
2024,Indiana,9,US House,Clark,18019,Clark,0049 JEFFERSONVILLE 40,Erin Houchin,Republican,R,420,810,0.518519,EARLY VOTING; ELECTION DAY; PROVISIONAL,no
2024,Indiana,9,US House,Clark,18019,Clark,0050 JEFFERSONVILLE 41,"Timothy ""Tim"" Peck",Democratic,D,229,481,0.476091,EARLY VOTING; ELECTION DAY; PROVISIONAL,no
2024,Indiana,9,US House,Clark,18019,Clark,0050 JEFFERSONVILLE 41,"Russell ""Russ"" Brooksbank",Libertarian,L,24,481,0.049896,EARLY VOTING; ELECTION DAY; PROVISIONAL,no
2024,Indiana,9,US House,Clark,18019,Clark,0050 JEFFERSONVILLE 41,Erin Houchin,Republican,R,228,481,0.474012,EARLY VOTING; ELECTION DAY; PROVISIONAL,no
2024,Indiana,9,US House,Clark,18019,Clark,0051 JEFFERSONVILLE 42,"Timothy ""Tim"" Peck",Democratic,D,223,555,0.401802,EARLY VOTING; ELECTION DAY; PROVISIONAL,no
2024,Indiana,9,US House,Clark,18019,Clark,0051 JEFFERSONVILLE 42,"Russell ""Russ"" Brooksbank",Libertarian,L,17,555,0.030631,EARLY VOTING; ELECTION DAY; PROVISIONAL,no
2024,Indiana,9,US House,Clark,18019,Clark,0051 JEFFERSONVILLE 42,Erin Houchin,Republican,R,315,555,0.567568,EARLY VOTING; ELECTION DAY; PROVISIONAL,no
2024,Indiana,9,US House,Clark,18019,Clark,0052 MONROE 01,"Timothy ""Tim"" Peck",Democratic,D,189,817,0.231334,EARLY VOTING; ELECTION DAY; PROVISIONAL,no
2024,Indiana,9,US House,Clark,18019,Clark,0052 MONROE 01,"Russell ""Russ"" Brooksbank",Libertarian,L,27,817,0.033048,EARLY VOTING; ELECTION DAY; PROVISIONAL,no
2024,Indiana,9,US House,Clark,18019,Clark,0052 MONROE 01,Erin Houchin,Republican,R,601,817,0.735618,EARLY VOTING; ELECTION DAY; PROVISIONAL,no
2024,Indiana,9,US House,Clark,18019,Clark,0053 MONROE 02,"Timothy ""Tim"" Peck",Democratic,D,304,1446,0.210235,EARLY VOTING; ELECTION DAY; PROVISIONAL,no
2024,Indiana,9,US House,Clark,18019,Clark,0053 MONROE 02,"Russell ""Russ"" Brooksbank",Libertarian,L,46,1446,0.031812,EARLY VOTING; ELECTION DAY; PROVISIONAL,no
2024,Indiana,9,US House,Clark,18019,Clark,0053 MONROE 02,Erin Houchin,Republican,R,1096,1446,0.757953,EARLY VOTING; ELECTION DAY; PROVISIONAL,no
2024,Indiana,9,US House,Clark,18019,Clark,0054 MONROE 03,"Timothy ""Tim"" Peck",Democratic,D,191,765,0.249673,EARLY VOTING; ELECTION DAY; PROVISIONAL,no
2024,Indiana,9,US House,Clark,18019,Clark,0054 MONROE 03,"Russell ""Russ"" Brooksbank",Libertarian,L,39,765,0.05098,EARLY VOTING; ELECTION DAY; PROVISIONAL,no
2024,Indiana,9,US House,Clark,18019,Clark,0054 MONROE 03,Erin Houchin,Republican,R,535,765,0.699346,EARLY VOTING; ELECTION DAY; PROVISIONAL,no
2024,Indiana,9,US House,Clark,18019,Clark,0055 OREGON 01,"Timothy ""Tim"" Peck",Democratic,D,237,902,0.262749,EARLY VOTING; ELECTION DAY; PROVISIONAL,no
2024,Indiana,9,US House,Clark,18019,Clark,0055 OREGON 01,"Russell ""Russ"" Brooksbank",Libertarian,L,22,902,0.02439,EARLY VOTING; ELECTION DAY; PROVISIONAL,no
2024,Indiana,9,US House,Clark,18019,Clark,0055 OREGON 01,Erin Houchin,Republican,R,643,902,0.71286,EARLY VOTING; ELECTION DAY; PROVISIONAL,no
2024,Indiana,9,US House,Clark,18019,Clark,0056 OWEN 01,"Timothy ""Tim"" Peck",Democratic,D,134,447,0.299776,EARLY VOTING; ELECTION DAY; PROVISIONAL,no
2024,Indiana,9,US House,Clark,18019,Clark,0056 OWEN 01,"Russell ""Russ"" Brooksbank",Libertarian,L,4,447,0.008949,EARLY VOTING; ELECTION DAY; PROVISIONAL,no
2024,Indiana,9,US House,Clark,18019,Clark,0056 OWEN 01,Erin Houchin,Republican,R,309,447,0.691275,EARLY VOTING; ELECTION DAY; PROVISIONAL,no
2024,Indiana,9,US House,Clark,18019,Clark,0057 SILVER CREEK/CLARKSVILLE 43,"Timothy ""Tim"" Peck",Democratic,D,324,1020,0.317647,EARLY VOTING; ELECTION DAY; PROVISIONAL,no
2024,Indiana,9,US House,Clark,18019,Clark,0057 SILVER CREEK/CLARKSVILLE 43,"Russell ""Russ"" Brooksbank",Libertarian,L,26,1020,0.02549,EARLY VOTING; ELECTION DAY; PROVISIONAL,no
2024,Indiana,9,US House,Clark,18019,Clark,0057 SILVER CREEK/CLARKSVILLE 43,Erin Houchin,Republican,R,670,1020,0.656863,EARLY VOTING; ELECTION DAY; PROVISIONAL,no
2024,Indiana,9,US House,Clark,18019,Clark,0058 SILVER CREEK/CLARKSVILLE 44,"Timothy ""Tim"" Peck",Democratic,D,258,685,0.376642,EARLY VOTING; ELECTION DAY; PROVISIONAL,no
2024,Indiana,9,US House,Clark,18019,Clark,0058 SILVER CREEK/CLARKSVILLE 44,"Russell ""Russ"" Brooksbank",Libertarian,L,17,685,0.024818,EARLY VOTING; ELECTION DAY; PROVISIONAL,no
2024,Indiana,9,US House,Clark,18019,Clark,0058 SILVER CREEK/CLARKSVILLE 44,Erin Houchin,Republican,R,410,685,0.59854,EARLY VOTING; ELECTION DAY; PROVISIONAL,no
2024,Indiana,9,US House,Clark,18019,Clark,0059 SILVER CREEK 01,"Timothy ""Tim"" Peck",Democratic,D,148,504,0.293651,EARLY VOTING; ELECTION DAY; PROVISIONAL,no
2024,Indiana,9,US House,Clark,18019,Clark,0059 SILVER CREEK 01,"Russell ""Russ"" Brooksbank",Libertarian,L,16,504,0.031746,EARLY VOTING; ELECTION DAY; PROVISIONAL,no
2024,Indiana,9,US House,Clark,18019,Clark,0059 SILVER CREEK 01,Erin Houchin,Republican,R,340,504,0.674603,EARLY VOTING; ELECTION DAY; PROVISIONAL,no
2024,Indiana,9,US House,Clark,18019,Clark,0060 SILVER CREEK 02,"Timothy ""Tim"" Peck",Democratic,D,155,463,0.334773,EARLY VOTING; ELECTION DAY; PROVISIONAL,no
2024,Indiana,9,US House,Clark,18019,Clark,0060 SILVER CREEK 02,"Russell ""Russ"" Brooksbank",Libertarian,L,16,463,0.034557,EARLY VOTING; ELECTION DAY; PROVISIONAL,no
2024,Indiana,9,US House,Clark,18019,Clark,0060 SILVER CREEK 02,Erin Houchin,Republican,R,292,463,0.63067,EARLY VOTING; ELECTION DAY; PROVISIONAL,no
2024,Indiana,9,US House,Clark,18019,Clark,0061 SILVER CREEK 03,"Timothy ""Tim"" Peck",Democratic,D,240,767,0.312907,EARLY VOTING; ELECTION DAY; PROVISIONAL,no
2024,Indiana,9,US House,Clark,18019,Clark,0061 SILVER CREEK 03,"Russell ""Russ"" Brooksbank",Libertarian,L,15,767,0.019557,EARLY VOTING; ELECTION DAY; PROVISIONAL,no
2024,Indiana,9,US House,Clark,18019,Clark,0061 SILVER CREEK 03,Erin Houchin,Republican,R,512,767,0.667536,EARLY VOTING; ELECTION DAY; PROVISIONAL,no
2024,Indiana,9,US House,Clark,18019,Clark,0062 SILVER CREEK 04,"Timothy ""Tim"" Peck",Democratic,D,355,1033,0.343659,EARLY VOTING; ELECTION DAY; PROVISIONAL,no
2024,Indiana,9,US House,Clark,18019,Clark,0062 SILVER CREEK 04,"Russell ""Russ"" Brooksbank",Libertarian,L,33,1033,0.031946,EARLY VOTING; ELECTION DAY; PROVISIONAL,no
2024,Indiana,9,US House,Clark,18019,Clark,0062 SILVER CREEK 04,Erin Houchin,Republican,R,645,1033,0.624395,EARLY VOTING; ELECTION DAY; PROVISIONAL,no
2024,Indiana,9,US House,Clark,18019,Clark,0063 SILVER CREEK 05,"Timothy ""Tim"" Peck",Democratic,D,140,366,0.382514,EARLY VOTING; ELECTION DAY; PROVISIONAL,no
2024,Indiana,9,US House,Clark,18019,Clark,0063 SILVER CREEK 05,"Russell ""Russ"" Brooksbank",Libertarian,L,13,366,0.035519,EARLY VOTING; ELECTION DAY; PROVISIONAL,no
2024,Indiana,9,US House,Clark,18019,Clark,0063 SILVER CREEK 05,Erin Houchin,Republican,R,213,366,0.581967,EARLY VOTING; ELECTION DAY; PROVISIONAL,no
2024,Indiana,9,US House,Clark,18019,Clark,0064 SILVER CREEK 06,"Timothy ""Tim"" Peck",Democratic,D,559,1640,0.340854,EARLY VOTING; ELECTION DAY; PROVISIONAL,no
2024,Indiana,9,US House,Clark,18019,Clark,0064 SILVER CREEK 06,"Russell ""Russ"" Brooksbank",Libertarian,L,50,1640,0.030488,EARLY VOTING; ELECTION DAY; PROVISIONAL,no
2024,Indiana,9,US House,Clark,18019,Clark,0064 SILVER CREEK 06,Erin Houchin,Republican,R,1031,1640,0.628659,EARLY VOTING; ELECTION DAY; PROVISIONAL,no
2024,Indiana,9,US House,Clark,18019,Clark,0065 SILVER CREEK 07,"Timothy ""Tim"" Peck",Democratic,D,86,268,0.320896,EARLY VOTING; ELECTION DAY; PROVISIONAL,no
2024,Indiana,9,US House,Clark,18019,Clark,0065 SILVER CREEK 07,"Russell ""Russ"" Brooksbank",Libertarian,L,7,268,0.026119,EARLY VOTING; ELECTION DAY; PROVISIONAL,no
2024,Indiana,9,US House,Clark,18019,Clark,0065 SILVER CREEK 07,Erin Houchin,Republican,R,175,268,0.652985,EARLY VOTING; ELECTION DAY; PROVISIONAL,no
2024,Indiana,9,US House,Clark,18019,Clark,0066 UNION 01,"Timothy ""Tim"" Peck",Democratic,D,312,1225,0.254694,EARLY VOTING; ELECTION DAY; PROVISIONAL,no
2024,Indiana,9,US House,Clark,18019,Clark,0066 UNION 01,"Russell ""Russ"" Brooksbank",Libertarian,L,56,1225,0.045714,EARLY VOTING; ELECTION DAY; PROVISIONAL,no
2024,Indiana,9,US House,Clark,18019,Clark,0066 UNION 01,Erin Houchin,Republican,R,857,1225,0.699592,EARLY VOTING; ELECTION DAY; PROVISIONAL,no
2024,Indiana,9,US House,Clark,18019,Clark,0067 UNION 02,"Timothy ""Tim"" Peck",Democratic,D,272,1033,0.263311,EARLY VOTING; ELECTION DAY; PROVISIONAL,no
2024,Indiana,9,US House,Clark,18019,Clark,0067 UNION 02,"Russell ""Russ"" Brooksbank",Libertarian,L,35,1033,0.033882,EARLY VOTING; ELECTION DAY; PROVISIONAL,no
2024,Indiana,9,US House,Clark,18019,Clark,0067 UNION 02,Erin Houchin,Republican,R,726,1033,0.702807,EARLY VOTING; ELECTION DAY; PROVISIONAL,no
2024,Indiana,9,US House,Clark,18019,Clark,0068 UTICA 01,"Timothy ""Tim"" Peck",Democratic,D,101,314,0.321656,EARLY VOTING; ELECTION DAY; PROVISIONAL,no
2024,Indiana,9,US House,Clark,18019,Clark,0068 UTICA 01,"Russell ""Russ"" Brooksbank",Libertarian,L,11,314,0.035032,EARLY VOTING; ELECTION DAY; PROVISIONAL,no
2024,Indiana,9,US House,Clark,18019,Clark,0068 UTICA 01,Erin Houchin,Republican,R,202,314,0.643312,EARLY VOTING; ELECTION DAY; PROVISIONAL,no
2024,Indiana,9,US House,Clark,18019,Clark,0069 UTICA 02,"Timothy ""Tim"" Peck",Democratic,D,798,1740,0.458621,EARLY VOTING; ELECTION DAY; PROVISIONAL,no
2024,Indiana,9,US House,Clark,18019,Clark,0069 UTICA 02,"Russell ""Russ"" Brooksbank",Libertarian,L,53,1740,0.03046,EARLY VOTING; ELECTION DAY; PROVISIONAL,no
2024,Indiana,9,US House,Clark,18019,Clark,0069 UTICA 02,Erin Houchin,Republican,R,889,1740,0.51092,EARLY VOTING; ELECTION DAY; PROVISIONAL,no
2024,Indiana,9,US House,Clark,18019,Clark,0070 UTICA 03,"Timothy ""Tim"" Peck",Democratic,D,587,1593,0.368487,EARLY VOTING; ELECTION DAY; PROVISIONAL,no
2024,Indiana,9,US House,Clark,18019,Clark,0070 UTICA 03,"Russell ""Russ"" Brooksbank",Libertarian,L,43,1593,0.026993,EARLY VOTING; ELECTION DAY; PROVISIONAL,no
2024,Indiana,9,US House,Clark,18019,Clark,0070 UTICA 03,Erin Houchin,Republican,R,963,1593,0.60452,EARLY VOTING; ELECTION DAY; PROVISIONAL,no
2024,Indiana,9,US House,Clark,18019,Clark,0071 UTICA 04,"Timothy ""Tim"" Peck",Democratic,D,762,1728,0.440972,EARLY VOTING; ELECTION DAY; PROVISIONAL,no
2024,Indiana,9,US House,Clark,18019,Clark,0071 UTICA 04,"Russell ""Russ"" Brooksbank",Libertarian,L,53,1728,0.030671,EARLY VOTING; ELECTION DAY; PROVISIONAL,no
2024,Indiana,9,US House,Clark,18019,Clark,0071 UTICA 04,Erin Houchin,Republican,R,913,1728,0.528356,EARLY VOTING; ELECTION DAY; PROVISIONAL,no
2024,Indiana,9,US House,Clark,18019,Clark,0072 WASHINGTON 01,"Timothy ""Tim"" Peck",Democratic,D,266,867,0.306805,EARLY VOTING; ELECTION DAY; PROVISIONAL,no
2024,Indiana,9,US House,Clark,18019,Clark,0072 WASHINGTON 01,"Russell ""Russ"" Brooksbank",Libertarian,L,20,867,0.023068,EARLY VOTING; ELECTION DAY; PROVISIONAL,no
2024,Indiana,9,US House,Clark,18019,Clark,0072 WASHINGTON 01,Erin Houchin,Republican,R,581,867,0.670127,EARLY VOTING; ELECTION DAY; PROVISIONAL,no
2024,Indiana,9,US House,Clark,18019,Clark,0073 WOOD 01,"Timothy ""Tim"" Peck",Democratic,D,82,338,0.242604,EARLY VOTING; ELECTION DAY; PROVISIONAL,no
2024,Indiana,9,US House,Clark,18019,Clark,0073 WOOD 01,"Russell ""Russ"" Brooksbank",Libertarian,L,17,338,0.050296,EARLY VOTING; ELECTION DAY; PROVISIONAL,no
2024,Indiana,9,US House,Clark,18019,Clark,0073 WOOD 01,Erin Houchin,Republican,R,239,338,0.707101,EARLY VOTING; ELECTION DAY; PROVISIONAL,no
2024,Indiana,9,US House,Clark,18019,Clark,0074 WOOD 02,"Timothy ""Tim"" Peck",Democratic,D,168,737,0.227951,EARLY VOTING; ELECTION DAY; PROVISIONAL,no
2024,Indiana,9,US House,Clark,18019,Clark,0074 WOOD 02,"Russell ""Russ"" Brooksbank",Libertarian,L,40,737,0.054274,EARLY VOTING; ELECTION DAY; PROVISIONAL,no
2024,Indiana,9,US House,Clark,18019,Clark,0074 WOOD 02,Erin Houchin,Republican,R,529,737,0.717775,EARLY VOTING; ELECTION DAY; PROVISIONAL,no
2024,Indiana,9,US House,Clark,18019,Clark,0075 WOOD 03,"Timothy ""Tim"" Peck",Democratic,D,71,314,0.226115,EARLY VOTING; ELECTION DAY; PROVISIONAL,no
2024,Indiana,9,US House,Clark,18019,Clark,0075 WOOD 03,"Russell ""Russ"" Brooksbank",Libertarian,L,10,314,0.031847,EARLY VOTING; ELECTION DAY; PROVISIONAL,no
2024,Indiana,9,US House,Clark,18019,Clark,0075 WOOD 03,Erin Houchin,Republican,R,233,314,0.742038,EARLY VOTING; ELECTION DAY; PROVISIONAL,no
2024,Indiana,9,US House,Dearborn,18029,Dearborn,CAESAR CREEK,"Timothy ""Tim"" Peck",Democratic,D,30,162,0.185185,TOTAL,yes
2024,Indiana,9,US House,Dearborn,18029,Dearborn,CAESAR CREEK,"Russell ""Russ"" Brooksbank",Libertarian,L,6,162,0.037037,TOTAL,yes
2024,Indiana,9,US House,Dearborn,18029,Dearborn,CAESAR CREEK,Erin Houchin,Republican,R,126,162,0.777778,TOTAL,yes
2024,Indiana,9,US House,Dearborn,18029,Dearborn,CENTER 1,"Timothy ""Tim"" Peck",Democratic,D,66,215,0.306977,TOTAL,yes
2024,Indiana,9,US House,Dearborn,18029,Dearborn,CENTER 1,"Russell ""Russ"" Brooksbank",Libertarian,L,5,215,0.023256,TOTAL,yes
2024,Indiana,9,US House,Dearborn,18029,Dearborn,CENTER 1,Erin Houchin,Republican,R,144,215,0.669767,TOTAL,yes
2024,Indiana,9,US House,Dearborn,18029,Dearborn,CENTER 2,"Timothy ""Tim"" Peck",Democratic,D,91,361,0.252078,TOTAL,yes
2024,Indiana,9,US House,Dearborn,18029,Dearborn,CENTER 2,"Russell ""Russ"" Brooksbank",Libertarian,L,21,361,0.058172,TOTAL,yes
2024,Indiana,9,US House,Dearborn,18029,Dearborn,CENTER 2,Erin Houchin,Republican,R,249,361,0.689751,TOTAL,yes
2024,Indiana,9,US House,Dearborn,18029,Dearborn,CENTER 3,"Timothy ""Tim"" Peck",Democratic,D,82,366,0.224044,TOTAL,yes
2024,Indiana,9,US House,Dearborn,18029,Dearborn,CENTER 3,"Russell ""Russ"" Brooksbank",Libertarian,L,11,366,0.030055,TOTAL,yes
2024,Indiana,9,US House,Dearborn,18029,Dearborn,CENTER 3,Erin Houchin,Republican,R,273,366,0.745902,TOTAL,yes
2024,Indiana,9,US House,Dearborn,18029,Dearborn,CENTER 4,"Timothy ""Tim"" Peck",Democratic,D,82,353,0.232295,TOTAL,yes
2024,Indiana,9,US House,Dearborn,18029,Dearborn,CENTER 4,"Russell ""Russ"" Brooksbank",Libertarian,L,16,353,0.045326,TOTAL,yes
2024,Indiana,9,US House,Dearborn,18029,Dearborn,CENTER 4,Erin Houchin,Republican,R,255,353,0.72238,TOTAL,yes
2024,Indiana,9,US House,Dearborn,18029,Dearborn,CENTER 5,"Timothy ""Tim"" Peck",Democratic,D,88,439,0.200456,TOTAL,yes
2024,Indiana,9,US House,Dearborn,18029,Dearborn,CENTER 5,"Russell ""Russ"" Brooksbank",Libertarian,L,12,439,0.027335,TOTAL,yes
2024,Indiana,9,US House,Dearborn,18029,Dearborn,CENTER 5,Erin Houchin,Republican,R,339,439,0.77221,TOTAL,yes
2024,Indiana,9,US House,Dearborn,18029,Dearborn,CENTER 6,"Timothy ""Tim"" Peck",Democratic,D,74,384,0.192708,TOTAL,yes
2024,Indiana,9,US House,Dearborn,18029,Dearborn,CENTER 6,"Russell ""Russ"" Brooksbank",Libertarian,L,6,384,0.015625,TOTAL,yes
2024,Indiana,9,US House,Dearborn,18029,Dearborn,CENTER 6,Erin Houchin,Republican,R,304,384,0.791667,TOTAL,yes
2024,Indiana,9,US House,Dearborn,18029,Dearborn,CLAY 1,"Timothy ""Tim"" Peck",Democratic,D,95,490,0.193878,TOTAL,yes
2024,Indiana,9,US House,Dearborn,18029,Dearborn,CLAY 1,"Russell ""Russ"" Brooksbank",Libertarian,L,11,490,0.022449,TOTAL,yes
2024,Indiana,9,US House,Dearborn,18029,Dearborn,CLAY 1,Erin Houchin,Republican,R,384,490,0.783673,TOTAL,yes
2024,Indiana,9,US House,Dearborn,18029,Dearborn,CLAY 2,"Timothy ""Tim"" Peck",Democratic,D,83,395,0.210127,TOTAL,yes
2024,Indiana,9,US House,Dearborn,18029,Dearborn,CLAY 2,"Russell ""Russ"" Brooksbank",Libertarian,L,9,395,0.022785,TOTAL,yes
2024,Indiana,9,US House,Dearborn,18029,Dearborn,CLAY 2,Erin Houchin,Republican,R,303,395,0.767089,TOTAL,yes
2024,Indiana,9,US House,Dearborn,18029,Dearborn,CLAY 3,"Timothy ""Tim"" Peck",Democratic,D,65,469,0.138593,TOTAL,yes
2024,Indiana,9,US House,Dearborn,18029,Dearborn,CLAY 3,"Russell ""Russ"" Brooksbank",Libertarian,L,15,469,0.031983,TOTAL,yes
2024,Indiana,9,US House,Dearborn,18029,Dearborn,CLAY 3,Erin Houchin,Republican,R,389,469,0.829424,TOTAL,yes
2024,Indiana,9,US House,Dearborn,18029,Dearborn,GREENDALE 1,"Timothy ""Tim"" Peck",Democratic,D,146,463,0.315335,TOTAL,yes
2024,Indiana,9,US House,Dearborn,18029,Dearborn,GREENDALE 1,"Russell ""Russ"" Brooksbank",Libertarian,L,9,463,0.019438,TOTAL,yes
2024,Indiana,9,US House,Dearborn,18029,Dearborn,GREENDALE 1,Erin Houchin,Republican,R,308,463,0.665227,TOTAL,yes
2024,Indiana,9,US House,Dearborn,18029,Dearborn,GREENDALE 2,"Timothy ""Tim"" Peck",Democratic,D,154,473,0.325581,TOTAL,yes
2024,Indiana,9,US House,Dearborn,18029,Dearborn,GREENDALE 2,"Russell ""Russ"" Brooksbank",Libertarian,L,14,473,0.029598,TOTAL,yes
2024,Indiana,9,US House,Dearborn,18029,Dearborn,GREENDALE 2,Erin Houchin,Republican,R,305,473,0.64482,TOTAL,yes
2024,Indiana,9,US House,Dearborn,18029,Dearborn,GREENDALE 3,"Timothy ""Tim"" Peck",Democratic,D,150,481,0.31185,TOTAL,yes
2024,Indiana,9,US House,Dearborn,18029,Dearborn,GREENDALE 3,"Russell ""Russ"" Brooksbank",Libertarian,L,18,481,0.037422,TOTAL,yes
2024,Indiana,9,US House,Dearborn,18029,Dearborn,GREENDALE 3,Erin Houchin,Republican,R,313,481,0.650728,TOTAL,yes
2024,Indiana,9,US House,Dearborn,18029,Dearborn,GREENDALE 4,"Timothy ""Tim"" Peck",Democratic,D,134,461,0.290672,TOTAL,yes
2024,Indiana,9,US House,Dearborn,18029,Dearborn,GREENDALE 4,"Russell ""Russ"" Brooksbank",Libertarian,L,14,461,0.030369,TOTAL,yes
2024,Indiana,9,US House,Dearborn,18029,Dearborn,GREENDALE 4,Erin Houchin,Republican,R,313,461,0.678959,TOTAL,yes
2024,Indiana,9,US House,Dearborn,18029,Dearborn,GREENDALE 5,"Timothy ""Tim"" Peck",Democratic,D,107,494,0.216599,TOTAL,yes
2024,Indiana,9,US House,Dearborn,18029,Dearborn,GREENDALE 5,"Russell ""Russ"" Brooksbank",Libertarian,L,19,494,0.038462,TOTAL,yes
2024,Indiana,9,US House,Dearborn,18029,Dearborn,GREENDALE 5,Erin Houchin,Republican,R,368,494,0.744939,TOTAL,yes
2024,Indiana,9,US House,Dearborn,18029,Dearborn,HARRISON 1,"Timothy ""Tim"" Peck",Democratic,D,12,67,0.179104,TOTAL,yes
2024,Indiana,9,US House,Dearborn,18029,Dearborn,HARRISON 1,"Russell ""Russ"" Brooksbank",Libertarian,L,1,67,0.014925,TOTAL,yes
2024,Indiana,9,US House,Dearborn,18029,Dearborn,HARRISON 1,Erin Houchin,Republican,R,54,67,0.80597,TOTAL,yes
2024,Indiana,9,US House,Dearborn,18029,Dearborn,HARRISON 2,"Timothy ""Tim"" Peck",Democratic,D,123,810,0.151852,TOTAL,yes
2024,Indiana,9,US House,Dearborn,18029,Dearborn,HARRISON 2,"Russell ""Russ"" Brooksbank",Libertarian,L,16,810,0.019753,TOTAL,yes
2024,Indiana,9,US House,Dearborn,18029,Dearborn,HARRISON 2,Erin Houchin,Republican,R,671,810,0.828395,TOTAL,yes
2024,Indiana,9,US House,Dearborn,18029,Dearborn,HARRISON 3,"Timothy ""Tim"" Peck",Democratic,D,122,910,0.134066,TOTAL,yes
2024,Indiana,9,US House,Dearborn,18029,Dearborn,HARRISON 3,"Russell ""Russ"" Brooksbank",Libertarian,L,19,910,0.020879,TOTAL,yes
2024,Indiana,9,US House,Dearborn,18029,Dearborn,HARRISON 3,Erin Houchin,Republican,R,769,910,0.845055,TOTAL,yes
2024,Indiana,9,US House,Dearborn,18029,Dearborn,HOGAN,"Timothy ""Tim"" Peck",Democratic,D,101,585,0.17265,TOTAL,yes
2024,Indiana,9,US House,Dearborn,18029,Dearborn,HOGAN,"Russell ""Russ"" Brooksbank",Libertarian,L,13,585,0.022222,TOTAL,yes
2024,Indiana,9,US House,Dearborn,18029,Dearborn,HOGAN,Erin Houchin,Republican,R,471,585,0.805128,TOTAL,yes
2024,Indiana,9,US House,Dearborn,18029,Dearborn,JACKSON 1,"Timothy ""Tim"" Peck",Democratic,D,122,987,0.123607,TOTAL,yes
2024,Indiana,9,US House,Dearborn,18029,Dearborn,JACKSON 1,"Russell ""Russ"" Brooksbank",Libertarian,L,27,987,0.027356,TOTAL,yes
2024,Indiana,9,US House,Dearborn,18029,Dearborn,JACKSON 1,Erin Houchin,Republican,R,838,987,0.849037,TOTAL,yes
2024,Indiana,9,US House,Dearborn,18029,Dearborn,KELSO 1,"Timothy ""Tim"" Peck",Democratic,D,40,359,0.111421,TOTAL,yes
2024,Indiana,9,US House,Dearborn,18029,Dearborn,KELSO 1,"Russell ""Russ"" Brooksbank",Libertarian,L,6,359,0.016713,TOTAL,yes
2024,Indiana,9,US House,Dearborn,18029,Dearborn,KELSO 1,Erin Houchin,Republican,R,313,359,0.871866,TOTAL,yes
2024,Indiana,9,US House,Dearborn,18029,Dearborn,KELSO 2,"Timothy ""Tim"" Peck",Democratic,D,65,432,0.150463,TOTAL,yes
2024,Indiana,9,US House,Dearborn,18029,Dearborn,KELSO 2,"Russell ""Russ"" Brooksbank",Libertarian,L,7,432,0.016204,TOTAL,yes
2024,Indiana,9,US House,Dearborn,18029,Dearborn,KELSO 2,Erin Houchin,Republican,R,360,432,0.833333,TOTAL,yes
2024,Indiana,9,US House,Dearborn,18029,Dearborn,KELSO 3,"Timothy ""Tim"" Peck",Democratic,D,85,684,0.124269,TOTAL,yes
2024,Indiana,9,US House,Dearborn,18029,Dearborn,KELSO 3,"Russell ""Russ"" Brooksbank",Libertarian,L,12,684,0.017544,TOTAL,yes
2024,Indiana,9,US House,Dearborn,18029,Dearborn,KELSO 3,Erin Houchin,Republican,R,587,684,0.858187,TOTAL,yes
2024,Indiana,9,US House,Dearborn,18029,Dearborn,LAWRENCEBURG 01,"Timothy ""Tim"" Peck",Democratic,D,159,496,0.320565,TOTAL,yes
2024,Indiana,9,US House,Dearborn,18029,Dearborn,LAWRENCEBURG 01,"Russell ""Russ"" Brooksbank",Libertarian,L,24,496,0.048387,TOTAL,yes
2024,Indiana,9,US House,Dearborn,18029,Dearborn,LAWRENCEBURG 01,Erin Houchin,Republican,R,313,496,0.631048,TOTAL,yes
2024,Indiana,9,US House,Dearborn,18029,Dearborn,LAWRENCEBURG 02,"Timothy ""Tim"" Peck",Democratic,D,112,352,0.318182,TOTAL,yes
2024,Indiana,9,US House,Dearborn,18029,Dearborn,LAWRENCEBURG 02,"Russell ""Russ"" Brooksbank",Libertarian,L,11,352,0.03125,TOTAL,yes
2024,Indiana,9,US House,Dearborn,18029,Dearborn,LAWRENCEBURG 02,Erin Houchin,Republican,R,229,352,0.650568,TOTAL,yes
2024,Indiana,9,US House,Dearborn,18029,Dearborn,LAWRENCEBURG 03,"Timothy ""Tim"" Peck",Democratic,D,133,673,0.197623,TOTAL,yes
2024,Indiana,9,US House,Dearborn,18029,Dearborn,LAWRENCEBURG 03,"Russell ""Russ"" Brooksbank",Libertarian,L,7,673,0.010401,TOTAL,yes
2024,Indiana,9,US House,Dearborn,18029,Dearborn,LAWRENCEBURG 03,Erin Houchin,Republican,R,533,673,0.791976,TOTAL,yes
2024,Indiana,9,US House,Dearborn,18029,Dearborn,LAWRENCEBURG 04,"Timothy ""Tim"" Peck",Democratic,D,144,500,0.288,TOTAL,yes
2024,Indiana,9,US House,Dearborn,18029,Dearborn,LAWRENCEBURG 04,"Russell ""Russ"" Brooksbank",Libertarian,L,9,500,0.018,TOTAL,yes
2024,Indiana,9,US House,Dearborn,18029,Dearborn,LAWRENCEBURG 04,Erin Houchin,Republican,R,347,500,0.694,TOTAL,yes
2024,Indiana,9,US House,Dearborn,18029,Dearborn,LAWRENCEBURG 08,"Timothy ""Tim"" Peck",Democratic,D,64,257,0.249027,TOTAL,yes
2024,Indiana,9,US House,Dearborn,18029,Dearborn,LAWRENCEBURG 08,"Russell ""Russ"" Brooksbank",Libertarian,L,6,257,0.023346,TOTAL,yes
2024,Indiana,9,US House,Dearborn,18029,Dearborn,LAWRENCEBURG 08,Erin Houchin,Republican,R,187,257,0.727626,TOTAL,yes
2024,Indiana,9,US House,Dearborn,18029,Dearborn,LAWRENCEBURG 09,"Timothy ""Tim"" Peck",Democratic,D,100,571,0.175131,TOTAL,yes
2024,Indiana,9,US House,Dearborn,18029,Dearborn,LAWRENCEBURG 09,"Russell ""Russ"" Brooksbank",Libertarian,L,17,571,0.029772,TOTAL,yes
2024,Indiana,9,US House,Dearborn,18029,Dearborn,LAWRENCEBURG 09,Erin Houchin,Republican,R,454,571,0.795096,TOTAL,yes
2024,Indiana,9,US House,Dearborn,18029,Dearborn,LOGAN 1,"Timothy ""Tim"" Peck",Democratic,D,156,1261,0.123711,TOTAL,yes
2024,Indiana,9,US House,Dearborn,18029,Dearborn,LOGAN 1,"Russell ""Russ"" Brooksbank",Libertarian,L,26,1261,0.020619,TOTAL,yes
2024,Indiana,9,US House,Dearborn,18029,Dearborn,LOGAN 1,Erin Houchin,Republican,R,1079,1261,0.85567,TOTAL,yes
2024,Indiana,9,US House,Dearborn,18029,Dearborn,LOGAN 2,"Timothy ""Tim"" Peck",Democratic,D,128,1074,0.119181,TOTAL,yes
2024,Indiana,9,US House,Dearborn,18029,Dearborn,LOGAN 2,"Russell ""Russ"" Brooksbank",Libertarian,L,26,1074,0.024209,TOTAL,yes
2024,Indiana,9,US House,Dearborn,18029,Dearborn,LOGAN 2,Erin Houchin,Republican,R,920,1074,0.856611,TOTAL,yes
2024,Indiana,9,US House,Dearborn,18029,Dearborn,MANCHESTER 1,"Timothy ""Tim"" Peck",Democratic,D,127,783,0.162197,TOTAL,yes
2024,Indiana,9,US House,Dearborn,18029,Dearborn,MANCHESTER 1,"Russell ""Russ"" Brooksbank",Libertarian,L,17,783,0.021711,TOTAL,yes
2024,Indiana,9,US House,Dearborn,18029,Dearborn,MANCHESTER 1,Erin Houchin,Republican,R,639,783,0.816092,TOTAL,yes
2024,Indiana,9,US House,Dearborn,18029,Dearborn,MANCHESTER 2,"Timothy ""Tim"" Peck",Democratic,D,136,956,0.142259,TOTAL,yes
2024,Indiana,9,US House,Dearborn,18029,Dearborn,MANCHESTER 2,"Russell ""Russ"" Brooksbank",Libertarian,L,17,956,0.017782,TOTAL,yes
2024,Indiana,9,US House,Dearborn,18029,Dearborn,MANCHESTER 2,Erin Houchin,Republican,R,803,956,0.839958,TOTAL,yes
2024,Indiana,9,US House,Dearborn,18029,Dearborn,MILLER 1,"Timothy ""Tim"" Peck",Democratic,D,146,885,0.164972,TOTAL,yes
2024,Indiana,9,US House,Dearborn,18029,Dearborn,MILLER 1,"Russell ""Russ"" Brooksbank",Libertarian,L,24,885,0.027119,TOTAL,yes
2024,Indiana,9,US House,Dearborn,18029,Dearborn,MILLER 1,Erin Houchin,Republican,R,715,885,0.80791,TOTAL,yes
2024,Indiana,9,US House,Dearborn,18029,Dearborn,MILLER 2,"Timothy ""Tim"" Peck",Democratic,D,142,837,0.169654,TOTAL,yes
2024,Indiana,9,US House,Dearborn,18029,Dearborn,MILLER 2,"Russell ""Russ"" Brooksbank",Libertarian,L,20,837,0.023895,TOTAL,yes
2024,Indiana,9,US House,Dearborn,18029,Dearborn,MILLER 2,Erin Houchin,Republican,R,675,837,0.806452,TOTAL,yes
2024,Indiana,9,US House,Dearborn,18029,Dearborn,MILLER 3,"Timothy ""Tim"" Peck",Democratic,D,196,896,0.21875,TOTAL,yes
2024,Indiana,9,US House,Dearborn,18029,Dearborn,MILLER 3,"Russell ""Russ"" Brooksbank",Libertarian,L,24,896,0.026786,TOTAL,yes
2024,Indiana,9,US House,Dearborn,18029,Dearborn,MILLER 3,Erin Houchin,Republican,R,676,896,0.754464,TOTAL,yes
2024,Indiana,9,US House,Dearborn,18029,Dearborn,MILLER 4,"Timothy ""Tim"" Peck",Democratic,D,110,854,0.128806,TOTAL,yes
2024,Indiana,9,US House,Dearborn,18029,Dearborn,MILLER 4,"Russell ""Russ"" Brooksbank",Libertarian,L,20,854,0.023419,TOTAL,yes
2024,Indiana,9,US House,Dearborn,18029,Dearborn,MILLER 4,Erin Houchin,Republican,R,724,854,0.847775,TOTAL,yes
2024,Indiana,9,US House,Dearborn,18029,Dearborn,MILLER 5,"Timothy ""Tim"" Peck",Democratic,D,69,610,0.113115,TOTAL,yes
2024,Indiana,9,US House,Dearborn,18029,Dearborn,MILLER 5,"Russell ""Russ"" Brooksbank",Libertarian,L,23,610,0.037705,TOTAL,yes
2024,Indiana,9,US House,Dearborn,18029,Dearborn,MILLER 5,Erin Houchin,Republican,R,518,610,0.84918,TOTAL,yes
2024,Indiana,9,US House,Dearborn,18029,Dearborn,MILLER 6,"Timothy ""Tim"" Peck",Democratic,D,201,1013,0.198421,TOTAL,yes
2024,Indiana,9,US House,Dearborn,18029,Dearborn,MILLER 6,"Russell ""Russ"" Brooksbank",Libertarian,L,20,1013,0.019743,TOTAL,yes
2024,Indiana,9,US House,Dearborn,18029,Dearborn,MILLER 6,Erin Houchin,Republican,R,792,1013,0.781836,TOTAL,yes
2024,Indiana,9,US House,Dearborn,18029,Dearborn,MILLER 7,"Timothy ""Tim"" Peck",Democratic,D,142,749,0.189586,TOTAL,yes
2024,Indiana,9,US House,Dearborn,18029,Dearborn,MILLER 7,"Russell ""Russ"" Brooksbank",Libertarian,L,26,749,0.034713,TOTAL,yes
2024,Indiana,9,US House,Dearborn,18029,Dearborn,MILLER 7,Erin Houchin,Republican,R,581,749,0.775701,TOTAL,yes
2024,Indiana,9,US House,Dearborn,18029,Dearborn,SPARTA 1,"Timothy ""Tim"" Peck",Democratic,D,50,236,0.211864,TOTAL,yes
2024,Indiana,9,US House,Dearborn,18029,Dearborn,SPARTA 1,"Russell ""Russ"" Brooksbank",Libertarian,L,11,236,0.04661,TOTAL,yes
2024,Indiana,9,US House,Dearborn,18029,Dearborn,SPARTA 1,Erin Houchin,Republican,R,175,236,0.741525,TOTAL,yes
2024,Indiana,9,US House,Dearborn,18029,Dearborn,SPARTA 2,"Timothy ""Tim"" Peck",Democratic,D,121,720,0.168056,TOTAL,yes
2024,Indiana,9,US House,Dearborn,18029,Dearborn,SPARTA 2,"Russell ""Russ"" Brooksbank",Libertarian,L,18,720,0.025,TOTAL,yes
2024,Indiana,9,US House,Dearborn,18029,Dearborn,SPARTA 2,Erin Houchin,Republican,R,581,720,0.806944,TOTAL,yes
2024,Indiana,9,US House,Dearborn,18029,Dearborn,SPARTA 3,"Timothy ""Tim"" Peck",Democratic,D,56,400,0.14,TOTAL,yes
2024,Indiana,9,US House,Dearborn,18029,Dearborn,SPARTA 3,"Russell ""Russ"" Brooksbank",Libertarian,L,12,400,0.03,TOTAL,yes
2024,Indiana,9,US House,Dearborn,18029,Dearborn,SPARTA 3,Erin Houchin,Republican,R,332,400,0.83,TOTAL,yes
2024,Indiana,9,US House,Dearborn,18029,Dearborn,WASHINGTON 1,"Timothy ""Tim"" Peck",Democratic,D,168,766,0.219321,TOTAL,yes
2024,Indiana,9,US House,Dearborn,18029,Dearborn,WASHINGTON 1,"Russell ""Russ"" Brooksbank",Libertarian,L,25,766,0.032637,TOTAL,yes
2024,Indiana,9,US House,Dearborn,18029,Dearborn,WASHINGTON 1,Erin Houchin,Republican,R,573,766,0.748042,TOTAL,yes
2024,Indiana,9,US House,Dearborn,18029,Dearborn,YORK 1,"Timothy ""Tim"" Peck",Democratic,D,107,648,0.165123,TOTAL,yes
2024,Indiana,9,US House,Dearborn,18029,Dearborn,YORK 1,"Russell ""Russ"" Brooksbank",Libertarian,L,10,648,0.015432,TOTAL,yes
2024,Indiana,9,US House,Dearborn,18029,Dearborn,YORK 1,Erin Houchin,Republican,R,531,648,0.819444,TOTAL,yes
2024,Indiana,9,US House,Decatur,18031,Decatur,ADAMS TOWNSHIP,"Timothy ""Tim"" Peck",Democratic,D,110,609,0.180624,TOTAL,yes
2024,Indiana,9,US House,Decatur,18031,Decatur,ADAMS TOWNSHIP,"Russell ""Russ"" Brooksbank",Libertarian,L,26,609,0.042693,TOTAL,yes
2024,Indiana,9,US House,Decatur,18031,Decatur,ADAMS TOWNSHIP,Erin Houchin,Republican,R,473,609,0.776683,TOTAL,yes
2024,Indiana,9,US House,Decatur,18031,Decatur,CLAY TOWNSHIP,"Timothy ""Tim"" Peck",Democratic,D,71,556,0.127698,TOTAL,yes
2024,Indiana,9,US House,Decatur,18031,Decatur,CLAY TOWNSHIP,"Russell ""Russ"" Brooksbank",Libertarian,L,20,556,0.035971,TOTAL,yes
2024,Indiana,9,US House,Decatur,18031,Decatur,CLAY TOWNSHIP,Erin Houchin,Republican,R,465,556,0.836331,TOTAL,yes
2024,Indiana,9,US House,Decatur,18031,Decatur,CLINTON TOWNSHIP,"Timothy ""Tim"" Peck",Democratic,D,27,256,0.105469,TOTAL,yes
2024,Indiana,9,US House,Decatur,18031,Decatur,CLINTON TOWNSHIP,"Russell ""Russ"" Brooksbank",Libertarian,L,5,256,0.019531,TOTAL,yes
2024,Indiana,9,US House,Decatur,18031,Decatur,CLINTON TOWNSHIP,Erin Houchin,Republican,R,224,256,0.875,TOTAL,yes
2024,Indiana,9,US House,Decatur,18031,Decatur,FUGIT TOWNSHIP,"Timothy ""Tim"" Peck",Democratic,D,183,1072,0.170709,TOTAL,yes
2024,Indiana,9,US House,Decatur,18031,Decatur,FUGIT TOWNSHIP,"Russell ""Russ"" Brooksbank",Libertarian,L,24,1072,0.022388,TOTAL,yes
2024,Indiana,9,US House,Decatur,18031,Decatur,FUGIT TOWNSHIP,Erin Houchin,Republican,R,865,1072,0.806903,TOTAL,yes
2024,Indiana,9,US House,Decatur,18031,Decatur,GREENSBURG 01,"Timothy ""Tim"" Peck",Democratic,D,147,609,0.241379,TOTAL,yes
2024,Indiana,9,US House,Decatur,18031,Decatur,GREENSBURG 01,"Russell ""Russ"" Brooksbank",Libertarian,L,23,609,0.037767,TOTAL,yes
2024,Indiana,9,US House,Decatur,18031,Decatur,GREENSBURG 01,Erin Houchin,Republican,R,439,609,0.720854,TOTAL,yes
2024,Indiana,9,US House,Decatur,18031,Decatur,GREENSBURG 02,"Timothy ""Tim"" Peck",Democratic,D,140,553,0.253165,TOTAL,yes
2024,Indiana,9,US House,Decatur,18031,Decatur,GREENSBURG 02,"Russell ""Russ"" Brooksbank",Libertarian,L,14,553,0.025316,TOTAL,yes
2024,Indiana,9,US House,Decatur,18031,Decatur,GREENSBURG 02,Erin Houchin,Republican,R,399,553,0.721519,TOTAL,yes
2024,Indiana,9,US House,Decatur,18031,Decatur,GREENSBURG 03,"Timothy ""Tim"" Peck",Democratic,D,126,466,0.270386,TOTAL,yes
2024,Indiana,9,US House,Decatur,18031,Decatur,GREENSBURG 03,"Russell ""Russ"" Brooksbank",Libertarian,L,12,466,0.025751,TOTAL,yes
2024,Indiana,9,US House,Decatur,18031,Decatur,GREENSBURG 03,Erin Houchin,Republican,R,328,466,0.703863,TOTAL,yes
2024,Indiana,9,US House,Decatur,18031,Decatur,GREENSBURG 04,"Timothy ""Tim"" Peck",Democratic,D,167,842,0.198337,TOTAL,yes
2024,Indiana,9,US House,Decatur,18031,Decatur,GREENSBURG 04,"Russell ""Russ"" Brooksbank",Libertarian,L,20,842,0.023753,TOTAL,yes
2024,Indiana,9,US House,Decatur,18031,Decatur,GREENSBURG 04,Erin Houchin,Republican,R,655,842,0.77791,TOTAL,yes
2024,Indiana,9,US House,Decatur,18031,Decatur,GREENSBURG 05,"Timothy ""Tim"" Peck",Democratic,D,119,573,0.207679,TOTAL,yes
2024,Indiana,9,US House,Decatur,18031,Decatur,GREENSBURG 05,"Russell ""Russ"" Brooksbank",Libertarian,L,26,573,0.045375,TOTAL,yes
2024,Indiana,9,US House,Decatur,18031,Decatur,GREENSBURG 05,Erin Houchin,Republican,R,428,573,0.746946,TOTAL,yes
2024,Indiana,9,US House,Decatur,18031,Decatur,GREENSBURG 06,"Timothy ""Tim"" Peck",Democratic,D,87,351,0.247863,TOTAL,yes
2024,Indiana,9,US House,Decatur,18031,Decatur,GREENSBURG 06,"Russell ""Russ"" Brooksbank",Libertarian,L,15,351,0.042735,TOTAL,yes
2024,Indiana,9,US House,Decatur,18031,Decatur,GREENSBURG 06,Erin Houchin,Republican,R,249,351,0.709402,TOTAL,yes
2024,Indiana,9,US House,Decatur,18031,Decatur,GREENSBURG 07,"Timothy ""Tim"" Peck",Democratic,D,138,657,0.210046,TOTAL,yes
2024,Indiana,9,US House,Decatur,18031,Decatur,GREENSBURG 07,"Russell ""Russ"" Brooksbank",Libertarian,L,27,657,0.041096,TOTAL,yes
2024,Indiana,9,US House,Decatur,18031,Decatur,GREENSBURG 07,Erin Houchin,Republican,R,492,657,0.748858,TOTAL,yes
2024,Indiana,9,US House,Decatur,18031,Decatur,GREENSBURG 07 / ADAMS (NV),"Timothy ""Tim"" Peck",Democratic,D,0,0,,TOTAL,yes
2024,Indiana,9,US House,Decatur,18031,Decatur,GREENSBURG 07 / ADAMS (NV),"Russell ""Russ"" Brooksbank",Libertarian,L,0,0,,TOTAL,yes
2024,Indiana,9,US House,Decatur,18031,Decatur,GREENSBURG 07 / ADAMS (NV),Erin Houchin,Republican,R,0,0,,TOTAL,yes
2024,Indiana,9,US House,Decatur,18031,Decatur,GREENSBURG 07 / CLAY (NV),"Timothy ""Tim"" Peck",Democratic,D,0,0,,TOTAL,yes
2024,Indiana,9,US House,Decatur,18031,Decatur,GREENSBURG 07 / CLAY (NV),"Russell ""Russ"" Brooksbank",Libertarian,L,0,0,,TOTAL,yes
2024,Indiana,9,US House,Decatur,18031,Decatur,GREENSBURG 07 / CLAY (NV),Erin Houchin,Republican,R,0,0,,TOTAL,yes
2024,Indiana,9,US House,Decatur,18031,Decatur,GREENSBURG 08,"Timothy ""Tim"" Peck",Democratic,D,116,549,0.211293,TOTAL,yes
2024,Indiana,9,US House,Decatur,18031,Decatur,GREENSBURG 08,"Russell ""Russ"" Brooksbank",Libertarian,L,21,549,0.038251,TOTAL,yes
2024,Indiana,9,US House,Decatur,18031,Decatur,GREENSBURG 08,Erin Houchin,Republican,R,412,549,0.750455,TOTAL,yes
2024,Indiana,9,US House,Decatur,18031,Decatur,JACKSON TOWNSHIP,"Timothy ""Tim"" Peck",Democratic,D,65,492,0.132114,TOTAL,yes
2024,Indiana,9,US House,Decatur,18031,Decatur,JACKSON TOWNSHIP,"Russell ""Russ"" Brooksbank",Libertarian,L,29,492,0.058943,TOTAL,yes
2024,Indiana,9,US House,Decatur,18031,Decatur,JACKSON TOWNSHIP,Erin Houchin,Republican,R,398,492,0.808943,TOTAL,yes
2024,Indiana,9,US House,Decatur,18031,Decatur,MARION TOWNSHIP,"Timothy ""Tim"" Peck",Democratic,D,99,913,0.108434,TOTAL,yes
2024,Indiana,9,US House,Decatur,18031,Decatur,MARION TOWNSHIP,"Russell ""Russ"" Brooksbank",Libertarian,L,27,913,0.029573,TOTAL,yes
2024,Indiana,9,US House,Decatur,18031,Decatur,MARION TOWNSHIP,Erin Houchin,Republican,R,787,913,0.861993,TOTAL,yes
2024,Indiana,9,US House,Decatur,18031,Decatur,SALTCREEK TOWNSHIP,"Timothy ""Tim"" Peck",Democratic,D,69,625,0.1104,TOTAL,yes
2024,Indiana,9,US House,Decatur,18031,Decatur,SALTCREEK TOWNSHIP,"Russell ""Russ"" Brooksbank",Libertarian,L,20,625,0.032,TOTAL,yes
2024,Indiana,9,US House,Decatur,18031,Decatur,SALTCREEK TOWNSHIP,Erin Houchin,Republican,R,536,625,0.8576,TOTAL,yes
2024,Indiana,9,US House,Decatur,18031,Decatur,SANDCREEK NORTH,"Timothy ""Tim"" Peck",Democratic,D,45,418,0.107656,TOTAL,yes
2024,Indiana,9,US House,Decatur,18031,Decatur,SANDCREEK NORTH,"Russell ""Russ"" Brooksbank",Libertarian,L,12,418,0.028708,TOTAL,yes
2024,Indiana,9,US House,Decatur,18031,Decatur,SANDCREEK NORTH,Erin Houchin,Republican,R,361,418,0.863636,TOTAL,yes
2024,Indiana,9,US House,Decatur,18031,Decatur,SANDCREEK SOUTH,"Timothy ""Tim"" Peck",Democratic,D,60,400,0.15,TOTAL,yes
2024,Indiana,9,US House,Decatur,18031,Decatur,SANDCREEK SOUTH,"Russell ""Russ"" Brooksbank",Libertarian,L,14,400,0.035,TOTAL,yes
2024,Indiana,9,US House,Decatur,18031,Decatur,SANDCREEK SOUTH,Erin Houchin,Republican,R,326,400,0.815,TOTAL,yes
2024,Indiana,9,US House,Decatur,18031,Decatur,ST. PAUL,"Timothy ""Tim"" Peck",Democratic,D,54,239,0.225941,TOTAL,yes
2024,Indiana,9,US House,Decatur,18031,Decatur,ST. PAUL,"Russell ""Russ"" Brooksbank",Libertarian,L,11,239,0.046025,TOTAL,yes
2024,Indiana,9,US House,Decatur,18031,Decatur,ST. PAUL,Erin Houchin,Republican,R,174,239,0.728033,TOTAL,yes
2024,Indiana,9,US House,Decatur,18031,Decatur,WASHINGTON TOWNSHIP,"Timothy ""Tim"" Peck",Democratic,D,154,957,0.16092,TOTAL,yes
2024,Indiana,9,US House,Decatur,18031,Decatur,WASHINGTON TOWNSHIP,"Russell ""Russ"" Brooksbank",Libertarian,L,28,957,0.029258,TOTAL,yes
2024,Indiana,9,US House,Decatur,18031,Decatur,WASHINGTON TOWNSHIP,Erin Houchin,Republican,R,775,957,0.809822,TOTAL,yes
2024,Indiana,9,US House,Decatur,18031,Decatur,WESTPORT,"Timothy ""Tim"" Peck",Democratic,D,92,526,0.174905,TOTAL,yes
2024,Indiana,9,US House,Decatur,18031,Decatur,WESTPORT,"Russell ""Russ"" Brooksbank",Libertarian,L,19,526,0.036122,TOTAL,yes
2024,Indiana,9,US House,Decatur,18031,Decatur,WESTPORT,Erin Houchin,Republican,R,415,526,0.788973,TOTAL,yes
2024,Indiana,9,US House,Floyd,18043,Floyd,Franklin - 1,"Timothy ""Tim"" Peck",Democratic,D,213,742,0.287062,ABSENTEE; EARLY VOTING; ELECTION DAY; PROVISIONAL,no
2024,Indiana,9,US House,Floyd,18043,Floyd,Franklin - 1,"Russell ""Russ"" Brooksbank",Libertarian,L,20,742,0.026954,ABSENTEE; EARLY VOTING; ELECTION DAY; PROVISIONAL,no
2024,Indiana,9,US House,Floyd,18043,Floyd,Franklin - 1,Erin Houchin,Republican,R,509,742,0.685984,ABSENTEE; EARLY VOTING; ELECTION DAY; PROVISIONAL,no
2024,Indiana,9,US House,Floyd,18043,Floyd,Georgetown - 1,"Timothy ""Tim"" Peck",Democratic,D,313,933,0.335477,ABSENTEE; EARLY VOTING; ELECTION DAY; PROVISIONAL,no
2024,Indiana,9,US House,Floyd,18043,Floyd,Georgetown - 1,"Russell ""Russ"" Brooksbank",Libertarian,L,26,933,0.027867,ABSENTEE; EARLY VOTING; ELECTION DAY; PROVISIONAL,no
2024,Indiana,9,US House,Floyd,18043,Floyd,Georgetown - 1,Erin Houchin,Republican,R,594,933,0.636656,ABSENTEE; EARLY VOTING; ELECTION DAY; PROVISIONAL,no
2024,Indiana,9,US House,Floyd,18043,Floyd,Georgetown - 2,"Timothy ""Tim"" Peck",Democratic,D,339,1077,0.314763,ABSENTEE; EARLY VOTING; ELECTION DAY; PROVISIONAL,no
2024,Indiana,9,US House,Floyd,18043,Floyd,Georgetown - 2,"Russell ""Russ"" Brooksbank",Libertarian,L,29,1077,0.026927,ABSENTEE; EARLY VOTING; ELECTION DAY; PROVISIONAL,no
2024,Indiana,9,US House,Floyd,18043,Floyd,Georgetown - 2,Erin Houchin,Republican,R,709,1077,0.65831,ABSENTEE; EARLY VOTING; ELECTION DAY; PROVISIONAL,no
2024,Indiana,9,US House,Floyd,18043,Floyd,Georgetown - 3,"Timothy ""Tim"" Peck",Democratic,D,320,1029,0.310982,ABSENTEE; EARLY VOTING; ELECTION DAY; PROVISIONAL,no
2024,Indiana,9,US House,Floyd,18043,Floyd,Georgetown - 3,"Russell ""Russ"" Brooksbank",Libertarian,L,12,1029,0.011662,ABSENTEE; EARLY VOTING; ELECTION DAY; PROVISIONAL,no
2024,Indiana,9,US House,Floyd,18043,Floyd,Georgetown - 3,Erin Houchin,Republican,R,697,1029,0.677357,ABSENTEE; EARLY VOTING; ELECTION DAY; PROVISIONAL,no
2024,Indiana,9,US House,Floyd,18043,Floyd,Georgetown - 4,"Timothy ""Tim"" Peck",Democratic,D,363,1304,0.278374,ABSENTEE; EARLY VOTING; ELECTION DAY; PROVISIONAL,no
2024,Indiana,9,US House,Floyd,18043,Floyd,Georgetown - 4,"Russell ""Russ"" Brooksbank",Libertarian,L,30,1304,0.023006,ABSENTEE; EARLY VOTING; ELECTION DAY; PROVISIONAL,no
2024,Indiana,9,US House,Floyd,18043,Floyd,Georgetown - 4,Erin Houchin,Republican,R,911,1304,0.69862,ABSENTEE; EARLY VOTING; ELECTION DAY; PROVISIONAL,no
2024,Indiana,9,US House,Floyd,18043,Floyd,Georgetown - 5,"Timothy ""Tim"" Peck",Democratic,D,365,1173,0.311168,ABSENTEE; EARLY VOTING; ELECTION DAY; PROVISIONAL,no
2024,Indiana,9,US House,Floyd,18043,Floyd,Georgetown - 5,"Russell ""Russ"" Brooksbank",Libertarian,L,33,1173,0.028133,ABSENTEE; EARLY VOTING; ELECTION DAY; PROVISIONAL,no
2024,Indiana,9,US House,Floyd,18043,Floyd,Georgetown - 5,Erin Houchin,Republican,R,775,1173,0.660699,ABSENTEE; EARLY VOTING; ELECTION DAY; PROVISIONAL,no
2024,Indiana,9,US House,Floyd,18043,Floyd,Georgetown - 6,"Timothy ""Tim"" Peck",Democratic,D,230,751,0.306258,ABSENTEE; EARLY VOTING; ELECTION DAY; PROVISIONAL,no
2024,Indiana,9,US House,Floyd,18043,Floyd,Georgetown - 6,"Russell ""Russ"" Brooksbank",Libertarian,L,27,751,0.035952,ABSENTEE; EARLY VOTING; ELECTION DAY; PROVISIONAL,no
2024,Indiana,9,US House,Floyd,18043,Floyd,Georgetown - 6,Erin Houchin,Republican,R,494,751,0.65779,ABSENTEE; EARLY VOTING; ELECTION DAY; PROVISIONAL,no
2024,Indiana,9,US House,Floyd,18043,Floyd,Georgetown - 7,"Timothy ""Tim"" Peck",Democratic,D,170,626,0.271565,ABSENTEE; EARLY VOTING; ELECTION DAY; PROVISIONAL,no
2024,Indiana,9,US House,Floyd,18043,Floyd,Georgetown - 7,"Russell ""Russ"" Brooksbank",Libertarian,L,10,626,0.015974,ABSENTEE; EARLY VOTING; ELECTION DAY; PROVISIONAL,no
2024,Indiana,9,US House,Floyd,18043,Floyd,Georgetown - 7,Erin Houchin,Republican,R,446,626,0.71246,ABSENTEE; EARLY VOTING; ELECTION DAY; PROVISIONAL,no
2024,Indiana,9,US House,Floyd,18043,Floyd,Greenville - 1,"Timothy ""Tim"" Peck",Democratic,D,253,919,0.275299,ABSENTEE; EARLY VOTING; ELECTION DAY; PROVISIONAL,no
2024,Indiana,9,US House,Floyd,18043,Floyd,Greenville - 1,"Russell ""Russ"" Brooksbank",Libertarian,L,17,919,0.018498,ABSENTEE; EARLY VOTING; ELECTION DAY; PROVISIONAL,no
2024,Indiana,9,US House,Floyd,18043,Floyd,Greenville - 1,Erin Houchin,Republican,R,649,919,0.706202,ABSENTEE; EARLY VOTING; ELECTION DAY; PROVISIONAL,no
2024,Indiana,9,US House,Floyd,18043,Floyd,Greenville - 2,"Timothy ""Tim"" Peck",Democratic,D,247,816,0.302696,ABSENTEE; EARLY VOTING; ELECTION DAY; PROVISIONAL,no
2024,Indiana,9,US House,Floyd,18043,Floyd,Greenville - 2,"Russell ""Russ"" Brooksbank",Libertarian,L,18,816,0.022059,ABSENTEE; EARLY VOTING; ELECTION DAY; PROVISIONAL,no
2024,Indiana,9,US House,Floyd,18043,Floyd,Greenville - 2,Erin Houchin,Republican,R,551,816,0.675245,ABSENTEE; EARLY VOTING; ELECTION DAY; PROVISIONAL,no
2024,Indiana,9,US House,Floyd,18043,Floyd,Greenville - 3,"Timothy ""Tim"" Peck",Democratic,D,182,679,0.268041,ABSENTEE; EARLY VOTING; ELECTION DAY; PROVISIONAL,no
2024,Indiana,9,US House,Floyd,18043,Floyd,Greenville - 3,"Russell ""Russ"" Brooksbank",Libertarian,L,14,679,0.020619,ABSENTEE; EARLY VOTING; ELECTION DAY; PROVISIONAL,no
2024,Indiana,9,US House,Floyd,18043,Floyd,Greenville - 3,Erin Houchin,Republican,R,483,679,0.71134,ABSENTEE; EARLY VOTING; ELECTION DAY; PROVISIONAL,no
2024,Indiana,9,US House,Floyd,18043,Floyd,Greenville - 4,"Timothy ""Tim"" Peck",Democratic,D,283,879,0.321957,ABSENTEE; EARLY VOTING; ELECTION DAY; PROVISIONAL,no
2024,Indiana,9,US House,Floyd,18043,Floyd,Greenville - 4,"Russell ""Russ"" Brooksbank",Libertarian,L,19,879,0.021615,ABSENTEE; EARLY VOTING; ELECTION DAY; PROVISIONAL,no
2024,Indiana,9,US House,Floyd,18043,Floyd,Greenville - 4,Erin Houchin,Republican,R,577,879,0.656428,ABSENTEE; EARLY VOTING; ELECTION DAY; PROVISIONAL,no
2024,Indiana,9,US House,Floyd,18043,Floyd,Greenville - 5,"Timothy ""Tim"" Peck",Democratic,D,219,775,0.282581,ABSENTEE; EARLY VOTING; ELECTION DAY; PROVISIONAL,no
2024,Indiana,9,US House,Floyd,18043,Floyd,Greenville - 5,"Russell ""Russ"" Brooksbank",Libertarian,L,23,775,0.029677,ABSENTEE; EARLY VOTING; ELECTION DAY; PROVISIONAL,no
2024,Indiana,9,US House,Floyd,18043,Floyd,Greenville - 5,Erin Houchin,Republican,R,533,775,0.687742,ABSENTEE; EARLY VOTING; ELECTION DAY; PROVISIONAL,no
2024,Indiana,9,US House,Floyd,18043,Floyd,Greenville - 6,"Timothy ""Tim"" Peck",Democratic,D,96,370,0.259459,ABSENTEE; EARLY VOTING; ELECTION DAY; PROVISIONAL,no
2024,Indiana,9,US House,Floyd,18043,Floyd,Greenville - 6,"Russell ""Russ"" Brooksbank",Libertarian,L,17,370,0.045946,ABSENTEE; EARLY VOTING; ELECTION DAY; PROVISIONAL,no
2024,Indiana,9,US House,Floyd,18043,Floyd,Greenville - 6,Erin Houchin,Republican,R,257,370,0.694595,ABSENTEE; EARLY VOTING; ELECTION DAY; PROVISIONAL,no
2024,Indiana,9,US House,Floyd,18043,Floyd,Lafayette - 1,"Timothy ""Tim"" Peck",Democratic,D,330,1062,0.310734,ABSENTEE; EARLY VOTING; ELECTION DAY; PROVISIONAL,no
2024,Indiana,9,US House,Floyd,18043,Floyd,Lafayette - 1,"Russell ""Russ"" Brooksbank",Libertarian,L,18,1062,0.016949,ABSENTEE; EARLY VOTING; ELECTION DAY; PROVISIONAL,no
2024,Indiana,9,US House,Floyd,18043,Floyd,Lafayette - 1,Erin Houchin,Republican,R,714,1062,0.672316,ABSENTEE; EARLY VOTING; ELECTION DAY; PROVISIONAL,no
2024,Indiana,9,US House,Floyd,18043,Floyd,Lafayette - 2,"Timothy ""Tim"" Peck",Democratic,D,173,566,0.305654,ABSENTEE; EARLY VOTING; ELECTION DAY; PROVISIONAL,no
2024,Indiana,9,US House,Floyd,18043,Floyd,Lafayette - 2,"Russell ""Russ"" Brooksbank",Libertarian,L,15,566,0.026502,ABSENTEE; EARLY VOTING; ELECTION DAY; PROVISIONAL,no
2024,Indiana,9,US House,Floyd,18043,Floyd,Lafayette - 2,Erin Houchin,Republican,R,378,566,0.667845,ABSENTEE; EARLY VOTING; ELECTION DAY; PROVISIONAL,no
2024,Indiana,9,US House,Floyd,18043,Floyd,Lafayette - 3,"Timothy ""Tim"" Peck",Democratic,D,176,533,0.330206,ABSENTEE; EARLY VOTING; ELECTION DAY; PROVISIONAL,no
2024,Indiana,9,US House,Floyd,18043,Floyd,Lafayette - 3,"Russell ""Russ"" Brooksbank",Libertarian,L,10,533,0.018762,ABSENTEE; EARLY VOTING; ELECTION DAY; PROVISIONAL,no
2024,Indiana,9,US House,Floyd,18043,Floyd,Lafayette - 3,Erin Houchin,Republican,R,347,533,0.651032,ABSENTEE; EARLY VOTING; ELECTION DAY; PROVISIONAL,no
2024,Indiana,9,US House,Floyd,18043,Floyd,Lafayette - 4,"Timothy ""Tim"" Peck",Democratic,D,223,725,0.307586,ABSENTEE; EARLY VOTING; ELECTION DAY; PROVISIONAL,no
2024,Indiana,9,US House,Floyd,18043,Floyd,Lafayette - 4,"Russell ""Russ"" Brooksbank",Libertarian,L,19,725,0.026207,ABSENTEE; EARLY VOTING; ELECTION DAY; PROVISIONAL,no
2024,Indiana,9,US House,Floyd,18043,Floyd,Lafayette - 4,Erin Houchin,Republican,R,483,725,0.666207,ABSENTEE; EARLY VOTING; ELECTION DAY; PROVISIONAL,no
2024,Indiana,9,US House,Floyd,18043,Floyd,Lafayette - 5,"Timothy ""Tim"" Peck",Democratic,D,349,1013,0.344521,ABSENTEE; EARLY VOTING; ELECTION DAY; PROVISIONAL,no
2024,Indiana,9,US House,Floyd,18043,Floyd,Lafayette - 5,"Russell ""Russ"" Brooksbank",Libertarian,L,27,1013,0.026654,ABSENTEE; EARLY VOTING; ELECTION DAY; PROVISIONAL,no
2024,Indiana,9,US House,Floyd,18043,Floyd,Lafayette - 5,Erin Houchin,Republican,R,637,1013,0.628825,ABSENTEE; EARLY VOTING; ELECTION DAY; PROVISIONAL,no
2024,Indiana,9,US House,Floyd,18043,Floyd,Lafayette - 6,"Timothy ""Tim"" Peck",Democratic,D,207,601,0.344426,ABSENTEE; EARLY VOTING; ELECTION DAY; PROVISIONAL,no
2024,Indiana,9,US House,Floyd,18043,Floyd,Lafayette - 6,"Russell ""Russ"" Brooksbank",Libertarian,L,14,601,0.023295,ABSENTEE; EARLY VOTING; ELECTION DAY; PROVISIONAL,no
2024,Indiana,9,US House,Floyd,18043,Floyd,Lafayette - 6,Erin Houchin,Republican,R,380,601,0.63228,ABSENTEE; EARLY VOTING; ELECTION DAY; PROVISIONAL,no
2024,Indiana,9,US House,Floyd,18043,Floyd,Lafayette - 7,"Timothy ""Tim"" Peck",Democratic,D,159,544,0.292279,ABSENTEE; EARLY VOTING; ELECTION DAY; PROVISIONAL,no
2024,Indiana,9,US House,Floyd,18043,Floyd,Lafayette - 7,"Russell ""Russ"" Brooksbank",Libertarian,L,12,544,0.022059,ABSENTEE; EARLY VOTING; ELECTION DAY; PROVISIONAL,no
2024,Indiana,9,US House,Floyd,18043,Floyd,Lafayette - 7,Erin Houchin,Republican,R,373,544,0.685662,ABSENTEE; EARLY VOTING; ELECTION DAY; PROVISIONAL,no
2024,Indiana,9,US House,Floyd,18043,Floyd,New Albany - 01,"Timothy ""Tim"" Peck",Democratic,D,306,679,0.450663,ABSENTEE; EARLY VOTING; ELECTION DAY; PROVISIONAL,no
2024,Indiana,9,US House,Floyd,18043,Floyd,New Albany - 01,"Russell ""Russ"" Brooksbank",Libertarian,L,27,679,0.039764,ABSENTEE; EARLY VOTING; ELECTION DAY; PROVISIONAL,no
2024,Indiana,9,US House,Floyd,18043,Floyd,New Albany - 01,Erin Houchin,Republican,R,346,679,0.509573,ABSENTEE; EARLY VOTING; ELECTION DAY; PROVISIONAL,no
2024,Indiana,9,US House,Floyd,18043,Floyd,New Albany - 03,"Timothy ""Tim"" Peck",Democratic,D,315,559,0.563506,ABSENTEE; EARLY VOTING; ELECTION DAY; PROVISIONAL,no
2024,Indiana,9,US House,Floyd,18043,Floyd,New Albany - 03,"Russell ""Russ"" Brooksbank",Libertarian,L,15,559,0.026834,ABSENTEE; EARLY VOTING; ELECTION DAY; PROVISIONAL,no
2024,Indiana,9,US House,Floyd,18043,Floyd,New Albany - 03,Erin Houchin,Republican,R,229,559,0.40966,ABSENTEE; EARLY VOTING; ELECTION DAY; PROVISIONAL,no
2024,Indiana,9,US House,Floyd,18043,Floyd,New Albany - 05,"Timothy ""Tim"" Peck",Democratic,D,401,704,0.569602,ABSENTEE; EARLY VOTING; ELECTION DAY; PROVISIONAL,no
2024,Indiana,9,US House,Floyd,18043,Floyd,New Albany - 05,"Russell ""Russ"" Brooksbank",Libertarian,L,24,704,0.034091,ABSENTEE; EARLY VOTING; ELECTION DAY; PROVISIONAL,no
2024,Indiana,9,US House,Floyd,18043,Floyd,New Albany - 05,Erin Houchin,Republican,R,279,704,0.396307,ABSENTEE; EARLY VOTING; ELECTION DAY; PROVISIONAL,no
2024,Indiana,9,US House,Floyd,18043,Floyd,New Albany - 07,"Timothy ""Tim"" Peck",Democratic,D,241,414,0.582126,ABSENTEE; EARLY VOTING; ELECTION DAY; PROVISIONAL,no
2024,Indiana,9,US House,Floyd,18043,Floyd,New Albany - 07,"Russell ""Russ"" Brooksbank",Libertarian,L,6,414,0.014493,ABSENTEE; EARLY VOTING; ELECTION DAY; PROVISIONAL,no
2024,Indiana,9,US House,Floyd,18043,Floyd,New Albany - 07,Erin Houchin,Republican,R,167,414,0.403382,ABSENTEE; EARLY VOTING; ELECTION DAY; PROVISIONAL,no
2024,Indiana,9,US House,Floyd,18043,Floyd,New Albany - 09,"Timothy ""Tim"" Peck",Democratic,D,317,647,0.489954,ABSENTEE; EARLY VOTING; ELECTION DAY; PROVISIONAL,no
2024,Indiana,9,US House,Floyd,18043,Floyd,New Albany - 09,"Russell ""Russ"" Brooksbank",Libertarian,L,23,647,0.035549,ABSENTEE; EARLY VOTING; ELECTION DAY; PROVISIONAL,no
2024,Indiana,9,US House,Floyd,18043,Floyd,New Albany - 09,Erin Houchin,Republican,R,307,647,0.474498,ABSENTEE; EARLY VOTING; ELECTION DAY; PROVISIONAL,no
2024,Indiana,9,US House,Floyd,18043,Floyd,New Albany - 10,"Timothy ""Tim"" Peck",Democratic,D,355,652,0.544479,ABSENTEE; EARLY VOTING; ELECTION DAY; PROVISIONAL,no
2024,Indiana,9,US House,Floyd,18043,Floyd,New Albany - 10,"Russell ""Russ"" Brooksbank",Libertarian,L,17,652,0.026074,ABSENTEE; EARLY VOTING; ELECTION DAY; PROVISIONAL,no
2024,Indiana,9,US House,Floyd,18043,Floyd,New Albany - 10,Erin Houchin,Republican,R,280,652,0.429448,ABSENTEE; EARLY VOTING; ELECTION DAY; PROVISIONAL,no
2024,Indiana,9,US House,Floyd,18043,Floyd,New Albany - 11,"Timothy ""Tim"" Peck",Democratic,D,462,750,0.616,ABSENTEE; EARLY VOTING; ELECTION DAY; PROVISIONAL,no
2024,Indiana,9,US House,Floyd,18043,Floyd,New Albany - 11,"Russell ""Russ"" Brooksbank",Libertarian,L,20,750,0.026667,ABSENTEE; EARLY VOTING; ELECTION DAY; PROVISIONAL,no
2024,Indiana,9,US House,Floyd,18043,Floyd,New Albany - 11,Erin Houchin,Republican,R,268,750,0.357333,ABSENTEE; EARLY VOTING; ELECTION DAY; PROVISIONAL,no
2024,Indiana,9,US House,Floyd,18043,Floyd,New Albany - 13,"Timothy ""Tim"" Peck",Democratic,D,186,357,0.521008,ABSENTEE; EARLY VOTING; ELECTION DAY; PROVISIONAL,no
2024,Indiana,9,US House,Floyd,18043,Floyd,New Albany - 13,"Russell ""Russ"" Brooksbank",Libertarian,L,9,357,0.02521,ABSENTEE; EARLY VOTING; ELECTION DAY; PROVISIONAL,no
2024,Indiana,9,US House,Floyd,18043,Floyd,New Albany - 13,Erin Houchin,Republican,R,162,357,0.453782,ABSENTEE; EARLY VOTING; ELECTION DAY; PROVISIONAL,no
2024,Indiana,9,US House,Floyd,18043,Floyd,New Albany - 14,"Timothy ""Tim"" Peck",Democratic,D,367,670,0.547761,ABSENTEE; EARLY VOTING; ELECTION DAY; PROVISIONAL,no
2024,Indiana,9,US House,Floyd,18043,Floyd,New Albany - 14,"Russell ""Russ"" Brooksbank",Libertarian,L,16,670,0.023881,ABSENTEE; EARLY VOTING; ELECTION DAY; PROVISIONAL,no
2024,Indiana,9,US House,Floyd,18043,Floyd,New Albany - 14,Erin Houchin,Republican,R,287,670,0.428358,ABSENTEE; EARLY VOTING; ELECTION DAY; PROVISIONAL,no
2024,Indiana,9,US House,Floyd,18043,Floyd,New Albany - 16,"Timothy ""Tim"" Peck",Democratic,D,277,543,0.510129,ABSENTEE; EARLY VOTING; ELECTION DAY; PROVISIONAL,no
2024,Indiana,9,US House,Floyd,18043,Floyd,New Albany - 16,"Russell ""Russ"" Brooksbank",Libertarian,L,10,543,0.018416,ABSENTEE; EARLY VOTING; ELECTION DAY; PROVISIONAL,no
2024,Indiana,9,US House,Floyd,18043,Floyd,New Albany - 16,Erin Houchin,Republican,R,256,543,0.471455,ABSENTEE; EARLY VOTING; ELECTION DAY; PROVISIONAL,no
2024,Indiana,9,US House,Floyd,18043,Floyd,New Albany - 18,"Timothy ""Tim"" Peck",Democratic,D,318,565,0.562832,ABSENTEE; EARLY VOTING; ELECTION DAY; PROVISIONAL,no
2024,Indiana,9,US House,Floyd,18043,Floyd,New Albany - 18,"Russell ""Russ"" Brooksbank",Libertarian,L,17,565,0.030088,ABSENTEE; EARLY VOTING; ELECTION DAY; PROVISIONAL,no
2024,Indiana,9,US House,Floyd,18043,Floyd,New Albany - 18,Erin Houchin,Republican,R,230,565,0.40708,ABSENTEE; EARLY VOTING; ELECTION DAY; PROVISIONAL,no
2024,Indiana,9,US House,Floyd,18043,Floyd,New Albany - 19,"Timothy ""Tim"" Peck",Democratic,D,247,526,0.469582,ABSENTEE; EARLY VOTING; ELECTION DAY; PROVISIONAL,no
2024,Indiana,9,US House,Floyd,18043,Floyd,New Albany - 19,"Russell ""Russ"" Brooksbank",Libertarian,L,10,526,0.019011,ABSENTEE; EARLY VOTING; ELECTION DAY; PROVISIONAL,no
2024,Indiana,9,US House,Floyd,18043,Floyd,New Albany - 19,Erin Houchin,Republican,R,269,526,0.511407,ABSENTEE; EARLY VOTING; ELECTION DAY; PROVISIONAL,no
2024,Indiana,9,US House,Floyd,18043,Floyd,New Albany - 20,"Timothy ""Tim"" Peck",Democratic,D,318,740,0.42973,ABSENTEE; EARLY VOTING; ELECTION DAY; PROVISIONAL,no
2024,Indiana,9,US House,Floyd,18043,Floyd,New Albany - 20,"Russell ""Russ"" Brooksbank",Libertarian,L,17,740,0.022973,ABSENTEE; EARLY VOTING; ELECTION DAY; PROVISIONAL,no
2024,Indiana,9,US House,Floyd,18043,Floyd,New Albany - 20,Erin Houchin,Republican,R,405,740,0.547297,ABSENTEE; EARLY VOTING; ELECTION DAY; PROVISIONAL,no
2024,Indiana,9,US House,Floyd,18043,Floyd,New Albany - 21,"Timothy ""Tim"" Peck",Democratic,D,173,340,0.508824,ABSENTEE; EARLY VOTING; ELECTION DAY; PROVISIONAL,no
2024,Indiana,9,US House,Floyd,18043,Floyd,New Albany - 21,"Russell ""Russ"" Brooksbank",Libertarian,L,8,340,0.023529,ABSENTEE; EARLY VOTING; ELECTION DAY; PROVISIONAL,no
2024,Indiana,9,US House,Floyd,18043,Floyd,New Albany - 21,Erin Houchin,Republican,R,159,340,0.467647,ABSENTEE; EARLY VOTING; ELECTION DAY; PROVISIONAL,no
2024,Indiana,9,US House,Floyd,18043,Floyd,New Albany - 22,"Timothy ""Tim"" Peck",Democratic,D,245,480,0.510417,ABSENTEE; EARLY VOTING; ELECTION DAY; PROVISIONAL,no
2024,Indiana,9,US House,Floyd,18043,Floyd,New Albany - 22,"Russell ""Russ"" Brooksbank",Libertarian,L,12,480,0.025,ABSENTEE; EARLY VOTING; ELECTION DAY; PROVISIONAL,no
2024,Indiana,9,US House,Floyd,18043,Floyd,New Albany - 22,Erin Houchin,Republican,R,223,480,0.464583,ABSENTEE; EARLY VOTING; ELECTION DAY; PROVISIONAL,no
2024,Indiana,9,US House,Floyd,18043,Floyd,New Albany - 23,"Timothy ""Tim"" Peck",Democratic,D,313,569,0.550088,ABSENTEE; EARLY VOTING; ELECTION DAY; PROVISIONAL,no
2024,Indiana,9,US House,Floyd,18043,Floyd,New Albany - 23,"Russell ""Russ"" Brooksbank",Libertarian,L,18,569,0.031634,ABSENTEE; EARLY VOTING; ELECTION DAY; PROVISIONAL,no
2024,Indiana,9,US House,Floyd,18043,Floyd,New Albany - 23,Erin Houchin,Republican,R,238,569,0.418278,ABSENTEE; EARLY VOTING; ELECTION DAY; PROVISIONAL,no
2024,Indiana,9,US House,Floyd,18043,Floyd,New Albany - 24,"Timothy ""Tim"" Peck",Democratic,D,168,345,0.486957,ABSENTEE; EARLY VOTING; ELECTION DAY; PROVISIONAL,no
2024,Indiana,9,US House,Floyd,18043,Floyd,New Albany - 24,"Russell ""Russ"" Brooksbank",Libertarian,L,7,345,0.02029,ABSENTEE; EARLY VOTING; ELECTION DAY; PROVISIONAL,no
2024,Indiana,9,US House,Floyd,18043,Floyd,New Albany - 24,Erin Houchin,Republican,R,170,345,0.492754,ABSENTEE; EARLY VOTING; ELECTION DAY; PROVISIONAL,no
2024,Indiana,9,US House,Floyd,18043,Floyd,New Albany - 25,"Timothy ""Tim"" Peck",Democratic,D,155,338,0.45858,ABSENTEE; EARLY VOTING; ELECTION DAY; PROVISIONAL,no
2024,Indiana,9,US House,Floyd,18043,Floyd,New Albany - 25,"Russell ""Russ"" Brooksbank",Libertarian,L,4,338,0.011834,ABSENTEE; EARLY VOTING; ELECTION DAY; PROVISIONAL,no
2024,Indiana,9,US House,Floyd,18043,Floyd,New Albany - 25,Erin Houchin,Republican,R,179,338,0.529586,ABSENTEE; EARLY VOTING; ELECTION DAY; PROVISIONAL,no
2024,Indiana,9,US House,Floyd,18043,Floyd,New Albany - 26,"Timothy ""Tim"" Peck",Democratic,D,290,656,0.442073,ABSENTEE; EARLY VOTING; ELECTION DAY; PROVISIONAL,no
2024,Indiana,9,US House,Floyd,18043,Floyd,New Albany - 26,"Russell ""Russ"" Brooksbank",Libertarian,L,12,656,0.018293,ABSENTEE; EARLY VOTING; ELECTION DAY; PROVISIONAL,no
2024,Indiana,9,US House,Floyd,18043,Floyd,New Albany - 26,Erin Houchin,Republican,R,354,656,0.539634,ABSENTEE; EARLY VOTING; ELECTION DAY; PROVISIONAL,no
2024,Indiana,9,US House,Floyd,18043,Floyd,New Albany - 27,"Timothy ""Tim"" Peck",Democratic,D,253,527,0.480076,ABSENTEE; EARLY VOTING; ELECTION DAY; PROVISIONAL,no
2024,Indiana,9,US House,Floyd,18043,Floyd,New Albany - 27,"Russell ""Russ"" Brooksbank",Libertarian,L,14,527,0.026565,ABSENTEE; EARLY VOTING; ELECTION DAY; PROVISIONAL,no
2024,Indiana,9,US House,Floyd,18043,Floyd,New Albany - 27,Erin Houchin,Republican,R,260,527,0.493359,ABSENTEE; EARLY VOTING; ELECTION DAY; PROVISIONAL,no
2024,Indiana,9,US House,Floyd,18043,Floyd,New Albany - 28,"Timothy ""Tim"" Peck",Democratic,D,318,741,0.42915,ABSENTEE; EARLY VOTING; ELECTION DAY; PROVISIONAL,no
2024,Indiana,9,US House,Floyd,18043,Floyd,New Albany - 28,"Russell ""Russ"" Brooksbank",Libertarian,L,19,741,0.025641,ABSENTEE; EARLY VOTING; ELECTION DAY; PROVISIONAL,no
2024,Indiana,9,US House,Floyd,18043,Floyd,New Albany - 28,Erin Houchin,Republican,R,404,741,0.545209,ABSENTEE; EARLY VOTING; ELECTION DAY; PROVISIONAL,no
2024,Indiana,9,US House,Floyd,18043,Floyd,New Albany - 29,"Timothy ""Tim"" Peck",Democratic,D,287,589,0.487267,ABSENTEE; EARLY VOTING; ELECTION DAY; PROVISIONAL,no
2024,Indiana,9,US House,Floyd,18043,Floyd,New Albany - 29,"Russell ""Russ"" Brooksbank",Libertarian,L,15,589,0.025467,ABSENTEE; EARLY VOTING; ELECTION DAY; PROVISIONAL,no
2024,Indiana,9,US House,Floyd,18043,Floyd,New Albany - 29,Erin Houchin,Republican,R,287,589,0.487267,ABSENTEE; EARLY VOTING; ELECTION DAY; PROVISIONAL,no
2024,Indiana,9,US House,Floyd,18043,Floyd,New Albany - 30,"Timothy ""Tim"" Peck",Democratic,D,236,689,0.342525,ABSENTEE; EARLY VOTING; ELECTION DAY; PROVISIONAL,no
2024,Indiana,9,US House,Floyd,18043,Floyd,New Albany - 30,"Russell ""Russ"" Brooksbank",Libertarian,L,15,689,0.021771,ABSENTEE; EARLY VOTING; ELECTION DAY; PROVISIONAL,no
2024,Indiana,9,US House,Floyd,18043,Floyd,New Albany - 30,Erin Houchin,Republican,R,438,689,0.635704,ABSENTEE; EARLY VOTING; ELECTION DAY; PROVISIONAL,no
2024,Indiana,9,US House,Floyd,18043,Floyd,New Albany - 31,"Timothy ""Tim"" Peck",Democratic,D,368,1126,0.326821,ABSENTEE; EARLY VOTING; ELECTION DAY; PROVISIONAL,no
2024,Indiana,9,US House,Floyd,18043,Floyd,New Albany - 31,"Russell ""Russ"" Brooksbank",Libertarian,L,20,1126,0.017762,ABSENTEE; EARLY VOTING; ELECTION DAY; PROVISIONAL,no
2024,Indiana,9,US House,Floyd,18043,Floyd,New Albany - 31,Erin Houchin,Republican,R,738,1126,0.655417,ABSENTEE; EARLY VOTING; ELECTION DAY; PROVISIONAL,no
2024,Indiana,9,US House,Floyd,18043,Floyd,New Albany - 32,"Timothy ""Tim"" Peck",Democratic,D,264,642,0.411215,ABSENTEE; EARLY VOTING; ELECTION DAY; PROVISIONAL,no
2024,Indiana,9,US House,Floyd,18043,Floyd,New Albany - 32,"Russell ""Russ"" Brooksbank",Libertarian,L,18,642,0.028037,ABSENTEE; EARLY VOTING; ELECTION DAY; PROVISIONAL,no
2024,Indiana,9,US House,Floyd,18043,Floyd,New Albany - 32,Erin Houchin,Republican,R,360,642,0.560748,ABSENTEE; EARLY VOTING; ELECTION DAY; PROVISIONAL,no
2024,Indiana,9,US House,Floyd,18043,Floyd,New Albany - 33,"Timothy ""Tim"" Peck",Democratic,D,181,540,0.335185,ABSENTEE; EARLY VOTING; ELECTION DAY; PROVISIONAL,no
2024,Indiana,9,US House,Floyd,18043,Floyd,New Albany - 33,"Russell ""Russ"" Brooksbank",Libertarian,L,12,540,0.022222,ABSENTEE; EARLY VOTING; ELECTION DAY; PROVISIONAL,no
2024,Indiana,9,US House,Floyd,18043,Floyd,New Albany - 33,Erin Houchin,Republican,R,347,540,0.642593,ABSENTEE; EARLY VOTING; ELECTION DAY; PROVISIONAL,no
2024,Indiana,9,US House,Floyd,18043,Floyd,New Albany - 34,"Timothy ""Tim"" Peck",Democratic,D,270,723,0.373444,ABSENTEE; EARLY VOTING; ELECTION DAY; PROVISIONAL,no
2024,Indiana,9,US House,Floyd,18043,Floyd,New Albany - 34,"Russell ""Russ"" Brooksbank",Libertarian,L,13,723,0.017981,ABSENTEE; EARLY VOTING; ELECTION DAY; PROVISIONAL,no
2024,Indiana,9,US House,Floyd,18043,Floyd,New Albany - 34,Erin Houchin,Republican,R,440,723,0.608575,ABSENTEE; EARLY VOTING; ELECTION DAY; PROVISIONAL,no
2024,Indiana,9,US House,Floyd,18043,Floyd,New Albany - 35,"Timothy ""Tim"" Peck",Democratic,D,362,853,0.424385,ABSENTEE; EARLY VOTING; ELECTION DAY; PROVISIONAL,no
2024,Indiana,9,US House,Floyd,18043,Floyd,New Albany - 35,"Russell ""Russ"" Brooksbank",Libertarian,L,18,853,0.021102,ABSENTEE; EARLY VOTING; ELECTION DAY; PROVISIONAL,no
2024,Indiana,9,US House,Floyd,18043,Floyd,New Albany - 35,Erin Houchin,Republican,R,473,853,0.554513,ABSENTEE; EARLY VOTING; ELECTION DAY; PROVISIONAL,no
2024,Indiana,9,US House,Floyd,18043,Floyd,New Albany - 36,"Timothy ""Tim"" Peck",Democratic,D,287,684,0.419591,ABSENTEE; EARLY VOTING; ELECTION DAY; PROVISIONAL,no
2024,Indiana,9,US House,Floyd,18043,Floyd,New Albany - 36,"Russell ""Russ"" Brooksbank",Libertarian,L,19,684,0.027778,ABSENTEE; EARLY VOTING; ELECTION DAY; PROVISIONAL,no
2024,Indiana,9,US House,Floyd,18043,Floyd,New Albany - 36,Erin Houchin,Republican,R,378,684,0.552632,ABSENTEE; EARLY VOTING; ELECTION DAY; PROVISIONAL,no
2024,Indiana,9,US House,Floyd,18043,Floyd,New Albany - 37,"Timothy ""Tim"" Peck",Democratic,D,286,678,0.421829,ABSENTEE; EARLY VOTING; ELECTION DAY; PROVISIONAL,no
2024,Indiana,9,US House,Floyd,18043,Floyd,New Albany - 37,"Russell ""Russ"" Brooksbank",Libertarian,L,15,678,0.022124,ABSENTEE; EARLY VOTING; ELECTION DAY; PROVISIONAL,no
2024,Indiana,9,US House,Floyd,18043,Floyd,New Albany - 37,Erin Houchin,Republican,R,377,678,0.556047,ABSENTEE; EARLY VOTING; ELECTION DAY; PROVISIONAL,no
2024,Indiana,9,US House,Floyd,18043,Floyd,New Albany - 38,"Timothy ""Tim"" Peck",Democratic,D,323,788,0.409898,ABSENTEE; EARLY VOTING; ELECTION DAY; PROVISIONAL,no
2024,Indiana,9,US House,Floyd,18043,Floyd,New Albany - 38,"Russell ""Russ"" Brooksbank",Libertarian,L,17,788,0.021574,ABSENTEE; EARLY VOTING; ELECTION DAY; PROVISIONAL,no
2024,Indiana,9,US House,Floyd,18043,Floyd,New Albany - 38,Erin Houchin,Republican,R,448,788,0.568528,ABSENTEE; EARLY VOTING; ELECTION DAY; PROVISIONAL,no
2024,Indiana,9,US House,Floyd,18043,Floyd,New Albany - 39,"Timothy ""Tim"" Peck",Democratic,D,224,726,0.30854,ABSENTEE; EARLY VOTING; ELECTION DAY; PROVISIONAL,no
2024,Indiana,9,US House,Floyd,18043,Floyd,New Albany - 39,"Russell ""Russ"" Brooksbank",Libertarian,L,8,726,0.011019,ABSENTEE; EARLY VOTING; ELECTION DAY; PROVISIONAL,no
2024,Indiana,9,US House,Floyd,18043,Floyd,New Albany - 39,Erin Houchin,Republican,R,494,726,0.680441,ABSENTEE; EARLY VOTING; ELECTION DAY; PROVISIONAL,no
2024,Indiana,9,US House,Floyd,18043,Floyd,New Albany - 40,"Timothy ""Tim"" Peck",Democratic,D,285,601,0.47421,ABSENTEE; EARLY VOTING; ELECTION DAY; PROVISIONAL,no
2024,Indiana,9,US House,Floyd,18043,Floyd,New Albany - 40,"Russell ""Russ"" Brooksbank",Libertarian,L,20,601,0.033278,ABSENTEE; EARLY VOTING; ELECTION DAY; PROVISIONAL,no
2024,Indiana,9,US House,Floyd,18043,Floyd,New Albany - 40,Erin Houchin,Republican,R,296,601,0.492512,ABSENTEE; EARLY VOTING; ELECTION DAY; PROVISIONAL,no
2024,Indiana,9,US House,Floyd,18043,Floyd,New Albany - 41,"Timothy ""Tim"" Peck",Democratic,D,291,714,0.407563,ABSENTEE; EARLY VOTING; ELECTION DAY; PROVISIONAL,no
2024,Indiana,9,US House,Floyd,18043,Floyd,New Albany - 41,"Russell ""Russ"" Brooksbank",Libertarian,L,12,714,0.016807,ABSENTEE; EARLY VOTING; ELECTION DAY; PROVISIONAL,no
2024,Indiana,9,US House,Floyd,18043,Floyd,New Albany - 41,Erin Houchin,Republican,R,411,714,0.57563,ABSENTEE; EARLY VOTING; ELECTION DAY; PROVISIONAL,no
2024,Indiana,9,US House,Floyd,18043,Floyd,New Albany - 42,"Timothy ""Tim"" Peck",Democratic,D,249,552,0.451087,ABSENTEE; EARLY VOTING; ELECTION DAY; PROVISIONAL,no
2024,Indiana,9,US House,Floyd,18043,Floyd,New Albany - 42,"Russell ""Russ"" Brooksbank",Libertarian,L,10,552,0.018116,ABSENTEE; EARLY VOTING; ELECTION DAY; PROVISIONAL,no
2024,Indiana,9,US House,Floyd,18043,Floyd,New Albany - 42,Erin Houchin,Republican,R,293,552,0.530797,ABSENTEE; EARLY VOTING; ELECTION DAY; PROVISIONAL,no
2024,Indiana,9,US House,Floyd,18043,Floyd,New Albany - 43,"Timothy ""Tim"" Peck",Democratic,D,175,358,0.488827,ABSENTEE; EARLY VOTING; ELECTION DAY; PROVISIONAL,no
2024,Indiana,9,US House,Floyd,18043,Floyd,New Albany - 43,"Russell ""Russ"" Brooksbank",Libertarian,L,9,358,0.02514,ABSENTEE; EARLY VOTING; ELECTION DAY; PROVISIONAL,no
2024,Indiana,9,US House,Floyd,18043,Floyd,New Albany - 43,Erin Houchin,Republican,R,174,358,0.486034,ABSENTEE; EARLY VOTING; ELECTION DAY; PROVISIONAL,no
2024,Indiana,9,US House,Floyd,18043,Floyd,New Albany - 44,"Timothy ""Tim"" Peck",Democratic,D,330,769,0.429129,ABSENTEE; EARLY VOTING; ELECTION DAY; PROVISIONAL,no
2024,Indiana,9,US House,Floyd,18043,Floyd,New Albany - 44,"Russell ""Russ"" Brooksbank",Libertarian,L,21,769,0.027308,ABSENTEE; EARLY VOTING; ELECTION DAY; PROVISIONAL,no
2024,Indiana,9,US House,Floyd,18043,Floyd,New Albany - 44,Erin Houchin,Republican,R,418,769,0.543563,ABSENTEE; EARLY VOTING; ELECTION DAY; PROVISIONAL,no
2024,Indiana,9,US House,Floyd,18043,Floyd,New Albany - 45,"Timothy ""Tim"" Peck",Democratic,D,145,362,0.400552,ABSENTEE; EARLY VOTING; ELECTION DAY; PROVISIONAL,no
2024,Indiana,9,US House,Floyd,18043,Floyd,New Albany - 45,"Russell ""Russ"" Brooksbank",Libertarian,L,10,362,0.027624,ABSENTEE; EARLY VOTING; ELECTION DAY; PROVISIONAL,no
2024,Indiana,9,US House,Floyd,18043,Floyd,New Albany - 45,Erin Houchin,Republican,R,207,362,0.571823,ABSENTEE; EARLY VOTING; ELECTION DAY; PROVISIONAL,no
2024,Indiana,9,US House,Floyd,18043,Floyd,New Albany - 46,"Timothy ""Tim"" Peck",Democratic,D,143,445,0.321348,ABSENTEE; EARLY VOTING; ELECTION DAY; PROVISIONAL,no
2024,Indiana,9,US House,Floyd,18043,Floyd,New Albany - 46,"Russell ""Russ"" Brooksbank",Libertarian,L,9,445,0.020225,ABSENTEE; EARLY VOTING; ELECTION DAY; PROVISIONAL,no
2024,Indiana,9,US House,Floyd,18043,Floyd,New Albany - 46,Erin Houchin,Republican,R,293,445,0.658427,ABSENTEE; EARLY VOTING; ELECTION DAY; PROVISIONAL,no
2024,Indiana,9,US House,Franklin,18047,Franklin,BATESVILLE 1,"Timothy ""Tim"" Peck",Democratic,D,257,1023,0.251222,TOTAL,yes
2024,Indiana,9,US House,Franklin,18047,Franklin,BATESVILLE 1,"Russell ""Russ"" Brooksbank",Libertarian,L,19,1023,0.018573,TOTAL,yes
2024,Indiana,9,US House,Franklin,18047,Franklin,BATESVILLE 1,Erin Houchin,Republican,R,747,1023,0.730205,TOTAL,yes
2024,Indiana,9,US House,Franklin,18047,Franklin,BATH,"Timothy ""Tim"" Peck",Democratic,D,31,200,0.155,TOTAL,yes
2024,Indiana,9,US House,Franklin,18047,Franklin,BATH,"Russell ""Russ"" Brooksbank",Libertarian,L,12,200,0.06,TOTAL,yes
2024,Indiana,9,US House,Franklin,18047,Franklin,BATH,Erin Houchin,Republican,R,157,200,0.785,TOTAL,yes
2024,Indiana,9,US House,Franklin,18047,Franklin,BLOOMING GROVE,"Timothy ""Tim"" Peck",Democratic,D,68,516,0.131783,TOTAL,yes
2024,Indiana,9,US House,Franklin,18047,Franklin,BLOOMING GROVE,"Russell ""Russ"" Brooksbank",Libertarian,L,7,516,0.013566,TOTAL,yes
2024,Indiana,9,US House,Franklin,18047,Franklin,BLOOMING GROVE,Erin Houchin,Republican,R,441,516,0.854651,TOTAL,yes
2024,Indiana,9,US House,Franklin,18047,Franklin,BROOKVILLE 1,"Timothy ""Tim"" Peck",Democratic,D,60,328,0.182927,TOTAL,yes
2024,Indiana,9,US House,Franklin,18047,Franklin,BROOKVILLE 1,"Russell ""Russ"" Brooksbank",Libertarian,L,6,328,0.018293,TOTAL,yes
2024,Indiana,9,US House,Franklin,18047,Franklin,BROOKVILLE 1,Erin Houchin,Republican,R,262,328,0.79878,TOTAL,yes
2024,Indiana,9,US House,Franklin,18047,Franklin,BROOKVILLE 2,"Timothy ""Tim"" Peck",Democratic,D,92,628,0.146497,TOTAL,yes
2024,Indiana,9,US House,Franklin,18047,Franklin,BROOKVILLE 2,"Russell ""Russ"" Brooksbank",Libertarian,L,4,628,0.006369,TOTAL,yes
2024,Indiana,9,US House,Franklin,18047,Franklin,BROOKVILLE 2,Erin Houchin,Republican,R,532,628,0.847134,TOTAL,yes
2024,Indiana,9,US House,Franklin,18047,Franklin,BROOKVILLE 3,"Timothy ""Tim"" Peck",Democratic,D,93,559,0.166369,TOTAL,yes
2024,Indiana,9,US House,Franklin,18047,Franklin,BROOKVILLE 3,"Russell ""Russ"" Brooksbank",Libertarian,L,12,559,0.021467,TOTAL,yes
2024,Indiana,9,US House,Franklin,18047,Franklin,BROOKVILLE 3,Erin Houchin,Republican,R,454,559,0.812165,TOTAL,yes
2024,Indiana,9,US House,Franklin,18047,Franklin,BROOKVILLE 4,"Timothy ""Tim"" Peck",Democratic,D,64,553,0.115732,TOTAL,yes
2024,Indiana,9,US House,Franklin,18047,Franklin,BROOKVILLE 4,"Russell ""Russ"" Brooksbank",Libertarian,L,13,553,0.023508,TOTAL,yes
2024,Indiana,9,US House,Franklin,18047,Franklin,BROOKVILLE 4,Erin Houchin,Republican,R,476,553,0.860759,TOTAL,yes
2024,Indiana,9,US House,Franklin,18047,Franklin,BROOKVILLE 5,"Timothy ""Tim"" Peck",Democratic,D,131,724,0.180939,TOTAL,yes
2024,Indiana,9,US House,Franklin,18047,Franklin,BROOKVILLE 5,"Russell ""Russ"" Brooksbank",Libertarian,L,11,724,0.015193,TOTAL,yes
2024,Indiana,9,US House,Franklin,18047,Franklin,BROOKVILLE 5,Erin Houchin,Republican,R,582,724,0.803867,TOTAL,yes
2024,Indiana,9,US House,Franklin,18047,Franklin,BUTLER,"Timothy ""Tim"" Peck",Democratic,D,104,663,0.156863,TOTAL,yes
2024,Indiana,9,US House,Franklin,18047,Franklin,BUTLER,"Russell ""Russ"" Brooksbank",Libertarian,L,21,663,0.031674,TOTAL,yes
2024,Indiana,9,US House,Franklin,18047,Franklin,BUTLER,Erin Houchin,Republican,R,538,663,0.811463,TOTAL,yes
2024,Indiana,9,US House,Franklin,18047,Franklin,FAIRFIELD,"Timothy ""Tim"" Peck",Democratic,D,32,263,0.121673,TOTAL,yes
2024,Indiana,9,US House,Franklin,18047,Franklin,FAIRFIELD,"Russell ""Russ"" Brooksbank",Libertarian,L,5,263,0.019011,TOTAL,yes
2024,Indiana,9,US House,Franklin,18047,Franklin,FAIRFIELD,Erin Houchin,Republican,R,226,263,0.859316,TOTAL,yes
2024,Indiana,9,US House,Franklin,18047,Franklin,HIGHLAND 1,"Timothy ""Tim"" Peck",Democratic,D,51,362,0.140884,TOTAL,yes
2024,Indiana,9,US House,Franklin,18047,Franklin,HIGHLAND 1,"Russell ""Russ"" Brooksbank",Libertarian,L,6,362,0.016575,TOTAL,yes
2024,Indiana,9,US House,Franklin,18047,Franklin,HIGHLAND 1,Erin Houchin,Republican,R,305,362,0.842541,TOTAL,yes
2024,Indiana,9,US House,Franklin,18047,Franklin,HIGHLAND 2,"Timothy ""Tim"" Peck",Democratic,D,50,397,0.125945,TOTAL,yes
2024,Indiana,9,US House,Franklin,18047,Franklin,HIGHLAND 2,"Russell ""Russ"" Brooksbank",Libertarian,L,6,397,0.015113,TOTAL,yes
2024,Indiana,9,US House,Franklin,18047,Franklin,HIGHLAND 2,Erin Houchin,Republican,R,341,397,0.858942,TOTAL,yes
2024,Indiana,9,US House,Franklin,18047,Franklin,LAUREL 1,"Timothy ""Tim"" Peck",Democratic,D,45,570,0.078947,TOTAL,yes
2024,Indiana,9,US House,Franklin,18047,Franklin,LAUREL 1,"Russell ""Russ"" Brooksbank",Libertarian,L,13,570,0.022807,TOTAL,yes
2024,Indiana,9,US House,Franklin,18047,Franklin,LAUREL 1,Erin Houchin,Republican,R,512,570,0.898246,TOTAL,yes
2024,Indiana,9,US House,Franklin,18047,Franklin,METAMORA,"Timothy ""Tim"" Peck",Democratic,D,55,432,0.127315,TOTAL,yes
2024,Indiana,9,US House,Franklin,18047,Franklin,METAMORA,"Russell ""Russ"" Brooksbank",Libertarian,L,17,432,0.039352,TOTAL,yes
2024,Indiana,9,US House,Franklin,18047,Franklin,METAMORA,Erin Houchin,Republican,R,360,432,0.833333,TOTAL,yes
2024,Indiana,9,US House,Franklin,18047,Franklin,OLDENBURG,"Timothy ""Tim"" Peck",Democratic,D,146,361,0.404432,TOTAL,yes
2024,Indiana,9,US House,Franklin,18047,Franklin,OLDENBURG,"Russell ""Russ"" Brooksbank",Libertarian,L,8,361,0.022161,TOTAL,yes
2024,Indiana,9,US House,Franklin,18047,Franklin,OLDENBURG,Erin Houchin,Republican,R,207,361,0.573407,TOTAL,yes
2024,Indiana,9,US House,Franklin,18047,Franklin,POSEY,"Timothy ""Tim"" Peck",Democratic,D,39,361,0.108033,TOTAL,yes
2024,Indiana,9,US House,Franklin,18047,Franklin,POSEY,"Russell ""Russ"" Brooksbank",Libertarian,L,10,361,0.027701,TOTAL,yes
2024,Indiana,9,US House,Franklin,18047,Franklin,POSEY,Erin Houchin,Republican,R,312,361,0.864266,TOTAL,yes
2024,Indiana,9,US House,Franklin,18047,Franklin,RAY 1,"Timothy ""Tim"" Peck",Democratic,D,102,491,0.207739,TOTAL,yes
2024,Indiana,9,US House,Franklin,18047,Franklin,RAY 1,"Russell ""Russ"" Brooksbank",Libertarian,L,9,491,0.01833,TOTAL,yes
2024,Indiana,9,US House,Franklin,18047,Franklin,RAY 1,Erin Houchin,Republican,R,380,491,0.773931,TOTAL,yes
2024,Indiana,9,US House,Franklin,18047,Franklin,RAY 2,"Timothy ""Tim"" Peck",Democratic,D,84,502,0.167331,TOTAL,yes
2024,Indiana,9,US House,Franklin,18047,Franklin,RAY 2,"Russell ""Russ"" Brooksbank",Libertarian,L,4,502,0.007968,TOTAL,yes
2024,Indiana,9,US House,Franklin,18047,Franklin,RAY 2,Erin Houchin,Republican,R,414,502,0.824701,TOTAL,yes
2024,Indiana,9,US House,Franklin,18047,Franklin,SALT CREEK 1,"Timothy ""Tim"" Peck",Democratic,D,37,237,0.156118,TOTAL,yes
2024,Indiana,9,US House,Franklin,18047,Franklin,SALT CREEK 1,"Russell ""Russ"" Brooksbank",Libertarian,L,8,237,0.033755,TOTAL,yes
2024,Indiana,9,US House,Franklin,18047,Franklin,SALT CREEK 1,Erin Houchin,Republican,R,192,237,0.810127,TOTAL,yes
2024,Indiana,9,US House,Franklin,18047,Franklin,SALT CREEK 2,"Timothy ""Tim"" Peck",Democratic,D,33,231,0.142857,TOTAL,yes
2024,Indiana,9,US House,Franklin,18047,Franklin,SALT CREEK 2,"Russell ""Russ"" Brooksbank",Libertarian,L,7,231,0.030303,TOTAL,yes
2024,Indiana,9,US House,Franklin,18047,Franklin,SALT CREEK 2,Erin Houchin,Republican,R,191,231,0.82684,TOTAL,yes
2024,Indiana,9,US House,Franklin,18047,Franklin,SPRINGFIELD,"Timothy ""Tim"" Peck",Democratic,D,76,527,0.144213,TOTAL,yes
2024,Indiana,9,US House,Franklin,18047,Franklin,SPRINGFIELD,"Russell ""Russ"" Brooksbank",Libertarian,L,5,527,0.009488,TOTAL,yes
2024,Indiana,9,US House,Franklin,18047,Franklin,SPRINGFIELD,Erin Houchin,Republican,R,446,527,0.8463,TOTAL,yes
2024,Indiana,9,US House,Franklin,18047,Franklin,WHITEWATER 1,"Timothy ""Tim"" Peck",Democratic,D,108,923,0.11701,TOTAL,yes
2024,Indiana,9,US House,Franklin,18047,Franklin,WHITEWATER 1,"Russell ""Russ"" Brooksbank",Libertarian,L,17,923,0.018418,TOTAL,yes
2024,Indiana,9,US House,Franklin,18047,Franklin,WHITEWATER 1,Erin Houchin,Republican,R,798,923,0.864572,TOTAL,yes
2024,Indiana,9,US House,Franklin,18047,Franklin,WHITEWATER 2,"Timothy ""Tim"" Peck",Democratic,D,85,641,0.132605,TOTAL,yes
2024,Indiana,9,US House,Franklin,18047,Franklin,WHITEWATER 2,"Russell ""Russ"" Brooksbank",Libertarian,L,14,641,0.021841,TOTAL,yes
2024,Indiana,9,US House,Franklin,18047,Franklin,WHITEWATER 2,Erin Houchin,Republican,R,542,641,0.845554,TOTAL,yes
2024,Indiana,9,US House,Harrison,18061,Harrison,BLUE RIVER NORTH,"Timothy ""Tim"" Peck",Democratic,D,109,454,0.240088,TOTAL,yes
2024,Indiana,9,US House,Harrison,18061,Harrison,BLUE RIVER NORTH,"Russell ""Russ"" Brooksbank",Libertarian,L,5,454,0.011013,TOTAL,yes
2024,Indiana,9,US House,Harrison,18061,Harrison,BLUE RIVER NORTH,Erin Houchin,Republican,R,340,454,0.748899,TOTAL,yes
2024,Indiana,9,US House,Harrison,18061,Harrison,BLUE RIVER SOUTH,"Timothy ""Tim"" Peck",Democratic,D,149,580,0.256897,TOTAL,yes
2024,Indiana,9,US House,Harrison,18061,Harrison,BLUE RIVER SOUTH,"Russell ""Russ"" Brooksbank",Libertarian,L,14,580,0.024138,TOTAL,yes
2024,Indiana,9,US House,Harrison,18061,Harrison,BLUE RIVER SOUTH,Erin Houchin,Republican,R,417,580,0.718966,TOTAL,yes
2024,Indiana,9,US House,Harrison,18061,Harrison,BOONE EAST,"Timothy ""Tim"" Peck",Democratic,D,49,303,0.161716,TOTAL,yes
2024,Indiana,9,US House,Harrison,18061,Harrison,BOONE EAST,"Russell ""Russ"" Brooksbank",Libertarian,L,7,303,0.023102,TOTAL,yes
2024,Indiana,9,US House,Harrison,18061,Harrison,BOONE EAST,Erin Houchin,Republican,R,247,303,0.815182,TOTAL,yes
2024,Indiana,9,US House,Harrison,18061,Harrison,BOONE WEST,"Timothy ""Tim"" Peck",Democratic,D,50,379,0.131926,TOTAL,yes
2024,Indiana,9,US House,Harrison,18061,Harrison,BOONE WEST,"Russell ""Russ"" Brooksbank",Libertarian,L,9,379,0.023747,TOTAL,yes
2024,Indiana,9,US House,Harrison,18061,Harrison,BOONE WEST,Erin Houchin,Republican,R,320,379,0.844327,TOTAL,yes
2024,Indiana,9,US House,Harrison,18061,Harrison,CORYDON EAST,"Timothy ""Tim"" Peck",Democratic,D,134,431,0.310905,TOTAL,yes
2024,Indiana,9,US House,Harrison,18061,Harrison,CORYDON EAST,"Russell ""Russ"" Brooksbank",Libertarian,L,11,431,0.025522,TOTAL,yes
2024,Indiana,9,US House,Harrison,18061,Harrison,CORYDON EAST,Erin Houchin,Republican,R,286,431,0.663573,TOTAL,yes
2024,Indiana,9,US House,Harrison,18061,Harrison,CORYDON SOUTH,"Timothy ""Tim"" Peck",Democratic,D,133,435,0.305747,TOTAL,yes
2024,Indiana,9,US House,Harrison,18061,Harrison,CORYDON SOUTH,"Russell ""Russ"" Brooksbank",Libertarian,L,12,435,0.027586,TOTAL,yes
2024,Indiana,9,US House,Harrison,18061,Harrison,CORYDON SOUTH,Erin Houchin,Republican,R,290,435,0.666667,TOTAL,yes
2024,Indiana,9,US House,Harrison,18061,Harrison,CORYDON WEST,"Timothy ""Tim"" Peck",Democratic,D,131,443,0.295711,TOTAL,yes
2024,Indiana,9,US House,Harrison,18061,Harrison,CORYDON WEST,"Russell ""Russ"" Brooksbank",Libertarian,L,3,443,0.006772,TOTAL,yes
2024,Indiana,9,US House,Harrison,18061,Harrison,CORYDON WEST,Erin Houchin,Republican,R,309,443,0.697517,TOTAL,yes
2024,Indiana,9,US House,Harrison,18061,Harrison,FRANKLIN CENTRAL,"Timothy ""Tim"" Peck",Democratic,D,98,463,0.211663,TOTAL,yes
2024,Indiana,9,US House,Harrison,18061,Harrison,FRANKLIN CENTRAL,"Russell ""Russ"" Brooksbank",Libertarian,L,10,463,0.021598,TOTAL,yes
2024,Indiana,9,US House,Harrison,18061,Harrison,FRANKLIN CENTRAL,Erin Houchin,Republican,R,355,463,0.766739,TOTAL,yes
2024,Indiana,9,US House,Harrison,18061,Harrison,FRANKLIN LANESVILLE,"Timothy ""Tim"" Peck",Democratic,D,129,532,0.242481,TOTAL,yes
2024,Indiana,9,US House,Harrison,18061,Harrison,FRANKLIN LANESVILLE,"Russell ""Russ"" Brooksbank",Libertarian,L,14,532,0.026316,TOTAL,yes
2024,Indiana,9,US House,Harrison,18061,Harrison,FRANKLIN LANESVILLE,Erin Houchin,Republican,R,389,532,0.731203,TOTAL,yes
2024,Indiana,9,US House,Harrison,18061,Harrison,FRANKLIN NORTH,"Timothy ""Tim"" Peck",Democratic,D,86,440,0.195455,TOTAL,yes
2024,Indiana,9,US House,Harrison,18061,Harrison,FRANKLIN NORTH,"Russell ""Russ"" Brooksbank",Libertarian,L,8,440,0.018182,TOTAL,yes
2024,Indiana,9,US House,Harrison,18061,Harrison,FRANKLIN NORTH,Erin Houchin,Republican,R,346,440,0.786364,TOTAL,yes
2024,Indiana,9,US House,Harrison,18061,Harrison,FRANKLIN SOUTH,"Timothy ""Tim"" Peck",Democratic,D,127,529,0.240076,TOTAL,yes
2024,Indiana,9,US House,Harrison,18061,Harrison,FRANKLIN SOUTH,"Russell ""Russ"" Brooksbank",Libertarian,L,8,529,0.015123,TOTAL,yes
2024,Indiana,9,US House,Harrison,18061,Harrison,FRANKLIN SOUTH,Erin Houchin,Republican,R,394,529,0.744802,TOTAL,yes
2024,Indiana,9,US House,Harrison,18061,Harrison,FRANKLIN WEST,"Timothy ""Tim"" Peck",Democratic,D,139,531,0.26177,TOTAL,yes
2024,Indiana,9,US House,Harrison,18061,Harrison,FRANKLIN WEST,"Russell ""Russ"" Brooksbank",Libertarian,L,8,531,0.015066,TOTAL,yes
2024,Indiana,9,US House,Harrison,18061,Harrison,FRANKLIN WEST,Erin Houchin,Republican,R,384,531,0.723164,TOTAL,yes
2024,Indiana,9,US House,Harrison,18061,Harrison,HARRISON CENTRAL,"Timothy ""Tim"" Peck",Democratic,D,134,399,0.33584,TOTAL,yes
2024,Indiana,9,US House,Harrison,18061,Harrison,HARRISON CENTRAL,"Russell ""Russ"" Brooksbank",Libertarian,L,5,399,0.012531,TOTAL,yes
2024,Indiana,9,US House,Harrison,18061,Harrison,HARRISON CENTRAL,Erin Houchin,Republican,R,260,399,0.651629,TOTAL,yes
2024,Indiana,9,US House,Harrison,18061,Harrison,HARRISON EAST,"Timothy ""Tim"" Peck",Democratic,D,126,508,0.248031,TOTAL,yes
2024,Indiana,9,US House,Harrison,18061,Harrison,HARRISON EAST,"Russell ""Russ"" Brooksbank",Libertarian,L,12,508,0.023622,TOTAL,yes
2024,Indiana,9,US House,Harrison,18061,Harrison,HARRISON EAST,Erin Houchin,Republican,R,370,508,0.728346,TOTAL,yes
2024,Indiana,9,US House,Harrison,18061,Harrison,HARRISON EAST SOUTHEAST,"Timothy ""Tim"" Peck",Democratic,D,157,545,0.288073,TOTAL,yes
2024,Indiana,9,US House,Harrison,18061,Harrison,HARRISON EAST SOUTHEAST,"Russell ""Russ"" Brooksbank",Libertarian,L,15,545,0.027523,TOTAL,yes
2024,Indiana,9,US House,Harrison,18061,Harrison,HARRISON EAST SOUTHEAST,Erin Houchin,Republican,R,373,545,0.684404,TOTAL,yes
2024,Indiana,9,US House,Harrison,18061,Harrison,HARRISON NORTH,"Timothy ""Tim"" Peck",Democratic,D,125,468,0.267094,TOTAL,yes
2024,Indiana,9,US House,Harrison,18061,Harrison,HARRISON NORTH,"Russell ""Russ"" Brooksbank",Libertarian,L,4,468,0.008547,TOTAL,yes
2024,Indiana,9,US House,Harrison,18061,Harrison,HARRISON NORTH,Erin Houchin,Republican,R,339,468,0.724359,TOTAL,yes
2024,Indiana,9,US House,Harrison,18061,Harrison,HARRISON NORTHEAST,"Timothy ""Tim"" Peck",Democratic,D,135,495,0.272727,TOTAL,yes
2024,Indiana,9,US House,Harrison,18061,Harrison,HARRISON NORTHEAST,"Russell ""Russ"" Brooksbank",Libertarian,L,16,495,0.032323,TOTAL,yes
2024,Indiana,9,US House,Harrison,18061,Harrison,HARRISON NORTHEAST,Erin Houchin,Republican,R,344,495,0.694949,TOTAL,yes
2024,Indiana,9,US House,Harrison,18061,Harrison,HARRISON NORTHWEST,"Timothy ""Tim"" Peck",Democratic,D,170,584,0.291096,TOTAL,yes
2024,Indiana,9,US House,Harrison,18061,Harrison,HARRISON NORTHWEST,"Russell ""Russ"" Brooksbank",Libertarian,L,11,584,0.018836,TOTAL,yes
2024,Indiana,9,US House,Harrison,18061,Harrison,HARRISON NORTHWEST,Erin Houchin,Republican,R,403,584,0.690068,TOTAL,yes
2024,Indiana,9,US House,Harrison,18061,Harrison,HARRISON SOUTH,"Timothy ""Tim"" Peck",Democratic,D,99,429,0.230769,TOTAL,yes
2024,Indiana,9,US House,Harrison,18061,Harrison,HARRISON SOUTH,"Russell ""Russ"" Brooksbank",Libertarian,L,11,429,0.025641,TOTAL,yes
2024,Indiana,9,US House,Harrison,18061,Harrison,HARRISON SOUTH,Erin Houchin,Republican,R,319,429,0.74359,TOTAL,yes
2024,Indiana,9,US House,Harrison,18061,Harrison,HARRISON SOUTHEAST,"Timothy ""Tim"" Peck",Democratic,D,85,434,0.195853,TOTAL,yes
2024,Indiana,9,US House,Harrison,18061,Harrison,HARRISON SOUTHEAST,"Russell ""Russ"" Brooksbank",Libertarian,L,6,434,0.013825,TOTAL,yes
2024,Indiana,9,US House,Harrison,18061,Harrison,HARRISON SOUTHEAST,Erin Houchin,Republican,R,343,434,0.790323,TOTAL,yes
2024,Indiana,9,US House,Harrison,18061,Harrison,HARRISON SOUTHWEST,"Timothy ""Tim"" Peck",Democratic,D,101,491,0.205703,TOTAL,yes
2024,Indiana,9,US House,Harrison,18061,Harrison,HARRISON SOUTHWEST,"Russell ""Russ"" Brooksbank",Libertarian,L,18,491,0.03666,TOTAL,yes
2024,Indiana,9,US House,Harrison,18061,Harrison,HARRISON SOUTHWEST,Erin Houchin,Republican,R,372,491,0.757637,TOTAL,yes
2024,Indiana,9,US House,Harrison,18061,Harrison,HARRISON WEST,"Timothy ""Tim"" Peck",Democratic,D,176,634,0.277603,TOTAL,yes
2024,Indiana,9,US House,Harrison,18061,Harrison,HARRISON WEST,"Russell ""Russ"" Brooksbank",Libertarian,L,11,634,0.01735,TOTAL,yes
2024,Indiana,9,US House,Harrison,18061,Harrison,HARRISON WEST,Erin Houchin,Republican,R,447,634,0.705047,TOTAL,yes
2024,Indiana,9,US House,Harrison,18061,Harrison,HETH EAST,"Timothy ""Tim"" Peck",Democratic,D,59,311,0.189711,TOTAL,yes
2024,Indiana,9,US House,Harrison,18061,Harrison,HETH EAST,"Russell ""Russ"" Brooksbank",Libertarian,L,3,311,0.009646,TOTAL,yes
2024,Indiana,9,US House,Harrison,18061,Harrison,HETH EAST,Erin Houchin,Republican,R,249,311,0.800643,TOTAL,yes
2024,Indiana,9,US House,Harrison,18061,Harrison,HETH WEST,"Timothy ""Tim"" Peck",Democratic,D,41,270,0.151852,TOTAL,yes
2024,Indiana,9,US House,Harrison,18061,Harrison,HETH WEST,"Russell ""Russ"" Brooksbank",Libertarian,L,8,270,0.02963,TOTAL,yes
2024,Indiana,9,US House,Harrison,18061,Harrison,HETH WEST,Erin Houchin,Republican,R,221,270,0.818519,TOTAL,yes
2024,Indiana,9,US House,Harrison,18061,Harrison,JACKSON CRANDALL,"Timothy ""Tim"" Peck",Democratic,D,27,62,0.435484,TOTAL,yes
2024,Indiana,9,US House,Harrison,18061,Harrison,JACKSON CRANDALL,"Russell ""Russ"" Brooksbank",Libertarian,L,2,62,0.032258,TOTAL,yes
2024,Indiana,9,US House,Harrison,18061,Harrison,JACKSON CRANDALL,Erin Houchin,Republican,R,33,62,0.532258,TOTAL,yes
2024,Indiana,9,US House,Harrison,18061,Harrison,JACKSON EAST,"Timothy ""Tim"" Peck",Democratic,D,110,490,0.22449,TOTAL,yes
2024,Indiana,9,US House,Harrison,18061,Harrison,JACKSON EAST,"Russell ""Russ"" Brooksbank",Libertarian,L,10,490,0.020408,TOTAL,yes
2024,Indiana,9,US House,Harrison,18061,Harrison,JACKSON EAST,Erin Houchin,Republican,R,370,490,0.755102,TOTAL,yes
2024,Indiana,9,US House,Harrison,18061,Harrison,JACKSON NORTH,"Timothy ""Tim"" Peck",Democratic,D,143,498,0.287149,TOTAL,yes
2024,Indiana,9,US House,Harrison,18061,Harrison,JACKSON NORTH,"Russell ""Russ"" Brooksbank",Libertarian,L,15,498,0.03012,TOTAL,yes
2024,Indiana,9,US House,Harrison,18061,Harrison,JACKSON NORTH,Erin Houchin,Republican,R,340,498,0.682731,TOTAL,yes
2024,Indiana,9,US House,Harrison,18061,Harrison,JACKSON NORTHEAST,"Timothy ""Tim"" Peck",Democratic,D,122,443,0.275395,TOTAL,yes
2024,Indiana,9,US House,Harrison,18061,Harrison,JACKSON NORTHEAST,"Russell ""Russ"" Brooksbank",Libertarian,L,11,443,0.024831,TOTAL,yes
2024,Indiana,9,US House,Harrison,18061,Harrison,JACKSON NORTHEAST,Erin Houchin,Republican,R,310,443,0.699774,TOTAL,yes
2024,Indiana,9,US House,Harrison,18061,Harrison,JACKSON NORTHWEST,"Timothy ""Tim"" Peck",Democratic,D,122,515,0.236893,TOTAL,yes
2024,Indiana,9,US House,Harrison,18061,Harrison,JACKSON NORTHWEST,"Russell ""Russ"" Brooksbank",Libertarian,L,10,515,0.019417,TOTAL,yes
2024,Indiana,9,US House,Harrison,18061,Harrison,JACKSON NORTHWEST,Erin Houchin,Republican,R,383,515,0.743689,TOTAL,yes
2024,Indiana,9,US House,Harrison,18061,Harrison,JACKSON SOUTHEAST,"Timothy ""Tim"" Peck",Democratic,D,132,536,0.246269,TOTAL,yes
2024,Indiana,9,US House,Harrison,18061,Harrison,JACKSON SOUTHEAST,"Russell ""Russ"" Brooksbank",Libertarian,L,15,536,0.027985,TOTAL,yes
2024,Indiana,9,US House,Harrison,18061,Harrison,JACKSON SOUTHEAST,Erin Houchin,Republican,R,389,536,0.725746,TOTAL,yes
2024,Indiana,9,US House,Harrison,18061,Harrison,JACKSON SOUTHWEST,"Timothy ""Tim"" Peck",Democratic,D,137,562,0.243772,TOTAL,yes
2024,Indiana,9,US House,Harrison,18061,Harrison,JACKSON SOUTHWEST,"Russell ""Russ"" Brooksbank",Libertarian,L,10,562,0.017794,TOTAL,yes
2024,Indiana,9,US House,Harrison,18061,Harrison,JACKSON SOUTHWEST,Erin Houchin,Republican,R,415,562,0.738434,TOTAL,yes
2024,Indiana,9,US House,Harrison,18061,Harrison,MORGAN NORTHEAST,"Timothy ""Tim"" Peck",Democratic,D,135,509,0.265226,TOTAL,yes
2024,Indiana,9,US House,Harrison,18061,Harrison,MORGAN NORTHEAST,"Russell ""Russ"" Brooksbank",Libertarian,L,14,509,0.027505,TOTAL,yes
2024,Indiana,9,US House,Harrison,18061,Harrison,MORGAN NORTHEAST,Erin Houchin,Republican,R,360,509,0.707269,TOTAL,yes
2024,Indiana,9,US House,Harrison,18061,Harrison,MORGAN PALMYRA,"Timothy ""Tim"" Peck",Democratic,D,94,390,0.241026,TOTAL,yes
2024,Indiana,9,US House,Harrison,18061,Harrison,MORGAN PALMYRA,"Russell ""Russ"" Brooksbank",Libertarian,L,12,390,0.030769,TOTAL,yes
2024,Indiana,9,US House,Harrison,18061,Harrison,MORGAN PALMYRA,Erin Houchin,Republican,R,284,390,0.728205,TOTAL,yes
2024,Indiana,9,US House,Harrison,18061,Harrison,MORGAN SOUTHEAST,"Timothy ""Tim"" Peck",Democratic,D,134,475,0.282105,TOTAL,yes
2024,Indiana,9,US House,Harrison,18061,Harrison,MORGAN SOUTHEAST,"Russell ""Russ"" Brooksbank",Libertarian,L,10,475,0.021053,TOTAL,yes
2024,Indiana,9,US House,Harrison,18061,Harrison,MORGAN SOUTHEAST,Erin Houchin,Republican,R,331,475,0.696842,TOTAL,yes
2024,Indiana,9,US House,Harrison,18061,Harrison,MORGAN WEST,"Timothy ""Tim"" Peck",Democratic,D,117,547,0.213894,TOTAL,yes
2024,Indiana,9,US House,Harrison,18061,Harrison,MORGAN WEST,"Russell ""Russ"" Brooksbank",Libertarian,L,12,547,0.021938,TOTAL,yes
2024,Indiana,9,US House,Harrison,18061,Harrison,MORGAN WEST,Erin Houchin,Republican,R,418,547,0.764168,TOTAL,yes
2024,Indiana,9,US House,Harrison,18061,Harrison,POSEY ELIZABETH,"Timothy ""Tim"" Peck",Democratic,D,14,111,0.126126,TOTAL,yes
2024,Indiana,9,US House,Harrison,18061,Harrison,POSEY ELIZABETH,"Russell ""Russ"" Brooksbank",Libertarian,L,7,111,0.063063,TOTAL,yes
2024,Indiana,9,US House,Harrison,18061,Harrison,POSEY ELIZABETH,Erin Houchin,Republican,R,90,111,0.810811,TOTAL,yes
2024,Indiana,9,US House,Harrison,18061,Harrison,POSEY NORTHEAST,"Timothy ""Tim"" Peck",Democratic,D,86,511,0.168297,TOTAL,yes
2024,Indiana,9,US House,Harrison,18061,Harrison,POSEY NORTHEAST,"Russell ""Russ"" Brooksbank",Libertarian,L,13,511,0.02544,TOTAL,yes
2024,Indiana,9,US House,Harrison,18061,Harrison,POSEY NORTHEAST,Erin Houchin,Republican,R,412,511,0.806262,TOTAL,yes
2024,Indiana,9,US House,Harrison,18061,Harrison,POSEY SOUTHEAST,"Timothy ""Tim"" Peck",Democratic,D,88,503,0.17495,TOTAL,yes
2024,Indiana,9,US House,Harrison,18061,Harrison,POSEY SOUTHEAST,"Russell ""Russ"" Brooksbank",Libertarian,L,11,503,0.021869,TOTAL,yes
2024,Indiana,9,US House,Harrison,18061,Harrison,POSEY SOUTHEAST,Erin Houchin,Republican,R,404,503,0.803181,TOTAL,yes
2024,Indiana,9,US House,Harrison,18061,Harrison,POSEY WEST,"Timothy ""Tim"" Peck",Democratic,D,109,477,0.228512,TOTAL,yes
2024,Indiana,9,US House,Harrison,18061,Harrison,POSEY WEST,"Russell ""Russ"" Brooksbank",Libertarian,L,15,477,0.031447,TOTAL,yes
2024,Indiana,9,US House,Harrison,18061,Harrison,POSEY WEST,Erin Houchin,Republican,R,353,477,0.740042,TOTAL,yes
2024,Indiana,9,US House,Harrison,18061,Harrison,SPENCER NORTH,"Timothy ""Tim"" Peck",Democratic,D,127,524,0.242366,TOTAL,yes
2024,Indiana,9,US House,Harrison,18061,Harrison,SPENCER NORTH,"Russell ""Russ"" Brooksbank",Libertarian,L,7,524,0.013359,TOTAL,yes
2024,Indiana,9,US House,Harrison,18061,Harrison,SPENCER NORTH,Erin Houchin,Republican,R,390,524,0.744275,TOTAL,yes
2024,Indiana,9,US House,Harrison,18061,Harrison,SPENCER SOUTH,"Timothy ""Tim"" Peck",Democratic,D,128,475,0.269474,TOTAL,yes
2024,Indiana,9,US House,Harrison,18061,Harrison,SPENCER SOUTH,"Russell ""Russ"" Brooksbank",Libertarian,L,6,475,0.012632,TOTAL,yes
2024,Indiana,9,US House,Harrison,18061,Harrison,SPENCER SOUTH,Erin Houchin,Republican,R,341,475,0.717895,TOTAL,yes
2024,Indiana,9,US House,Harrison,18061,Harrison,TAYLOR,"Timothy ""Tim"" Peck",Democratic,D,102,393,0.259542,TOTAL,yes
2024,Indiana,9,US House,Harrison,18061,Harrison,TAYLOR,"Russell ""Russ"" Brooksbank",Libertarian,L,6,393,0.015267,TOTAL,yes
2024,Indiana,9,US House,Harrison,18061,Harrison,TAYLOR,Erin Houchin,Republican,R,285,393,0.725191,TOTAL,yes
2024,Indiana,9,US House,Harrison,18061,Harrison,WASHINGTON,"Timothy ""Tim"" Peck",Democratic,D,36,228,0.157895,TOTAL,yes
2024,Indiana,9,US House,Harrison,18061,Harrison,WASHINGTON,"Russell ""Russ"" Brooksbank",Libertarian,L,6,228,0.026316,TOTAL,yes
2024,Indiana,9,US House,Harrison,18061,Harrison,WASHINGTON,Erin Houchin,Republican,R,186,228,0.815789,TOTAL,yes
2024,Indiana,9,US House,Harrison,18061,Harrison,WEBSTER EAST,"Timothy ""Tim"" Peck",Democratic,D,93,470,0.197872,TOTAL,yes
2024,Indiana,9,US House,Harrison,18061,Harrison,WEBSTER EAST,"Russell ""Russ"" Brooksbank",Libertarian,L,13,470,0.02766,TOTAL,yes
2024,Indiana,9,US House,Harrison,18061,Harrison,WEBSTER EAST,Erin Houchin,Republican,R,364,470,0.774468,TOTAL,yes
2024,Indiana,9,US House,Harrison,18061,Harrison,WEBSTER WEST,"Timothy ""Tim"" Peck",Democratic,D,96,412,0.23301,TOTAL,yes
2024,Indiana,9,US House,Harrison,18061,Harrison,WEBSTER WEST,"Russell ""Russ"" Brooksbank",Libertarian,L,7,412,0.01699,TOTAL,yes
2024,Indiana,9,US House,Harrison,18061,Harrison,WEBSTER WEST,Erin Houchin,Republican,R,309,412,0.75,TOTAL,yes
2024,Indiana,9,US House,Jackson,18071,Jackson,BROWNSTOWN TOWN 1,"Timothy ""Tim"" Peck",Democratic,D,75,513,0.146199,TOTAL,yes
2024,Indiana,9,US House,Jackson,18071,Jackson,BROWNSTOWN TOWN 1,"Russell ""Russ"" Brooksbank",Libertarian,L,7,513,0.013645,TOTAL,yes
2024,Indiana,9,US House,Jackson,18071,Jackson,BROWNSTOWN TOWN 1,Erin Houchin,Republican,R,431,513,0.840156,TOTAL,yes
2024,Indiana,9,US House,Jackson,18071,Jackson,BROWNSTOWN TOWN 2,"Timothy ""Tim"" Peck",Democratic,D,99,633,0.156398,TOTAL,yes
2024,Indiana,9,US House,Jackson,18071,Jackson,BROWNSTOWN TOWN 2,"Russell ""Russ"" Brooksbank",Libertarian,L,19,633,0.030016,TOTAL,yes
2024,Indiana,9,US House,Jackson,18071,Jackson,BROWNSTOWN TOWN 2,Erin Houchin,Republican,R,515,633,0.813586,TOTAL,yes
2024,Indiana,9,US House,Jackson,18071,Jackson,BROWNSTOWN TOWN 4,"Timothy ""Tim"" Peck",Democratic,D,13,112,0.116071,TOTAL,yes
2024,Indiana,9,US House,Jackson,18071,Jackson,BROWNSTOWN TOWN 4,"Russell ""Russ"" Brooksbank",Libertarian,L,6,112,0.053571,TOTAL,yes
2024,Indiana,9,US House,Jackson,18071,Jackson,BROWNSTOWN TOWN 4,Erin Houchin,Republican,R,93,112,0.830357,TOTAL,yes
2024,Indiana,9,US House,Jackson,18071,Jackson,BROWNSTOWN TOWNSHIP EAST,"Timothy ""Tim"" Peck",Democratic,D,120,923,0.130011,TOTAL,yes
2024,Indiana,9,US House,Jackson,18071,Jackson,BROWNSTOWN TOWNSHIP EAST,"Russell ""Russ"" Brooksbank",Libertarian,L,16,923,0.017335,TOTAL,yes
2024,Indiana,9,US House,Jackson,18071,Jackson,BROWNSTOWN TOWNSHIP EAST,Erin Houchin,Republican,R,787,923,0.852654,TOTAL,yes
2024,Indiana,9,US House,Jackson,18071,Jackson,BROWNSTOWN TOWNSHIP WEST,"Timothy ""Tim"" Peck",Democratic,D,77,420,0.183333,TOTAL,yes
2024,Indiana,9,US House,Jackson,18071,Jackson,BROWNSTOWN TOWNSHIP WEST,"Russell ""Russ"" Brooksbank",Libertarian,L,14,420,0.033333,TOTAL,yes
2024,Indiana,9,US House,Jackson,18071,Jackson,BROWNSTOWN TOWNSHIP WEST,Erin Houchin,Republican,R,329,420,0.783333,TOTAL,yes
2024,Indiana,9,US House,Jackson,18071,Jackson,CARR,"Timothy ""Tim"" Peck",Democratic,D,93,585,0.158974,TOTAL,yes
2024,Indiana,9,US House,Jackson,18071,Jackson,CARR,"Russell ""Russ"" Brooksbank",Libertarian,L,15,585,0.025641,TOTAL,yes
2024,Indiana,9,US House,Jackson,18071,Jackson,CARR,Erin Houchin,Republican,R,477,585,0.815385,TOTAL,yes
2024,Indiana,9,US House,Jackson,18071,Jackson,DRIFTWOOD,"Timothy ""Tim"" Peck",Democratic,D,74,513,0.14425,TOTAL,yes
2024,Indiana,9,US House,Jackson,18071,Jackson,DRIFTWOOD,"Russell ""Russ"" Brooksbank",Libertarian,L,16,513,0.031189,TOTAL,yes
2024,Indiana,9,US House,Jackson,18071,Jackson,DRIFTWOOD,Erin Houchin,Republican,R,423,513,0.824561,TOTAL,yes
2024,Indiana,9,US House,Jackson,18071,Jackson,GRASSY FORK,"Timothy ""Tim"" Peck",Democratic,D,35,353,0.09915,TOTAL,yes
2024,Indiana,9,US House,Jackson,18071,Jackson,GRASSY FORK,"Russell ""Russ"" Brooksbank",Libertarian,L,5,353,0.014164,TOTAL,yes
2024,Indiana,9,US House,Jackson,18071,Jackson,GRASSY FORK,Erin Houchin,Republican,R,313,353,0.886686,TOTAL,yes
2024,Indiana,9,US House,Jackson,18071,Jackson,HAMILTON,"Timothy ""Tim"" Peck",Democratic,D,173,931,0.185822,TOTAL,yes
2024,Indiana,9,US House,Jackson,18071,Jackson,HAMILTON,"Russell ""Russ"" Brooksbank",Libertarian,L,28,931,0.030075,TOTAL,yes
2024,Indiana,9,US House,Jackson,18071,Jackson,HAMILTON,Erin Houchin,Republican,R,730,931,0.784103,TOTAL,yes
2024,Indiana,9,US House,Jackson,18071,Jackson,JACKSON 1 EAST,"Timothy ""Tim"" Peck",Democratic,D,155,682,0.227273,TOTAL,yes
2024,Indiana,9,US House,Jackson,18071,Jackson,JACKSON 1 EAST,"Russell ""Russ"" Brooksbank",Libertarian,L,23,682,0.033724,TOTAL,yes
2024,Indiana,9,US House,Jackson,18071,Jackson,JACKSON 1 EAST,Erin Houchin,Republican,R,504,682,0.739003,TOTAL,yes
2024,Indiana,9,US House,Jackson,18071,Jackson,JACKSON 2 EAST,"Timothy ""Tim"" Peck",Democratic,D,129,468,0.275641,TOTAL,yes
2024,Indiana,9,US House,Jackson,18071,Jackson,JACKSON 2 EAST,"Russell ""Russ"" Brooksbank",Libertarian,L,10,468,0.021368,TOTAL,yes
2024,Indiana,9,US House,Jackson,18071,Jackson,JACKSON 2 EAST,Erin Houchin,Republican,R,329,468,0.702991,TOTAL,yes
2024,Indiana,9,US House,Jackson,18071,Jackson,JACKSON 2 WEST,"Timothy ""Tim"" Peck",Democratic,D,61,217,0.281106,TOTAL,yes
2024,Indiana,9,US House,Jackson,18071,Jackson,JACKSON 2 WEST,"Russell ""Russ"" Brooksbank",Libertarian,L,6,217,0.02765,TOTAL,yes
2024,Indiana,9,US House,Jackson,18071,Jackson,JACKSON 2 WEST,Erin Houchin,Republican,R,150,217,0.691244,TOTAL,yes
2024,Indiana,9,US House,Jackson,18071,Jackson,JACKSON 3 NORTH,"Timothy ""Tim"" Peck",Democratic,D,102,421,0.24228,TOTAL,yes
2024,Indiana,9,US House,Jackson,18071,Jackson,JACKSON 3 NORTH,"Russell ""Russ"" Brooksbank",Libertarian,L,15,421,0.035629,TOTAL,yes
2024,Indiana,9,US House,Jackson,18071,Jackson,JACKSON 3 NORTH,Erin Houchin,Republican,R,304,421,0.72209,TOTAL,yes
2024,Indiana,9,US House,Jackson,18071,Jackson,JACKSON 3 SOUTH,"Timothy ""Tim"" Peck",Democratic,D,163,658,0.24772,TOTAL,yes
2024,Indiana,9,US House,Jackson,18071,Jackson,JACKSON 3 SOUTH,"Russell ""Russ"" Brooksbank",Libertarian,L,18,658,0.027356,TOTAL,yes
2024,Indiana,9,US House,Jackson,18071,Jackson,JACKSON 3 SOUTH,Erin Houchin,Republican,R,477,658,0.724924,TOTAL,yes
2024,Indiana,9,US House,Jackson,18071,Jackson,JACKSON 4 NORTH,"Timothy ""Tim"" Peck",Democratic,D,243,1036,0.234556,TOTAL,yes
2024,Indiana,9,US House,Jackson,18071,Jackson,JACKSON 4 NORTH,"Russell ""Russ"" Brooksbank",Libertarian,L,14,1036,0.013514,TOTAL,yes
2024,Indiana,9,US House,Jackson,18071,Jackson,JACKSON 4 NORTH,Erin Houchin,Republican,R,779,1036,0.751931,TOTAL,yes
2024,Indiana,9,US House,Jackson,18071,Jackson,JACKSON 4 SOUTH,"Timothy ""Tim"" Peck",Democratic,D,114,595,0.191597,TOTAL,yes
2024,Indiana,9,US House,Jackson,18071,Jackson,JACKSON 4 SOUTH,"Russell ""Russ"" Brooksbank",Libertarian,L,15,595,0.02521,TOTAL,yes
2024,Indiana,9,US House,Jackson,18071,Jackson,JACKSON 4 SOUTH,Erin Houchin,Republican,R,466,595,0.783193,TOTAL,yes
2024,Indiana,9,US House,Jackson,18071,Jackson,JACKSON 5 EAST,"Timothy ""Tim"" Peck",Democratic,D,212,739,0.286874,TOTAL,yes
2024,Indiana,9,US House,Jackson,18071,Jackson,JACKSON 5 EAST,"Russell ""Russ"" Brooksbank",Libertarian,L,24,739,0.032476,TOTAL,yes
2024,Indiana,9,US House,Jackson,18071,Jackson,JACKSON 5 EAST,Erin Houchin,Republican,R,503,739,0.68065,TOTAL,yes
2024,Indiana,9,US House,Jackson,18071,Jackson,JACKSON 5 NORTH,"Timothy ""Tim"" Peck",Democratic,D,257,968,0.265496,TOTAL,yes
2024,Indiana,9,US House,Jackson,18071,Jackson,JACKSON 5 NORTH,"Russell ""Russ"" Brooksbank",Libertarian,L,23,968,0.02376,TOTAL,yes
2024,Indiana,9,US House,Jackson,18071,Jackson,JACKSON 5 NORTH,Erin Houchin,Republican,R,688,968,0.710744,TOTAL,yes
2024,Indiana,9,US House,Jackson,18071,Jackson,JACKSON 6,"Timothy ""Tim"" Peck",Democratic,D,143,672,0.212798,TOTAL,yes
2024,Indiana,9,US House,Jackson,18071,Jackson,JACKSON 6,"Russell ""Russ"" Brooksbank",Libertarian,L,16,672,0.02381,TOTAL,yes
2024,Indiana,9,US House,Jackson,18071,Jackson,JACKSON 6,Erin Houchin,Republican,R,513,672,0.763393,TOTAL,yes
2024,Indiana,9,US House,Jackson,18071,Jackson,JACKSON 7,"Timothy ""Tim"" Peck",Democratic,D,197,953,0.206716,TOTAL,yes
2024,Indiana,9,US House,Jackson,18071,Jackson,JACKSON 7,"Russell ""Russ"" Brooksbank",Libertarian,L,23,953,0.024134,TOTAL,yes
2024,Indiana,9,US House,Jackson,18071,Jackson,JACKSON 7,Erin Houchin,Republican,R,733,953,0.76915,TOTAL,yes
2024,Indiana,9,US House,Jackson,18071,Jackson,OWEN,"Timothy ""Tim"" Peck",Democratic,D,94,727,0.129298,TOTAL,yes
2024,Indiana,9,US House,Jackson,18071,Jackson,OWEN,"Russell ""Russ"" Brooksbank",Libertarian,L,15,727,0.020633,TOTAL,yes
2024,Indiana,9,US House,Jackson,18071,Jackson,OWEN,Erin Houchin,Republican,R,618,727,0.850069,TOTAL,yes
2024,Indiana,9,US House,Jackson,18071,Jackson,PERSHING,"Timothy ""Tim"" Peck",Democratic,D,97,693,0.139971,TOTAL,yes
2024,Indiana,9,US House,Jackson,18071,Jackson,PERSHING,"Russell ""Russ"" Brooksbank",Libertarian,L,15,693,0.021645,TOTAL,yes
2024,Indiana,9,US House,Jackson,18071,Jackson,PERSHING,Erin Houchin,Republican,R,581,693,0.838384,TOTAL,yes
2024,Indiana,9,US House,Jackson,18071,Jackson,REDDING EAST,"Timothy ""Tim"" Peck",Democratic,D,143,942,0.151805,TOTAL,yes
2024,Indiana,9,US House,Jackson,18071,Jackson,REDDING EAST,"Russell ""Russ"" Brooksbank",Libertarian,L,18,942,0.019108,TOTAL,yes
2024,Indiana,9,US House,Jackson,18071,Jackson,REDDING EAST,Erin Houchin,Republican,R,781,942,0.829087,TOTAL,yes
2024,Indiana,9,US House,Jackson,18071,Jackson,REDDING SEYMOUR CITY,"Timothy ""Tim"" Peck",Democratic,D,162,621,0.26087,TOTAL,yes
2024,Indiana,9,US House,Jackson,18071,Jackson,REDDING SEYMOUR CITY,"Russell ""Russ"" Brooksbank",Libertarian,L,23,621,0.037037,TOTAL,yes
2024,Indiana,9,US House,Jackson,18071,Jackson,REDDING SEYMOUR CITY,Erin Houchin,Republican,R,436,621,0.702093,TOTAL,yes
2024,Indiana,9,US House,Jackson,18071,Jackson,REDDING WEST,"Timothy ""Tim"" Peck",Democratic,D,147,793,0.185372,TOTAL,yes
2024,Indiana,9,US House,Jackson,18071,Jackson,REDDING WEST,"Russell ""Russ"" Brooksbank",Libertarian,L,18,793,0.022699,TOTAL,yes
2024,Indiana,9,US House,Jackson,18071,Jackson,REDDING WEST,Erin Houchin,Republican,R,628,793,0.791929,TOTAL,yes
2024,Indiana,9,US House,Jackson,18071,Jackson,SALT CREEK,"Timothy ""Tim"" Peck",Democratic,D,25,183,0.136612,TOTAL,yes
2024,Indiana,9,US House,Jackson,18071,Jackson,SALT CREEK,"Russell ""Russ"" Brooksbank",Libertarian,L,4,183,0.021858,TOTAL,yes
2024,Indiana,9,US House,Jackson,18071,Jackson,SALT CREEK,Erin Houchin,Republican,R,154,183,0.84153,TOTAL,yes
2024,Indiana,9,US House,Jackson,18071,Jackson,VERNON CROTHERSVILLE,"Timothy ""Tim"" Peck",Democratic,D,91,475,0.191579,TOTAL,yes
2024,Indiana,9,US House,Jackson,18071,Jackson,VERNON CROTHERSVILLE,"Russell ""Russ"" Brooksbank",Libertarian,L,10,475,0.021053,TOTAL,yes
2024,Indiana,9,US House,Jackson,18071,Jackson,VERNON CROTHERSVILLE,Erin Houchin,Republican,R,374,475,0.787368,TOTAL,yes
2024,Indiana,9,US House,Jackson,18071,Jackson,VERNON NORTH,"Timothy ""Tim"" Peck",Democratic,D,56,397,0.141058,TOTAL,yes
2024,Indiana,9,US House,Jackson,18071,Jackson,VERNON NORTH,"Russell ""Russ"" Brooksbank",Libertarian,L,3,397,0.007557,TOTAL,yes
2024,Indiana,9,US House,Jackson,18071,Jackson,VERNON NORTH,Erin Houchin,Republican,R,338,397,0.851385,TOTAL,yes
2024,Indiana,9,US House,Jackson,18071,Jackson,VERNON SOUTH,"Timothy ""Tim"" Peck",Democratic,D,90,498,0.180723,TOTAL,yes
2024,Indiana,9,US House,Jackson,18071,Jackson,VERNON SOUTH,"Russell ""Russ"" Brooksbank",Libertarian,L,8,498,0.016064,TOTAL,yes
2024,Indiana,9,US House,Jackson,18071,Jackson,VERNON SOUTH,Erin Houchin,Republican,R,400,498,0.803213,TOTAL,yes
2024,Indiana,9,US House,Jackson,18071,Jackson,WASHINGTON,"Timothy ""Tim"" Peck",Democratic,D,94,709,0.132581,TOTAL,yes
2024,Indiana,9,US House,Jackson,18071,Jackson,WASHINGTON,"Russell ""Russ"" Brooksbank",Libertarian,L,10,709,0.014104,TOTAL,yes
2024,Indiana,9,US House,Jackson,18071,Jackson,WASHINGTON,Erin Houchin,Republican,R,605,709,0.853315,TOTAL,yes
2024,Indiana,9,US House,Jefferson,18077,Jefferson,1-1,"Timothy ""Tim"" Peck",Democratic,D,200,412,0.485437,TOTAL,yes
2024,Indiana,9,US House,Jefferson,18077,Jefferson,1-1,"Russell ""Russ"" Brooksbank",Libertarian,L,11,412,0.026699,TOTAL,yes
2024,Indiana,9,US House,Jefferson,18077,Jefferson,1-1,Erin Houchin,Republican,R,201,412,0.487864,TOTAL,yes
2024,Indiana,9,US House,Jefferson,18077,Jefferson,1-2,"Timothy ""Tim"" Peck",Democratic,D,171,325,0.526154,TOTAL,yes
2024,Indiana,9,US House,Jefferson,18077,Jefferson,1-2,"Russell ""Russ"" Brooksbank",Libertarian,L,5,325,0.015385,TOTAL,yes
2024,Indiana,9,US House,Jefferson,18077,Jefferson,1-2,Erin Houchin,Republican,R,149,325,0.458462,TOTAL,yes
2024,Indiana,9,US House,Jefferson,18077,Jefferson,2-1,"Timothy ""Tim"" Peck",Democratic,D,237,532,0.445489,TOTAL,yes
2024,Indiana,9,US House,Jefferson,18077,Jefferson,2-1,"Russell ""Russ"" Brooksbank",Libertarian,L,8,532,0.015038,TOTAL,yes
2024,Indiana,9,US House,Jefferson,18077,Jefferson,2-1,Erin Houchin,Republican,R,287,532,0.539474,TOTAL,yes
2024,Indiana,9,US House,Jefferson,18077,Jefferson,2-2,"Timothy ""Tim"" Peck",Democratic,D,215,612,0.351307,TOTAL,yes
2024,Indiana,9,US House,Jefferson,18077,Jefferson,2-2,"Russell ""Russ"" Brooksbank",Libertarian,L,10,612,0.01634,TOTAL,yes
2024,Indiana,9,US House,Jefferson,18077,Jefferson,2-2,Erin Houchin,Republican,R,387,612,0.632353,TOTAL,yes
2024,Indiana,9,US House,Jefferson,18077,Jefferson,4-1,"Timothy ""Tim"" Peck",Democratic,D,214,645,0.331783,TOTAL,yes
2024,Indiana,9,US House,Jefferson,18077,Jefferson,4-1,"Russell ""Russ"" Brooksbank",Libertarian,L,9,645,0.013953,TOTAL,yes
2024,Indiana,9,US House,Jefferson,18077,Jefferson,4-1,Erin Houchin,Republican,R,422,645,0.654264,TOTAL,yes
2024,Indiana,9,US House,Jefferson,18077,Jefferson,4-1A,"Timothy ""Tim"" Peck",Democratic,D,124,421,0.294537,TOTAL,yes
2024,Indiana,9,US House,Jefferson,18077,Jefferson,4-1A,"Russell ""Russ"" Brooksbank",Libertarian,L,4,421,0.009501,TOTAL,yes
2024,Indiana,9,US House,Jefferson,18077,Jefferson,4-1A,Erin Houchin,Republican,R,293,421,0.695962,TOTAL,yes
2024,Indiana,9,US House,Jefferson,18077,Jefferson,4-2,"Timothy ""Tim"" Peck",Democratic,D,83,241,0.344398,TOTAL,yes
2024,Indiana,9,US House,Jefferson,18077,Jefferson,4-2,"Russell ""Russ"" Brooksbank",Libertarian,L,4,241,0.016598,TOTAL,yes
2024,Indiana,9,US House,Jefferson,18077,Jefferson,4-2,Erin Houchin,Republican,R,154,241,0.639004,TOTAL,yes
2024,Indiana,9,US House,Jefferson,18077,Jefferson,4-3,"Timothy ""Tim"" Peck",Democratic,D,171,499,0.342685,TOTAL,yes
2024,Indiana,9,US House,Jefferson,18077,Jefferson,4-3,"Russell ""Russ"" Brooksbank",Libertarian,L,15,499,0.03006,TOTAL,yes
2024,Indiana,9,US House,Jefferson,18077,Jefferson,4-3,Erin Houchin,Republican,R,313,499,0.627255,TOTAL,yes
2024,Indiana,9,US House,Jefferson,18077,Jefferson,5-1,"Timothy ""Tim"" Peck",Democratic,D,200,575,0.347826,TOTAL,yes
2024,Indiana,9,US House,Jefferson,18077,Jefferson,5-1,"Russell ""Russ"" Brooksbank",Libertarian,L,8,575,0.013913,TOTAL,yes
2024,Indiana,9,US House,Jefferson,18077,Jefferson,5-1,Erin Houchin,Republican,R,367,575,0.638261,TOTAL,yes
2024,Indiana,9,US House,Jefferson,18077,Jefferson,5-2,"Timothy ""Tim"" Peck",Democratic,D,208,602,0.345515,TOTAL,yes
2024,Indiana,9,US House,Jefferson,18077,Jefferson,5-2,"Russell ""Russ"" Brooksbank",Libertarian,L,15,602,0.024917,TOTAL,yes
2024,Indiana,9,US House,Jefferson,18077,Jefferson,5-2,Erin Houchin,Republican,R,379,602,0.629568,TOTAL,yes
2024,Indiana,9,US House,Jefferson,18077,Jefferson,GRAHAM,"Timothy ""Tim"" Peck",Democratic,D,146,710,0.205634,TOTAL,yes
2024,Indiana,9,US House,Jefferson,18077,Jefferson,GRAHAM,"Russell ""Russ"" Brooksbank",Libertarian,L,13,710,0.01831,TOTAL,yes
2024,Indiana,9,US House,Jefferson,18077,Jefferson,GRAHAM,Erin Houchin,Republican,R,551,710,0.776056,TOTAL,yes
2024,Indiana,9,US House,Jefferson,18077,Jefferson,HANOVER 1,"Timothy ""Tim"" Peck",Democratic,D,194,460,0.421739,TOTAL,yes
2024,Indiana,9,US House,Jefferson,18077,Jefferson,HANOVER 1,"Russell ""Russ"" Brooksbank",Libertarian,L,15,460,0.032609,TOTAL,yes
2024,Indiana,9,US House,Jefferson,18077,Jefferson,HANOVER 1,Erin Houchin,Republican,R,251,460,0.545652,TOTAL,yes
2024,Indiana,9,US House,Jefferson,18077,Jefferson,HANOVER 2,"Timothy ""Tim"" Peck",Democratic,D,128,495,0.258586,TOTAL,yes
2024,Indiana,9,US House,Jefferson,18077,Jefferson,HANOVER 2,"Russell ""Russ"" Brooksbank",Libertarian,L,11,495,0.022222,TOTAL,yes
2024,Indiana,9,US House,Jefferson,18077,Jefferson,HANOVER 2,Erin Houchin,Republican,R,356,495,0.719192,TOTAL,yes
2024,Indiana,9,US House,Jefferson,18077,Jefferson,HANOVER 2A,"Timothy ""Tim"" Peck",Democratic,D,121,441,0.274376,TOTAL,yes
2024,Indiana,9,US House,Jefferson,18077,Jefferson,HANOVER 2A,"Russell ""Russ"" Brooksbank",Libertarian,L,16,441,0.036281,TOTAL,yes
2024,Indiana,9,US House,Jefferson,18077,Jefferson,HANOVER 2A,Erin Houchin,Republican,R,304,441,0.689342,TOTAL,yes
2024,Indiana,9,US House,Jefferson,18077,Jefferson,HANOVER 3,"Timothy ""Tim"" Peck",Democratic,D,191,466,0.409871,TOTAL,yes
2024,Indiana,9,US House,Jefferson,18077,Jefferson,HANOVER 3,"Russell ""Russ"" Brooksbank",Libertarian,L,12,466,0.025751,TOTAL,yes
2024,Indiana,9,US House,Jefferson,18077,Jefferson,HANOVER 3,Erin Houchin,Republican,R,263,466,0.564378,TOTAL,yes
2024,Indiana,9,US House,Jefferson,18077,Jefferson,LANCASTER,"Timothy ""Tim"" Peck",Democratic,D,134,641,0.209048,TOTAL,yes
2024,Indiana,9,US House,Jefferson,18077,Jefferson,LANCASTER,"Russell ""Russ"" Brooksbank",Libertarian,L,11,641,0.017161,TOTAL,yes
2024,Indiana,9,US House,Jefferson,18077,Jefferson,LANCASTER,Erin Houchin,Republican,R,496,641,0.773791,TOTAL,yes
2024,Indiana,9,US House,Jefferson,18077,Jefferson,MADISON 1,"Timothy ""Tim"" Peck",Democratic,D,205,820,0.25,TOTAL,yes
2024,Indiana,9,US House,Jefferson,18077,Jefferson,MADISON 1,"Russell ""Russ"" Brooksbank",Libertarian,L,19,820,0.023171,TOTAL,yes
2024,Indiana,9,US House,Jefferson,18077,Jefferson,MADISON 1,Erin Houchin,Republican,R,596,820,0.726829,TOTAL,yes
2024,Indiana,9,US House,Jefferson,18077,Jefferson,MADISON 2,"Timothy ""Tim"" Peck",Democratic,D,278,973,0.285714,TOTAL,yes
2024,Indiana,9,US House,Jefferson,18077,Jefferson,MADISON 2,"Russell ""Russ"" Brooksbank",Libertarian,L,23,973,0.023638,TOTAL,yes
2024,Indiana,9,US House,Jefferson,18077,Jefferson,MADISON 2,Erin Houchin,Republican,R,672,973,0.690647,TOTAL,yes
2024,Indiana,9,US House,Jefferson,18077,Jefferson,MADISON 3,"Timothy ""Tim"" Peck",Democratic,D,163,612,0.26634,TOTAL,yes
2024,Indiana,9,US House,Jefferson,18077,Jefferson,MADISON 3,"Russell ""Russ"" Brooksbank",Libertarian,L,21,612,0.034314,TOTAL,yes
2024,Indiana,9,US House,Jefferson,18077,Jefferson,MADISON 3,Erin Houchin,Republican,R,428,612,0.699346,TOTAL,yes
2024,Indiana,9,US House,Jefferson,18077,Jefferson,MILTON TWP,"Timothy ""Tim"" Peck",Democratic,D,110,425,0.258824,TOTAL,yes
2024,Indiana,9,US House,Jefferson,18077,Jefferson,MILTON TWP,"Russell ""Russ"" Brooksbank",Libertarian,L,13,425,0.030588,TOTAL,yes
2024,Indiana,9,US House,Jefferson,18077,Jefferson,MILTON TWP,Erin Houchin,Republican,R,302,425,0.710588,TOTAL,yes
2024,Indiana,9,US House,Jefferson,18077,Jefferson,MONROE TWP,"Timothy ""Tim"" Peck",Democratic,D,31,163,0.190184,TOTAL,yes
2024,Indiana,9,US House,Jefferson,18077,Jefferson,MONROE TWP,"Russell ""Russ"" Brooksbank",Libertarian,L,4,163,0.02454,TOTAL,yes
2024,Indiana,9,US House,Jefferson,18077,Jefferson,MONROE TWP,Erin Houchin,Republican,R,128,163,0.785276,TOTAL,yes
2024,Indiana,9,US House,Jefferson,18077,Jefferson,REPUBLICAN TWP,"Timothy ""Tim"" Peck",Democratic,D,182,733,0.248295,TOTAL,yes
2024,Indiana,9,US House,Jefferson,18077,Jefferson,REPUBLICAN TWP,"Russell ""Russ"" Brooksbank",Libertarian,L,15,733,0.020464,TOTAL,yes
2024,Indiana,9,US House,Jefferson,18077,Jefferson,REPUBLICAN TWP,Erin Houchin,Republican,R,536,733,0.731241,TOTAL,yes
2024,Indiana,9,US House,Jefferson,18077,Jefferson,SALUDA TWP,"Timothy ""Tim"" Peck",Democratic,D,123,563,0.218472,TOTAL,yes
2024,Indiana,9,US House,Jefferson,18077,Jefferson,SALUDA TWP,"Russell ""Russ"" Brooksbank",Libertarian,L,18,563,0.031972,TOTAL,yes
2024,Indiana,9,US House,Jefferson,18077,Jefferson,SALUDA TWP,Erin Houchin,Republican,R,422,563,0.749556,TOTAL,yes
2024,Indiana,9,US House,Jefferson,18077,Jefferson,SHELBY TWP,"Timothy ""Tim"" Peck",Democratic,D,90,545,0.165138,TOTAL,yes
2024,Indiana,9,US House,Jefferson,18077,Jefferson,SHELBY TWP,"Russell ""Russ"" Brooksbank",Libertarian,L,8,545,0.014679,TOTAL,yes
2024,Indiana,9,US House,Jefferson,18077,Jefferson,SHELBY TWP,Erin Houchin,Republican,R,447,545,0.820183,TOTAL,yes
2024,Indiana,9,US House,Jefferson,18077,Jefferson,SMYRNA,"Timothy ""Tim"" Peck",Democratic,D,116,510,0.227451,TOTAL,yes
2024,Indiana,9,US House,Jefferson,18077,Jefferson,SMYRNA,"Russell ""Russ"" Brooksbank",Libertarian,L,13,510,0.02549,TOTAL,yes
2024,Indiana,9,US House,Jefferson,18077,Jefferson,SMYRNA,Erin Houchin,Republican,R,381,510,0.747059,TOTAL,yes
2024,Indiana,9,US House,Jefferson,18077,Jefferson,WARD 3,"Timothy ""Tim"" Peck",Democratic,D,174,425,0.409412,TOTAL,yes
2024,Indiana,9,US House,Jefferson,18077,Jefferson,WARD 3,"Russell ""Russ"" Brooksbank",Libertarian,L,9,425,0.021176,TOTAL,yes
2024,Indiana,9,US House,Jefferson,18077,Jefferson,WARD 3,Erin Houchin,Republican,R,242,425,0.569412,TOTAL,yes
2024,Indiana,9,US House,Jennings,18079,Jennings,BIGGER,"Timothy ""Tim"" Peck",Democratic,D,39,317,0.123028,TOTAL,yes
2024,Indiana,9,US House,Jennings,18079,Jennings,BIGGER,"Russell ""Russ"" Brooksbank",Libertarian,L,14,317,0.044164,TOTAL,yes
2024,Indiana,9,US House,Jennings,18079,Jennings,BIGGER,Erin Houchin,Republican,R,264,317,0.832808,TOTAL,yes
2024,Indiana,9,US House,Jennings,18079,Jennings,CAMPBELL,"Timothy ""Tim"" Peck",Democratic,D,89,451,0.197339,TOTAL,yes
2024,Indiana,9,US House,Jennings,18079,Jennings,CAMPBELL,"Russell ""Russ"" Brooksbank",Libertarian,L,14,451,0.031042,TOTAL,yes
2024,Indiana,9,US House,Jennings,18079,Jennings,CAMPBELL,Erin Houchin,Republican,R,348,451,0.771619,TOTAL,yes
2024,Indiana,9,US House,Jennings,18079,Jennings,CENTER EAST,"Timothy ""Tim"" Peck",Democratic,D,82,413,0.198547,TOTAL,yes
2024,Indiana,9,US House,Jennings,18079,Jennings,CENTER EAST,"Russell ""Russ"" Brooksbank",Libertarian,L,13,413,0.031477,TOTAL,yes
2024,Indiana,9,US House,Jennings,18079,Jennings,CENTER EAST,Erin Houchin,Republican,R,318,413,0.769976,TOTAL,yes
2024,Indiana,9,US House,Jennings,18079,Jennings,CENTER WEST,"Timothy ""Tim"" Peck",Democratic,D,110,507,0.216963,TOTAL,yes
2024,Indiana,9,US House,Jennings,18079,Jennings,CENTER WEST,"Russell ""Russ"" Brooksbank",Libertarian,L,24,507,0.047337,TOTAL,yes
2024,Indiana,9,US House,Jennings,18079,Jennings,CENTER WEST,Erin Houchin,Republican,R,373,507,0.7357,TOTAL,yes
2024,Indiana,9,US House,Jennings,18079,Jennings,COLUMBIA,"Timothy ""Tim"" Peck",Democratic,D,63,343,0.183673,TOTAL,yes
2024,Indiana,9,US House,Jennings,18079,Jennings,COLUMBIA,"Russell ""Russ"" Brooksbank",Libertarian,L,6,343,0.017493,TOTAL,yes
2024,Indiana,9,US House,Jennings,18079,Jennings,COLUMBIA,Erin Houchin,Republican,R,274,343,0.798834,TOTAL,yes
2024,Indiana,9,US House,Jennings,18079,Jennings,GENEVA 01 EAST,"Timothy ""Tim"" Peck",Democratic,D,114,666,0.171171,TOTAL,yes
2024,Indiana,9,US House,Jennings,18079,Jennings,GENEVA 01 EAST,"Russell ""Russ"" Brooksbank",Libertarian,L,23,666,0.034535,TOTAL,yes
2024,Indiana,9,US House,Jennings,18079,Jennings,GENEVA 01 EAST,Erin Houchin,Republican,R,529,666,0.794294,TOTAL,yes
2024,Indiana,9,US House,Jennings,18079,Jennings,GENEVA 01 WEST,"Timothy ""Tim"" Peck",Democratic,D,160,703,0.227596,TOTAL,yes
2024,Indiana,9,US House,Jennings,18079,Jennings,GENEVA 01 WEST,"Russell ""Russ"" Brooksbank",Libertarian,L,35,703,0.049787,TOTAL,yes
2024,Indiana,9,US House,Jennings,18079,Jennings,GENEVA 01 WEST,Erin Houchin,Republican,R,508,703,0.722617,TOTAL,yes
2024,Indiana,9,US House,Jennings,18079,Jennings,GENEVA 02,"Timothy ""Tim"" Peck",Democratic,D,94,749,0.125501,TOTAL,yes
2024,Indiana,9,US House,Jennings,18079,Jennings,GENEVA 02,"Russell ""Russ"" Brooksbank",Libertarian,L,23,749,0.030708,TOTAL,yes
2024,Indiana,9,US House,Jennings,18079,Jennings,GENEVA 02,Erin Houchin,Republican,R,632,749,0.843792,TOTAL,yes
2024,Indiana,9,US House,Jennings,18079,Jennings,GENEVA 03,"Timothy ""Tim"" Peck",Democratic,D,75,488,0.153689,TOTAL,yes
2024,Indiana,9,US House,Jennings,18079,Jennings,GENEVA 03,"Russell ""Russ"" Brooksbank",Libertarian,L,16,488,0.032787,TOTAL,yes
2024,Indiana,9,US House,Jennings,18079,Jennings,GENEVA 03,Erin Houchin,Republican,R,397,488,0.813525,TOTAL,yes
2024,Indiana,9,US House,Jennings,18079,Jennings,LOVETT,"Timothy ""Tim"" Peck",Democratic,D,100,568,0.176056,TOTAL,yes
2024,Indiana,9,US House,Jennings,18079,Jennings,LOVETT,"Russell ""Russ"" Brooksbank",Libertarian,L,19,568,0.033451,TOTAL,yes
2024,Indiana,9,US House,Jennings,18079,Jennings,LOVETT,Erin Houchin,Republican,R,449,568,0.790493,TOTAL,yes
2024,Indiana,9,US House,Jennings,18079,Jennings,MARION,"Timothy ""Tim"" Peck",Democratic,D,67,525,0.127619,TOTAL,yes
2024,Indiana,9,US House,Jennings,18079,Jennings,MARION,"Russell ""Russ"" Brooksbank",Libertarian,L,21,525,0.04,TOTAL,yes
2024,Indiana,9,US House,Jennings,18079,Jennings,MARION,Erin Houchin,Republican,R,437,525,0.832381,TOTAL,yes
2024,Indiana,9,US House,Jennings,18079,Jennings,MONTGOMERY,"Timothy ""Tim"" Peck",Democratic,D,73,428,0.170561,TOTAL,yes
2024,Indiana,9,US House,Jennings,18079,Jennings,MONTGOMERY,"Russell ""Russ"" Brooksbank",Libertarian,L,15,428,0.035047,TOTAL,yes
2024,Indiana,9,US House,Jennings,18079,Jennings,MONTGOMERY,Erin Houchin,Republican,R,340,428,0.794393,TOTAL,yes
2024,Indiana,9,US House,Jennings,18079,Jennings,NORTH VERNON 01A,"Timothy ""Tim"" Peck",Democratic,D,81,294,0.27551,TOTAL,yes
2024,Indiana,9,US House,Jennings,18079,Jennings,NORTH VERNON 01A,"Russell ""Russ"" Brooksbank",Libertarian,L,5,294,0.017007,TOTAL,yes
2024,Indiana,9,US House,Jennings,18079,Jennings,NORTH VERNON 01A,Erin Houchin,Republican,R,208,294,0.707483,TOTAL,yes
2024,Indiana,9,US House,Jennings,18079,Jennings,NORTH VERNON 01B,"Timothy ""Tim"" Peck",Democratic,D,92,306,0.300654,TOTAL,yes
2024,Indiana,9,US House,Jennings,18079,Jennings,NORTH VERNON 01B,"Russell ""Russ"" Brooksbank",Libertarian,L,13,306,0.042484,TOTAL,yes
2024,Indiana,9,US House,Jennings,18079,Jennings,NORTH VERNON 01B,Erin Houchin,Republican,R,201,306,0.656863,TOTAL,yes
2024,Indiana,9,US House,Jennings,18079,Jennings,NORTH VERNON 02A,"Timothy ""Tim"" Peck",Democratic,D,56,232,0.241379,TOTAL,yes
2024,Indiana,9,US House,Jennings,18079,Jennings,NORTH VERNON 02A,"Russell ""Russ"" Brooksbank",Libertarian,L,9,232,0.038793,TOTAL,yes
2024,Indiana,9,US House,Jennings,18079,Jennings,NORTH VERNON 02A,Erin Houchin,Republican,R,167,232,0.719828,TOTAL,yes
2024,Indiana,9,US House,Jennings,18079,Jennings,NORTH VERNON 02B,"Timothy ""Tim"" Peck",Democratic,D,95,446,0.213004,TOTAL,yes
2024,Indiana,9,US House,Jennings,18079,Jennings,NORTH VERNON 02B,"Russell ""Russ"" Brooksbank",Libertarian,L,11,446,0.024664,TOTAL,yes
2024,Indiana,9,US House,Jennings,18079,Jennings,NORTH VERNON 02B,Erin Houchin,Republican,R,340,446,0.762332,TOTAL,yes
2024,Indiana,9,US House,Jennings,18079,Jennings,NORTH VERNON 03A,"Timothy ""Tim"" Peck",Democratic,D,76,276,0.275362,TOTAL,yes
2024,Indiana,9,US House,Jennings,18079,Jennings,NORTH VERNON 03A,"Russell ""Russ"" Brooksbank",Libertarian,L,10,276,0.036232,TOTAL,yes
2024,Indiana,9,US House,Jennings,18079,Jennings,NORTH VERNON 03A,Erin Houchin,Republican,R,190,276,0.688406,TOTAL,yes
2024,Indiana,9,US House,Jennings,18079,Jennings,NORTH VERNON 03B,"Timothy ""Tim"" Peck",Democratic,D,80,260,0.307692,TOTAL,yes
2024,Indiana,9,US House,Jennings,18079,Jennings,NORTH VERNON 03B,"Russell ""Russ"" Brooksbank",Libertarian,L,4,260,0.015385,TOTAL,yes
2024,Indiana,9,US House,Jennings,18079,Jennings,NORTH VERNON 03B,Erin Houchin,Republican,R,176,260,0.676923,TOTAL,yes
2024,Indiana,9,US House,Jennings,18079,Jennings,NORTH VERNON 04A,"Timothy ""Tim"" Peck",Democratic,D,116,425,0.272941,TOTAL,yes
2024,Indiana,9,US House,Jennings,18079,Jennings,NORTH VERNON 04A,"Russell ""Russ"" Brooksbank",Libertarian,L,13,425,0.030588,TOTAL,yes
2024,Indiana,9,US House,Jennings,18079,Jennings,NORTH VERNON 04A,Erin Houchin,Republican,R,296,425,0.696471,TOTAL,yes
2024,Indiana,9,US House,Jennings,18079,Jennings,NORTH VERNON 04B,"Timothy ""Tim"" Peck",Democratic,D,37,175,0.211429,TOTAL,yes
2024,Indiana,9,US House,Jennings,18079,Jennings,NORTH VERNON 04B,"Russell ""Russ"" Brooksbank",Libertarian,L,6,175,0.034286,TOTAL,yes
2024,Indiana,9,US House,Jennings,18079,Jennings,NORTH VERNON 04B,Erin Houchin,Republican,R,132,175,0.754286,TOTAL,yes
2024,Indiana,9,US House,Jennings,18079,Jennings,SANDCREEK,"Timothy ""Tim"" Peck",Democratic,D,80,443,0.180587,TOTAL,yes
2024,Indiana,9,US House,Jennings,18079,Jennings,SANDCREEK,"Russell ""Russ"" Brooksbank",Libertarian,L,19,443,0.042889,TOTAL,yes
2024,Indiana,9,US House,Jennings,18079,Jennings,SANDCREEK,Erin Houchin,Republican,R,344,443,0.776524,TOTAL,yes
2024,Indiana,9,US House,Jennings,18079,Jennings,SPENCER NORTH,"Timothy ""Tim"" Peck",Democratic,D,110,615,0.178862,TOTAL,yes
2024,Indiana,9,US House,Jennings,18079,Jennings,SPENCER NORTH,"Russell ""Russ"" Brooksbank",Libertarian,L,21,615,0.034146,TOTAL,yes
2024,Indiana,9,US House,Jennings,18079,Jennings,SPENCER NORTH,Erin Houchin,Republican,R,484,615,0.786992,TOTAL,yes
2024,Indiana,9,US House,Jennings,18079,Jennings,SPENCER SOUTH,"Timothy ""Tim"" Peck",Democratic,D,109,541,0.201479,TOTAL,yes
2024,Indiana,9,US House,Jennings,18079,Jennings,SPENCER SOUTH,"Russell ""Russ"" Brooksbank",Libertarian,L,22,541,0.040665,TOTAL,yes
2024,Indiana,9,US House,Jennings,18079,Jennings,SPENCER SOUTH,Erin Houchin,Republican,R,410,541,0.757856,TOTAL,yes
2024,Indiana,9,US House,Jennings,18079,Jennings,VERNON EAST,"Timothy ""Tim"" Peck",Democratic,D,132,767,0.172099,TOTAL,yes
2024,Indiana,9,US House,Jennings,18079,Jennings,VERNON EAST,"Russell ""Russ"" Brooksbank",Libertarian,L,35,767,0.045632,TOTAL,yes
2024,Indiana,9,US House,Jennings,18079,Jennings,VERNON EAST,Erin Houchin,Republican,R,600,767,0.782269,TOTAL,yes
2024,Indiana,9,US House,Jennings,18079,Jennings,VERNON WEST,"Timothy ""Tim"" Peck",Democratic,D,130,581,0.223752,TOTAL,yes
2024,Indiana,9,US House,Jennings,18079,Jennings,VERNON WEST,"Russell ""Russ"" Brooksbank",Libertarian,L,21,581,0.036145,TOTAL,yes
2024,Indiana,9,US House,Jennings,18079,Jennings,VERNON WEST,Erin Houchin,Republican,R,430,581,0.740103,TOTAL,yes
2024,Indiana,9,US House,Lawrence,18093,Lawrence,01 SHAWSWICK 01A,"Timothy ""Tim"" Peck",Democratic,D,78,246,0.317073,ABSENTEE; EARLY VOTING; ELECTION DAY,no
2024,Indiana,9,US House,Lawrence,18093,Lawrence,01 SHAWSWICK 01A,"Russell ""Russ"" Brooksbank",Libertarian,L,13,246,0.052846,ABSENTEE; EARLY VOTING; ELECTION DAY,no
2024,Indiana,9,US House,Lawrence,18093,Lawrence,01 SHAWSWICK 01A,Erin Houchin,Republican,R,155,246,0.630081,ABSENTEE; EARLY VOTING; ELECTION DAY,no
2024,Indiana,9,US House,Lawrence,18093,Lawrence,02 SHAWSWICK 01B,"Timothy ""Tim"" Peck",Democratic,D,79,318,0.248428,ABSENTEE; EARLY VOTING; ELECTION DAY,no
2024,Indiana,9,US House,Lawrence,18093,Lawrence,02 SHAWSWICK 01B,"Russell ""Russ"" Brooksbank",Libertarian,L,6,318,0.018868,ABSENTEE; EARLY VOTING; ELECTION DAY,no
2024,Indiana,9,US House,Lawrence,18093,Lawrence,02 SHAWSWICK 01B,Erin Houchin,Republican,R,233,318,0.732704,ABSENTEE; EARLY VOTING; ELECTION DAY,no
2024,Indiana,9,US House,Lawrence,18093,Lawrence,03 SHAWSWICK 02,"Timothy ""Tim"" Peck",Democratic,D,81,422,0.191943,ABSENTEE; EARLY VOTING; ELECTION DAY,no
2024,Indiana,9,US House,Lawrence,18093,Lawrence,03 SHAWSWICK 02,"Russell ""Russ"" Brooksbank",Libertarian,L,6,422,0.014218,ABSENTEE; EARLY VOTING; ELECTION DAY,no
2024,Indiana,9,US House,Lawrence,18093,Lawrence,03 SHAWSWICK 02,Erin Houchin,Republican,R,335,422,0.793839,ABSENTEE; EARLY VOTING; ELECTION DAY,no
2024,Indiana,9,US House,Lawrence,18093,Lawrence,04 SHAWSWICK 03,"Timothy ""Tim"" Peck",Democratic,D,95,357,0.266106,ABSENTEE; EARLY VOTING; ELECTION DAY,no
2024,Indiana,9,US House,Lawrence,18093,Lawrence,04 SHAWSWICK 03,"Russell ""Russ"" Brooksbank",Libertarian,L,11,357,0.030812,ABSENTEE; EARLY VOTING; ELECTION DAY,no
2024,Indiana,9,US House,Lawrence,18093,Lawrence,04 SHAWSWICK 03,Erin Houchin,Republican,R,251,357,0.703081,ABSENTEE; EARLY VOTING; ELECTION DAY,no
2024,Indiana,9,US House,Lawrence,18093,Lawrence,05 SHAWSWICK 04,"Timothy ""Tim"" Peck",Democratic,D,107,405,0.264198,ABSENTEE; EARLY VOTING; ELECTION DAY,no
2024,Indiana,9,US House,Lawrence,18093,Lawrence,05 SHAWSWICK 04,"Russell ""Russ"" Brooksbank",Libertarian,L,9,405,0.022222,ABSENTEE; EARLY VOTING; ELECTION DAY,no
2024,Indiana,9,US House,Lawrence,18093,Lawrence,05 SHAWSWICK 04,Erin Houchin,Republican,R,289,405,0.71358,ABSENTEE; EARLY VOTING; ELECTION DAY,no
2024,Indiana,9,US House,Lawrence,18093,Lawrence,06 SHAWSWICK 05A,"Timothy ""Tim"" Peck",Democratic,D,128,394,0.324873,ABSENTEE; EARLY VOTING; ELECTION DAY,no
2024,Indiana,9,US House,Lawrence,18093,Lawrence,06 SHAWSWICK 05A,"Russell ""Russ"" Brooksbank",Libertarian,L,10,394,0.025381,ABSENTEE; EARLY VOTING; ELECTION DAY,no
2024,Indiana,9,US House,Lawrence,18093,Lawrence,06 SHAWSWICK 05A,Erin Houchin,Republican,R,256,394,0.649746,ABSENTEE; EARLY VOTING; ELECTION DAY,no
2024,Indiana,9,US House,Lawrence,18093,Lawrence,07 SHAWSWICK 05B,"Timothy ""Tim"" Peck",Democratic,D,94,416,0.225962,ABSENTEE; EARLY VOTING; ELECTION DAY,no
2024,Indiana,9,US House,Lawrence,18093,Lawrence,07 SHAWSWICK 05B,"Russell ""Russ"" Brooksbank",Libertarian,L,18,416,0.043269,ABSENTEE; EARLY VOTING; ELECTION DAY,no
2024,Indiana,9,US House,Lawrence,18093,Lawrence,07 SHAWSWICK 05B,Erin Houchin,Republican,R,304,416,0.730769,ABSENTEE; EARLY VOTING; ELECTION DAY,no
2024,Indiana,9,US House,Lawrence,18093,Lawrence,08 SHAWSWICK 06,"Timothy ""Tim"" Peck",Democratic,D,101,329,0.306991,ABSENTEE; EARLY VOTING; ELECTION DAY,no
2024,Indiana,9,US House,Lawrence,18093,Lawrence,08 SHAWSWICK 06,"Russell ""Russ"" Brooksbank",Libertarian,L,16,329,0.048632,ABSENTEE; EARLY VOTING; ELECTION DAY,no
2024,Indiana,9,US House,Lawrence,18093,Lawrence,08 SHAWSWICK 06,Erin Houchin,Republican,R,212,329,0.644377,ABSENTEE; EARLY VOTING; ELECTION DAY,no
2024,Indiana,9,US House,Lawrence,18093,Lawrence,09 SHAWSWICK 07A,"Timothy ""Tim"" Peck",Democratic,D,64,282,0.22695,ABSENTEE; EARLY VOTING; ELECTION DAY,no
2024,Indiana,9,US House,Lawrence,18093,Lawrence,09 SHAWSWICK 07A,"Russell ""Russ"" Brooksbank",Libertarian,L,9,282,0.031915,ABSENTEE; EARLY VOTING; ELECTION DAY,no
2024,Indiana,9,US House,Lawrence,18093,Lawrence,09 SHAWSWICK 07A,Erin Houchin,Republican,R,209,282,0.741135,ABSENTEE; EARLY VOTING; ELECTION DAY,no
2024,Indiana,9,US House,Lawrence,18093,Lawrence,10 SHAWSWICK 07B,"Timothy ""Tim"" Peck",Democratic,D,168,504,0.333333,ABSENTEE; EARLY VOTING; ELECTION DAY,no
2024,Indiana,9,US House,Lawrence,18093,Lawrence,10 SHAWSWICK 07B,"Russell ""Russ"" Brooksbank",Libertarian,L,19,504,0.037698,ABSENTEE; EARLY VOTING; ELECTION DAY,no
2024,Indiana,9,US House,Lawrence,18093,Lawrence,10 SHAWSWICK 07B,Erin Houchin,Republican,R,317,504,0.628968,ABSENTEE; EARLY VOTING; ELECTION DAY,no
2024,Indiana,9,US House,Lawrence,18093,Lawrence,11 SHAWSWICK 08,"Timothy ""Tim"" Peck",Democratic,D,140,439,0.318907,ABSENTEE; EARLY VOTING; ELECTION DAY,no
2024,Indiana,9,US House,Lawrence,18093,Lawrence,11 SHAWSWICK 08,"Russell ""Russ"" Brooksbank",Libertarian,L,13,439,0.029613,ABSENTEE; EARLY VOTING; ELECTION DAY,no
2024,Indiana,9,US House,Lawrence,18093,Lawrence,11 SHAWSWICK 08,Erin Houchin,Republican,R,286,439,0.651481,ABSENTEE; EARLY VOTING; ELECTION DAY,no
2024,Indiana,9,US House,Lawrence,18093,Lawrence,12 SHAWSWICK 09,"Timothy ""Tim"" Peck",Democratic,D,93,297,0.313131,ABSENTEE; EARLY VOTING; ELECTION DAY,no
2024,Indiana,9,US House,Lawrence,18093,Lawrence,12 SHAWSWICK 09,"Russell ""Russ"" Brooksbank",Libertarian,L,11,297,0.037037,ABSENTEE; EARLY VOTING; ELECTION DAY,no
2024,Indiana,9,US House,Lawrence,18093,Lawrence,12 SHAWSWICK 09,Erin Houchin,Republican,R,193,297,0.649832,ABSENTEE; EARLY VOTING; ELECTION DAY,no
2024,Indiana,9,US House,Lawrence,18093,Lawrence,13 SHAWSWICK 10,"Timothy ""Tim"" Peck",Democratic,D,70,351,0.19943,ABSENTEE; EARLY VOTING; ELECTION DAY,no
2024,Indiana,9,US House,Lawrence,18093,Lawrence,13 SHAWSWICK 10,"Russell ""Russ"" Brooksbank",Libertarian,L,14,351,0.039886,ABSENTEE; EARLY VOTING; ELECTION DAY,no
2024,Indiana,9,US House,Lawrence,18093,Lawrence,13 SHAWSWICK 10,Erin Houchin,Republican,R,267,351,0.760684,ABSENTEE; EARLY VOTING; ELECTION DAY,no
2024,Indiana,9,US House,Lawrence,18093,Lawrence,14 SHAWSWICK 11,"Timothy ""Tim"" Peck",Democratic,D,59,260,0.226923,ABSENTEE; EARLY VOTING; ELECTION DAY,no
2024,Indiana,9,US House,Lawrence,18093,Lawrence,14 SHAWSWICK 11,"Russell ""Russ"" Brooksbank",Libertarian,L,7,260,0.026923,ABSENTEE; EARLY VOTING; ELECTION DAY,no
2024,Indiana,9,US House,Lawrence,18093,Lawrence,14 SHAWSWICK 11,Erin Houchin,Republican,R,194,260,0.746154,ABSENTEE; EARLY VOTING; ELECTION DAY,no
2024,Indiana,9,US House,Lawrence,18093,Lawrence,15 SHAWSWICK 12,"Timothy ""Tim"" Peck",Democratic,D,135,519,0.260116,ABSENTEE; EARLY VOTING; ELECTION DAY,no
2024,Indiana,9,US House,Lawrence,18093,Lawrence,15 SHAWSWICK 12,"Russell ""Russ"" Brooksbank",Libertarian,L,23,519,0.044316,ABSENTEE; EARLY VOTING; ELECTION DAY,no
2024,Indiana,9,US House,Lawrence,18093,Lawrence,15 SHAWSWICK 12,Erin Houchin,Republican,R,361,519,0.695568,ABSENTEE; EARLY VOTING; ELECTION DAY,no
2024,Indiana,9,US House,Lawrence,18093,Lawrence,16 SHAWSWICK 13,"Timothy ""Tim"" Peck",Democratic,D,107,499,0.214429,ABSENTEE; EARLY VOTING; ELECTION DAY,no
2024,Indiana,9,US House,Lawrence,18093,Lawrence,16 SHAWSWICK 13,"Russell ""Russ"" Brooksbank",Libertarian,L,18,499,0.036072,ABSENTEE; EARLY VOTING; ELECTION DAY,no
2024,Indiana,9,US House,Lawrence,18093,Lawrence,16 SHAWSWICK 13,Erin Houchin,Republican,R,374,499,0.749499,ABSENTEE; EARLY VOTING; ELECTION DAY,no
2024,Indiana,9,US House,Lawrence,18093,Lawrence,17 SHAWSWICK 14A,"Timothy ""Tim"" Peck",Democratic,D,116,687,0.16885,ABSENTEE; EARLY VOTING; ELECTION DAY,no
2024,Indiana,9,US House,Lawrence,18093,Lawrence,17 SHAWSWICK 14A,"Russell ""Russ"" Brooksbank",Libertarian,L,18,687,0.026201,ABSENTEE; EARLY VOTING; ELECTION DAY,no
2024,Indiana,9,US House,Lawrence,18093,Lawrence,17 SHAWSWICK 14A,Erin Houchin,Republican,R,553,687,0.804949,ABSENTEE; EARLY VOTING; ELECTION DAY,no
2024,Indiana,9,US House,Lawrence,18093,Lawrence,18 SHAWSWICK 14B,"Timothy ""Tim"" Peck",Democratic,D,131,760,0.172368,ABSENTEE; EARLY VOTING; ELECTION DAY,no
2024,Indiana,9,US House,Lawrence,18093,Lawrence,18 SHAWSWICK 14B,"Russell ""Russ"" Brooksbank",Libertarian,L,21,760,0.027632,ABSENTEE; EARLY VOTING; ELECTION DAY,no
2024,Indiana,9,US House,Lawrence,18093,Lawrence,18 SHAWSWICK 14B,Erin Houchin,Republican,R,608,760,0.8,ABSENTEE; EARLY VOTING; ELECTION DAY,no
2024,Indiana,9,US House,Lawrence,18093,Lawrence,19 SHAWSWICK 15A,"Timothy ""Tim"" Peck",Democratic,D,66,294,0.22449,ABSENTEE; EARLY VOTING; ELECTION DAY,no
2024,Indiana,9,US House,Lawrence,18093,Lawrence,19 SHAWSWICK 15A,"Russell ""Russ"" Brooksbank",Libertarian,L,8,294,0.027211,ABSENTEE; EARLY VOTING; ELECTION DAY,no
2024,Indiana,9,US House,Lawrence,18093,Lawrence,19 SHAWSWICK 15A,Erin Houchin,Republican,R,220,294,0.748299,ABSENTEE; EARLY VOTING; ELECTION DAY,no
2024,Indiana,9,US House,Lawrence,18093,Lawrence,20 SHAWSWICK 15B,"Timothy ""Tim"" Peck",Democratic,D,144,661,0.217852,ABSENTEE; EARLY VOTING; ELECTION DAY,no
2024,Indiana,9,US House,Lawrence,18093,Lawrence,20 SHAWSWICK 15B,"Russell ""Russ"" Brooksbank",Libertarian,L,18,661,0.027231,ABSENTEE; EARLY VOTING; ELECTION DAY,no
2024,Indiana,9,US House,Lawrence,18093,Lawrence,20 SHAWSWICK 15B,Erin Houchin,Republican,R,499,661,0.754917,ABSENTEE; EARLY VOTING; ELECTION DAY,no
2024,Indiana,9,US House,Lawrence,18093,Lawrence,21 SHAWSWICK 16,"Timothy ""Tim"" Peck",Democratic,D,156,610,0.255738,ABSENTEE; EARLY VOTING; ELECTION DAY,no
2024,Indiana,9,US House,Lawrence,18093,Lawrence,21 SHAWSWICK 16,"Russell ""Russ"" Brooksbank",Libertarian,L,18,610,0.029508,ABSENTEE; EARLY VOTING; ELECTION DAY,no
2024,Indiana,9,US House,Lawrence,18093,Lawrence,21 SHAWSWICK 16,Erin Houchin,Republican,R,436,610,0.714754,ABSENTEE; EARLY VOTING; ELECTION DAY,no
2024,Indiana,9,US House,Lawrence,18093,Lawrence,22 MARION 01,"Timothy ""Tim"" Peck",Democratic,D,77,325,0.236923,ABSENTEE; EARLY VOTING; ELECTION DAY,no
2024,Indiana,9,US House,Lawrence,18093,Lawrence,22 MARION 01,"Russell ""Russ"" Brooksbank",Libertarian,L,16,325,0.049231,ABSENTEE; EARLY VOTING; ELECTION DAY,no
2024,Indiana,9,US House,Lawrence,18093,Lawrence,22 MARION 01,Erin Houchin,Republican,R,232,325,0.713846,ABSENTEE; EARLY VOTING; ELECTION DAY,no
2024,Indiana,9,US House,Lawrence,18093,Lawrence,23 MARION 02,"Timothy ""Tim"" Peck",Democratic,D,126,464,0.271552,ABSENTEE; EARLY VOTING; ELECTION DAY,no
2024,Indiana,9,US House,Lawrence,18093,Lawrence,23 MARION 02,"Russell ""Russ"" Brooksbank",Libertarian,L,9,464,0.019397,ABSENTEE; EARLY VOTING; ELECTION DAY,no
2024,Indiana,9,US House,Lawrence,18093,Lawrence,23 MARION 02,Erin Houchin,Republican,R,329,464,0.709052,ABSENTEE; EARLY VOTING; ELECTION DAY,no
2024,Indiana,9,US House,Lawrence,18093,Lawrence,24 MARION 03,"Timothy ""Tim"" Peck",Democratic,D,83,359,0.231198,ABSENTEE; EARLY VOTING; ELECTION DAY,no
2024,Indiana,9,US House,Lawrence,18093,Lawrence,24 MARION 03,"Russell ""Russ"" Brooksbank",Libertarian,L,12,359,0.033426,ABSENTEE; EARLY VOTING; ELECTION DAY,no
2024,Indiana,9,US House,Lawrence,18093,Lawrence,24 MARION 03,Erin Houchin,Republican,R,264,359,0.735376,ABSENTEE; EARLY VOTING; ELECTION DAY,no
2024,Indiana,9,US House,Lawrence,18093,Lawrence,25 MARION 04,"Timothy ""Tim"" Peck",Democratic,D,54,235,0.229787,ABSENTEE; EARLY VOTING; ELECTION DAY,no
2024,Indiana,9,US House,Lawrence,18093,Lawrence,25 MARION 04,"Russell ""Russ"" Brooksbank",Libertarian,L,10,235,0.042553,ABSENTEE; EARLY VOTING; ELECTION DAY,no
2024,Indiana,9,US House,Lawrence,18093,Lawrence,25 MARION 04,Erin Houchin,Republican,R,171,235,0.72766,ABSENTEE; EARLY VOTING; ELECTION DAY,no
2024,Indiana,9,US House,Lawrence,18093,Lawrence,26 MARION 05A,"Timothy ""Tim"" Peck",Democratic,D,127,635,0.2,ABSENTEE; EARLY VOTING; ELECTION DAY,no
2024,Indiana,9,US House,Lawrence,18093,Lawrence,26 MARION 05A,"Russell ""Russ"" Brooksbank",Libertarian,L,27,635,0.04252,ABSENTEE; EARLY VOTING; ELECTION DAY,no
2024,Indiana,9,US House,Lawrence,18093,Lawrence,26 MARION 05A,Erin Houchin,Republican,R,481,635,0.75748,ABSENTEE; EARLY VOTING; ELECTION DAY,no
2024,Indiana,9,US House,Lawrence,18093,Lawrence,27 MARION 05B,"Timothy ""Tim"" Peck",Democratic,D,127,733,0.173261,ABSENTEE; EARLY VOTING; ELECTION DAY,no
2024,Indiana,9,US House,Lawrence,18093,Lawrence,27 MARION 05B,"Russell ""Russ"" Brooksbank",Libertarian,L,18,733,0.024557,ABSENTEE; EARLY VOTING; ELECTION DAY,no
2024,Indiana,9,US House,Lawrence,18093,Lawrence,27 MARION 05B,Erin Houchin,Republican,R,588,733,0.802183,ABSENTEE; EARLY VOTING; ELECTION DAY,no
2024,Indiana,9,US House,Lawrence,18093,Lawrence,28 MARION 05C,"Timothy ""Tim"" Peck",Democratic,D,41,155,0.264516,ABSENTEE; EARLY VOTING; ELECTION DAY,no
2024,Indiana,9,US House,Lawrence,18093,Lawrence,28 MARION 05C,"Russell ""Russ"" Brooksbank",Libertarian,L,2,155,0.012903,ABSENTEE; EARLY VOTING; ELECTION DAY,no
2024,Indiana,9,US House,Lawrence,18093,Lawrence,28 MARION 05C,Erin Houchin,Republican,R,112,155,0.722581,ABSENTEE; EARLY VOTING; ELECTION DAY,no
2024,Indiana,9,US House,Lawrence,18093,Lawrence,29 MARION 06,"Timothy ""Tim"" Peck",Democratic,D,133,811,0.163995,ABSENTEE; EARLY VOTING; ELECTION DAY,no
2024,Indiana,9,US House,Lawrence,18093,Lawrence,29 MARION 06,"Russell ""Russ"" Brooksbank",Libertarian,L,16,811,0.019729,ABSENTEE; EARLY VOTING; ELECTION DAY,no
2024,Indiana,9,US House,Lawrence,18093,Lawrence,29 MARION 06,Erin Houchin,Republican,R,662,811,0.816276,ABSENTEE; EARLY VOTING; ELECTION DAY,no
2024,Indiana,9,US House,Lawrence,18093,Lawrence,30 BONO,"Timothy ""Tim"" Peck",Democratic,D,71,381,0.186352,ABSENTEE; EARLY VOTING; ELECTION DAY,no
2024,Indiana,9,US House,Lawrence,18093,Lawrence,30 BONO,"Russell ""Russ"" Brooksbank",Libertarian,L,9,381,0.023622,ABSENTEE; EARLY VOTING; ELECTION DAY,no
2024,Indiana,9,US House,Lawrence,18093,Lawrence,30 BONO,Erin Houchin,Republican,R,301,381,0.790026,ABSENTEE; EARLY VOTING; ELECTION DAY,no
2024,Indiana,9,US House,Lawrence,18093,Lawrence,31 GUTHRIE,"Timothy ""Tim"" Peck",Democratic,D,89,575,0.154783,ABSENTEE; EARLY VOTING; ELECTION DAY,no
2024,Indiana,9,US House,Lawrence,18093,Lawrence,31 GUTHRIE,"Russell ""Russ"" Brooksbank",Libertarian,L,21,575,0.036522,ABSENTEE; EARLY VOTING; ELECTION DAY,no
2024,Indiana,9,US House,Lawrence,18093,Lawrence,31 GUTHRIE,Erin Houchin,Republican,R,465,575,0.808696,ABSENTEE; EARLY VOTING; ELECTION DAY,no
2024,Indiana,9,US House,Lawrence,18093,Lawrence,32 INDIAN CREEK NORTH,"Timothy ""Tim"" Peck",Democratic,D,132,827,0.159613,ABSENTEE; EARLY VOTING; ELECTION DAY,no
2024,Indiana,9,US House,Lawrence,18093,Lawrence,32 INDIAN CREEK NORTH,"Russell ""Russ"" Brooksbank",Libertarian,L,15,827,0.018138,ABSENTEE; EARLY VOTING; ELECTION DAY,no
2024,Indiana,9,US House,Lawrence,18093,Lawrence,32 INDIAN CREEK NORTH,Erin Houchin,Republican,R,680,827,0.822249,ABSENTEE; EARLY VOTING; ELECTION DAY,no
2024,Indiana,9,US House,Lawrence,18093,Lawrence,33 INDIAN CREEK SOUTH,"Timothy ""Tim"" Peck",Democratic,D,78,500,0.156,ABSENTEE; EARLY VOTING; ELECTION DAY,no
2024,Indiana,9,US House,Lawrence,18093,Lawrence,33 INDIAN CREEK SOUTH,"Russell ""Russ"" Brooksbank",Libertarian,L,9,500,0.018,ABSENTEE; EARLY VOTING; ELECTION DAY,no
2024,Indiana,9,US House,Lawrence,18093,Lawrence,33 INDIAN CREEK SOUTH,Erin Houchin,Republican,R,413,500,0.826,ABSENTEE; EARLY VOTING; ELECTION DAY,no
2024,Indiana,9,US House,Lawrence,18093,Lawrence,34 MARSHALL 01,"Timothy ""Tim"" Peck",Democratic,D,198,990,0.2,ABSENTEE; EARLY VOTING; ELECTION DAY,no
2024,Indiana,9,US House,Lawrence,18093,Lawrence,34 MARSHALL 01,"Russell ""Russ"" Brooksbank",Libertarian,L,21,990,0.021212,ABSENTEE; EARLY VOTING; ELECTION DAY,no
2024,Indiana,9,US House,Lawrence,18093,Lawrence,34 MARSHALL 01,Erin Houchin,Republican,R,771,990,0.778788,ABSENTEE; EARLY VOTING; ELECTION DAY,no
2024,Indiana,9,US House,Lawrence,18093,Lawrence,35 MARSHALL 02,"Timothy ""Tim"" Peck",Democratic,D,131,592,0.221284,ABSENTEE; EARLY VOTING; ELECTION DAY,no
2024,Indiana,9,US House,Lawrence,18093,Lawrence,35 MARSHALL 02,"Russell ""Russ"" Brooksbank",Libertarian,L,14,592,0.023649,ABSENTEE; EARLY VOTING; ELECTION DAY,no
2024,Indiana,9,US House,Lawrence,18093,Lawrence,35 MARSHALL 02,Erin Houchin,Republican,R,447,592,0.755068,ABSENTEE; EARLY VOTING; ELECTION DAY,no
2024,Indiana,9,US House,Lawrence,18093,Lawrence,36 MARSHALL 03,"Timothy ""Tim"" Peck",Democratic,D,194,800,0.2425,ABSENTEE; EARLY VOTING; ELECTION DAY,no
2024,Indiana,9,US House,Lawrence,18093,Lawrence,36 MARSHALL 03,"Russell ""Russ"" Brooksbank",Libertarian,L,22,800,0.0275,ABSENTEE; EARLY VOTING; ELECTION DAY,no
2024,Indiana,9,US House,Lawrence,18093,Lawrence,36 MARSHALL 03,Erin Houchin,Republican,R,584,800,0.73,ABSENTEE; EARLY VOTING; ELECTION DAY,no
2024,Indiana,9,US House,Lawrence,18093,Lawrence,37 PERRY,"Timothy ""Tim"" Peck",Democratic,D,210,1174,0.178876,ABSENTEE; EARLY VOTING; ELECTION DAY,no
2024,Indiana,9,US House,Lawrence,18093,Lawrence,37 PERRY,"Russell ""Russ"" Brooksbank",Libertarian,L,48,1174,0.040886,ABSENTEE; EARLY VOTING; ELECTION DAY,no
2024,Indiana,9,US House,Lawrence,18093,Lawrence,37 PERRY,Erin Houchin,Republican,R,916,1174,0.780239,ABSENTEE; EARLY VOTING; ELECTION DAY,no
2024,Indiana,9,US House,Lawrence,18093,Lawrence,38 PLEASANT RUN,"Timothy ""Tim"" Peck",Democratic,D,132,796,0.165829,ABSENTEE; EARLY VOTING; ELECTION DAY,no
2024,Indiana,9,US House,Lawrence,18093,Lawrence,38 PLEASANT RUN,"Russell ""Russ"" Brooksbank",Libertarian,L,24,796,0.030151,ABSENTEE; EARLY VOTING; ELECTION DAY,no
2024,Indiana,9,US House,Lawrence,18093,Lawrence,38 PLEASANT RUN,Erin Houchin,Republican,R,640,796,0.80402,ABSENTEE; EARLY VOTING; ELECTION DAY,no
2024,Indiana,9,US House,Lawrence,18093,Lawrence,39 SPICE VALLEY NORTH,"Timothy ""Tim"" Peck",Democratic,D,41,291,0.140893,ABSENTEE; EARLY VOTING; ELECTION DAY,no
2024,Indiana,9,US House,Lawrence,18093,Lawrence,39 SPICE VALLEY NORTH,"Russell ""Russ"" Brooksbank",Libertarian,L,12,291,0.041237,ABSENTEE; EARLY VOTING; ELECTION DAY,no
2024,Indiana,9,US House,Lawrence,18093,Lawrence,39 SPICE VALLEY NORTH,Erin Houchin,Republican,R,238,291,0.817869,ABSENTEE; EARLY VOTING; ELECTION DAY,no
2024,Indiana,9,US House,Lawrence,18093,Lawrence,40 SPICE VALLEY SOUTH,"Timothy ""Tim"" Peck",Democratic,D,116,721,0.160888,ABSENTEE; EARLY VOTING; ELECTION DAY,no
2024,Indiana,9,US House,Lawrence,18093,Lawrence,40 SPICE VALLEY SOUTH,"Russell ""Russ"" Brooksbank",Libertarian,L,34,721,0.047157,ABSENTEE; EARLY VOTING; ELECTION DAY,no
2024,Indiana,9,US House,Lawrence,18093,Lawrence,40 SPICE VALLEY SOUTH,Erin Houchin,Republican,R,571,721,0.791956,ABSENTEE; EARLY VOTING; ELECTION DAY,no
2024,Indiana,9,US House,Monroe,18105,Monroe,11-PERRY 09,"Timothy ""Tim"" Peck",Democratic,D,521,692,0.75289,ABSENTEE; EARLY VOTING; ELECTION DAY,no
2024,Indiana,9,US House,Monroe,18105,Monroe,11-PERRY 09,"Russell ""Russ"" Brooksbank",Libertarian,L,12,692,0.017341,ABSENTEE; EARLY VOTING; ELECTION DAY,no
2024,Indiana,9,US House,Monroe,18105,Monroe,11-PERRY 09,Erin Houchin,Republican,R,159,692,0.229769,ABSENTEE; EARLY VOTING; ELECTION DAY,no
2024,Indiana,9,US House,Monroe,18105,Monroe,12-RICHLAND 09,"Timothy ""Tim"" Peck",Democratic,D,6,6,1.0,ABSENTEE; EARLY VOTING; ELECTION DAY,no
2024,Indiana,9,US House,Monroe,18105,Monroe,12-RICHLAND 09,"Russell ""Russ"" Brooksbank",Libertarian,L,0,6,0.0,ABSENTEE; EARLY VOTING; ELECTION DAY,no
2024,Indiana,9,US House,Monroe,18105,Monroe,12-RICHLAND 09,Erin Houchin,Republican,R,0,6,0.0,ABSENTEE; EARLY VOTING; ELECTION DAY,no
2024,Indiana,9,US House,Monroe,18105,Monroe,13-PERRY 20,"Timothy ""Tim"" Peck",Democratic,D,423,540,0.783333,ABSENTEE; EARLY VOTING; ELECTION DAY,no
2024,Indiana,9,US House,Monroe,18105,Monroe,13-PERRY 20,"Russell ""Russ"" Brooksbank",Libertarian,L,15,540,0.027778,ABSENTEE; EARLY VOTING; ELECTION DAY,no
2024,Indiana,9,US House,Monroe,18105,Monroe,13-PERRY 20,Erin Houchin,Republican,R,102,540,0.188889,ABSENTEE; EARLY VOTING; ELECTION DAY,no
2024,Indiana,9,US House,Monroe,18105,Monroe,15-CLEAR CREEK 03,"Timothy ""Tim"" Peck",Democratic,D,453,1018,0.44499,ABSENTEE; EARLY VOTING; ELECTION DAY,no
2024,Indiana,9,US House,Monroe,18105,Monroe,15-CLEAR CREEK 03,"Russell ""Russ"" Brooksbank",Libertarian,L,31,1018,0.030452,ABSENTEE; EARLY VOTING; ELECTION DAY,no
2024,Indiana,9,US House,Monroe,18105,Monroe,15-CLEAR CREEK 03,Erin Houchin,Republican,R,534,1018,0.524558,ABSENTEE; EARLY VOTING; ELECTION DAY,no
2024,Indiana,9,US House,Monroe,18105,Monroe,16-PERRY 24,"Timothy ""Tim"" Peck",Democratic,D,457,995,0.459296,ABSENTEE; EARLY VOTING; ELECTION DAY,no
2024,Indiana,9,US House,Monroe,18105,Monroe,16-PERRY 24,"Russell ""Russ"" Brooksbank",Libertarian,L,21,995,0.021106,ABSENTEE; EARLY VOTING; ELECTION DAY,no
2024,Indiana,9,US House,Monroe,18105,Monroe,16-PERRY 24,Erin Houchin,Republican,R,517,995,0.519598,ABSENTEE; EARLY VOTING; ELECTION DAY,no
2024,Indiana,9,US House,Monroe,18105,Monroe,172-PERRY 28,"Timothy ""Tim"" Peck",Democratic,D,118,156,0.75641,ABSENTEE; EARLY VOTING; ELECTION DAY,no
2024,Indiana,9,US House,Monroe,18105,Monroe,172-PERRY 28,"Russell ""Russ"" Brooksbank",Libertarian,L,4,156,0.025641,ABSENTEE; EARLY VOTING; ELECTION DAY,no
2024,Indiana,9,US House,Monroe,18105,Monroe,172-PERRY 28,Erin Houchin,Republican,R,34,156,0.217949,ABSENTEE; EARLY VOTING; ELECTION DAY,no
2024,Indiana,9,US House,Monroe,18105,Monroe,173-PERRY 05,"Timothy ""Tim"" Peck",Democratic,D,683,1050,0.650476,ABSENTEE; EARLY VOTING; ELECTION DAY,no
2024,Indiana,9,US House,Monroe,18105,Monroe,173-PERRY 05,"Russell ""Russ"" Brooksbank",Libertarian,L,28,1050,0.026667,ABSENTEE; EARLY VOTING; ELECTION DAY,no
2024,Indiana,9,US House,Monroe,18105,Monroe,173-PERRY 05,Erin Houchin,Republican,R,339,1050,0.322857,ABSENTEE; EARLY VOTING; ELECTION DAY,no
2024,Indiana,9,US House,Monroe,18105,Monroe,19-PERRY 03,"Timothy ""Tim"" Peck",Democratic,D,642,889,0.72216,ABSENTEE; EARLY VOTING; ELECTION DAY,no
2024,Indiana,9,US House,Monroe,18105,Monroe,19-PERRY 03,"Russell ""Russ"" Brooksbank",Libertarian,L,34,889,0.038245,ABSENTEE; EARLY VOTING; ELECTION DAY,no
2024,Indiana,9,US House,Monroe,18105,Monroe,19-PERRY 03,Erin Houchin,Republican,R,213,889,0.239595,ABSENTEE; EARLY VOTING; ELECTION DAY,no
2024,Indiana,9,US House,Monroe,18105,Monroe,20-PERRY 08,"Timothy ""Tim"" Peck",Democratic,D,592,659,0.898331,ABSENTEE; EARLY VOTING; ELECTION DAY,no
2024,Indiana,9,US House,Monroe,18105,Monroe,20-PERRY 08,"Russell ""Russ"" Brooksbank",Libertarian,L,13,659,0.019727,ABSENTEE; EARLY VOTING; ELECTION DAY,no
2024,Indiana,9,US House,Monroe,18105,Monroe,20-PERRY 08,Erin Houchin,Republican,R,54,659,0.081942,ABSENTEE; EARLY VOTING; ELECTION DAY,no
2024,Indiana,9,US House,Monroe,18105,Monroe,28-BLOOMINGTON 15,"Timothy ""Tim"" Peck",Democratic,D,484,855,0.566082,ABSENTEE; EARLY VOTING; ELECTION DAY,no
2024,Indiana,9,US House,Monroe,18105,Monroe,28-BLOOMINGTON 15,"Russell ""Russ"" Brooksbank",Libertarian,L,27,855,0.031579,ABSENTEE; EARLY VOTING; ELECTION DAY,no
2024,Indiana,9,US House,Monroe,18105,Monroe,28-BLOOMINGTON 15,Erin Houchin,Republican,R,344,855,0.402339,ABSENTEE; EARLY VOTING; ELECTION DAY,no
2024,Indiana,9,US House,Monroe,18105,Monroe,30-BLOOMINGTON 01,"Timothy ""Tim"" Peck",Democratic,D,114,135,0.844444,ABSENTEE; EARLY VOTING; ELECTION DAY,no
2024,Indiana,9,US House,Monroe,18105,Monroe,30-BLOOMINGTON 01,"Russell ""Russ"" Brooksbank",Libertarian,L,5,135,0.037037,ABSENTEE; EARLY VOTING; ELECTION DAY,no
2024,Indiana,9,US House,Monroe,18105,Monroe,30-BLOOMINGTON 01,Erin Houchin,Republican,R,16,135,0.118519,ABSENTEE; EARLY VOTING; ELECTION DAY,no
2024,Indiana,9,US House,Monroe,18105,Monroe,34-PERRY 12,"Timothy ""Tim"" Peck",Democratic,D,566,777,0.728443,ABSENTEE; EARLY VOTING; ELECTION DAY,no
2024,Indiana,9,US House,Monroe,18105,Monroe,34-PERRY 12,"Russell ""Russ"" Brooksbank",Libertarian,L,14,777,0.018018,ABSENTEE; EARLY VOTING; ELECTION DAY,no
2024,Indiana,9,US House,Monroe,18105,Monroe,34-PERRY 12,Erin Houchin,Republican,R,197,777,0.253539,ABSENTEE; EARLY VOTING; ELECTION DAY,no
2024,Indiana,9,US House,Monroe,18105,Monroe,39-BENTON 02,"Timothy ""Tim"" Peck",Democratic,D,584,983,0.5941,ABSENTEE; EARLY VOTING; ELECTION DAY,no
2024,Indiana,9,US House,Monroe,18105,Monroe,39-BENTON 02,"Russell ""Russ"" Brooksbank",Libertarian,L,20,983,0.020346,ABSENTEE; EARLY VOTING; ELECTION DAY,no
2024,Indiana,9,US House,Monroe,18105,Monroe,39-BENTON 02,Erin Houchin,Republican,R,379,983,0.385554,ABSENTEE; EARLY VOTING; ELECTION DAY,no
2024,Indiana,9,US House,Monroe,18105,Monroe,40-BEAN BLOSSOM 02,"Timothy ""Tim"" Peck",Democratic,D,242,748,0.323529,ABSENTEE; EARLY VOTING; ELECTION DAY,no
2024,Indiana,9,US House,Monroe,18105,Monroe,40-BEAN BLOSSOM 02,"Russell ""Russ"" Brooksbank",Libertarian,L,36,748,0.048128,ABSENTEE; EARLY VOTING; ELECTION DAY,no
2024,Indiana,9,US House,Monroe,18105,Monroe,40-BEAN BLOSSOM 02,Erin Houchin,Republican,R,470,748,0.628342,ABSENTEE; EARLY VOTING; ELECTION DAY,no
2024,Indiana,9,US House,Monroe,18105,Monroe,42-PERRY 32,"Timothy ""Tim"" Peck",Democratic,D,503,628,0.800955,ABSENTEE; EARLY VOTING; ELECTION DAY,no
2024,Indiana,9,US House,Monroe,18105,Monroe,42-PERRY 32,"Russell ""Russ"" Brooksbank",Libertarian,L,16,628,0.025478,ABSENTEE; EARLY VOTING; ELECTION DAY,no
2024,Indiana,9,US House,Monroe,18105,Monroe,42-PERRY 32,Erin Houchin,Republican,R,109,628,0.173567,ABSENTEE; EARLY VOTING; ELECTION DAY,no
2024,Indiana,9,US House,Monroe,18105,Monroe,43-BLOOMINGTON 11,"Timothy ""Tim"" Peck",Democratic,D,408,701,0.582026,ABSENTEE; EARLY VOTING; ELECTION DAY,no
2024,Indiana,9,US House,Monroe,18105,Monroe,43-BLOOMINGTON 11,"Russell ""Russ"" Brooksbank",Libertarian,L,14,701,0.019971,ABSENTEE; EARLY VOTING; ELECTION DAY,no
2024,Indiana,9,US House,Monroe,18105,Monroe,43-BLOOMINGTON 11,Erin Houchin,Republican,R,279,701,0.398003,ABSENTEE; EARLY VOTING; ELECTION DAY,no
2024,Indiana,9,US House,Monroe,18105,Monroe,47-PERRY 29,"Timothy ""Tim"" Peck",Democratic,D,353,547,0.645338,ABSENTEE; EARLY VOTING; ELECTION DAY,no
2024,Indiana,9,US House,Monroe,18105,Monroe,47-PERRY 29,"Russell ""Russ"" Brooksbank",Libertarian,L,23,547,0.042048,ABSENTEE; EARLY VOTING; ELECTION DAY,no
2024,Indiana,9,US House,Monroe,18105,Monroe,47-PERRY 29,Erin Houchin,Republican,R,171,547,0.312614,ABSENTEE; EARLY VOTING; ELECTION DAY,no
2024,Indiana,9,US House,Monroe,18105,Monroe,56-BLOOMINGTON 05,"Timothy ""Tim"" Peck",Democratic,D,236,284,0.830986,ABSENTEE; EARLY VOTING; ELECTION DAY,no
2024,Indiana,9,US House,Monroe,18105,Monroe,56-BLOOMINGTON 05,"Russell ""Russ"" Brooksbank",Libertarian,L,5,284,0.017606,ABSENTEE; EARLY VOTING; ELECTION DAY,no
2024,Indiana,9,US House,Monroe,18105,Monroe,56-BLOOMINGTON 05,Erin Houchin,Republican,R,43,284,0.151408,ABSENTEE; EARLY VOTING; ELECTION DAY,no
2024,Indiana,9,US House,Monroe,18105,Monroe,67-VAN BUREN 03,"Timothy ""Tim"" Peck",Democratic,D,540,898,0.601336,ABSENTEE; EARLY VOTING; ELECTION DAY,no
2024,Indiana,9,US House,Monroe,18105,Monroe,67-VAN BUREN 03,"Russell ""Russ"" Brooksbank",Libertarian,L,27,898,0.030067,ABSENTEE; EARLY VOTING; ELECTION DAY,no
2024,Indiana,9,US House,Monroe,18105,Monroe,67-VAN BUREN 03,Erin Houchin,Republican,R,331,898,0.368597,ABSENTEE; EARLY VOTING; ELECTION DAY,no
2024,Indiana,9,US House,Monroe,18105,Monroe,69-RICHLAND 05,"Timothy ""Tim"" Peck",Democratic,D,303,756,0.400794,ABSENTEE; EARLY VOTING; ELECTION DAY,no
2024,Indiana,9,US House,Monroe,18105,Monroe,69-RICHLAND 05,"Russell ""Russ"" Brooksbank",Libertarian,L,29,756,0.03836,ABSENTEE; EARLY VOTING; ELECTION DAY,no
2024,Indiana,9,US House,Monroe,18105,Monroe,69-RICHLAND 05,Erin Houchin,Republican,R,424,756,0.560847,ABSENTEE; EARLY VOTING; ELECTION DAY,no
2024,Indiana,9,US House,Monroe,18105,Monroe,70-BLOOMINGTON 19,"Timothy ""Tim"" Peck",Democratic,D,125,155,0.806452,ABSENTEE; EARLY VOTING; ELECTION DAY,no
2024,Indiana,9,US House,Monroe,18105,Monroe,70-BLOOMINGTON 19,"Russell ""Russ"" Brooksbank",Libertarian,L,4,155,0.025806,ABSENTEE; EARLY VOTING; ELECTION DAY,no
2024,Indiana,9,US House,Monroe,18105,Monroe,70-BLOOMINGTON 19,Erin Houchin,Republican,R,26,155,0.167742,ABSENTEE; EARLY VOTING; ELECTION DAY,no
2024,Indiana,9,US House,Monroe,18105,Monroe,73-PERRY 06,"Timothy ""Tim"" Peck",Democratic,D,379,459,0.825708,ABSENTEE; EARLY VOTING; ELECTION DAY,no
2024,Indiana,9,US House,Monroe,18105,Monroe,73-PERRY 06,"Russell ""Russ"" Brooksbank",Libertarian,L,15,459,0.03268,ABSENTEE; EARLY VOTING; ELECTION DAY,no
2024,Indiana,9,US House,Monroe,18105,Monroe,73-PERRY 06,Erin Houchin,Republican,R,65,459,0.141612,ABSENTEE; EARLY VOTING; ELECTION DAY,no
2024,Indiana,9,US House,Monroe,18105,Monroe,76-PERRY 07,"Timothy ""Tim"" Peck",Democratic,D,168,194,0.865979,ABSENTEE; EARLY VOTING; ELECTION DAY,no
2024,Indiana,9,US House,Monroe,18105,Monroe,76-PERRY 07,"Russell ""Russ"" Brooksbank",Libertarian,L,5,194,0.025773,ABSENTEE; EARLY VOTING; ELECTION DAY,no
2024,Indiana,9,US House,Monroe,18105,Monroe,76-PERRY 07,Erin Houchin,Republican,R,21,194,0.108247,ABSENTEE; EARLY VOTING; ELECTION DAY,no
2024,Indiana,9,US House,Monroe,18105,Monroe,79-PERRY 18,"Timothy ""Tim"" Peck",Democratic,D,676,825,0.819394,ABSENTEE; EARLY VOTING; ELECTION DAY,no
2024,Indiana,9,US House,Monroe,18105,Monroe,79-PERRY 18,"Russell ""Russ"" Brooksbank",Libertarian,L,14,825,0.01697,ABSENTEE; EARLY VOTING; ELECTION DAY,no
2024,Indiana,9,US House,Monroe,18105,Monroe,79-PERRY 18,Erin Houchin,Republican,R,135,825,0.163636,ABSENTEE; EARLY VOTING; ELECTION DAY,no
2024,Indiana,9,US House,Monroe,18105,Monroe,81-BLOOMINGTON 08,"Timothy ""Tim"" Peck",Democratic,D,235,269,0.873606,ABSENTEE; EARLY VOTING; ELECTION DAY,no
2024,Indiana,9,US House,Monroe,18105,Monroe,81-BLOOMINGTON 08,"Russell ""Russ"" Brooksbank",Libertarian,L,6,269,0.022305,ABSENTEE; EARLY VOTING; ELECTION DAY,no
2024,Indiana,9,US House,Monroe,18105,Monroe,81-BLOOMINGTON 08,Erin Houchin,Republican,R,28,269,0.104089,ABSENTEE; EARLY VOTING; ELECTION DAY,no
2024,Indiana,9,US House,Monroe,18105,Monroe,85-BEAN BLOSSOM 03,"Timothy ""Tim"" Peck",Democratic,D,0,4,0.0,ABSENTEE; EARLY VOTING; ELECTION DAY,no
2024,Indiana,9,US House,Monroe,18105,Monroe,85-BEAN BLOSSOM 03,"Russell ""Russ"" Brooksbank",Libertarian,L,0,4,0.0,ABSENTEE; EARLY VOTING; ELECTION DAY,no
2024,Indiana,9,US House,Monroe,18105,Monroe,85-BEAN BLOSSOM 03,Erin Houchin,Republican,R,4,4,1.0,ABSENTEE; EARLY VOTING; ELECTION DAY,no
2024,Indiana,9,US House,Ohio,18115,Ohio,CASS 07,"Timothy ""Tim"" Peck",Democratic,D,74,432,0.171296,TOTAL,yes
2024,Indiana,9,US House,Ohio,18115,Ohio,CASS 07,"Russell ""Russ"" Brooksbank",Libertarian,L,10,432,0.023148,TOTAL,yes
2024,Indiana,9,US House,Ohio,18115,Ohio,CASS 07,Erin Houchin,Republican,R,348,432,0.805556,TOTAL,yes
2024,Indiana,9,US House,Ohio,18115,Ohio,PIKE 08,"Timothy ""Tim"" Peck",Democratic,D,35,235,0.148936,TOTAL,yes
2024,Indiana,9,US House,Ohio,18115,Ohio,PIKE 08,"Russell ""Russ"" Brooksbank",Libertarian,L,4,235,0.017021,TOTAL,yes
2024,Indiana,9,US House,Ohio,18115,Ohio,PIKE 08,Erin Houchin,Republican,R,196,235,0.834043,TOTAL,yes
2024,Indiana,9,US House,Ohio,18115,Ohio,RANDOLPH 01,"Timothy ""Tim"" Peck",Democratic,D,70,208,0.336538,TOTAL,yes
2024,Indiana,9,US House,Ohio,18115,Ohio,RANDOLPH 01,"Russell ""Russ"" Brooksbank",Libertarian,L,6,208,0.028846,TOTAL,yes
2024,Indiana,9,US House,Ohio,18115,Ohio,RANDOLPH 01,Erin Houchin,Republican,R,132,208,0.634615,TOTAL,yes
2024,Indiana,9,US House,Ohio,18115,Ohio,RANDOLPH 02,"Timothy ""Tim"" Peck",Democratic,D,59,196,0.30102,TOTAL,yes
2024,Indiana,9,US House,Ohio,18115,Ohio,RANDOLPH 02,"Russell ""Russ"" Brooksbank",Libertarian,L,8,196,0.040816,TOTAL,yes
2024,Indiana,9,US House,Ohio,18115,Ohio,RANDOLPH 02,Erin Houchin,Republican,R,129,196,0.658163,TOTAL,yes
2024,Indiana,9,US House,Ohio,18115,Ohio,RANDOLPH 03,"Timothy ""Tim"" Peck",Democratic,D,81,278,0.291367,TOTAL,yes
2024,Indiana,9,US House,Ohio,18115,Ohio,RANDOLPH 03,"Russell ""Russ"" Brooksbank",Libertarian,L,9,278,0.032374,TOTAL,yes
2024,Indiana,9,US House,Ohio,18115,Ohio,RANDOLPH 03,Erin Houchin,Republican,R,188,278,0.676259,TOTAL,yes
2024,Indiana,9,US House,Ohio,18115,Ohio,RANDOLPH 04,"Timothy ""Tim"" Peck",Democratic,D,78,268,0.291045,TOTAL,yes
2024,Indiana,9,US House,Ohio,18115,Ohio,RANDOLPH 04,"Russell ""Russ"" Brooksbank",Libertarian,L,6,268,0.022388,TOTAL,yes
2024,Indiana,9,US House,Ohio,18115,Ohio,RANDOLPH 04,Erin Houchin,Republican,R,184,268,0.686567,TOTAL,yes
2024,Indiana,9,US House,Ohio,18115,Ohio,RANDOLPH 05,"Timothy ""Tim"" Peck",Democratic,D,113,708,0.159605,TOTAL,yes
2024,Indiana,9,US House,Ohio,18115,Ohio,RANDOLPH 05,"Russell ""Russ"" Brooksbank",Libertarian,L,15,708,0.021186,TOTAL,yes
2024,Indiana,9,US House,Ohio,18115,Ohio,RANDOLPH 05,Erin Houchin,Republican,R,580,708,0.819209,TOTAL,yes
2024,Indiana,9,US House,Ohio,18115,Ohio,RANDOLPH 06,"Timothy ""Tim"" Peck",Democratic,D,39,278,0.140288,TOTAL,yes
2024,Indiana,9,US House,Ohio,18115,Ohio,RANDOLPH 06,"Russell ""Russ"" Brooksbank",Libertarian,L,6,278,0.021583,TOTAL,yes
2024,Indiana,9,US House,Ohio,18115,Ohio,RANDOLPH 06,Erin Houchin,Republican,R,233,278,0.838129,TOTAL,yes
2024,Indiana,9,US House,Ohio,18115,Ohio,RANDOLPH 10,"Timothy ""Tim"" Peck",Democratic,D,20,96,0.208333,TOTAL,yes
2024,Indiana,9,US House,Ohio,18115,Ohio,RANDOLPH 10,"Russell ""Russ"" Brooksbank",Libertarian,L,2,96,0.020833,TOTAL,yes
2024,Indiana,9,US House,Ohio,18115,Ohio,RANDOLPH 10,Erin Houchin,Republican,R,74,96,0.770833,TOTAL,yes
2024,Indiana,9,US House,Ohio,18115,Ohio,RANDOLPH 11,"Timothy ""Tim"" Peck",Democratic,D,9,50,0.18,TOTAL,yes
2024,Indiana,9,US House,Ohio,18115,Ohio,RANDOLPH 11,"Russell ""Russ"" Brooksbank",Libertarian,L,1,50,0.02,TOTAL,yes
2024,Indiana,9,US House,Ohio,18115,Ohio,RANDOLPH 11,Erin Houchin,Republican,R,40,50,0.8,TOTAL,yes
2024,Indiana,9,US House,Ohio,18115,Ohio,UNION 09,"Timothy ""Tim"" Peck",Democratic,D,48,251,0.191235,TOTAL,yes
2024,Indiana,9,US House,Ohio,18115,Ohio,UNION 09,"Russell ""Russ"" Brooksbank",Libertarian,L,4,251,0.015936,TOTAL,yes
2024,Indiana,9,US House,Ohio,18115,Ohio,UNION 09,Erin Houchin,Republican,R,199,251,0.792829,TOTAL,yes
2024,Indiana,9,US House,Ripley,18137,Ripley,ADAMS 1 - BATESVILLE,"Timothy ""Tim"" Peck",Democratic,D,93,475,0.195789,TOTAL,yes
2024,Indiana,9,US House,Ripley,18137,Ripley,ADAMS 1 - BATESVILLE,"Russell ""Russ"" Brooksbank",Libertarian,L,4,475,0.008421,TOTAL,yes
2024,Indiana,9,US House,Ripley,18137,Ripley,ADAMS 1 - BATESVILLE,Erin Houchin,Republican,R,378,475,0.795789,TOTAL,yes
2024,Indiana,9,US House,Ripley,18137,Ripley,ADAMS 1 - SUN DEAR,"Timothy ""Tim"" Peck",Democratic,D,61,405,0.150617,TOTAL,yes
2024,Indiana,9,US House,Ripley,18137,Ripley,ADAMS 1 - SUN DEAR,"Russell ""Russ"" Brooksbank",Libertarian,L,1,405,0.002469,TOTAL,yes
2024,Indiana,9,US House,Ripley,18137,Ripley,ADAMS 1 - SUN DEAR,Erin Houchin,Republican,R,343,405,0.846914,TOTAL,yes
2024,Indiana,9,US House,Ripley,18137,Ripley,ADAMS 2 - COUNTY,"Timothy ""Tim"" Peck",Democratic,D,73,622,0.117363,TOTAL,yes
2024,Indiana,9,US House,Ripley,18137,Ripley,ADAMS 2 - COUNTY,"Russell ""Russ"" Brooksbank",Libertarian,L,9,622,0.014469,TOTAL,yes
2024,Indiana,9,US House,Ripley,18137,Ripley,ADAMS 2 - COUNTY,Erin Houchin,Republican,R,540,622,0.868167,TOTAL,yes
2024,Indiana,9,US House,Ripley,18137,Ripley,ADAMS 2 - SUNMAN,"Timothy ""Tim"" Peck",Democratic,D,60,392,0.153061,TOTAL,yes
2024,Indiana,9,US House,Ripley,18137,Ripley,ADAMS 2 - SUNMAN,"Russell ""Russ"" Brooksbank",Libertarian,L,11,392,0.028061,TOTAL,yes
2024,Indiana,9,US House,Ripley,18137,Ripley,ADAMS 2 - SUNMAN,Erin Houchin,Republican,R,321,392,0.818878,TOTAL,yes
2024,Indiana,9,US House,Ripley,18137,Ripley,ADAMS 3,"Timothy ""Tim"" Peck",Democratic,D,183,673,0.271917,TOTAL,yes
2024,Indiana,9,US House,Ripley,18137,Ripley,ADAMS 3,"Russell ""Russ"" Brooksbank",Libertarian,L,11,673,0.016345,TOTAL,yes
2024,Indiana,9,US House,Ripley,18137,Ripley,ADAMS 3,Erin Houchin,Republican,R,479,673,0.711738,TOTAL,yes
2024,Indiana,9,US House,Ripley,18137,Ripley,BROWN 1,"Timothy ""Tim"" Peck",Democratic,D,54,437,0.12357,TOTAL,yes
2024,Indiana,9,US House,Ripley,18137,Ripley,BROWN 1,"Russell ""Russ"" Brooksbank",Libertarian,L,8,437,0.018307,TOTAL,yes
2024,Indiana,9,US House,Ripley,18137,Ripley,BROWN 1,Erin Houchin,Republican,R,375,437,0.858124,TOTAL,yes
2024,Indiana,9,US House,Ripley,18137,Ripley,BROWN 2,"Timothy ""Tim"" Peck",Democratic,D,80,499,0.160321,TOTAL,yes
2024,Indiana,9,US House,Ripley,18137,Ripley,BROWN 2,"Russell ""Russ"" Brooksbank",Libertarian,L,6,499,0.012024,TOTAL,yes
2024,Indiana,9,US House,Ripley,18137,Ripley,BROWN 2,Erin Houchin,Republican,R,413,499,0.827655,TOTAL,yes
2024,Indiana,9,US House,Ripley,18137,Ripley,CENTER 1,"Timothy ""Tim"" Peck",Democratic,D,19,112,0.169643,TOTAL,yes
2024,Indiana,9,US House,Ripley,18137,Ripley,CENTER 1,"Russell ""Russ"" Brooksbank",Libertarian,L,3,112,0.026786,TOTAL,yes
2024,Indiana,9,US House,Ripley,18137,Ripley,CENTER 1,Erin Houchin,Republican,R,90,112,0.803571,TOTAL,yes
2024,Indiana,9,US House,Ripley,18137,Ripley,CENTER 1 - OSGOOD,"Timothy ""Tim"" Peck",Democratic,D,19,156,0.121795,TOTAL,yes
2024,Indiana,9,US House,Ripley,18137,Ripley,CENTER 1 - OSGOOD,"Russell ""Russ"" Brooksbank",Libertarian,L,5,156,0.032051,TOTAL,yes
2024,Indiana,9,US House,Ripley,18137,Ripley,CENTER 1 - OSGOOD,Erin Houchin,Republican,R,132,156,0.846154,TOTAL,yes
2024,Indiana,9,US House,Ripley,18137,Ripley,CENTER 2,"Timothy ""Tim"" Peck",Democratic,D,38,208,0.182692,TOTAL,yes
2024,Indiana,9,US House,Ripley,18137,Ripley,CENTER 2,"Russell ""Russ"" Brooksbank",Libertarian,L,3,208,0.014423,TOTAL,yes
2024,Indiana,9,US House,Ripley,18137,Ripley,CENTER 2,Erin Houchin,Republican,R,167,208,0.802885,TOTAL,yes
2024,Indiana,9,US House,Ripley,18137,Ripley,CENTER 2 - OSGOOD,"Timothy ""Tim"" Peck",Democratic,D,43,230,0.186957,TOTAL,yes
2024,Indiana,9,US House,Ripley,18137,Ripley,CENTER 2 - OSGOOD,"Russell ""Russ"" Brooksbank",Libertarian,L,9,230,0.03913,TOTAL,yes
2024,Indiana,9,US House,Ripley,18137,Ripley,CENTER 2 - OSGOOD,Erin Houchin,Republican,R,178,230,0.773913,TOTAL,yes
2024,Indiana,9,US House,Ripley,18137,Ripley,CENTER 3,"Timothy ""Tim"" Peck",Democratic,D,34,204,0.166667,TOTAL,yes
2024,Indiana,9,US House,Ripley,18137,Ripley,CENTER 3,"Russell ""Russ"" Brooksbank",Libertarian,L,4,204,0.019608,TOTAL,yes
2024,Indiana,9,US House,Ripley,18137,Ripley,CENTER 3,Erin Houchin,Republican,R,166,204,0.813725,TOTAL,yes
2024,Indiana,9,US House,Ripley,18137,Ripley,CENTER 3 - OSGOOD,"Timothy ""Tim"" Peck",Democratic,D,31,212,0.146226,TOTAL,yes
2024,Indiana,9,US House,Ripley,18137,Ripley,CENTER 3 - OSGOOD,"Russell ""Russ"" Brooksbank",Libertarian,L,4,212,0.018868,TOTAL,yes
2024,Indiana,9,US House,Ripley,18137,Ripley,CENTER 3 - OSGOOD,Erin Houchin,Republican,R,177,212,0.834906,TOTAL,yes
2024,Indiana,9,US House,Ripley,18137,Ripley,DELAWARE,"Timothy ""Tim"" Peck",Democratic,D,114,767,0.148631,TOTAL,yes
2024,Indiana,9,US House,Ripley,18137,Ripley,DELAWARE,"Russell ""Russ"" Brooksbank",Libertarian,L,14,767,0.018253,TOTAL,yes
2024,Indiana,9,US House,Ripley,18137,Ripley,DELAWARE,Erin Houchin,Republican,R,639,767,0.833116,TOTAL,yes
2024,Indiana,9,US House,Ripley,18137,Ripley,FED9,"Timothy ""Tim"" Peck",Democratic,D,2,2,1.0,TOTAL,yes
2024,Indiana,9,US House,Ripley,18137,Ripley,FED9,"Russell ""Russ"" Brooksbank",Libertarian,L,0,2,0.0,TOTAL,yes
2024,Indiana,9,US House,Ripley,18137,Ripley,FED9,Erin Houchin,Republican,R,0,2,0.0,TOTAL,yes
2024,Indiana,9,US House,Ripley,18137,Ripley,FRANKLIN 1,"Timothy ""Tim"" Peck",Democratic,D,90,620,0.145161,TOTAL,yes
2024,Indiana,9,US House,Ripley,18137,Ripley,FRANKLIN 1,"Russell ""Russ"" Brooksbank",Libertarian,L,9,620,0.014516,TOTAL,yes
2024,Indiana,9,US House,Ripley,18137,Ripley,FRANKLIN 1,Erin Houchin,Republican,R,521,620,0.840323,TOTAL,yes
2024,Indiana,9,US House,Ripley,18137,Ripley,FRANKLIN 2,"Timothy ""Tim"" Peck",Democratic,D,76,567,0.134039,TOTAL,yes
2024,Indiana,9,US House,Ripley,18137,Ripley,FRANKLIN 2,"Russell ""Russ"" Brooksbank",Libertarian,L,10,567,0.017637,TOTAL,yes
2024,Indiana,9,US House,Ripley,18137,Ripley,FRANKLIN 2,Erin Houchin,Republican,R,481,567,0.848325,TOTAL,yes
2024,Indiana,9,US House,Ripley,18137,Ripley,FRANKLIN 3,"Timothy ""Tim"" Peck",Democratic,D,83,542,0.153137,TOTAL,yes
2024,Indiana,9,US House,Ripley,18137,Ripley,FRANKLIN 3,"Russell ""Russ"" Brooksbank",Libertarian,L,23,542,0.042435,TOTAL,yes
2024,Indiana,9,US House,Ripley,18137,Ripley,FRANKLIN 3,Erin Houchin,Republican,R,436,542,0.804428,TOTAL,yes
2024,Indiana,9,US House,Ripley,18137,Ripley,JACKSON,"Timothy ""Tim"" Peck",Democratic,D,48,496,0.096774,TOTAL,yes
2024,Indiana,9,US House,Ripley,18137,Ripley,JACKSON,"Russell ""Russ"" Brooksbank",Libertarian,L,9,496,0.018145,TOTAL,yes
2024,Indiana,9,US House,Ripley,18137,Ripley,JACKSON,Erin Houchin,Republican,R,439,496,0.885081,TOTAL,yes
2024,Indiana,9,US House,Ripley,18137,Ripley,JOHNSON 1,"Timothy ""Tim"" Peck",Democratic,D,34,286,0.118881,TOTAL,yes
2024,Indiana,9,US House,Ripley,18137,Ripley,JOHNSON 1,"Russell ""Russ"" Brooksbank",Libertarian,L,10,286,0.034965,TOTAL,yes
2024,Indiana,9,US House,Ripley,18137,Ripley,JOHNSON 1,Erin Houchin,Republican,R,242,286,0.846154,TOTAL,yes
2024,Indiana,9,US House,Ripley,18137,Ripley,JOHNSON 1 - VERSAILLES,"Timothy ""Tim"" Peck",Democratic,D,62,310,0.2,TOTAL,yes
2024,Indiana,9,US House,Ripley,18137,Ripley,JOHNSON 1 - VERSAILLES,"Russell ""Russ"" Brooksbank",Libertarian,L,6,310,0.019355,TOTAL,yes
2024,Indiana,9,US House,Ripley,18137,Ripley,JOHNSON 1 - VERSAILLES,Erin Houchin,Republican,R,242,310,0.780645,TOTAL,yes
2024,Indiana,9,US House,Ripley,18137,Ripley,JOHNSON 2,"Timothy ""Tim"" Peck",Democratic,D,27,249,0.108434,TOTAL,yes
2024,Indiana,9,US House,Ripley,18137,Ripley,JOHNSON 2,"Russell ""Russ"" Brooksbank",Libertarian,L,7,249,0.028112,TOTAL,yes
2024,Indiana,9,US House,Ripley,18137,Ripley,JOHNSON 2,Erin Houchin,Republican,R,215,249,0.863454,TOTAL,yes
2024,Indiana,9,US House,Ripley,18137,Ripley,JOHNSON 2 - VERSAILLES,"Timothy ""Tim"" Peck",Democratic,D,61,318,0.191824,TOTAL,yes
2024,Indiana,9,US House,Ripley,18137,Ripley,JOHNSON 2 - VERSAILLES,"Russell ""Russ"" Brooksbank",Libertarian,L,8,318,0.025157,TOTAL,yes
2024,Indiana,9,US House,Ripley,18137,Ripley,JOHNSON 2 - VERSAILLES,Erin Houchin,Republican,R,249,318,0.783019,TOTAL,yes
2024,Indiana,9,US House,Ripley,18137,Ripley,JOHNSON 3,"Timothy ""Tim"" Peck",Democratic,D,66,372,0.177419,TOTAL,yes
2024,Indiana,9,US House,Ripley,18137,Ripley,JOHNSON 3,"Russell ""Russ"" Brooksbank",Libertarian,L,12,372,0.032258,TOTAL,yes
2024,Indiana,9,US House,Ripley,18137,Ripley,JOHNSON 3,Erin Houchin,Republican,R,294,372,0.790323,TOTAL,yes
2024,Indiana,9,US House,Ripley,18137,Ripley,JOHNSON 3 - VERSAILLES,"Timothy ""Tim"" Peck",Democratic,D,67,274,0.244526,TOTAL,yes
2024,Indiana,9,US House,Ripley,18137,Ripley,JOHNSON 3 - VERSAILLES,"Russell ""Russ"" Brooksbank",Libertarian,L,6,274,0.021898,TOTAL,yes
2024,Indiana,9,US House,Ripley,18137,Ripley,JOHNSON 3 - VERSAILLES,Erin Houchin,Republican,R,201,274,0.733577,TOTAL,yes
2024,Indiana,9,US House,Ripley,18137,Ripley,LAUGHERY 1 - BATESVILLE,"Timothy ""Tim"" Peck",Democratic,D,120,718,0.167131,TOTAL,yes
2024,Indiana,9,US House,Ripley,18137,Ripley,LAUGHERY 1 - BATESVILLE,"Russell ""Russ"" Brooksbank",Libertarian,L,12,718,0.016713,TOTAL,yes
2024,Indiana,9,US House,Ripley,18137,Ripley,LAUGHERY 1 - BATESVILLE,Erin Houchin,Republican,R,586,718,0.816156,TOTAL,yes
2024,Indiana,9,US House,Ripley,18137,Ripley,LAUGHERY 1 - JAC-CEN-DE,"Timothy ""Tim"" Peck",Democratic,D,3,25,0.12,TOTAL,yes
2024,Indiana,9,US House,Ripley,18137,Ripley,LAUGHERY 1 - JAC-CEN-DE,"Russell ""Russ"" Brooksbank",Libertarian,L,1,25,0.04,TOTAL,yes
2024,Indiana,9,US House,Ripley,18137,Ripley,LAUGHERY 1 - JAC-CEN-DE,Erin Houchin,Republican,R,21,25,0.84,TOTAL,yes
2024,Indiana,9,US House,Ripley,18137,Ripley,LAUGHERY 1-1,"Timothy ""Tim"" Peck",Democratic,D,242,827,0.292624,TOTAL,yes
2024,Indiana,9,US House,Ripley,18137,Ripley,LAUGHERY 1-1,"Russell ""Russ"" Brooksbank",Libertarian,L,25,827,0.03023,TOTAL,yes
2024,Indiana,9,US House,Ripley,18137,Ripley,LAUGHERY 1-1,Erin Houchin,Republican,R,560,827,0.677146,TOTAL,yes
2024,Indiana,9,US House,Ripley,18137,Ripley,LAUGHERY 2-1,"Timothy ""Tim"" Peck",Democratic,D,96,375,0.256,TOTAL,yes
2024,Indiana,9,US House,Ripley,18137,Ripley,LAUGHERY 2-1,"Russell ""Russ"" Brooksbank",Libertarian,L,7,375,0.018667,TOTAL,yes
2024,Indiana,9,US House,Ripley,18137,Ripley,LAUGHERY 2-1,Erin Houchin,Republican,R,272,375,0.725333,TOTAL,yes
2024,Indiana,9,US House,Ripley,18137,Ripley,LAUGHERY 3-1,"Timothy ""Tim"" Peck",Democratic,D,158,531,0.297552,TOTAL,yes
2024,Indiana,9,US House,Ripley,18137,Ripley,LAUGHERY 3-1,"Russell ""Russ"" Brooksbank",Libertarian,L,14,531,0.026365,TOTAL,yes
2024,Indiana,9,US House,Ripley,18137,Ripley,LAUGHERY 3-1,Erin Houchin,Republican,R,359,531,0.676083,TOTAL,yes
2024,Indiana,9,US House,Ripley,18137,Ripley,OTTER CREEK 1,"Timothy ""Tim"" Peck",Democratic,D,18,219,0.082192,TOTAL,yes
2024,Indiana,9,US House,Ripley,18137,Ripley,OTTER CREEK 1,"Russell ""Russ"" Brooksbank",Libertarian,L,6,219,0.027397,TOTAL,yes
2024,Indiana,9,US House,Ripley,18137,Ripley,OTTER CREEK 1,Erin Houchin,Republican,R,195,219,0.890411,TOTAL,yes
2024,Indiana,9,US House,Ripley,18137,Ripley,OTTER CREEK 1 - HOLTON,"Timothy ""Tim"" Peck",Democratic,D,15,75,0.2,TOTAL,yes
2024,Indiana,9,US House,Ripley,18137,Ripley,OTTER CREEK 1 - HOLTON,"Russell ""Russ"" Brooksbank",Libertarian,L,0,75,0.0,TOTAL,yes
2024,Indiana,9,US House,Ripley,18137,Ripley,OTTER CREEK 1 - HOLTON,Erin Houchin,Republican,R,60,75,0.8,TOTAL,yes
2024,Indiana,9,US House,Ripley,18137,Ripley,OTTER CREEK 2,"Timothy ""Tim"" Peck",Democratic,D,36,285,0.126316,TOTAL,yes
2024,Indiana,9,US House,Ripley,18137,Ripley,OTTER CREEK 2,"Russell ""Russ"" Brooksbank",Libertarian,L,6,285,0.021053,TOTAL,yes
2024,Indiana,9,US House,Ripley,18137,Ripley,OTTER CREEK 2,Erin Houchin,Republican,R,243,285,0.852632,TOTAL,yes
2024,Indiana,9,US House,Ripley,18137,Ripley,OTTER CREEK 2 - HOLTON,"Timothy ""Tim"" Peck",Democratic,D,19,80,0.2375,TOTAL,yes
2024,Indiana,9,US House,Ripley,18137,Ripley,OTTER CREEK 2 - HOLTON,"Russell ""Russ"" Brooksbank",Libertarian,L,1,80,0.0125,TOTAL,yes
2024,Indiana,9,US House,Ripley,18137,Ripley,OTTER CREEK 2 - HOLTON,Erin Houchin,Republican,R,60,80,0.75,TOTAL,yes
2024,Indiana,9,US House,Ripley,18137,Ripley,SHELBY,"Timothy ""Tim"" Peck",Democratic,D,74,420,0.17619,TOTAL,yes
2024,Indiana,9,US House,Ripley,18137,Ripley,SHELBY,"Russell ""Russ"" Brooksbank",Libertarian,L,8,420,0.019048,TOTAL,yes
2024,Indiana,9,US House,Ripley,18137,Ripley,SHELBY,Erin Houchin,Republican,R,338,420,0.804762,TOTAL,yes
2024,Indiana,9,US House,Ripley,18137,Ripley,WASHINGTON 1,"Timothy ""Tim"" Peck",Democratic,D,70,501,0.139721,TOTAL,yes
2024,Indiana,9,US House,Ripley,18137,Ripley,WASHINGTON 1,"Russell ""Russ"" Brooksbank",Libertarian,L,9,501,0.017964,TOTAL,yes
2024,Indiana,9,US House,Ripley,18137,Ripley,WASHINGTON 1,Erin Houchin,Republican,R,422,501,0.842315,TOTAL,yes
2024,Indiana,9,US House,Ripley,18137,Ripley,WASHINGTON 2,"Timothy ""Tim"" Peck",Democratic,D,132,753,0.175299,TOTAL,yes
2024,Indiana,9,US House,Ripley,18137,Ripley,WASHINGTON 2,"Russell ""Russ"" Brooksbank",Libertarian,L,16,753,0.021248,TOTAL,yes
2024,Indiana,9,US House,Ripley,18137,Ripley,WASHINGTON 2,Erin Houchin,Republican,R,605,753,0.803453,TOTAL,yes
2024,Indiana,9,US House,Scott,18143,Scott,01-Finley 1,"Timothy ""Tim"" Peck",Democratic,D,153,764,0.200262,ABSENTEE; EARLY VOTING; ELECTION DAY,no
2024,Indiana,9,US House,Scott,18143,Scott,01-Finley 1,"Russell ""Russ"" Brooksbank",Libertarian,L,20,764,0.026178,ABSENTEE; EARLY VOTING; ELECTION DAY,no
2024,Indiana,9,US House,Scott,18143,Scott,01-Finley 1,Erin Houchin,Republican,R,591,764,0.77356,ABSENTEE; EARLY VOTING; ELECTION DAY,no
2024,Indiana,9,US House,Scott,18143,Scott,02-Jennings 1,"Timothy ""Tim"" Peck",Democratic,D,81,352,0.230114,ABSENTEE; EARLY VOTING; ELECTION DAY,no
2024,Indiana,9,US House,Scott,18143,Scott,02-Jennings 1,"Russell ""Russ"" Brooksbank",Libertarian,L,6,352,0.017045,ABSENTEE; EARLY VOTING; ELECTION DAY,no
2024,Indiana,9,US House,Scott,18143,Scott,02-Jennings 1,Erin Houchin,Republican,R,265,352,0.752841,ABSENTEE; EARLY VOTING; ELECTION DAY,no
2024,Indiana,9,US House,Scott,18143,Scott,03-Jennings 2,"Timothy ""Tim"" Peck",Democratic,D,126,353,0.356941,ABSENTEE; EARLY VOTING; ELECTION DAY,no
2024,Indiana,9,US House,Scott,18143,Scott,03-Jennings 2,"Russell ""Russ"" Brooksbank",Libertarian,L,11,353,0.031161,ABSENTEE; EARLY VOTING; ELECTION DAY,no
2024,Indiana,9,US House,Scott,18143,Scott,03-Jennings 2,Erin Houchin,Republican,R,216,353,0.611898,ABSENTEE; EARLY VOTING; ELECTION DAY,no
2024,Indiana,9,US House,Scott,18143,Scott,04-Jennings 3,"Timothy ""Tim"" Peck",Democratic,D,106,365,0.290411,ABSENTEE; EARLY VOTING; ELECTION DAY,no
2024,Indiana,9,US House,Scott,18143,Scott,04-Jennings 3,"Russell ""Russ"" Brooksbank",Libertarian,L,5,365,0.013699,ABSENTEE; EARLY VOTING; ELECTION DAY,no
2024,Indiana,9,US House,Scott,18143,Scott,04-Jennings 3,Erin Houchin,Republican,R,254,365,0.69589,ABSENTEE; EARLY VOTING; ELECTION DAY,no
2024,Indiana,9,US House,Scott,18143,Scott,05-Jennings 4,"Timothy ""Tim"" Peck",Democratic,D,143,633,0.225908,ABSENTEE; EARLY VOTING; ELECTION DAY,no
2024,Indiana,9,US House,Scott,18143,Scott,05-Jennings 4,"Russell ""Russ"" Brooksbank",Libertarian,L,10,633,0.015798,ABSENTEE; EARLY VOTING; ELECTION DAY,no
2024,Indiana,9,US House,Scott,18143,Scott,05-Jennings 4,Erin Houchin,Republican,R,480,633,0.758294,ABSENTEE; EARLY VOTING; ELECTION DAY,no
2024,Indiana,9,US House,Scott,18143,Scott,06-Jennings 5,"Timothy ""Tim"" Peck",Democratic,D,98,368,0.266304,ABSENTEE; EARLY VOTING; ELECTION DAY,no
2024,Indiana,9,US House,Scott,18143,Scott,06-Jennings 5,"Russell ""Russ"" Brooksbank",Libertarian,L,10,368,0.027174,ABSENTEE; EARLY VOTING; ELECTION DAY,no
2024,Indiana,9,US House,Scott,18143,Scott,06-Jennings 5,Erin Houchin,Republican,R,260,368,0.706522,ABSENTEE; EARLY VOTING; ELECTION DAY,no
2024,Indiana,9,US House,Scott,18143,Scott,07-Johnson 1,"Timothy ""Tim"" Peck",Democratic,D,200,955,0.209424,ABSENTEE; EARLY VOTING; ELECTION DAY,no
2024,Indiana,9,US House,Scott,18143,Scott,07-Johnson 1,"Russell ""Russ"" Brooksbank",Libertarian,L,26,955,0.027225,ABSENTEE; EARLY VOTING; ELECTION DAY,no
2024,Indiana,9,US House,Scott,18143,Scott,07-Johnson 1,Erin Houchin,Republican,R,729,955,0.763351,ABSENTEE; EARLY VOTING; ELECTION DAY,no
2024,Indiana,9,US House,Scott,18143,Scott,08-Lexington 1,"Timothy ""Tim"" Peck",Democratic,D,140,723,0.193638,ABSENTEE; EARLY VOTING; ELECTION DAY,no
2024,Indiana,9,US House,Scott,18143,Scott,08-Lexington 1,"Russell ""Russ"" Brooksbank",Libertarian,L,13,723,0.017981,ABSENTEE; EARLY VOTING; ELECTION DAY,no
2024,Indiana,9,US House,Scott,18143,Scott,08-Lexington 1,Erin Houchin,Republican,R,570,723,0.788382,ABSENTEE; EARLY VOTING; ELECTION DAY,no
2024,Indiana,9,US House,Scott,18143,Scott,09-Lexington 2,"Timothy ""Tim"" Peck",Democratic,D,138,580,0.237931,ABSENTEE; EARLY VOTING; ELECTION DAY,no
2024,Indiana,9,US House,Scott,18143,Scott,09-Lexington 2,"Russell ""Russ"" Brooksbank",Libertarian,L,14,580,0.024138,ABSENTEE; EARLY VOTING; ELECTION DAY,no
2024,Indiana,9,US House,Scott,18143,Scott,09-Lexington 2,Erin Houchin,Republican,R,428,580,0.737931,ABSENTEE; EARLY VOTING; ELECTION DAY,no
2024,Indiana,9,US House,Scott,18143,Scott,10-Lexington 3,"Timothy ""Tim"" Peck",Democratic,D,19,119,0.159664,ABSENTEE; EARLY VOTING; ELECTION DAY,no
2024,Indiana,9,US House,Scott,18143,Scott,10-Lexington 3,"Russell ""Russ"" Brooksbank",Libertarian,L,4,119,0.033613,ABSENTEE; EARLY VOTING; ELECTION DAY,no
2024,Indiana,9,US House,Scott,18143,Scott,10-Lexington 3,Erin Houchin,Republican,R,96,119,0.806723,ABSENTEE; EARLY VOTING; ELECTION DAY,no
2024,Indiana,9,US House,Scott,18143,Scott,11-Vienna 1,"Timothy ""Tim"" Peck",Democratic,D,210,888,0.236486,ABSENTEE; EARLY VOTING; ELECTION DAY,no
2024,Indiana,9,US House,Scott,18143,Scott,11-Vienna 1,"Russell ""Russ"" Brooksbank",Libertarian,L,16,888,0.018018,ABSENTEE; EARLY VOTING; ELECTION DAY,no
2024,Indiana,9,US House,Scott,18143,Scott,11-Vienna 1,Erin Houchin,Republican,R,662,888,0.745495,ABSENTEE; EARLY VOTING; ELECTION DAY,no
2024,Indiana,9,US House,Scott,18143,Scott,12-Vienna 2,"Timothy ""Tim"" Peck",Democratic,D,166,525,0.31619,ABSENTEE; EARLY VOTING; ELECTION DAY,no
2024,Indiana,9,US House,Scott,18143,Scott,12-Vienna 2,"Russell ""Russ"" Brooksbank",Libertarian,L,12,525,0.022857,ABSENTEE; EARLY VOTING; ELECTION DAY,no
2024,Indiana,9,US House,Scott,18143,Scott,12-Vienna 2,Erin Houchin,Republican,R,347,525,0.660952,ABSENTEE; EARLY VOTING; ELECTION DAY,no
2024,Indiana,9,US House,Scott,18143,Scott,13-Vienna 3,"Timothy ""Tim"" Peck",Democratic,D,134,480,0.279167,ABSENTEE; EARLY VOTING; ELECTION DAY,no
2024,Indiana,9,US House,Scott,18143,Scott,13-Vienna 3,"Russell ""Russ"" Brooksbank",Libertarian,L,14,480,0.029167,ABSENTEE; EARLY VOTING; ELECTION DAY,no
2024,Indiana,9,US House,Scott,18143,Scott,13-Vienna 3,Erin Houchin,Republican,R,332,480,0.691667,ABSENTEE; EARLY VOTING; ELECTION DAY,no
2024,Indiana,9,US House,Scott,18143,Scott,14-Vienna 4,"Timothy ""Tim"" Peck",Democratic,D,186,663,0.280543,ABSENTEE; EARLY VOTING; ELECTION DAY,no
2024,Indiana,9,US House,Scott,18143,Scott,14-Vienna 4,"Russell ""Russ"" Brooksbank",Libertarian,L,21,663,0.031674,ABSENTEE; EARLY VOTING; ELECTION DAY,no
2024,Indiana,9,US House,Scott,18143,Scott,14-Vienna 4,Erin Houchin,Republican,R,456,663,0.687783,ABSENTEE; EARLY VOTING; ELECTION DAY,no
2024,Indiana,9,US House,Scott,18143,Scott,15-Vienna 5,"Timothy ""Tim"" Peck",Democratic,D,226,893,0.25308,ABSENTEE; EARLY VOTING; ELECTION DAY,no
2024,Indiana,9,US House,Scott,18143,Scott,15-Vienna 5,"Russell ""Russ"" Brooksbank",Libertarian,L,27,893,0.030235,ABSENTEE; EARLY VOTING; ELECTION DAY,no
2024,Indiana,9,US House,Scott,18143,Scott,15-Vienna 5,Erin Houchin,Republican,R,640,893,0.716685,ABSENTEE; EARLY VOTING; ELECTION DAY,no
2024,Indiana,9,US House,Scott,18143,Scott,16-Vienna 6,"Timothy ""Tim"" Peck",Democratic,D,174,675,0.257778,ABSENTEE; EARLY VOTING; ELECTION DAY,no
2024,Indiana,9,US House,Scott,18143,Scott,16-Vienna 6,"Russell ""Russ"" Brooksbank",Libertarian,L,11,675,0.016296,ABSENTEE; EARLY VOTING; ELECTION DAY,no
2024,Indiana,9,US House,Scott,18143,Scott,16-Vienna 6,Erin Houchin,Republican,R,490,675,0.725926,ABSENTEE; EARLY VOTING; ELECTION DAY,no
2024,Indiana,9,US House,Switzerland,18155,Switzerland,1-Cotton 1,"Timothy ""Tim"" Peck",Democratic,D,105,499,0.210421,ABSENTEE; EARLY VOTING; ELECTION DAY,no
2024,Indiana,9,US House,Switzerland,18155,Switzerland,1-Cotton 1,"Russell ""Russ"" Brooksbank",Libertarian,L,9,499,0.018036,ABSENTEE; EARLY VOTING; ELECTION DAY,no
2024,Indiana,9,US House,Switzerland,18155,Switzerland,1-Cotton 1,Erin Houchin,Republican,R,385,499,0.771543,ABSENTEE; EARLY VOTING; ELECTION DAY,no
2024,Indiana,9,US House,Switzerland,18155,Switzerland,10-Posey 1,"Timothy ""Tim"" Peck",Democratic,D,52,232,0.224138,ABSENTEE; EARLY VOTING; ELECTION DAY,no
2024,Indiana,9,US House,Switzerland,18155,Switzerland,10-Posey 1,"Russell ""Russ"" Brooksbank",Libertarian,L,5,232,0.021552,ABSENTEE; EARLY VOTING; ELECTION DAY,no
2024,Indiana,9,US House,Switzerland,18155,Switzerland,10-Posey 1,Erin Houchin,Republican,R,175,232,0.75431,ABSENTEE; EARLY VOTING; ELECTION DAY,no
2024,Indiana,9,US House,Switzerland,18155,Switzerland,11-Posey 2,"Timothy ""Tim"" Peck",Democratic,D,87,402,0.216418,ABSENTEE; EARLY VOTING; ELECTION DAY,no
2024,Indiana,9,US House,Switzerland,18155,Switzerland,11-Posey 2,"Russell ""Russ"" Brooksbank",Libertarian,L,10,402,0.024876,ABSENTEE; EARLY VOTING; ELECTION DAY,no
2024,Indiana,9,US House,Switzerland,18155,Switzerland,11-Posey 2,Erin Houchin,Republican,R,305,402,0.758706,ABSENTEE; EARLY VOTING; ELECTION DAY,no
2024,Indiana,9,US House,Switzerland,18155,Switzerland,12-York,"Timothy ""Tim"" Peck",Democratic,D,85,437,0.194508,ABSENTEE; EARLY VOTING; ELECTION DAY,no
2024,Indiana,9,US House,Switzerland,18155,Switzerland,12-York,"Russell ""Russ"" Brooksbank",Libertarian,L,9,437,0.020595,ABSENTEE; EARLY VOTING; ELECTION DAY,no
2024,Indiana,9,US House,Switzerland,18155,Switzerland,12-York,Erin Houchin,Republican,R,343,437,0.784897,ABSENTEE; EARLY VOTING; ELECTION DAY,no
2024,Indiana,9,US House,Switzerland,18155,Switzerland,2-Cotton 2,"Timothy ""Tim"" Peck",Democratic,D,39,236,0.165254,ABSENTEE; EARLY VOTING; ELECTION DAY,no
2024,Indiana,9,US House,Switzerland,18155,Switzerland,2-Cotton 2,"Russell ""Russ"" Brooksbank",Libertarian,L,3,236,0.012712,ABSENTEE; EARLY VOTING; ELECTION DAY,no
2024,Indiana,9,US House,Switzerland,18155,Switzerland,2-Cotton 2,Erin Houchin,Republican,R,194,236,0.822034,ABSENTEE; EARLY VOTING; ELECTION DAY,no
2024,Indiana,9,US House,Switzerland,18155,Switzerland,3-Craig 1,"Timothy ""Tim"" Peck",Democratic,D,28,206,0.135922,ABSENTEE; EARLY VOTING; ELECTION DAY,no
2024,Indiana,9,US House,Switzerland,18155,Switzerland,3-Craig 1,"Russell ""Russ"" Brooksbank",Libertarian,L,5,206,0.024272,ABSENTEE; EARLY VOTING; ELECTION DAY,no
2024,Indiana,9,US House,Switzerland,18155,Switzerland,3-Craig 1,Erin Houchin,Republican,R,173,206,0.839806,ABSENTEE; EARLY VOTING; ELECTION DAY,no
2024,Indiana,9,US House,Switzerland,18155,Switzerland,4-Craig 2,"Timothy ""Tim"" Peck",Democratic,D,35,207,0.169082,ABSENTEE; EARLY VOTING; ELECTION DAY,no
2024,Indiana,9,US House,Switzerland,18155,Switzerland,4-Craig 2,"Russell ""Russ"" Brooksbank",Libertarian,L,3,207,0.014493,ABSENTEE; EARLY VOTING; ELECTION DAY,no
2024,Indiana,9,US House,Switzerland,18155,Switzerland,4-Craig 2,Erin Houchin,Republican,R,169,207,0.816425,ABSENTEE; EARLY VOTING; ELECTION DAY,no
2024,Indiana,9,US House,Switzerland,18155,Switzerland,5-Jefferson 1,"Timothy ""Tim"" Peck",Democratic,D,115,451,0.254989,ABSENTEE; EARLY VOTING; ELECTION DAY,no
2024,Indiana,9,US House,Switzerland,18155,Switzerland,5-Jefferson 1,"Russell ""Russ"" Brooksbank",Libertarian,L,8,451,0.017738,ABSENTEE; EARLY VOTING; ELECTION DAY,no
2024,Indiana,9,US House,Switzerland,18155,Switzerland,5-Jefferson 1,Erin Houchin,Republican,R,328,451,0.727273,ABSENTEE; EARLY VOTING; ELECTION DAY,no
2024,Indiana,9,US House,Switzerland,18155,Switzerland,6-Jefferson 2,"Timothy ""Tim"" Peck",Democratic,D,179,589,0.303905,ABSENTEE; EARLY VOTING; ELECTION DAY,no
2024,Indiana,9,US House,Switzerland,18155,Switzerland,6-Jefferson 2,"Russell ""Russ"" Brooksbank",Libertarian,L,16,589,0.027165,ABSENTEE; EARLY VOTING; ELECTION DAY,no
2024,Indiana,9,US House,Switzerland,18155,Switzerland,6-Jefferson 2,Erin Houchin,Republican,R,394,589,0.66893,ABSENTEE; EARLY VOTING; ELECTION DAY,no
2024,Indiana,9,US House,Switzerland,18155,Switzerland,7-Jefferson 3,"Timothy ""Tim"" Peck",Democratic,D,80,374,0.213904,ABSENTEE; EARLY VOTING; ELECTION DAY,no
2024,Indiana,9,US House,Switzerland,18155,Switzerland,7-Jefferson 3,"Russell ""Russ"" Brooksbank",Libertarian,L,7,374,0.018717,ABSENTEE; EARLY VOTING; ELECTION DAY,no
2024,Indiana,9,US House,Switzerland,18155,Switzerland,7-Jefferson 3,Erin Houchin,Republican,R,287,374,0.76738,ABSENTEE; EARLY VOTING; ELECTION DAY,no
2024,Indiana,9,US House,Switzerland,18155,Switzerland,8-Pleasant 1,"Timothy ""Tim"" Peck",Democratic,D,26,151,0.172185,ABSENTEE; EARLY VOTING; ELECTION DAY,no
2024,Indiana,9,US House,Switzerland,18155,Switzerland,8-Pleasant 1,"Russell ""Russ"" Brooksbank",Libertarian,L,5,151,0.033113,ABSENTEE; EARLY VOTING; ELECTION DAY,no
2024,Indiana,9,US House,Switzerland,18155,Switzerland,8-Pleasant 1,Erin Houchin,Republican,R,120,151,0.794702,ABSENTEE; EARLY VOTING; ELECTION DAY,no
2024,Indiana,9,US House,Switzerland,18155,Switzerland,9-Pleasant 2,"Timothy ""Tim"" Peck",Democratic,D,44,359,0.122563,ABSENTEE; EARLY VOTING; ELECTION DAY,no
2024,Indiana,9,US House,Switzerland,18155,Switzerland,9-Pleasant 2,"Russell ""Russ"" Brooksbank",Libertarian,L,5,359,0.013928,ABSENTEE; EARLY VOTING; ELECTION DAY,no
2024,Indiana,9,US House,Switzerland,18155,Switzerland,9-Pleasant 2,Erin Houchin,Republican,R,310,359,0.86351,ABSENTEE; EARLY VOTING; ELECTION DAY,no
2024,Indiana,9,US House,Washington,18175,Washington,BROW - CAMP-WWASH,"Timothy ""Tim"" Peck",Democratic,D,34,190,0.178947,TOTAL,yes
2024,Indiana,9,US House,Washington,18175,Washington,BROW - CAMP-WWASH,"Russell ""Russ"" Brooksbank",Libertarian,L,7,190,0.036842,TOTAL,yes
2024,Indiana,9,US House,Washington,18175,Washington,BROW - CAMP-WWASH,Erin Houchin,Republican,R,149,190,0.784211,TOTAL,yes
2024,Indiana,9,US House,Washington,18175,Washington,BROW - WWASH,"Timothy ""Tim"" Peck",Democratic,D,49,293,0.167235,TOTAL,yes
2024,Indiana,9,US House,Washington,18175,Washington,BROW - WWASH,"Russell ""Russ"" Brooksbank",Libertarian,L,11,293,0.037543,TOTAL,yes
2024,Indiana,9,US House,Washington,18175,Washington,BROW - WWASH,Erin Houchin,Republican,R,233,293,0.795222,TOTAL,yes
2024,Indiana,9,US House,Washington,18175,Washington,FEDERAL,"Timothy ""Tim"" Peck",Democratic,D,3,4,0.75,TOTAL,yes
2024,Indiana,9,US House,Washington,18175,Washington,FEDERAL,"Russell ""Russ"" Brooksbank",Libertarian,L,0,4,0.0,TOTAL,yes
2024,Indiana,9,US House,Washington,18175,Washington,FEDERAL,Erin Houchin,Republican,R,1,4,0.25,TOTAL,yes
2024,Indiana,9,US House,Washington,18175,Washington,FRAN - EWASH,"Timothy ""Tim"" Peck",Democratic,D,171,979,0.174668,TOTAL,yes
2024,Indiana,9,US House,Washington,18175,Washington,FRAN - EWASH,"Russell ""Russ"" Brooksbank",Libertarian,L,34,979,0.034729,TOTAL,yes
2024,Indiana,9,US House,Washington,18175,Washington,FRAN - EWASH,Erin Houchin,Republican,R,774,979,0.790603,TOTAL,yes
2024,Indiana,9,US House,Washington,18175,Washington,GIBS - SAL,"Timothy ""Tim"" Peck",Democratic,D,109,516,0.21124,TOTAL,yes
2024,Indiana,9,US House,Washington,18175,Washington,GIBS - SAL,"Russell ""Russ"" Brooksbank",Libertarian,L,17,516,0.032946,TOTAL,yes
2024,Indiana,9,US House,Washington,18175,Washington,GIBS - SAL,Erin Houchin,Republican,R,390,516,0.755814,TOTAL,yes
2024,Indiana,9,US House,Washington,18175,Washington,HOWD - WWASH,"Timothy ""Tim"" Peck",Democratic,D,95,523,0.181644,TOTAL,yes
2024,Indiana,9,US House,Washington,18175,Washington,HOWD - WWASH,"Russell ""Russ"" Brooksbank",Libertarian,L,20,523,0.038241,TOTAL,yes
2024,Indiana,9,US House,Washington,18175,Washington,HOWD - WWASH,Erin Houchin,Republican,R,408,523,0.780115,TOTAL,yes
2024,Indiana,9,US House,Washington,18175,Washington,JACK - EWASH,"Timothy ""Tim"" Peck",Democratic,D,205,1051,0.195052,TOTAL,yes
2024,Indiana,9,US House,Washington,18175,Washington,JACK - EWASH,"Russell ""Russ"" Brooksbank",Libertarian,L,25,1051,0.023787,TOTAL,yes
2024,Indiana,9,US House,Washington,18175,Washington,JACK - EWASH,Erin Houchin,Republican,R,821,1051,0.781161,TOTAL,yes
2024,Indiana,9,US House,Washington,18175,Washington,JEFF - SAL,"Timothy ""Tim"" Peck",Democratic,D,54,370,0.145946,TOTAL,yes
2024,Indiana,9,US House,Washington,18175,Washington,JEFF - SAL,"Russell ""Russ"" Brooksbank",Libertarian,L,17,370,0.045946,TOTAL,yes
2024,Indiana,9,US House,Washington,18175,Washington,JEFF - SAL,Erin Houchin,Republican,R,299,370,0.808108,TOTAL,yes
2024,Indiana,9,US House,Washington,18175,Washington,MADI - WWASH,"Timothy ""Tim"" Peck",Democratic,D,48,275,0.174545,TOTAL,yes
2024,Indiana,9,US House,Washington,18175,Washington,MADI - WWASH,"Russell ""Russ"" Brooksbank",Libertarian,L,13,275,0.047273,TOTAL,yes
2024,Indiana,9,US House,Washington,18175,Washington,MADI - WWASH,Erin Houchin,Republican,R,214,275,0.778182,TOTAL,yes
2024,Indiana,9,US House,Washington,18175,Washington,MONR - SAL,"Timothy ""Tim"" Peck",Democratic,D,65,291,0.223368,TOTAL,yes
2024,Indiana,9,US House,Washington,18175,Washington,MONR - SAL,"Russell ""Russ"" Brooksbank",Libertarian,L,9,291,0.030928,TOTAL,yes
2024,Indiana,9,US House,Washington,18175,Washington,MONR - SAL,Erin Houchin,Republican,R,217,291,0.745704,TOTAL,yes
2024,Indiana,9,US House,Washington,18175,Washington,PIER - EWASH,"Timothy ""Tim"" Peck",Democratic,D,148,863,0.171495,TOTAL,yes
2024,Indiana,9,US House,Washington,18175,Washington,PIER - EWASH,"Russell ""Russ"" Brooksbank",Libertarian,L,32,863,0.03708,TOTAL,yes
2024,Indiana,9,US House,Washington,18175,Washington,PIER - EWASH,Erin Houchin,Republican,R,683,863,0.791425,TOTAL,yes
2024,Indiana,9,US House,Washington,18175,Washington,PIER - NPEK-EWASH,"Timothy ""Tim"" Peck",Democratic,D,55,256,0.214844,TOTAL,yes
2024,Indiana,9,US House,Washington,18175,Washington,PIER - NPEK-EWASH,"Russell ""Russ"" Brooksbank",Libertarian,L,8,256,0.03125,TOTAL,yes
2024,Indiana,9,US House,Washington,18175,Washington,PIER - NPEK-EWASH,Erin Houchin,Republican,R,193,256,0.753906,TOTAL,yes
2024,Indiana,9,US House,Washington,18175,Washington,POLK - EWASH,"Timothy ""Tim"" Peck",Democratic,D,178,982,0.181263,TOTAL,yes
2024,Indiana,9,US House,Washington,18175,Washington,POLK - EWASH,"Russell ""Russ"" Brooksbank",Libertarian,L,37,982,0.037678,TOTAL,yes
2024,Indiana,9,US House,Washington,18175,Washington,POLK - EWASH,Erin Houchin,Republican,R,767,982,0.781059,TOTAL,yes
2024,Indiana,9,US House,Washington,18175,Washington,POLK - NPEK-EWASH,"Timothy ""Tim"" Peck",Democratic,D,40,173,0.231214,TOTAL,yes
2024,Indiana,9,US House,Washington,18175,Washington,POLK - NPEK-EWASH,"Russell ""Russ"" Brooksbank",Libertarian,L,10,173,0.057803,TOTAL,yes
2024,Indiana,9,US House,Washington,18175,Washington,POLK - NPEK-EWASH,Erin Houchin,Republican,R,123,173,0.710983,TOTAL,yes
2024,Indiana,9,US House,Washington,18175,Washington,POSY - WWASH,"Timothy ""Tim"" Peck",Democratic,D,156,811,0.192355,TOTAL,yes
2024,Indiana,9,US House,Washington,18175,Washington,POSY - WWASH,"Russell ""Russ"" Brooksbank",Libertarian,L,34,811,0.041924,TOTAL,yes
2024,Indiana,9,US House,Washington,18175,Washington,POSY - WWASH,Erin Houchin,Republican,R,621,811,0.765721,TOTAL,yes
2024,Indiana,9,US House,Washington,18175,Washington,SAL1 - SAL,"Timothy ""Tim"" Peck",Democratic,D,141,580,0.243103,TOTAL,yes
2024,Indiana,9,US House,Washington,18175,Washington,SAL1 - SAL,"Russell ""Russ"" Brooksbank",Libertarian,L,18,580,0.031034,TOTAL,yes
2024,Indiana,9,US House,Washington,18175,Washington,SAL1 - SAL,Erin Houchin,Republican,R,421,580,0.725862,TOTAL,yes
2024,Indiana,9,US House,Washington,18175,Washington,SAL2 - SAL,"Timothy ""Tim"" Peck",Democratic,D,174,635,0.274016,TOTAL,yes
2024,Indiana,9,US House,Washington,18175,Washington,SAL2 - SAL,"Russell ""Russ"" Brooksbank",Libertarian,L,21,635,0.033071,TOTAL,yes
2024,Indiana,9,US House,Washington,18175,Washington,SAL2 - SAL,Erin Houchin,Republican,R,440,635,0.692913,TOTAL,yes
2024,Indiana,9,US House,Washington,18175,Washington,SAL3 - SAL,"Timothy ""Tim"" Peck",Democratic,D,188,697,0.269727,TOTAL,yes
2024,Indiana,9,US House,Washington,18175,Washington,SAL3 - SAL,"Russell ""Russ"" Brooksbank",Libertarian,L,27,697,0.038737,TOTAL,yes
2024,Indiana,9,US House,Washington,18175,Washington,SAL3 - SAL,Erin Houchin,Republican,R,482,697,0.691535,TOTAL,yes
2024,Indiana,9,US House,Washington,18175,Washington,SAL4 - SAL,"Timothy ""Tim"" Peck",Democratic,D,155,631,0.245642,TOTAL,yes
2024,Indiana,9,US House,Washington,18175,Washington,SAL4 - SAL,"Russell ""Russ"" Brooksbank",Libertarian,L,23,631,0.03645,TOTAL,yes
2024,Indiana,9,US House,Washington,18175,Washington,SAL4 - SAL,Erin Houchin,Republican,R,453,631,0.717908,TOTAL,yes
2024,Indiana,9,US House,Washington,18175,Washington,VERN - WWASH,"Timothy ""Tim"" Peck",Democratic,D,54,362,0.149171,TOTAL,yes
2024,Indiana,9,US House,Washington,18175,Washington,VERN - WWASH,"Russell ""Russ"" Brooksbank",Libertarian,L,11,362,0.030387,TOTAL,yes
2024,Indiana,9,US House,Washington,18175,Washington,VERN - WWASH,Erin Houchin,Republican,R,297,362,0.820442,TOTAL,yes
2024,Indiana,9,US House,Washington,18175,Washington,WAS1 - SAL,"Timothy ""Tim"" Peck",Democratic,D,145,670,0.216418,TOTAL,yes
2024,Indiana,9,US House,Washington,18175,Washington,WAS1 - SAL,"Russell ""Russ"" Brooksbank",Libertarian,L,17,670,0.025373,TOTAL,yes
2024,Indiana,9,US House,Washington,18175,Washington,WAS1 - SAL,Erin Houchin,Republican,R,508,670,0.758209,TOTAL,yes
2024,Indiana,9,US House,Washington,18175,Washington,WAS3 - SAL,"Timothy ""Tim"" Peck",Democratic,D,167,875,0.190857,TOTAL,yes
2024,Indiana,9,US House,Washington,18175,Washington,WAS3 - SAL,"Russell ""Russ"" Brooksbank",Libertarian,L,26,875,0.029714,TOTAL,yes
2024,Indiana,9,US House,Washington,18175,Washington,WAS3 - SAL,Erin Houchin,Republican,R,682,875,0.779429,TOTAL,yes
2024,Indiana,9,US House,Washington,18175,Washington,WAS4 - SAL,"Timothy ""Tim"" Peck",Democratic,D,101,503,0.200795,TOTAL,yes
2024,Indiana,9,US House,Washington,18175,Washington,WAS4 - SAL,"Russell ""Russ"" Brooksbank",Libertarian,L,13,503,0.025845,TOTAL,yes
2024,Indiana,9,US House,Washington,18175,Washington,WAS4 - SAL,Erin Houchin,Republican,R,389,503,0.77336,TOTAL,yes
