year,state,state_po,district,office,county_name,county_fips,jurisdiction,precinct,candidate,party,party_abbr,mode,votes,source_file,drop_reason
2018,Indiana,IN,9,US House,Orange,18117,Orange,01-French Lick East,WRITEIN,,,PROVISIONAL,0,HOUSE_precinct_general.csv,write-in or non-candidate ballot accounting row
2018,Indiana,IN,9,US House,Orange,18117,Orange,02-FLE-West Baden,WRITEIN,,,PROVISIONAL,0,HOUSE_precinct_general.csv,write-in or non-candidate ballot accounting row
2018,Indiana,IN,9,US House,Orange,18117,Orange,06-FLW-West Baden,WRITEIN,,,PROVISIONAL,0,HOUSE_precinct_general.csv,write-in or non-candidate ballot accounting row
2018,Indiana,IN,9,US House,Orange,18117,Orange,07-Greenfield,WRITEIN,,,PROVISIONAL,0,HOUSE_precinct_general.csv,write-in or non-candidate ballot accounting row
2018,Indiana,IN,9,US House,Orange,18117,Orange,10-Northwest Only,WRITEIN,,,PROVISIONAL,0,HOUSE_precinct_general.csv,write-in or non-candidate ballot accounting row
2018,Indiana,IN,9,US House,Orange,18117,Orange,11-Orangeville,WRITEIN,,,PROVISIONAL,0,HOUSE_precinct_general.csv,write-in or non-candidate ballot accounting row
2018,Indiana,IN,9,US House,Orange,18117,Orange,14-Orleans Southwest,WRITEIN,,,PROVISIONAL,0,HOUSE_precinct_general.csv,write-in or non-candidate ballot accounting row
2018,Indiana,IN,9,US House,Orange,18117,Orange,15- Paoli North,WRITEIN,,,PROVISIONAL,0,HOUSE_precinct_general.csv,write-in or non-candidate ballot accounting row
2018,Indiana,IN,9,US House,Orange,18117,Orange,17- Paoli Northwest,WRITEIN,,,PROVISIONAL,0,HOUSE_precinct_general.csv,write-in or non-candidate ballot accounting row
2018,Indiana,IN,9,US House,Orange,18117,Orange,18-Paoli South,WRITEIN,,,PROVISIONAL,0,HOUSE_precinct_general.csv,write-in or non-candidate ballot accounting row
2018,Indiana,IN,9,US House,Orange,18117,Orange,21-Southeast Only,WRITEIN,,,PROVISIONAL,0,HOUSE_precinct_general.csv,write-in or non-candidate ballot accounting row
2018,Indiana,IN,9,US House,Orange,18117,Orange,22-StampersCreek,WRITEIN,,,PROVISIONAL,0,HOUSE_precinct_general.csv,write-in or non-candidate ballot accounting row
2018,Indiana,IN,9,US House,Orange,18117,Orange,03-French Lick North,WRITEIN,,,ELECTION DAY,0,HOUSE_precinct_general.csv,write-in or non-candidate ballot accounting row
2018,Indiana,IN,9,US House,Orange,18117,Orange,04-French Lick South,WRITEIN,,,ELECTION DAY,0,HOUSE_precinct_general.csv,write-in or non-candidate ballot accounting row
2018,Indiana,IN,9,US House,Orange,18117,Orange,06-FLW-West Baden,WRITEIN,,,ELECTION DAY,0,HOUSE_precinct_general.csv,write-in or non-candidate ballot accounting row
2018,Indiana,IN,9,US House,Orange,18117,Orange,07-Greenfield,WRITEIN,,,ELECTION DAY,0,HOUSE_precinct_general.csv,write-in or non-candidate ballot accounting row
2018,Indiana,IN,9,US House,Orange,18117,Orange,10-Northwest Only,WRITEIN,,,ELECTION DAY,0,HOUSE_precinct_general.csv,write-in or non-candidate ballot accounting row
2018,Indiana,IN,9,US House,Orange,18117,Orange,11-Orangeville,WRITEIN,,,ELECTION DAY,0,HOUSE_precinct_general.csv,write-in or non-candidate ballot accounting row
2018,Indiana,IN,9,US House,Orange,18117,Orange,14-Orleans Southwest,WRITEIN,,,ELECTION DAY,0,HOUSE_precinct_general.csv,write-in or non-candidate ballot accounting row
2018,Indiana,IN,9,US House,Orange,18117,Orange,15- Paoli North,WRITEIN,,,ELECTION DAY,1,HOUSE_precinct_general.csv,write-in or non-candidate ballot accounting row
2018,Indiana,IN,9,US House,Orange,18117,Orange,17- Paoli Northwest,WRITEIN,,,ELECTION DAY,0,HOUSE_precinct_general.csv,write-in or non-candidate ballot accounting row
2018,Indiana,IN,9,US House,Orange,18117,Orange,18-Paoli South,WRITEIN,,,ELECTION DAY,0,HOUSE_precinct_general.csv,write-in or non-candidate ballot accounting row
2018,Indiana,IN,9,US House,Orange,18117,Orange,21-Southeast Only,WRITEIN,,,ELECTION DAY,0,HOUSE_precinct_general.csv,write-in or non-candidate ballot accounting row
2018,Indiana,IN,9,US House,Orange,18117,Orange,22-StampersCreek,WRITEIN,,,ELECTION DAY,0,HOUSE_precinct_general.csv,write-in or non-candidate ballot accounting row
2018,Indiana,IN,9,US House,Orange,18117,Orange,03-French Lick North,WRITEIN,,,ABSENTEE,0,HOUSE_precinct_general.csv,write-in or non-candidate ballot accounting row
2018,Indiana,IN,9,US House,Orange,18117,Orange,04-French Lick South,WRITEIN,,,ABSENTEE,0,HOUSE_precinct_general.csv,write-in or non-candidate ballot accounting row
2018,Indiana,IN,9,US House,Orange,18117,Orange,06-FLW-West Baden,WRITEIN,,,ABSENTEE,0,HOUSE_precinct_general.csv,write-in or non-candidate ballot accounting row
2018,Indiana,IN,9,US House,Orange,18117,Orange,07-Greenfield,WRITEIN,,,ABSENTEE,0,HOUSE_precinct_general.csv,write-in or non-candidate ballot accounting row
2018,Indiana,IN,9,US House,Orange,18117,Orange,10-Northwest Only,WRITEIN,,,ABSENTEE,0,HOUSE_precinct_general.csv,write-in or non-candidate ballot accounting row
2018,Indiana,IN,9,US House,Orange,18117,Orange,11-Orangeville,WRITEIN,,,ABSENTEE,0,HOUSE_precinct_general.csv,write-in or non-candidate ballot accounting row
2018,Indiana,IN,9,US House,Orange,18117,Orange,14-Orleans Southwest,WRITEIN,,,ABSENTEE,0,HOUSE_precinct_general.csv,write-in or non-candidate ballot accounting row
2018,Indiana,IN,9,US House,Orange,18117,Orange,15- Paoli North,WRITEIN,,,ABSENTEE,0,HOUSE_precinct_general.csv,write-in or non-candidate ballot accounting row
2018,Indiana,IN,9,US House,Orange,18117,Orange,18-Paoli South,WRITEIN,,,ABSENTEE,0,HOUSE_precinct_general.csv,write-in or non-candidate ballot accounting row
2018,Indiana,IN,9,US House,Orange,18117,Orange,19-Paoli Southeast,WRITEIN,,,ABSENTEE,0,HOUSE_precinct_general.csv,write-in or non-candidate ballot accounting row
2018,Indiana,IN,9,US House,Orange,18117,Orange,22-StampersCreek,WRITEIN,,,ABSENTEE,0,HOUSE_precinct_general.csv,write-in or non-candidate ballot accounting row
2018,Indiana,IN,9,US House,Orange,18117,Orange,03-French Lick North,WRITEIN,,,PROVISIONAL,0,HOUSE_precinct_general.csv,write-in or non-candidate ballot accounting row
2018,Indiana,IN,9,US House,Orange,18117,Orange,04-French Lick South,WRITEIN,,,PROVISIONAL,0,HOUSE_precinct_general.csv,write-in or non-candidate ballot accounting row
2018,Indiana,IN,9,US House,Orange,18117,Orange,05-French Lick West,WRITEIN,,,PROVISIONAL,0,HOUSE_precinct_general.csv,write-in or non-candidate ballot accounting row
2018,Indiana,IN,9,US House,Orange,18117,Orange,08-Jackson,WRITEIN,,,PROVISIONAL,0,HOUSE_precinct_general.csv,write-in or non-candidate ballot accounting row
2018,Indiana,IN,9,US House,Orange,18117,Orange,09-Northeast Only,WRITEIN,,,PROVISIONAL,0,HOUSE_precinct_general.csv,write-in or non-candidate ballot accounting row
2018,Indiana,IN,9,US House,Orange,18117,Orange,12-Orleans East,WRITEIN,,,PROVISIONAL,0,HOUSE_precinct_general.csv,write-in or non-candidate ballot accounting row
2018,Indiana,IN,9,US House,Orange,18117,Orange,13-Orleans Northwest,WRITEIN,,,PROVISIONAL,0,HOUSE_precinct_general.csv,write-in or non-candidate ballot accounting row
2018,Indiana,IN,9,US House,Orange,18117,Orange,16- Paoli Northeast,WRITEIN,,,PROVISIONAL,0,HOUSE_precinct_general.csv,write-in or non-candidate ballot accounting row
2018,Indiana,IN,9,US House,Orange,18117,Orange,19-Paoli Southeast,WRITEIN,,,PROVISIONAL,0,HOUSE_precinct_general.csv,write-in or non-candidate ballot accounting row
2018,Indiana,IN,9,US House,Orange,18117,Orange,20-Paoli Southwest,WRITEIN,,,PROVISIONAL,0,HOUSE_precinct_general.csv,write-in or non-candidate ballot accounting row
2018,Indiana,IN,9,US House,Orange,18117,Orange,01-French Lick East,WRITEIN,,,ELECTION DAY,0,HOUSE_precinct_general.csv,write-in or non-candidate ballot accounting row
2018,Indiana,IN,9,US House,Orange,18117,Orange,02-FLE-West Baden,WRITEIN,,,ELECTION DAY,0,HOUSE_precinct_general.csv,write-in or non-candidate ballot accounting row
2018,Indiana,IN,9,US House,Orange,18117,Orange,05-French Lick West,WRITEIN,,,ELECTION DAY,0,HOUSE_precinct_general.csv,write-in or non-candidate ballot accounting row
2018,Indiana,IN,9,US House,Orange,18117,Orange,08-Jackson,WRITEIN,,,ELECTION DAY,1,HOUSE_precinct_general.csv,write-in or non-candidate ballot accounting row
2018,Indiana,IN,9,US House,Orange,18117,Orange,09-Northeast Only,WRITEIN,,,ELECTION DAY,0,HOUSE_precinct_general.csv,write-in or non-candidate ballot accounting row
2018,Indiana,IN,9,US House,Orange,18117,Orange,12-Orleans East,WRITEIN,,,ELECTION DAY,0,HOUSE_precinct_general.csv,write-in or non-candidate ballot accounting row
2018,Indiana,IN,9,US House,Orange,18117,Orange,13-Orleans Northwest,WRITEIN,,,ELECTION DAY,0,HOUSE_precinct_general.csv,write-in or non-candidate ballot accounting row
2018,Indiana,IN,9,US House,Orange,18117,Orange,16- Paoli Northeast,WRITEIN,,,ELECTION DAY,0,HOUSE_precinct_general.csv,write-in or non-candidate ballot accounting row
2018,Indiana,IN,9,US House,Orange,18117,Orange,19-Paoli Southeast,WRITEIN,,,ELECTION DAY,0,HOUSE_precinct_general.csv,write-in or non-candidate ballot accounting row
2018,Indiana,IN,9,US House,Orange,18117,Orange,20-Paoli Southwest,WRITEIN,,,ELECTION DAY,0,HOUSE_precinct_general.csv,write-in or non-candidate ballot accounting row
2018,Indiana,IN,9,US House,Orange,18117,Orange,01-French Lick East,WRITEIN,,,ABSENTEE,0,HOUSE_precinct_general.csv,write-in or non-candidate ballot accounting row
2018,Indiana,IN,9,US House,Orange,18117,Orange,02-FLE-West Baden,WRITEIN,,,ABSENTEE,0,HOUSE_precinct_general.csv,write-in or non-candidate ballot accounting row
2018,Indiana,IN,9,US House,Orange,18117,Orange,05-French Lick West,WRITEIN,,,ABSENTEE,0,HOUSE_precinct_general.csv,write-in or non-candidate ballot accounting row
2018,Indiana,IN,9,US House,Orange,18117,Orange,08-Jackson,WRITEIN,,,ABSENTEE,0,HOUSE_precinct_general.csv,write-in or non-candidate ballot accounting row
2018,Indiana,IN,9,US House,Orange,18117,Orange,09-Northeast Only,WRITEIN,,,ABSENTEE,0,HOUSE_precinct_general.csv,write-in or non-candidate ballot accounting row
2018,Indiana,IN,9,US House,Orange,18117,Orange,12-Orleans East,WRITEIN,,,ABSENTEE,0,HOUSE_precinct_general.csv,write-in or non-candidate ballot accounting row
2018,Indiana,IN,9,US House,Orange,18117,Orange,13-Orleans Northwest,WRITEIN,,,ABSENTEE,0,HOUSE_precinct_general.csv,write-in or non-candidate ballot accounting row
2018,Indiana,IN,9,US House,Orange,18117,Orange,16- Paoli Northeast,WRITEIN,,,ABSENTEE,0,HOUSE_precinct_general.csv,write-in or non-candidate ballot accounting row
2018,Indiana,IN,9,US House,Orange,18117,Orange,17- Paoli Northwest,WRITEIN,,,ABSENTEE,0,HOUSE_precinct_general.csv,write-in or non-candidate ballot accounting row
2018,Indiana,IN,9,US House,Orange,18117,Orange,20-Paoli Southwest,WRITEIN,,,ABSENTEE,0,HOUSE_precinct_general.csv,write-in or non-candidate ballot accounting row
2018,Indiana,IN,9,US House,Orange,18117,Orange,21-Southeast Only,WRITEIN,,,ABSENTEE,0,HOUSE_precinct_general.csv,write-in or non-candidate ballot accounting row
2018,Indiana,IN,9,US House,Scott,18143,Scott,Finley 1,WRITEIN,,,PROVISIONAL,0,HOUSE_precinct_general.csv,write-in or non-candidate ballot accounting row
2018,Indiana,IN,9,US House,Scott,18143,Scott,Lexington 3,WRITEIN,,,PROVISIONAL,0,HOUSE_precinct_general.csv,write-in or non-candidate ballot accounting row
2018,Indiana,IN,9,US House,Scott,18143,Scott,Vienna 1,WRITEIN,,,PROVISIONAL,0,HOUSE_precinct_general.csv,write-in or non-candidate ballot accounting row
2018,Indiana,IN,9,US House,Scott,18143,Scott,Vienna 2,WRITEIN,,,PROVISIONAL,0,HOUSE_precinct_general.csv,write-in or non-candidate ballot accounting row
2018,Indiana,IN,9,US House,Scott,18143,Scott,Vienna 3,WRITEIN,,,PROVISIONAL,0,HOUSE_precinct_general.csv,write-in or non-candidate ballot accounting row
2018,Indiana,IN,9,US House,Scott,18143,Scott,Vienna 4,WRITEIN,,,PROVISIONAL,0,HOUSE_precinct_general.csv,write-in or non-candidate ballot accounting row
2018,Indiana,IN,9,US House,Scott,18143,Scott,Vienna 5,WRITEIN,,,PROVISIONAL,0,HOUSE_precinct_general.csv,write-in or non-candidate ballot accounting row
2018,Indiana,IN,9,US House,Scott,18143,Scott,Vienna 6,WRITEIN,,,PROVISIONAL,0,HOUSE_precinct_general.csv,write-in or non-candidate ballot accounting row
2018,Indiana,IN,9,US House,Scott,18143,Scott,Finley 1,WRITEIN,,,ELECTION DAY,0,HOUSE_precinct_general.csv,write-in or non-candidate ballot accounting row
2018,Indiana,IN,9,US House,Scott,18143,Scott,Lexington 3,WRITEIN,,,ELECTION DAY,0,HOUSE_precinct_general.csv,write-in or non-candidate ballot accounting row
2018,Indiana,IN,9,US House,Scott,18143,Scott,Vienna 1,WRITEIN,,,ELECTION DAY,0,HOUSE_precinct_general.csv,write-in or non-candidate ballot accounting row
2018,Indiana,IN,9,US House,Scott,18143,Scott,Vienna 2,WRITEIN,,,ELECTION DAY,0,HOUSE_precinct_general.csv,write-in or non-candidate ballot accounting row
2018,Indiana,IN,9,US House,Scott,18143,Scott,Vienna 3,WRITEIN,,,ELECTION DAY,0,HOUSE_precinct_general.csv,write-in or non-candidate ballot accounting row
2018,Indiana,IN,9,US House,Scott,18143,Scott,Vienna 4,WRITEIN,,,ELECTION DAY,0,HOUSE_precinct_general.csv,write-in or non-candidate ballot accounting row
2018,Indiana,IN,9,US House,Scott,18143,Scott,Vienna 5,WRITEIN,,,ELECTION DAY,0,HOUSE_precinct_general.csv,write-in or non-candidate ballot accounting row
2018,Indiana,IN,9,US House,Scott,18143,Scott,Vienna 6,WRITEIN,,,ELECTION DAY,1,HOUSE_precinct_general.csv,write-in or non-candidate ballot accounting row
2018,Indiana,IN,9,US House,Scott,18143,Scott,Finley 1,WRITEIN,,,ABSENTEE,0,HOUSE_precinct_general.csv,write-in or non-candidate ballot accounting row
2018,Indiana,IN,9,US House,Scott,18143,Scott,Lexington 3,WRITEIN,,,ABSENTEE,0,HOUSE_precinct_general.csv,write-in or non-candidate ballot accounting row
2018,Indiana,IN,9,US House,Scott,18143,Scott,Vienna 1,WRITEIN,,,ABSENTEE,0,HOUSE_precinct_general.csv,write-in or non-candidate ballot accounting row
2018,Indiana,IN,9,US House,Scott,18143,Scott,Vienna 2,WRITEIN,,,ABSENTEE,0,HOUSE_precinct_general.csv,write-in or non-candidate ballot accounting row
2018,Indiana,IN,9,US House,Scott,18143,Scott,Vienna 3,WRITEIN,,,ABSENTEE,0,HOUSE_precinct_general.csv,write-in or non-candidate ballot accounting row
2018,Indiana,IN,9,US House,Scott,18143,Scott,Vienna 4,WRITEIN,,,ABSENTEE,0,HOUSE_precinct_general.csv,write-in or non-candidate ballot accounting row
2018,Indiana,IN,9,US House,Scott,18143,Scott,Vienna 5,WRITEIN,,,ABSENTEE,0,HOUSE_precinct_general.csv,write-in or non-candidate ballot accounting row
2018,Indiana,IN,9,US House,Scott,18143,Scott,Vienna 6,WRITEIN,,,ABSENTEE,0,HOUSE_precinct_general.csv,write-in or non-candidate ballot accounting row
2018,Indiana,IN,9,US House,Harrison,18061,Harrison,FEDERAL,CAST VOTES,,,ELECTION DAY,0,HOUSE_precinct_general.csv,write-in or non-candidate ballot accounting row
2018,Indiana,IN,9,US House,Harrison,18061,Harrison,1,CAST VOTES,,,ELECTION DAY,304,HOUSE_precinct_general.csv,write-in or non-candidate ballot accounting row
2018,Indiana,IN,9,US House,Harrison,18061,Harrison,2,CAST VOTES,,,ELECTION DAY,347,HOUSE_precinct_general.csv,write-in or non-candidate ballot accounting row
2018,Indiana,IN,9,US House,Harrison,18061,Harrison,3,CAST VOTES,,,ELECTION DAY,212,HOUSE_precinct_general.csv,write-in or non-candidate ballot accounting row
2018,Indiana,IN,9,US House,Harrison,18061,Harrison,4,CAST VOTES,,,ELECTION DAY,256,HOUSE_precinct_general.csv,write-in or non-candidate ballot accounting row
2018,Indiana,IN,9,US House,Harrison,18061,Harrison,5,CAST VOTES,,,ELECTION DAY,375,HOUSE_precinct_general.csv,write-in or non-candidate ballot accounting row
2018,Indiana,IN,9,US House,Harrison,18061,Harrison,6,CAST VOTES,,,ELECTION DAY,316,HOUSE_precinct_general.csv,write-in or non-candidate ballot accounting row
2018,Indiana,IN,9,US House,Harrison,18061,Harrison,7,CAST VOTES,,,ELECTION DAY,431,HOUSE_precinct_general.csv,write-in or non-candidate ballot accounting row
2018,Indiana,IN,9,US House,Harrison,18061,Harrison,37,CAST VOTES,,,ELECTION DAY,426,HOUSE_precinct_general.csv,write-in or non-candidate ballot accounting row
2018,Indiana,IN,9,US House,Harrison,18061,Harrison,8,CAST VOTES,,,ELECTION DAY,308,HOUSE_precinct_general.csv,write-in or non-candidate ballot accounting row
2018,Indiana,IN,9,US House,Harrison,18061,Harrison,9,CAST VOTES,,,ELECTION DAY,275,HOUSE_precinct_general.csv,write-in or non-candidate ballot accounting row
2018,Indiana,IN,9,US House,Harrison,18061,Harrison,10,CAST VOTES,,,ELECTION DAY,372,HOUSE_precinct_general.csv,write-in or non-candidate ballot accounting row
2018,Indiana,IN,9,US House,Harrison,18061,Harrison,36,CAST VOTES,,,ELECTION DAY,336,HOUSE_precinct_general.csv,write-in or non-candidate ballot accounting row
2018,Indiana,IN,9,US House,Harrison,18061,Harrison,38,CAST VOTES,,,ELECTION DAY,326,HOUSE_precinct_general.csv,write-in or non-candidate ballot accounting row
2018,Indiana,IN,9,US House,Harrison,18061,Harrison,11,CAST VOTES,,,ELECTION DAY,170,HOUSE_precinct_general.csv,write-in or non-candidate ballot accounting row
2018,Indiana,IN,9,US House,Harrison,18061,Harrison,35,CAST VOTES,,,ELECTION DAY,252,HOUSE_precinct_general.csv,write-in or non-candidate ballot accounting row
2018,Indiana,IN,9,US House,Harrison,18061,Harrison,39,CAST VOTES,,,ELECTION DAY,189,HOUSE_precinct_general.csv,write-in or non-candidate ballot accounting row
2018,Indiana,IN,9,US House,Harrison,18061,Harrison,12,CAST VOTES,,,ELECTION DAY,361,HOUSE_precinct_general.csv,write-in or non-candidate ballot accounting row
2018,Indiana,IN,9,US House,Harrison,18061,Harrison,13,CAST VOTES,,,ELECTION DAY,363,HOUSE_precinct_general.csv,write-in or non-candidate ballot accounting row
2018,Indiana,IN,9,US House,Harrison,18061,Harrison,14,CAST VOTES,,,ELECTION DAY,305,HOUSE_precinct_general.csv,write-in or non-candidate ballot accounting row
2018,Indiana,IN,9,US House,Harrison,18061,Harrison,15,CAST VOTES,,,ELECTION DAY,190,HOUSE_precinct_general.csv,write-in or non-candidate ballot accounting row
2018,Indiana,IN,9,US House,Harrison,18061,Harrison,16,CAST VOTES,,,ELECTION DAY,154,HOUSE_precinct_general.csv,write-in or non-candidate ballot accounting row
2018,Indiana,IN,9,US House,Harrison,18061,Harrison,17,CAST VOTES,,,ELECTION DAY,369,HOUSE_precinct_general.csv,write-in or non-candidate ballot accounting row
2018,Indiana,IN,9,US House,Harrison,18061,Harrison,18,CAST VOTES,,,ELECTION DAY,299,HOUSE_precinct_general.csv,write-in or non-candidate ballot accounting row
2018,Indiana,IN,9,US House,Harrison,18061,Harrison,19,CAST VOTES,,,ELECTION DAY,416,HOUSE_precinct_general.csv,write-in or non-candidate ballot accounting row
2018,Indiana,IN,9,US House,Harrison,18061,Harrison,20,CAST VOTES,,,ELECTION DAY,440,HOUSE_precinct_general.csv,write-in or non-candidate ballot accounting row
2018,Indiana,IN,9,US House,Harrison,18061,Harrison,32,CAST VOTES,,,ELECTION DAY,300,HOUSE_precinct_general.csv,write-in or non-candidate ballot accounting row
2018,Indiana,IN,9,US House,Harrison,18061,Harrison,21,CAST VOTES,,,ELECTION DAY,349,HOUSE_precinct_general.csv,write-in or non-candidate ballot accounting row
2018,Indiana,IN,9,US House,Harrison,18061,Harrison,22,CAST VOTES,,,ELECTION DAY,286,HOUSE_precinct_general.csv,write-in or non-candidate ballot accounting row
2018,Indiana,IN,9,US House,Harrison,18061,Harrison,23,CAST VOTES,,,ELECTION DAY,400,HOUSE_precinct_general.csv,write-in or non-candidate ballot accounting row
2018,Indiana,IN,9,US House,Harrison,18061,Harrison,30,CAST VOTES,,,ELECTION DAY,121,HOUSE_precinct_general.csv,write-in or non-candidate ballot accounting row
2018,Indiana,IN,9,US House,Harrison,18061,Harrison,24,CAST VOTES,,,ELECTION DAY,385,HOUSE_precinct_general.csv,write-in or non-candidate ballot accounting row
2018,Indiana,IN,9,US House,Harrison,18061,Harrison,25,CAST VOTES,,,ELECTION DAY,280,HOUSE_precinct_general.csv,write-in or non-candidate ballot accounting row
2018,Indiana,IN,9,US House,Harrison,18061,Harrison,26,CAST VOTES,,,ELECTION DAY,403,HOUSE_precinct_general.csv,write-in or non-candidate ballot accounting row
2018,Indiana,IN,9,US House,Harrison,18061,Harrison,27,CAST VOTES,,,ELECTION DAY,318,HOUSE_precinct_general.csv,write-in or non-candidate ballot accounting row
2018,Indiana,IN,9,US House,Harrison,18061,Harrison,28,CAST VOTES,,,ELECTION DAY,340,HOUSE_precinct_general.csv,write-in or non-candidate ballot accounting row
2018,Indiana,IN,9,US House,Harrison,18061,Harrison,29,CAST VOTES,,,ELECTION DAY,248,HOUSE_precinct_general.csv,write-in or non-candidate ballot accounting row
2018,Indiana,IN,9,US House,Harrison,18061,Harrison,31,CAST VOTES,,,ELECTION DAY,146,HOUSE_precinct_general.csv,write-in or non-candidate ballot accounting row
2018,Indiana,IN,9,US House,Harrison,18061,Harrison,33,CAST VOTES,,,ELECTION DAY,315,HOUSE_precinct_general.csv,write-in or non-candidate ballot accounting row
2018,Indiana,IN,9,US House,Harrison,18061,Harrison,34,CAST VOTES,,,ELECTION DAY,271,HOUSE_precinct_general.csv,write-in or non-candidate ballot accounting row
2018,Indiana,IN,9,US House,Harrison,18061,Harrison,FEDERAL,OVERVOTES,,,ELECTION DAY,0,HOUSE_precinct_general.csv,write-in or non-candidate ballot accounting row
2018,Indiana,IN,9,US House,Harrison,18061,Harrison,1,OVERVOTES,,,ELECTION DAY,0,HOUSE_precinct_general.csv,write-in or non-candidate ballot accounting row
2018,Indiana,IN,9,US House,Harrison,18061,Harrison,2,OVERVOTES,,,ELECTION DAY,0,HOUSE_precinct_general.csv,write-in or non-candidate ballot accounting row
2018,Indiana,IN,9,US House,Harrison,18061,Harrison,3,OVERVOTES,,,ELECTION DAY,0,HOUSE_precinct_general.csv,write-in or non-candidate ballot accounting row
2018,Indiana,IN,9,US House,Harrison,18061,Harrison,4,OVERVOTES,,,ELECTION DAY,0,HOUSE_precinct_general.csv,write-in or non-candidate ballot accounting row
2018,Indiana,IN,9,US House,Harrison,18061,Harrison,5,OVERVOTES,,,ELECTION DAY,0,HOUSE_precinct_general.csv,write-in or non-candidate ballot accounting row
2018,Indiana,IN,9,US House,Harrison,18061,Harrison,6,OVERVOTES,,,ELECTION DAY,0,HOUSE_precinct_general.csv,write-in or non-candidate ballot accounting row
2018,Indiana,IN,9,US House,Harrison,18061,Harrison,7,OVERVOTES,,,ELECTION DAY,0,HOUSE_precinct_general.csv,write-in or non-candidate ballot accounting row
2018,Indiana,IN,9,US House,Harrison,18061,Harrison,37,OVERVOTES,,,ELECTION DAY,0,HOUSE_precinct_general.csv,write-in or non-candidate ballot accounting row
2018,Indiana,IN,9,US House,Harrison,18061,Harrison,8,OVERVOTES,,,ELECTION DAY,0,HOUSE_precinct_general.csv,write-in or non-candidate ballot accounting row
2018,Indiana,IN,9,US House,Harrison,18061,Harrison,9,OVERVOTES,,,ELECTION DAY,0,HOUSE_precinct_general.csv,write-in or non-candidate ballot accounting row
2018,Indiana,IN,9,US House,Harrison,18061,Harrison,10,OVERVOTES,,,ELECTION DAY,0,HOUSE_precinct_general.csv,write-in or non-candidate ballot accounting row
2018,Indiana,IN,9,US House,Harrison,18061,Harrison,36,OVERVOTES,,,ELECTION DAY,0,HOUSE_precinct_general.csv,write-in or non-candidate ballot accounting row
2018,Indiana,IN,9,US House,Harrison,18061,Harrison,38,OVERVOTES,,,ELECTION DAY,0,HOUSE_precinct_general.csv,write-in or non-candidate ballot accounting row
2018,Indiana,IN,9,US House,Harrison,18061,Harrison,11,OVERVOTES,,,ELECTION DAY,0,HOUSE_precinct_general.csv,write-in or non-candidate ballot accounting row
2018,Indiana,IN,9,US House,Harrison,18061,Harrison,35,OVERVOTES,,,ELECTION DAY,0,HOUSE_precinct_general.csv,write-in or non-candidate ballot accounting row
2018,Indiana,IN,9,US House,Harrison,18061,Harrison,39,OVERVOTES,,,ELECTION DAY,0,HOUSE_precinct_general.csv,write-in or non-candidate ballot accounting row
2018,Indiana,IN,9,US House,Harrison,18061,Harrison,12,OVERVOTES,,,ELECTION DAY,0,HOUSE_precinct_general.csv,write-in or non-candidate ballot accounting row
2018,Indiana,IN,9,US House,Harrison,18061,Harrison,13,OVERVOTES,,,ELECTION DAY,0,HOUSE_precinct_general.csv,write-in or non-candidate ballot accounting row
2018,Indiana,IN,9,US House,Harrison,18061,Harrison,14,OVERVOTES,,,ELECTION DAY,0,HOUSE_precinct_general.csv,write-in or non-candidate ballot accounting row
2018,Indiana,IN,9,US House,Harrison,18061,Harrison,15,OVERVOTES,,,ELECTION DAY,0,HOUSE_precinct_general.csv,write-in or non-candidate ballot accounting row
2018,Indiana,IN,9,US House,Harrison,18061,Harrison,16,OVERVOTES,,,ELECTION DAY,0,HOUSE_precinct_general.csv,write-in or non-candidate ballot accounting row
2018,Indiana,IN,9,US House,Harrison,18061,Harrison,17,OVERVOTES,,,ELECTION DAY,0,HOUSE_precinct_general.csv,write-in or non-candidate ballot accounting row
2018,Indiana,IN,9,US House,Harrison,18061,Harrison,18,OVERVOTES,,,ELECTION DAY,0,HOUSE_precinct_general.csv,write-in or non-candidate ballot accounting row
2018,Indiana,IN,9,US House,Harrison,18061,Harrison,19,OVERVOTES,,,ELECTION DAY,0,HOUSE_precinct_general.csv,write-in or non-candidate ballot accounting row
2018,Indiana,IN,9,US House,Harrison,18061,Harrison,20,OVERVOTES,,,ELECTION DAY,0,HOUSE_precinct_general.csv,write-in or non-candidate ballot accounting row
2018,Indiana,IN,9,US House,Harrison,18061,Harrison,32,OVERVOTES,,,ELECTION DAY,1,HOUSE_precinct_general.csv,write-in or non-candidate ballot accounting row
2018,Indiana,IN,9,US House,Harrison,18061,Harrison,21,OVERVOTES,,,ELECTION DAY,0,HOUSE_precinct_general.csv,write-in or non-candidate ballot accounting row
2018,Indiana,IN,9,US House,Harrison,18061,Harrison,22,OVERVOTES,,,ELECTION DAY,0,HOUSE_precinct_general.csv,write-in or non-candidate ballot accounting row
2018,Indiana,IN,9,US House,Harrison,18061,Harrison,23,OVERVOTES,,,ELECTION DAY,0,HOUSE_precinct_general.csv,write-in or non-candidate ballot accounting row
2018,Indiana,IN,9,US House,Harrison,18061,Harrison,30,OVERVOTES,,,ELECTION DAY,0,HOUSE_precinct_general.csv,write-in or non-candidate ballot accounting row
2018,Indiana,IN,9,US House,Harrison,18061,Harrison,24,OVERVOTES,,,ELECTION DAY,0,HOUSE_precinct_general.csv,write-in or non-candidate ballot accounting row
2018,Indiana,IN,9,US House,Harrison,18061,Harrison,25,OVERVOTES,,,ELECTION DAY,0,HOUSE_precinct_general.csv,write-in or non-candidate ballot accounting row
2018,Indiana,IN,9,US House,Harrison,18061,Harrison,26,OVERVOTES,,,ELECTION DAY,0,HOUSE_precinct_general.csv,write-in or non-candidate ballot accounting row
2018,Indiana,IN,9,US House,Harrison,18061,Harrison,27,OVERVOTES,,,ELECTION DAY,0,HOUSE_precinct_general.csv,write-in or non-candidate ballot accounting row
2018,Indiana,IN,9,US House,Harrison,18061,Harrison,28,OVERVOTES,,,ELECTION DAY,0,HOUSE_precinct_general.csv,write-in or non-candidate ballot accounting row
2018,Indiana,IN,9,US House,Harrison,18061,Harrison,29,OVERVOTES,,,ELECTION DAY,0,HOUSE_precinct_general.csv,write-in or non-candidate ballot accounting row
2018,Indiana,IN,9,US House,Harrison,18061,Harrison,31,OVERVOTES,,,ELECTION DAY,0,HOUSE_precinct_general.csv,write-in or non-candidate ballot accounting row
2018,Indiana,IN,9,US House,Harrison,18061,Harrison,33,OVERVOTES,,,ELECTION DAY,0,HOUSE_precinct_general.csv,write-in or non-candidate ballot accounting row
2018,Indiana,IN,9,US House,Harrison,18061,Harrison,34,OVERVOTES,,,ELECTION DAY,0,HOUSE_precinct_general.csv,write-in or non-candidate ballot accounting row
2018,Indiana,IN,9,US House,Harrison,18061,Harrison,FEDERAL,UNDERVOTES,,,ELECTION DAY,0,HOUSE_precinct_general.csv,write-in or non-candidate ballot accounting row
2018,Indiana,IN,9,US House,Harrison,18061,Harrison,1,UNDERVOTES,,,ELECTION DAY,5,HOUSE_precinct_general.csv,write-in or non-candidate ballot accounting row
2018,Indiana,IN,9,US House,Harrison,18061,Harrison,2,UNDERVOTES,,,ELECTION DAY,10,HOUSE_precinct_general.csv,write-in or non-candidate ballot accounting row
2018,Indiana,IN,9,US House,Harrison,18061,Harrison,3,UNDERVOTES,,,ELECTION DAY,3,HOUSE_precinct_general.csv,write-in or non-candidate ballot accounting row
2018,Indiana,IN,9,US House,Harrison,18061,Harrison,4,UNDERVOTES,,,ELECTION DAY,5,HOUSE_precinct_general.csv,write-in or non-candidate ballot accounting row
2018,Indiana,IN,9,US House,Harrison,18061,Harrison,5,UNDERVOTES,,,ELECTION DAY,9,HOUSE_precinct_general.csv,write-in or non-candidate ballot accounting row
2018,Indiana,IN,9,US House,Harrison,18061,Harrison,6,UNDERVOTES,,,ELECTION DAY,3,HOUSE_precinct_general.csv,write-in or non-candidate ballot accounting row
2018,Indiana,IN,9,US House,Harrison,18061,Harrison,7,UNDERVOTES,,,ELECTION DAY,10,HOUSE_precinct_general.csv,write-in or non-candidate ballot accounting row
2018,Indiana,IN,9,US House,Harrison,18061,Harrison,37,UNDERVOTES,,,ELECTION DAY,5,HOUSE_precinct_general.csv,write-in or non-candidate ballot accounting row
2018,Indiana,IN,9,US House,Harrison,18061,Harrison,8,UNDERVOTES,,,ELECTION DAY,6,HOUSE_precinct_general.csv,write-in or non-candidate ballot accounting row
2018,Indiana,IN,9,US House,Harrison,18061,Harrison,9,UNDERVOTES,,,ELECTION DAY,4,HOUSE_precinct_general.csv,write-in or non-candidate ballot accounting row
2018,Indiana,IN,9,US House,Harrison,18061,Harrison,10,UNDERVOTES,,,ELECTION DAY,6,HOUSE_precinct_general.csv,write-in or non-candidate ballot accounting row
2018,Indiana,IN,9,US House,Harrison,18061,Harrison,36,UNDERVOTES,,,ELECTION DAY,11,HOUSE_precinct_general.csv,write-in or non-candidate ballot accounting row
2018,Indiana,IN,9,US House,Harrison,18061,Harrison,38,UNDERVOTES,,,ELECTION DAY,5,HOUSE_precinct_general.csv,write-in or non-candidate ballot accounting row
2018,Indiana,IN,9,US House,Harrison,18061,Harrison,11,UNDERVOTES,,,ELECTION DAY,6,HOUSE_precinct_general.csv,write-in or non-candidate ballot accounting row
2018,Indiana,IN,9,US House,Harrison,18061,Harrison,35,UNDERVOTES,,,ELECTION DAY,8,HOUSE_precinct_general.csv,write-in or non-candidate ballot accounting row
2018,Indiana,IN,9,US House,Harrison,18061,Harrison,39,UNDERVOTES,,,ELECTION DAY,4,HOUSE_precinct_general.csv,write-in or non-candidate ballot accounting row
2018,Indiana,IN,9,US House,Harrison,18061,Harrison,12,UNDERVOTES,,,ELECTION DAY,5,HOUSE_precinct_general.csv,write-in or non-candidate ballot accounting row
2018,Indiana,IN,9,US House,Harrison,18061,Harrison,13,UNDERVOTES,,,ELECTION DAY,5,HOUSE_precinct_general.csv,write-in or non-candidate ballot accounting row
2018,Indiana,IN,9,US House,Harrison,18061,Harrison,14,UNDERVOTES,,,ELECTION DAY,4,HOUSE_precinct_general.csv,write-in or non-candidate ballot accounting row
2018,Indiana,IN,9,US House,Harrison,18061,Harrison,15,UNDERVOTES,,,ELECTION DAY,4,HOUSE_precinct_general.csv,write-in or non-candidate ballot accounting row
2018,Indiana,IN,9,US House,Harrison,18061,Harrison,16,UNDERVOTES,,,ELECTION DAY,2,HOUSE_precinct_general.csv,write-in or non-candidate ballot accounting row
2018,Indiana,IN,9,US House,Harrison,18061,Harrison,17,UNDERVOTES,,,ELECTION DAY,5,HOUSE_precinct_general.csv,write-in or non-candidate ballot accounting row
2018,Indiana,IN,9,US House,Harrison,18061,Harrison,18,UNDERVOTES,,,ELECTION DAY,6,HOUSE_precinct_general.csv,write-in or non-candidate ballot accounting row
2018,Indiana,IN,9,US House,Harrison,18061,Harrison,19,UNDERVOTES,,,ELECTION DAY,3,HOUSE_precinct_general.csv,write-in or non-candidate ballot accounting row
2018,Indiana,IN,9,US House,Harrison,18061,Harrison,20,UNDERVOTES,,,ELECTION DAY,7,HOUSE_precinct_general.csv,write-in or non-candidate ballot accounting row
2018,Indiana,IN,9,US House,Harrison,18061,Harrison,32,UNDERVOTES,,,ELECTION DAY,2,HOUSE_precinct_general.csv,write-in or non-candidate ballot accounting row
2018,Indiana,IN,9,US House,Harrison,18061,Harrison,21,UNDERVOTES,,,ELECTION DAY,6,HOUSE_precinct_general.csv,write-in or non-candidate ballot accounting row
2018,Indiana,IN,9,US House,Harrison,18061,Harrison,22,UNDERVOTES,,,ELECTION DAY,6,HOUSE_precinct_general.csv,write-in or non-candidate ballot accounting row
2018,Indiana,IN,9,US House,Harrison,18061,Harrison,23,UNDERVOTES,,,ELECTION DAY,6,HOUSE_precinct_general.csv,write-in or non-candidate ballot accounting row
2018,Indiana,IN,9,US House,Harrison,18061,Harrison,30,UNDERVOTES,,,ELECTION DAY,1,HOUSE_precinct_general.csv,write-in or non-candidate ballot accounting row
2018,Indiana,IN,9,US House,Harrison,18061,Harrison,24,UNDERVOTES,,,ELECTION DAY,60,HOUSE_precinct_general.csv,write-in or non-candidate ballot accounting row
2018,Indiana,IN,9,US House,Harrison,18061,Harrison,25,UNDERVOTES,,,ELECTION DAY,8,HOUSE_precinct_general.csv,write-in or non-candidate ballot accounting row
2018,Indiana,IN,9,US House,Harrison,18061,Harrison,26,UNDERVOTES,,,ELECTION DAY,4,HOUSE_precinct_general.csv,write-in or non-candidate ballot accounting row
2018,Indiana,IN,9,US House,Harrison,18061,Harrison,27,UNDERVOTES,,,ELECTION DAY,16,HOUSE_precinct_general.csv,write-in or non-candidate ballot accounting row
2018,Indiana,IN,9,US House,Harrison,18061,Harrison,28,UNDERVOTES,,,ELECTION DAY,10,HOUSE_precinct_general.csv,write-in or non-candidate ballot accounting row
2018,Indiana,IN,9,US House,Harrison,18061,Harrison,29,UNDERVOTES,,,ELECTION DAY,7,HOUSE_precinct_general.csv,write-in or non-candidate ballot accounting row
2018,Indiana,IN,9,US House,Harrison,18061,Harrison,31,UNDERVOTES,,,ELECTION DAY,3,HOUSE_precinct_general.csv,write-in or non-candidate ballot accounting row
2018,Indiana,IN,9,US House,Harrison,18061,Harrison,33,UNDERVOTES,,,ELECTION DAY,2,HOUSE_precinct_general.csv,write-in or non-candidate ballot accounting row
2018,Indiana,IN,9,US House,Harrison,18061,Harrison,34,UNDERVOTES,,,ELECTION DAY,1,HOUSE_precinct_general.csv,write-in or non-candidate ballot accounting row
2018,Indiana,IN,9,US House,Harrison,18061,Harrison,FEDERAL,CAST VOTES,,,ABSENTEE,0,HOUSE_precinct_general.csv,write-in or non-candidate ballot accounting row
2018,Indiana,IN,9,US House,Harrison,18061,Harrison,1,CAST VOTES,,,ABSENTEE,78,HOUSE_precinct_general.csv,write-in or non-candidate ballot accounting row
2018,Indiana,IN,9,US House,Harrison,18061,Harrison,2,CAST VOTES,,,ABSENTEE,101,HOUSE_precinct_general.csv,write-in or non-candidate ballot accounting row
2018,Indiana,IN,9,US House,Harrison,18061,Harrison,3,CAST VOTES,,,ABSENTEE,52,HOUSE_precinct_general.csv,write-in or non-candidate ballot accounting row
2018,Indiana,IN,9,US House,Harrison,18061,Harrison,4,CAST VOTES,,,ABSENTEE,45,HOUSE_precinct_general.csv,write-in or non-candidate ballot accounting row
2018,Indiana,IN,9,US House,Harrison,18061,Harrison,5,CAST VOTES,,,ABSENTEE,92,HOUSE_precinct_general.csv,write-in or non-candidate ballot accounting row
2018,Indiana,IN,9,US House,Harrison,18061,Harrison,6,CAST VOTES,,,ABSENTEE,77,HOUSE_precinct_general.csv,write-in or non-candidate ballot accounting row
2018,Indiana,IN,9,US House,Harrison,18061,Harrison,7,CAST VOTES,,,ABSENTEE,121,HOUSE_precinct_general.csv,write-in or non-candidate ballot accounting row
2018,Indiana,IN,9,US House,Harrison,18061,Harrison,37,CAST VOTES,,,ABSENTEE,60,HOUSE_precinct_general.csv,write-in or non-candidate ballot accounting row
2018,Indiana,IN,9,US House,Harrison,18061,Harrison,8,CAST VOTES,,,ABSENTEE,177,HOUSE_precinct_general.csv,write-in or non-candidate ballot accounting row
2018,Indiana,IN,9,US House,Harrison,18061,Harrison,9,CAST VOTES,,,ABSENTEE,106,HOUSE_precinct_general.csv,write-in or non-candidate ballot accounting row
2018,Indiana,IN,9,US House,Harrison,18061,Harrison,10,CAST VOTES,,,ABSENTEE,162,HOUSE_precinct_general.csv,write-in or non-candidate ballot accounting row
2018,Indiana,IN,9,US House,Harrison,18061,Harrison,36,CAST VOTES,,,ABSENTEE,196,HOUSE_precinct_general.csv,write-in or non-candidate ballot accounting row
2018,Indiana,IN,9,US House,Harrison,18061,Harrison,38,CAST VOTES,,,ABSENTEE,128,HOUSE_precinct_general.csv,write-in or non-candidate ballot accounting row
2018,Indiana,IN,9,US House,Harrison,18061,Harrison,11,CAST VOTES,,,ABSENTEE,102,HOUSE_precinct_general.csv,write-in or non-candidate ballot accounting row
2018,Indiana,IN,9,US House,Harrison,18061,Harrison,35,CAST VOTES,,,ABSENTEE,143,HOUSE_precinct_general.csv,write-in or non-candidate ballot accounting row
2018,Indiana,IN,9,US House,Harrison,18061,Harrison,39,CAST VOTES,,,ABSENTEE,122,HOUSE_precinct_general.csv,write-in or non-candidate ballot accounting row
2018,Indiana,IN,9,US House,Harrison,18061,Harrison,12,CAST VOTES,,,ABSENTEE,157,HOUSE_precinct_general.csv,write-in or non-candidate ballot accounting row
2018,Indiana,IN,9,US House,Harrison,18061,Harrison,13,CAST VOTES,,,ABSENTEE,125,HOUSE_precinct_general.csv,write-in or non-candidate ballot accounting row
2018,Indiana,IN,9,US House,Harrison,18061,Harrison,14,CAST VOTES,,,ABSENTEE,148,HOUSE_precinct_general.csv,write-in or non-candidate ballot accounting row
2018,Indiana,IN,9,US House,Harrison,18061,Harrison,15,CAST VOTES,,,ABSENTEE,31,HOUSE_precinct_general.csv,write-in or non-candidate ballot accounting row
2018,Indiana,IN,9,US House,Harrison,18061,Harrison,16,CAST VOTES,,,ABSENTEE,38,HOUSE_precinct_general.csv,write-in or non-candidate ballot accounting row
2018,Indiana,IN,9,US House,Harrison,18061,Harrison,17,CAST VOTES,,,ABSENTEE,139,HOUSE_precinct_general.csv,write-in or non-candidate ballot accounting row
2018,Indiana,IN,9,US House,Harrison,18061,Harrison,18,CAST VOTES,,,ABSENTEE,83,HOUSE_precinct_general.csv,write-in or non-candidate ballot accounting row
2018,Indiana,IN,9,US House,Harrison,18061,Harrison,19,CAST VOTES,,,ABSENTEE,73,HOUSE_precinct_general.csv,write-in or non-candidate ballot accounting row
2018,Indiana,IN,9,US House,Harrison,18061,Harrison,20,CAST VOTES,,,ABSENTEE,130,HOUSE_precinct_general.csv,write-in or non-candidate ballot accounting row
2018,Indiana,IN,9,US House,Harrison,18061,Harrison,32,CAST VOTES,,,ABSENTEE,107,HOUSE_precinct_general.csv,write-in or non-candidate ballot accounting row
2018,Indiana,IN,9,US House,Harrison,18061,Harrison,21,CAST VOTES,,,ABSENTEE,66,HOUSE_precinct_general.csv,write-in or non-candidate ballot accounting row
2018,Indiana,IN,9,US House,Harrison,18061,Harrison,22,CAST VOTES,,,ABSENTEE,77,HOUSE_precinct_general.csv,write-in or non-candidate ballot accounting row
2018,Indiana,IN,9,US House,Harrison,18061,Harrison,23,CAST VOTES,,,ABSENTEE,92,HOUSE_precinct_general.csv,write-in or non-candidate ballot accounting row
2018,Indiana,IN,9,US House,Harrison,18061,Harrison,30,CAST VOTES,,,ABSENTEE,29,HOUSE_precinct_general.csv,write-in or non-candidate ballot accounting row
2018,Indiana,IN,9,US House,Harrison,18061,Harrison,24,CAST VOTES,,,ABSENTEE,69,HOUSE_precinct_general.csv,write-in or non-candidate ballot accounting row
2018,Indiana,IN,9,US House,Harrison,18061,Harrison,25,CAST VOTES,,,ABSENTEE,50,HOUSE_precinct_general.csv,write-in or non-candidate ballot accounting row
2018,Indiana,IN,9,US House,Harrison,18061,Harrison,26,CAST VOTES,,,ABSENTEE,75,HOUSE_precinct_general.csv,write-in or non-candidate ballot accounting row
2018,Indiana,IN,9,US House,Harrison,18061,Harrison,27,CAST VOTES,,,ABSENTEE,81,HOUSE_precinct_general.csv,write-in or non-candidate ballot accounting row
2018,Indiana,IN,9,US House,Harrison,18061,Harrison,28,CAST VOTES,,,ABSENTEE,67,HOUSE_precinct_general.csv,write-in or non-candidate ballot accounting row
2018,Indiana,IN,9,US House,Harrison,18061,Harrison,29,CAST VOTES,,,ABSENTEE,47,HOUSE_precinct_general.csv,write-in or non-candidate ballot accounting row
2018,Indiana,IN,9,US House,Harrison,18061,Harrison,31,CAST VOTES,,,ABSENTEE,29,HOUSE_precinct_general.csv,write-in or non-candidate ballot accounting row
2018,Indiana,IN,9,US House,Harrison,18061,Harrison,33,CAST VOTES,,,ABSENTEE,57,HOUSE_precinct_general.csv,write-in or non-candidate ballot accounting row
2018,Indiana,IN,9,US House,Harrison,18061,Harrison,34,CAST VOTES,,,ABSENTEE,70,HOUSE_precinct_general.csv,write-in or non-candidate ballot accounting row
2018,Indiana,IN,9,US House,Harrison,18061,Harrison,FEDERAL,OVERVOTES,,,ABSENTEE,0,HOUSE_precinct_general.csv,write-in or non-candidate ballot accounting row
2018,Indiana,IN,9,US House,Harrison,18061,Harrison,1,OVERVOTES,,,ABSENTEE,0,HOUSE_precinct_general.csv,write-in or non-candidate ballot accounting row
2018,Indiana,IN,9,US House,Harrison,18061,Harrison,2,OVERVOTES,,,ABSENTEE,0,HOUSE_precinct_general.csv,write-in or non-candidate ballot accounting row
2018,Indiana,IN,9,US House,Harrison,18061,Harrison,3,OVERVOTES,,,ABSENTEE,0,HOUSE_precinct_general.csv,write-in or non-candidate ballot accounting row
2018,Indiana,IN,9,US House,Harrison,18061,Harrison,4,OVERVOTES,,,ABSENTEE,0,HOUSE_precinct_general.csv,write-in or non-candidate ballot accounting row
2018,Indiana,IN,9,US House,Harrison,18061,Harrison,5,OVERVOTES,,,ABSENTEE,0,HOUSE_precinct_general.csv,write-in or non-candidate ballot accounting row
2018,Indiana,IN,9,US House,Harrison,18061,Harrison,6,OVERVOTES,,,ABSENTEE,0,HOUSE_precinct_general.csv,write-in or non-candidate ballot accounting row
2018,Indiana,IN,9,US House,Harrison,18061,Harrison,7,OVERVOTES,,,ABSENTEE,0,HOUSE_precinct_general.csv,write-in or non-candidate ballot accounting row
2018,Indiana,IN,9,US House,Harrison,18061,Harrison,37,OVERVOTES,,,ABSENTEE,0,HOUSE_precinct_general.csv,write-in or non-candidate ballot accounting row
2018,Indiana,IN,9,US House,Harrison,18061,Harrison,8,OVERVOTES,,,ABSENTEE,0,HOUSE_precinct_general.csv,write-in or non-candidate ballot accounting row
2018,Indiana,IN,9,US House,Harrison,18061,Harrison,9,OVERVOTES,,,ABSENTEE,0,HOUSE_precinct_general.csv,write-in or non-candidate ballot accounting row
2018,Indiana,IN,9,US House,Harrison,18061,Harrison,10,OVERVOTES,,,ABSENTEE,0,HOUSE_precinct_general.csv,write-in or non-candidate ballot accounting row
2018,Indiana,IN,9,US House,Harrison,18061,Harrison,36,OVERVOTES,,,ABSENTEE,0,HOUSE_precinct_general.csv,write-in or non-candidate ballot accounting row
2018,Indiana,IN,9,US House,Harrison,18061,Harrison,38,OVERVOTES,,,ABSENTEE,0,HOUSE_precinct_general.csv,write-in or non-candidate ballot accounting row
2018,Indiana,IN,9,US House,Harrison,18061,Harrison,11,OVERVOTES,,,ABSENTEE,0,HOUSE_precinct_general.csv,write-in or non-candidate ballot accounting row
2018,Indiana,IN,9,US House,Harrison,18061,Harrison,35,OVERVOTES,,,ABSENTEE,0,HOUSE_precinct_general.csv,write-in or non-candidate ballot accounting row
2018,Indiana,IN,9,US House,Harrison,18061,Harrison,39,OVERVOTES,,,ABSENTEE,1,HOUSE_precinct_general.csv,write-in or non-candidate ballot accounting row
2018,Indiana,IN,9,US House,Harrison,18061,Harrison,12,OVERVOTES,,,ABSENTEE,0,HOUSE_precinct_general.csv,write-in or non-candidate ballot accounting row
2018,Indiana,IN,9,US House,Harrison,18061,Harrison,13,OVERVOTES,,,ABSENTEE,0,HOUSE_precinct_general.csv,write-in or non-candidate ballot accounting row
2018,Indiana,IN,9,US House,Harrison,18061,Harrison,14,OVERVOTES,,,ABSENTEE,0,HOUSE_precinct_general.csv,write-in or non-candidate ballot accounting row
2018,Indiana,IN,9,US House,Harrison,18061,Harrison,15,OVERVOTES,,,ABSENTEE,0,HOUSE_precinct_general.csv,write-in or non-candidate ballot accounting row
2018,Indiana,IN,9,US House,Harrison,18061,Harrison,16,OVERVOTES,,,ABSENTEE,0,HOUSE_precinct_general.csv,write-in or non-candidate ballot accounting row
2018,Indiana,IN,9,US House,Harrison,18061,Harrison,17,OVERVOTES,,,ABSENTEE,0,HOUSE_precinct_general.csv,write-in or non-candidate ballot accounting row
2018,Indiana,IN,9,US House,Harrison,18061,Harrison,18,OVERVOTES,,,ABSENTEE,0,HOUSE_precinct_general.csv,write-in or non-candidate ballot accounting row
2018,Indiana,IN,9,US House,Harrison,18061,Harrison,19,OVERVOTES,,,ABSENTEE,0,HOUSE_precinct_general.csv,write-in or non-candidate ballot accounting row
2018,Indiana,IN,9,US House,Harrison,18061,Harrison,20,OVERVOTES,,,ABSENTEE,0,HOUSE_precinct_general.csv,write-in or non-candidate ballot accounting row
2018,Indiana,IN,9,US House,Harrison,18061,Harrison,32,OVERVOTES,,,ABSENTEE,0,HOUSE_precinct_general.csv,write-in or non-candidate ballot accounting row
2018,Indiana,IN,9,US House,Harrison,18061,Harrison,21,OVERVOTES,,,ABSENTEE,0,HOUSE_precinct_general.csv,write-in or non-candidate ballot accounting row
2018,Indiana,IN,9,US House,Harrison,18061,Harrison,22,OVERVOTES,,,ABSENTEE,0,HOUSE_precinct_general.csv,write-in or non-candidate ballot accounting row
2018,Indiana,IN,9,US House,Harrison,18061,Harrison,23,OVERVOTES,,,ABSENTEE,0,HOUSE_precinct_general.csv,write-in or non-candidate ballot accounting row
2018,Indiana,IN,9,US House,Harrison,18061,Harrison,30,OVERVOTES,,,ABSENTEE,0,HOUSE_precinct_general.csv,write-in or non-candidate ballot accounting row
2018,Indiana,IN,9,US House,Harrison,18061,Harrison,24,OVERVOTES,,,ABSENTEE,0,HOUSE_precinct_general.csv,write-in or non-candidate ballot accounting row
2018,Indiana,IN,9,US House,Harrison,18061,Harrison,25,OVERVOTES,,,ABSENTEE,0,HOUSE_precinct_general.csv,write-in or non-candidate ballot accounting row
2018,Indiana,IN,9,US House,Harrison,18061,Harrison,26,OVERVOTES,,,ABSENTEE,0,HOUSE_precinct_general.csv,write-in or non-candidate ballot accounting row
2018,Indiana,IN,9,US House,Harrison,18061,Harrison,27,OVERVOTES,,,ABSENTEE,0,HOUSE_precinct_general.csv,write-in or non-candidate ballot accounting row
2018,Indiana,IN,9,US House,Harrison,18061,Harrison,28,OVERVOTES,,,ABSENTEE,0,HOUSE_precinct_general.csv,write-in or non-candidate ballot accounting row
2018,Indiana,IN,9,US House,Harrison,18061,Harrison,29,OVERVOTES,,,ABSENTEE,0,HOUSE_precinct_general.csv,write-in or non-candidate ballot accounting row
2018,Indiana,IN,9,US House,Harrison,18061,Harrison,31,OVERVOTES,,,ABSENTEE,0,HOUSE_precinct_general.csv,write-in or non-candidate ballot accounting row
2018,Indiana,IN,9,US House,Harrison,18061,Harrison,33,OVERVOTES,,,ABSENTEE,0,HOUSE_precinct_general.csv,write-in or non-candidate ballot accounting row
2018,Indiana,IN,9,US House,Harrison,18061,Harrison,34,OVERVOTES,,,ABSENTEE,0,HOUSE_precinct_general.csv,write-in or non-candidate ballot accounting row
2018,Indiana,IN,9,US House,Harrison,18061,Harrison,FEDERAL,UNDERVOTES,,,ABSENTEE,0,HOUSE_precinct_general.csv,write-in or non-candidate ballot accounting row
2018,Indiana,IN,9,US House,Harrison,18061,Harrison,1,UNDERVOTES,,,ABSENTEE,0,HOUSE_precinct_general.csv,write-in or non-candidate ballot accounting row
2018,Indiana,IN,9,US House,Harrison,18061,Harrison,2,UNDERVOTES,,,ABSENTEE,1,HOUSE_precinct_general.csv,write-in or non-candidate ballot accounting row
2018,Indiana,IN,9,US House,Harrison,18061,Harrison,3,UNDERVOTES,,,ABSENTEE,0,HOUSE_precinct_general.csv,write-in or non-candidate ballot accounting row
2018,Indiana,IN,9,US House,Harrison,18061,Harrison,4,UNDERVOTES,,,ABSENTEE,5,HOUSE_precinct_general.csv,write-in or non-candidate ballot accounting row
2018,Indiana,IN,9,US House,Harrison,18061,Harrison,5,UNDERVOTES,,,ABSENTEE,1,HOUSE_precinct_general.csv,write-in or non-candidate ballot accounting row
2018,Indiana,IN,9,US House,Harrison,18061,Harrison,6,UNDERVOTES,,,ABSENTEE,0,HOUSE_precinct_general.csv,write-in or non-candidate ballot accounting row
2018,Indiana,IN,9,US House,Harrison,18061,Harrison,7,UNDERVOTES,,,ABSENTEE,3,HOUSE_precinct_general.csv,write-in or non-candidate ballot accounting row
2018,Indiana,IN,9,US House,Harrison,18061,Harrison,37,UNDERVOTES,,,ABSENTEE,2,HOUSE_precinct_general.csv,write-in or non-candidate ballot accounting row
2018,Indiana,IN,9,US House,Harrison,18061,Harrison,8,UNDERVOTES,,,ABSENTEE,1,HOUSE_precinct_general.csv,write-in or non-candidate ballot accounting row
2018,Indiana,IN,9,US House,Harrison,18061,Harrison,9,UNDERVOTES,,,ABSENTEE,3,HOUSE_precinct_general.csv,write-in or non-candidate ballot accounting row
2018,Indiana,IN,9,US House,Harrison,18061,Harrison,10,UNDERVOTES,,,ABSENTEE,0,HOUSE_precinct_general.csv,write-in or non-candidate ballot accounting row
2018,Indiana,IN,9,US House,Harrison,18061,Harrison,36,UNDERVOTES,,,ABSENTEE,1,HOUSE_precinct_general.csv,write-in or non-candidate ballot accounting row
2018,Indiana,IN,9,US House,Harrison,18061,Harrison,38,UNDERVOTES,,,ABSENTEE,2,HOUSE_precinct_general.csv,write-in or non-candidate ballot accounting row
2018,Indiana,IN,9,US House,Harrison,18061,Harrison,11,UNDERVOTES,,,ABSENTEE,1,HOUSE_precinct_general.csv,write-in or non-candidate ballot accounting row
2018,Indiana,IN,9,US House,Harrison,18061,Harrison,35,UNDERVOTES,,,ABSENTEE,4,HOUSE_precinct_general.csv,write-in or non-candidate ballot accounting row
2018,Indiana,IN,9,US House,Harrison,18061,Harrison,39,UNDERVOTES,,,ABSENTEE,0,HOUSE_precinct_general.csv,write-in or non-candidate ballot accounting row
2018,Indiana,IN,9,US House,Harrison,18061,Harrison,12,UNDERVOTES,,,ABSENTEE,1,HOUSE_precinct_general.csv,write-in or non-candidate ballot accounting row
2018,Indiana,IN,9,US House,Harrison,18061,Harrison,13,UNDERVOTES,,,ABSENTEE,0,HOUSE_precinct_general.csv,write-in or non-candidate ballot accounting row
2018,Indiana,IN,9,US House,Harrison,18061,Harrison,14,UNDERVOTES,,,ABSENTEE,1,HOUSE_precinct_general.csv,write-in or non-candidate ballot accounting row
2018,Indiana,IN,9,US House,Harrison,18061,Harrison,15,UNDERVOTES,,,ABSENTEE,0,HOUSE_precinct_general.csv,write-in or non-candidate ballot accounting row
2018,Indiana,IN,9,US House,Harrison,18061,Harrison,16,UNDERVOTES,,,ABSENTEE,1,HOUSE_precinct_general.csv,write-in or non-candidate ballot accounting row
2018,Indiana,IN,9,US House,Harrison,18061,Harrison,17,UNDERVOTES,,,ABSENTEE,1,HOUSE_precinct_general.csv,write-in or non-candidate ballot accounting row
2018,Indiana,IN,9,US House,Harrison,18061,Harrison,18,UNDERVOTES,,,ABSENTEE,0,HOUSE_precinct_general.csv,write-in or non-candidate ballot accounting row
2018,Indiana,IN,9,US House,Harrison,18061,Harrison,19,UNDERVOTES,,,ABSENTEE,1,HOUSE_precinct_general.csv,write-in or non-candidate ballot accounting row
2018,Indiana,IN,9,US House,Harrison,18061,Harrison,20,UNDERVOTES,,,ABSENTEE,0,HOUSE_precinct_general.csv,write-in or non-candidate ballot accounting row
2018,Indiana,IN,9,US House,Harrison,18061,Harrison,32,UNDERVOTES,,,ABSENTEE,1,HOUSE_precinct_general.csv,write-in or non-candidate ballot accounting row
2018,Indiana,IN,9,US House,Harrison,18061,Harrison,21,UNDERVOTES,,,ABSENTEE,0,HOUSE_precinct_general.csv,write-in or non-candidate ballot accounting row
2018,Indiana,IN,9,US House,Harrison,18061,Harrison,22,UNDERVOTES,,,ABSENTEE,1,HOUSE_precinct_general.csv,write-in or non-candidate ballot accounting row
2018,Indiana,IN,9,US House,Harrison,18061,Harrison,23,UNDERVOTES,,,ABSENTEE,2,HOUSE_precinct_general.csv,write-in or non-candidate ballot accounting row
2018,Indiana,IN,9,US House,Harrison,18061,Harrison,30,UNDERVOTES,,,ABSENTEE,0,HOUSE_precinct_general.csv,write-in or non-candidate ballot accounting row
2018,Indiana,IN,9,US House,Harrison,18061,Harrison,24,UNDERVOTES,,,ABSENTEE,1,HOUSE_precinct_general.csv,write-in or non-candidate ballot accounting row
2018,Indiana,IN,9,US House,Harrison,18061,Harrison,25,UNDERVOTES,,,ABSENTEE,2,HOUSE_precinct_general.csv,write-in or non-candidate ballot accounting row
2018,Indiana,IN,9,US House,Harrison,18061,Harrison,26,UNDERVOTES,,,ABSENTEE,1,HOUSE_precinct_general.csv,write-in or non-candidate ballot accounting row
2018,Indiana,IN,9,US House,Harrison,18061,Harrison,27,UNDERVOTES,,,ABSENTEE,2,HOUSE_precinct_general.csv,write-in or non-candidate ballot accounting row
2018,Indiana,IN,9,US House,Harrison,18061,Harrison,28,UNDERVOTES,,,ABSENTEE,0,HOUSE_precinct_general.csv,write-in or non-candidate ballot accounting row
2018,Indiana,IN,9,US House,Harrison,18061,Harrison,29,UNDERVOTES,,,ABSENTEE,0,HOUSE_precinct_general.csv,write-in or non-candidate ballot accounting row
2018,Indiana,IN,9,US House,Harrison,18061,Harrison,31,UNDERVOTES,,,ABSENTEE,0,HOUSE_precinct_general.csv,write-in or non-candidate ballot accounting row
2018,Indiana,IN,9,US House,Harrison,18061,Harrison,33,UNDERVOTES,,,ABSENTEE,0,HOUSE_precinct_general.csv,write-in or non-candidate ballot accounting row
2018,Indiana,IN,9,US House,Harrison,18061,Harrison,34,UNDERVOTES,,,ABSENTEE,0,HOUSE_precinct_general.csv,write-in or non-candidate ballot accounting row
2018,Indiana,IN,9,US House,Johnson,18081,Johnson,0001 BLUE RIVER 1,OVERVOTES,,,UNSPECIFIED,0,HOUSE_precinct_general.csv,write-in or non-candidate ballot accounting row
2018,Indiana,IN,9,US House,Johnson,18081,Johnson,0001 BLUE RIVER 1,UNDERVOTES,,,UNSPECIFIED,3,HOUSE_precinct_general.csv,write-in or non-candidate ballot accounting row
2018,Indiana,IN,9,US House,Johnson,18081,Johnson,0002 BLUE RIVER 2,OVERVOTES,,,UNSPECIFIED,0,HOUSE_precinct_general.csv,write-in or non-candidate ballot accounting row
2018,Indiana,IN,9,US House,Johnson,18081,Johnson,0002 BLUE RIVER 2,UNDERVOTES,,,UNSPECIFIED,7,HOUSE_precinct_general.csv,write-in or non-candidate ballot accounting row
2018,Indiana,IN,9,US House,Johnson,18081,Johnson,0003 BLUE RIVER 3,OVERVOTES,,,UNSPECIFIED,0,HOUSE_precinct_general.csv,write-in or non-candidate ballot accounting row
2018,Indiana,IN,9,US House,Johnson,18081,Johnson,0003 BLUE RIVER 3,UNDERVOTES,,,UNSPECIFIED,5,HOUSE_precinct_general.csv,write-in or non-candidate ballot accounting row
2018,Indiana,IN,9,US House,Johnson,18081,Johnson,0004 BLUE RIVER 4,OVERVOTES,,,UNSPECIFIED,0,HOUSE_precinct_general.csv,write-in or non-candidate ballot accounting row
2018,Indiana,IN,9,US House,Johnson,18081,Johnson,0004 BLUE RIVER 4,UNDERVOTES,,,UNSPECIFIED,7,HOUSE_precinct_general.csv,write-in or non-candidate ballot accounting row
2018,Indiana,IN,9,US House,Johnson,18081,Johnson,0005 BLUE RIVER 5,OVERVOTES,,,UNSPECIFIED,0,HOUSE_precinct_general.csv,write-in or non-candidate ballot accounting row
2018,Indiana,IN,9,US House,Johnson,18081,Johnson,0005 BLUE RIVER 5,UNDERVOTES,,,UNSPECIFIED,3,HOUSE_precinct_general.csv,write-in or non-candidate ballot accounting row
2018,Indiana,IN,9,US House,Johnson,18081,Johnson,0006 CLARK 1,OVERVOTES,,,UNSPECIFIED,0,HOUSE_precinct_general.csv,write-in or non-candidate ballot accounting row
2018,Indiana,IN,9,US House,Johnson,18081,Johnson,0006 CLARK 1,UNDERVOTES,,,UNSPECIFIED,3,HOUSE_precinct_general.csv,write-in or non-candidate ballot accounting row
2018,Indiana,IN,9,US House,Johnson,18081,Johnson,0007 CLARK 2,OVERVOTES,,,UNSPECIFIED,0,HOUSE_precinct_general.csv,write-in or non-candidate ballot accounting row
2018,Indiana,IN,9,US House,Johnson,18081,Johnson,0007 CLARK 2,UNDERVOTES,,,UNSPECIFIED,7,HOUSE_precinct_general.csv,write-in or non-candidate ballot accounting row
2018,Indiana,IN,9,US House,Johnson,18081,Johnson,0008 CLARK 3,OVERVOTES,,,UNSPECIFIED,0,HOUSE_precinct_general.csv,write-in or non-candidate ballot accounting row
2018,Indiana,IN,9,US House,Johnson,18081,Johnson,0008 CLARK 3,UNDERVOTES,,,UNSPECIFIED,6,HOUSE_precinct_general.csv,write-in or non-candidate ballot accounting row
2018,Indiana,IN,9,US House,Johnson,18081,Johnson,0009 FRANKLIN 1,OVERVOTES,,,UNSPECIFIED,0,HOUSE_precinct_general.csv,write-in or non-candidate ballot accounting row
2018,Indiana,IN,9,US House,Johnson,18081,Johnson,0009 FRANKLIN 1,UNDERVOTES,,,UNSPECIFIED,6,HOUSE_precinct_general.csv,write-in or non-candidate ballot accounting row
2018,Indiana,IN,9,US House,Johnson,18081,Johnson,0010 FRANKLIN 2,OVERVOTES,,,UNSPECIFIED,0,HOUSE_precinct_general.csv,write-in or non-candidate ballot accounting row
2018,Indiana,IN,9,US House,Johnson,18081,Johnson,0010 FRANKLIN 2,UNDERVOTES,,,UNSPECIFIED,2,HOUSE_precinct_general.csv,write-in or non-candidate ballot accounting row
2018,Indiana,IN,9,US House,Johnson,18081,Johnson,0011 FRANKLIN 3,OVERVOTES,,,UNSPECIFIED,0,HOUSE_precinct_general.csv,write-in or non-candidate ballot accounting row
2018,Indiana,IN,9,US House,Johnson,18081,Johnson,0011 FRANKLIN 3,UNDERVOTES,,,UNSPECIFIED,0,HOUSE_precinct_general.csv,write-in or non-candidate ballot accounting row
2018,Indiana,IN,9,US House,Johnson,18081,Johnson,0012 FRANKLIN 4,OVERVOTES,,,UNSPECIFIED,0,HOUSE_precinct_general.csv,write-in or non-candidate ballot accounting row
2018,Indiana,IN,9,US House,Johnson,18081,Johnson,0012 FRANKLIN 4,UNDERVOTES,,,UNSPECIFIED,6,HOUSE_precinct_general.csv,write-in or non-candidate ballot accounting row
2018,Indiana,IN,9,US House,Johnson,18081,Johnson,0013 FRANKLIN 5,OVERVOTES,,,UNSPECIFIED,0,HOUSE_precinct_general.csv,write-in or non-candidate ballot accounting row
2018,Indiana,IN,9,US House,Johnson,18081,Johnson,0013 FRANKLIN 5,UNDERVOTES,,,UNSPECIFIED,2,HOUSE_precinct_general.csv,write-in or non-candidate ballot accounting row
2018,Indiana,IN,9,US House,Johnson,18081,Johnson,0014 FRANKLIN 6,OVERVOTES,,,UNSPECIFIED,0,HOUSE_precinct_general.csv,write-in or non-candidate ballot accounting row
2018,Indiana,IN,9,US House,Johnson,18081,Johnson,0014 FRANKLIN 6,UNDERVOTES,,,UNSPECIFIED,2,HOUSE_precinct_general.csv,write-in or non-candidate ballot accounting row
2018,Indiana,IN,9,US House,Johnson,18081,Johnson,0015 FRANKLIN 7,OVERVOTES,,,UNSPECIFIED,0,HOUSE_precinct_general.csv,write-in or non-candidate ballot accounting row
2018,Indiana,IN,9,US House,Johnson,18081,Johnson,0015 FRANKLIN 7,UNDERVOTES,,,UNSPECIFIED,2,HOUSE_precinct_general.csv,write-in or non-candidate ballot accounting row
2018,Indiana,IN,9,US House,Johnson,18081,Johnson,0016 FRANKLIN 8,OVERVOTES,,,UNSPECIFIED,0,HOUSE_precinct_general.csv,write-in or non-candidate ballot accounting row
2018,Indiana,IN,9,US House,Johnson,18081,Johnson,0016 FRANKLIN 8,UNDERVOTES,,,UNSPECIFIED,2,HOUSE_precinct_general.csv,write-in or non-candidate ballot accounting row
2018,Indiana,IN,9,US House,Johnson,18081,Johnson,0017 FRANKLIN 9,OVERVOTES,,,UNSPECIFIED,0,HOUSE_precinct_general.csv,write-in or non-candidate ballot accounting row
2018,Indiana,IN,9,US House,Johnson,18081,Johnson,0017 FRANKLIN 9,UNDERVOTES,,,UNSPECIFIED,9,HOUSE_precinct_general.csv,write-in or non-candidate ballot accounting row
2018,Indiana,IN,9,US House,Johnson,18081,Johnson,0018 FRANKLIN 10,OVERVOTES,,,UNSPECIFIED,0,HOUSE_precinct_general.csv,write-in or non-candidate ballot accounting row
2018,Indiana,IN,9,US House,Johnson,18081,Johnson,0018 FRANKLIN 10,UNDERVOTES,,,UNSPECIFIED,2,HOUSE_precinct_general.csv,write-in or non-candidate ballot accounting row
2018,Indiana,IN,9,US House,Johnson,18081,Johnson,0019 FRANKLIN 11,OVERVOTES,,,UNSPECIFIED,0,HOUSE_precinct_general.csv,write-in or non-candidate ballot accounting row
2018,Indiana,IN,9,US House,Johnson,18081,Johnson,0019 FRANKLIN 11,UNDERVOTES,,,UNSPECIFIED,3,HOUSE_precinct_general.csv,write-in or non-candidate ballot accounting row
2018,Indiana,IN,9,US House,Johnson,18081,Johnson,0020 FRANKLIN 12,OVERVOTES,,,UNSPECIFIED,0,HOUSE_precinct_general.csv,write-in or non-candidate ballot accounting row
2018,Indiana,IN,9,US House,Johnson,18081,Johnson,0020 FRANKLIN 12,UNDERVOTES,,,UNSPECIFIED,1,HOUSE_precinct_general.csv,write-in or non-candidate ballot accounting row
2018,Indiana,IN,9,US House,Johnson,18081,Johnson,0021 FRANKLIN 13,OVERVOTES,,,UNSPECIFIED,0,HOUSE_precinct_general.csv,write-in or non-candidate ballot accounting row
2018,Indiana,IN,9,US House,Johnson,18081,Johnson,0021 FRANKLIN 13,UNDERVOTES,,,UNSPECIFIED,10,HOUSE_precinct_general.csv,write-in or non-candidate ballot accounting row
2018,Indiana,IN,9,US House,Johnson,18081,Johnson,0022 FRANKLIN 14,OVERVOTES,,,UNSPECIFIED,0,HOUSE_precinct_general.csv,write-in or non-candidate ballot accounting row
2018,Indiana,IN,9,US House,Johnson,18081,Johnson,0022 FRANKLIN 14,UNDERVOTES,,,UNSPECIFIED,3,HOUSE_precinct_general.csv,write-in or non-candidate ballot accounting row
2018,Indiana,IN,9,US House,Johnson,18081,Johnson,0023 FRANKLIN 15,OVERVOTES,,,UNSPECIFIED,0,HOUSE_precinct_general.csv,write-in or non-candidate ballot accounting row
2018,Indiana,IN,9,US House,Johnson,18081,Johnson,0023 FRANKLIN 15,UNDERVOTES,,,UNSPECIFIED,5,HOUSE_precinct_general.csv,write-in or non-candidate ballot accounting row
2018,Indiana,IN,9,US House,Johnson,18081,Johnson,0024 FRANKLIN 16,OVERVOTES,,,UNSPECIFIED,0,HOUSE_precinct_general.csv,write-in or non-candidate ballot accounting row
2018,Indiana,IN,9,US House,Johnson,18081,Johnson,0024 FRANKLIN 16,UNDERVOTES,,,UNSPECIFIED,8,HOUSE_precinct_general.csv,write-in or non-candidate ballot accounting row
2018,Indiana,IN,9,US House,Johnson,18081,Johnson,0025 FRANKLIN 17,OVERVOTES,,,UNSPECIFIED,0,HOUSE_precinct_general.csv,write-in or non-candidate ballot accounting row
2018,Indiana,IN,9,US House,Johnson,18081,Johnson,0025 FRANKLIN 17,UNDERVOTES,,,UNSPECIFIED,4,HOUSE_precinct_general.csv,write-in or non-candidate ballot accounting row
2018,Indiana,IN,9,US House,Johnson,18081,Johnson,0026 FRANKLIN 18,OVERVOTES,,,UNSPECIFIED,0,HOUSE_precinct_general.csv,write-in or non-candidate ballot accounting row
2018,Indiana,IN,9,US House,Johnson,18081,Johnson,0026 FRANKLIN 18,UNDERVOTES,,,UNSPECIFIED,3,HOUSE_precinct_general.csv,write-in or non-candidate ballot accounting row
2018,Indiana,IN,9,US House,Johnson,18081,Johnson,0027 FRANKLIN 19,OVERVOTES,,,UNSPECIFIED,0,HOUSE_precinct_general.csv,write-in or non-candidate ballot accounting row
2018,Indiana,IN,9,US House,Johnson,18081,Johnson,0027 FRANKLIN 19,UNDERVOTES,,,UNSPECIFIED,1,HOUSE_precinct_general.csv,write-in or non-candidate ballot accounting row
2018,Indiana,IN,9,US House,Johnson,18081,Johnson,0028 FRANKLIN 20,OVERVOTES,,,UNSPECIFIED,0,HOUSE_precinct_general.csv,write-in or non-candidate ballot accounting row
2018,Indiana,IN,9,US House,Johnson,18081,Johnson,0028 FRANKLIN 20,UNDERVOTES,,,UNSPECIFIED,2,HOUSE_precinct_general.csv,write-in or non-candidate ballot accounting row
2018,Indiana,IN,9,US House,Johnson,18081,Johnson,0029 HENSLEY 1,OVERVOTES,,,UNSPECIFIED,0,HOUSE_precinct_general.csv,write-in or non-candidate ballot accounting row
2018,Indiana,IN,9,US House,Johnson,18081,Johnson,0029 HENSLEY 1,UNDERVOTES,,,UNSPECIFIED,3,HOUSE_precinct_general.csv,write-in or non-candidate ballot accounting row
2018,Indiana,IN,9,US House,Johnson,18081,Johnson,0030 HENSLEY 2,OVERVOTES,,,UNSPECIFIED,0,HOUSE_precinct_general.csv,write-in or non-candidate ballot accounting row
2018,Indiana,IN,9,US House,Johnson,18081,Johnson,0030 HENSLEY 2,UNDERVOTES,,,UNSPECIFIED,10,HOUSE_precinct_general.csv,write-in or non-candidate ballot accounting row
2018,Indiana,IN,9,US House,Johnson,18081,Johnson,0031 HENSLEY 3,OVERVOTES,,,UNSPECIFIED,0,HOUSE_precinct_general.csv,write-in or non-candidate ballot accounting row
2018,Indiana,IN,9,US House,Johnson,18081,Johnson,0031 HENSLEY 3,UNDERVOTES,,,UNSPECIFIED,6,HOUSE_precinct_general.csv,write-in or non-candidate ballot accounting row
2018,Indiana,IN,9,US House,Johnson,18081,Johnson,0032 NEEDHAM 1,OVERVOTES,,,UNSPECIFIED,0,HOUSE_precinct_general.csv,write-in or non-candidate ballot accounting row
2018,Indiana,IN,9,US House,Johnson,18081,Johnson,0032 NEEDHAM 1,UNDERVOTES,,,UNSPECIFIED,4,HOUSE_precinct_general.csv,write-in or non-candidate ballot accounting row
2018,Indiana,IN,9,US House,Johnson,18081,Johnson,0033 NEEDHAM 2,OVERVOTES,,,UNSPECIFIED,0,HOUSE_precinct_general.csv,write-in or non-candidate ballot accounting row
2018,Indiana,IN,9,US House,Johnson,18081,Johnson,0033 NEEDHAM 2,UNDERVOTES,,,UNSPECIFIED,3,HOUSE_precinct_general.csv,write-in or non-candidate ballot accounting row
2018,Indiana,IN,9,US House,Johnson,18081,Johnson,0034 NEEDHAM 3,OVERVOTES,,,UNSPECIFIED,0,HOUSE_precinct_general.csv,write-in or non-candidate ballot accounting row
2018,Indiana,IN,9,US House,Johnson,18081,Johnson,0034 NEEDHAM 3,UNDERVOTES,,,UNSPECIFIED,1,HOUSE_precinct_general.csv,write-in or non-candidate ballot accounting row
2018,Indiana,IN,9,US House,Johnson,18081,Johnson,0035 NEEDHAM 4,OVERVOTES,,,UNSPECIFIED,0,HOUSE_precinct_general.csv,write-in or non-candidate ballot accounting row
2018,Indiana,IN,9,US House,Johnson,18081,Johnson,0035 NEEDHAM 4,UNDERVOTES,,,UNSPECIFIED,10,HOUSE_precinct_general.csv,write-in or non-candidate ballot accounting row
2018,Indiana,IN,9,US House,Johnson,18081,Johnson,0036 NEEDHAM 5,OVERVOTES,,,UNSPECIFIED,0,HOUSE_precinct_general.csv,write-in or non-candidate ballot accounting row
2018,Indiana,IN,9,US House,Johnson,18081,Johnson,0036 NEEDHAM 5,UNDERVOTES,,,UNSPECIFIED,8,HOUSE_precinct_general.csv,write-in or non-candidate ballot accounting row
2018,Indiana,IN,9,US House,Johnson,18081,Johnson,0037 NINEVEH 1,OVERVOTES,,,UNSPECIFIED,0,HOUSE_precinct_general.csv,write-in or non-candidate ballot accounting row
2018,Indiana,IN,9,US House,Johnson,18081,Johnson,0037 NINEVEH 1,UNDERVOTES,,,UNSPECIFIED,3,HOUSE_precinct_general.csv,write-in or non-candidate ballot accounting row
2018,Indiana,IN,9,US House,Johnson,18081,Johnson,0038 NINEVEH 2,OVERVOTES,,,UNSPECIFIED,0,HOUSE_precinct_general.csv,write-in or non-candidate ballot accounting row
2018,Indiana,IN,9,US House,Johnson,18081,Johnson,0038 NINEVEH 2,UNDERVOTES,,,UNSPECIFIED,6,HOUSE_precinct_general.csv,write-in or non-candidate ballot accounting row
2018,Indiana,IN,9,US House,Johnson,18081,Johnson,0039 NINEVEH 3,OVERVOTES,,,UNSPECIFIED,0,HOUSE_precinct_general.csv,write-in or non-candidate ballot accounting row
2018,Indiana,IN,9,US House,Johnson,18081,Johnson,0039 NINEVEH 3,UNDERVOTES,,,UNSPECIFIED,4,HOUSE_precinct_general.csv,write-in or non-candidate ballot accounting row
2018,Indiana,IN,9,US House,Johnson,18081,Johnson,0040 PLEASANT 1,OVERVOTES,,,UNSPECIFIED,0,HOUSE_precinct_general.csv,write-in or non-candidate ballot accounting row
2018,Indiana,IN,9,US House,Johnson,18081,Johnson,0040 PLEASANT 1,UNDERVOTES,,,UNSPECIFIED,3,HOUSE_precinct_general.csv,write-in or non-candidate ballot accounting row
2018,Indiana,IN,9,US House,Johnson,18081,Johnson,0041 PLEASANT 2,OVERVOTES,,,UNSPECIFIED,0,HOUSE_precinct_general.csv,write-in or non-candidate ballot accounting row
2018,Indiana,IN,9,US House,Johnson,18081,Johnson,0041 PLEASANT 2,UNDERVOTES,,,UNSPECIFIED,2,HOUSE_precinct_general.csv,write-in or non-candidate ballot accounting row
2018,Indiana,IN,9,US House,Johnson,18081,Johnson,0042 PLEASANT 3,OVERVOTES,,,UNSPECIFIED,0,HOUSE_precinct_general.csv,write-in or non-candidate ballot accounting row
2018,Indiana,IN,9,US House,Johnson,18081,Johnson,0042 PLEASANT 3,UNDERVOTES,,,UNSPECIFIED,5,HOUSE_precinct_general.csv,write-in or non-candidate ballot accounting row
2018,Indiana,IN,9,US House,Johnson,18081,Johnson,0043 PLEASANT 4,OVERVOTES,,,UNSPECIFIED,0,HOUSE_precinct_general.csv,write-in or non-candidate ballot accounting row
2018,Indiana,IN,9,US House,Johnson,18081,Johnson,0043 PLEASANT 4,UNDERVOTES,,,UNSPECIFIED,2,HOUSE_precinct_general.csv,write-in or non-candidate ballot accounting row
2018,Indiana,IN,9,US House,Johnson,18081,Johnson,0044 PLEASANT 5,OVERVOTES,,,UNSPECIFIED,0,HOUSE_precinct_general.csv,write-in or non-candidate ballot accounting row
2018,Indiana,IN,9,US House,Johnson,18081,Johnson,0044 PLEASANT 5,UNDERVOTES,,,UNSPECIFIED,3,HOUSE_precinct_general.csv,write-in or non-candidate ballot accounting row
2018,Indiana,IN,9,US House,Johnson,18081,Johnson,0045 PLEASANT 6,OVERVOTES,,,UNSPECIFIED,0,HOUSE_precinct_general.csv,write-in or non-candidate ballot accounting row
2018,Indiana,IN,9,US House,Johnson,18081,Johnson,0045 PLEASANT 6,UNDERVOTES,,,UNSPECIFIED,4,HOUSE_precinct_general.csv,write-in or non-candidate ballot accounting row
2018,Indiana,IN,9,US House,Johnson,18081,Johnson,0056 PLEASANT 17,OVERVOTES,,,UNSPECIFIED,0,HOUSE_precinct_general.csv,write-in or non-candidate ballot accounting row
2018,Indiana,IN,9,US House,Johnson,18081,Johnson,0056 PLEASANT 17,UNDERVOTES,,,UNSPECIFIED,3,HOUSE_precinct_general.csv,write-in or non-candidate ballot accounting row
2018,Indiana,IN,9,US House,Johnson,18081,Johnson,0058 PLEASANT 19,OVERVOTES,,,UNSPECIFIED,0,HOUSE_precinct_general.csv,write-in or non-candidate ballot accounting row
2018,Indiana,IN,9,US House,Johnson,18081,Johnson,0058 PLEASANT 19,UNDERVOTES,,,UNSPECIFIED,7,HOUSE_precinct_general.csv,write-in or non-candidate ballot accounting row
2018,Indiana,IN,9,US House,Johnson,18081,Johnson,0060 PLEASANT 21,OVERVOTES,,,UNSPECIFIED,0,HOUSE_precinct_general.csv,write-in or non-candidate ballot accounting row
2018,Indiana,IN,9,US House,Johnson,18081,Johnson,0060 PLEASANT 21,UNDERVOTES,,,UNSPECIFIED,5,HOUSE_precinct_general.csv,write-in or non-candidate ballot accounting row
2018,Indiana,IN,9,US House,Johnson,18081,Johnson,0063 PLEASANT 24,OVERVOTES,,,UNSPECIFIED,0,HOUSE_precinct_general.csv,write-in or non-candidate ballot accounting row
2018,Indiana,IN,9,US House,Johnson,18081,Johnson,0063 PLEASANT 24,UNDERVOTES,,,UNSPECIFIED,2,HOUSE_precinct_general.csv,write-in or non-candidate ballot accounting row
2018,Indiana,IN,9,US House,Johnson,18081,Johnson,0064 PLEASANT 25,OVERVOTES,,,UNSPECIFIED,0,HOUSE_precinct_general.csv,write-in or non-candidate ballot accounting row
2018,Indiana,IN,9,US House,Johnson,18081,Johnson,0064 PLEASANT 25,UNDERVOTES,,,UNSPECIFIED,1,HOUSE_precinct_general.csv,write-in or non-candidate ballot accounting row
2018,Indiana,IN,9,US House,Johnson,18081,Johnson,0066 PLEASANT 27,OVERVOTES,,,UNSPECIFIED,0,HOUSE_precinct_general.csv,write-in or non-candidate ballot accounting row
2018,Indiana,IN,9,US House,Johnson,18081,Johnson,0066 PLEASANT 27,UNDERVOTES,,,UNSPECIFIED,1,HOUSE_precinct_general.csv,write-in or non-candidate ballot accounting row
2018,Indiana,IN,9,US House,Johnson,18081,Johnson,0067 PLEASANT 28,OVERVOTES,,,UNSPECIFIED,0,HOUSE_precinct_general.csv,write-in or non-candidate ballot accounting row
2018,Indiana,IN,9,US House,Johnson,18081,Johnson,0067 PLEASANT 28,UNDERVOTES,,,UNSPECIFIED,6,HOUSE_precinct_general.csv,write-in or non-candidate ballot accounting row
2018,Indiana,IN,9,US House,Johnson,18081,Johnson,0068 PLEASANT 29,OVERVOTES,,,UNSPECIFIED,0,HOUSE_precinct_general.csv,write-in or non-candidate ballot accounting row
2018,Indiana,IN,9,US House,Johnson,18081,Johnson,0068 PLEASANT 29,UNDERVOTES,,,UNSPECIFIED,5,HOUSE_precinct_general.csv,write-in or non-candidate ballot accounting row
2018,Indiana,IN,9,US House,Johnson,18081,Johnson,0069 PLEASANT 30,OVERVOTES,,,UNSPECIFIED,0,HOUSE_precinct_general.csv,write-in or non-candidate ballot accounting row
2018,Indiana,IN,9,US House,Johnson,18081,Johnson,0069 PLEASANT 30,UNDERVOTES,,,UNSPECIFIED,4,HOUSE_precinct_general.csv,write-in or non-candidate ballot accounting row
2018,Indiana,IN,9,US House,Johnson,18081,Johnson,0071 PLEASANT 32,OVERVOTES,,,UNSPECIFIED,0,HOUSE_precinct_general.csv,write-in or non-candidate ballot accounting row
2018,Indiana,IN,9,US House,Johnson,18081,Johnson,0071 PLEASANT 32,UNDERVOTES,,,UNSPECIFIED,2,HOUSE_precinct_general.csv,write-in or non-candidate ballot accounting row
2018,Indiana,IN,9,US House,Johnson,18081,Johnson,0074 PLEASANT 35,OVERVOTES,,,UNSPECIFIED,0,HOUSE_precinct_general.csv,write-in or non-candidate ballot accounting row
2018,Indiana,IN,9,US House,Johnson,18081,Johnson,0074 PLEASANT 35,UNDERVOTES,,,UNSPECIFIED,3,HOUSE_precinct_general.csv,write-in or non-candidate ballot accounting row
2018,Indiana,IN,9,US House,Johnson,18081,Johnson,0077 PLEASANT 38,OVERVOTES,,,UNSPECIFIED,0,HOUSE_precinct_general.csv,write-in or non-candidate ballot accounting row
2018,Indiana,IN,9,US House,Johnson,18081,Johnson,0077 PLEASANT 38,UNDERVOTES,,,UNSPECIFIED,3,HOUSE_precinct_general.csv,write-in or non-candidate ballot accounting row
2018,Indiana,IN,9,US House,Johnson,18081,Johnson,0078 PLEASANT 39,OVERVOTES,,,UNSPECIFIED,0,HOUSE_precinct_general.csv,write-in or non-candidate ballot accounting row
2018,Indiana,IN,9,US House,Johnson,18081,Johnson,0078 PLEASANT 39,UNDERVOTES,,,UNSPECIFIED,2,HOUSE_precinct_general.csv,write-in or non-candidate ballot accounting row
2018,Indiana,IN,9,US House,Johnson,18081,Johnson,0080 PLEASANT 41,OVERVOTES,,,UNSPECIFIED,0,HOUSE_precinct_general.csv,write-in or non-candidate ballot accounting row
2018,Indiana,IN,9,US House,Johnson,18081,Johnson,0080 PLEASANT 41,UNDERVOTES,,,UNSPECIFIED,0,HOUSE_precinct_general.csv,write-in or non-candidate ballot accounting row
2018,Indiana,IN,9,US House,Johnson,18081,Johnson,0082 PLEASANT 43,UNDERVOTES,,,UNSPECIFIED,4,HOUSE_precinct_general.csv,write-in or non-candidate ballot accounting row
2018,Indiana,IN,9,US House,Johnson,18081,Johnson,0083 PLEASANT 44,OVERVOTES,,,UNSPECIFIED,0,HOUSE_precinct_general.csv,write-in or non-candidate ballot accounting row
2018,Indiana,IN,9,US House,Johnson,18081,Johnson,0083 PLEASANT 44,UNDERVOTES,,,UNSPECIFIED,4,HOUSE_precinct_general.csv,write-in or non-candidate ballot accounting row
2018,Indiana,IN,9,US House,Johnson,18081,Johnson,0085 PLEASANT 46,OVERVOTES,,,UNSPECIFIED,0,HOUSE_precinct_general.csv,write-in or non-candidate ballot accounting row
2018,Indiana,IN,9,US House,Johnson,18081,Johnson,0085 PLEASANT 46,UNDERVOTES,,,UNSPECIFIED,7,HOUSE_precinct_general.csv,write-in or non-candidate ballot accounting row
2018,Indiana,IN,9,US House,Johnson,18081,Johnson,0088 PLEASANT 49,OVERVOTES,,,UNSPECIFIED,0,HOUSE_precinct_general.csv,write-in or non-candidate ballot accounting row
2018,Indiana,IN,9,US House,Johnson,18081,Johnson,0088 PLEASANT 49,UNDERVOTES,,,UNSPECIFIED,3,HOUSE_precinct_general.csv,write-in or non-candidate ballot accounting row
2018,Indiana,IN,9,US House,Johnson,18081,Johnson,0089 UNION 1,OVERVOTES,,,UNSPECIFIED,0,HOUSE_precinct_general.csv,write-in or non-candidate ballot accounting row
2018,Indiana,IN,9,US House,Johnson,18081,Johnson,0089 UNION 1,UNDERVOTES,,,UNSPECIFIED,5,HOUSE_precinct_general.csv,write-in or non-candidate ballot accounting row
2018,Indiana,IN,9,US House,Johnson,18081,Johnson,0092 WHITE RIVER 1,OVERVOTES,,,UNSPECIFIED,0,HOUSE_precinct_general.csv,write-in or non-candidate ballot accounting row
2018,Indiana,IN,9,US House,Johnson,18081,Johnson,0092 WHITE RIVER 1,UNDERVOTES,,,UNSPECIFIED,0,HOUSE_precinct_general.csv,write-in or non-candidate ballot accounting row
2018,Indiana,IN,9,US House,Johnson,18081,Johnson,0093 WHITE RIVER 2,OVERVOTES,,,UNSPECIFIED,0,HOUSE_precinct_general.csv,write-in or non-candidate ballot accounting row
2018,Indiana,IN,9,US House,Johnson,18081,Johnson,0097 WHITE RIVER 6,OVERVOTES,,,UNSPECIFIED,0,HOUSE_precinct_general.csv,write-in or non-candidate ballot accounting row
2018,Indiana,IN,9,US House,Johnson,18081,Johnson,0097 WHITE RIVER 6,UNDERVOTES,,,UNSPECIFIED,2,HOUSE_precinct_general.csv,write-in or non-candidate ballot accounting row
2018,Indiana,IN,9,US House,Johnson,18081,Johnson,0098 WHITE RIVER 7,OVERVOTES,,,UNSPECIFIED,0,HOUSE_precinct_general.csv,write-in or non-candidate ballot accounting row
2018,Indiana,IN,9,US House,Johnson,18081,Johnson,0098 WHITE RIVER 7,UNDERVOTES,,,UNSPECIFIED,2,HOUSE_precinct_general.csv,write-in or non-candidate ballot accounting row
2018,Indiana,IN,9,US House,Johnson,18081,Johnson,0101 WHITE RIVER 10,OVERVOTES,,,UNSPECIFIED,0,HOUSE_precinct_general.csv,write-in or non-candidate ballot accounting row
2018,Indiana,IN,9,US House,Johnson,18081,Johnson,0101 WHITE RIVER 10,UNDERVOTES,,,UNSPECIFIED,5,HOUSE_precinct_general.csv,write-in or non-candidate ballot accounting row
2018,Indiana,IN,9,US House,Johnson,18081,Johnson,0102 WHITE RIVER 11,OVERVOTES,,,UNSPECIFIED,0,HOUSE_precinct_general.csv,write-in or non-candidate ballot accounting row
2018,Indiana,IN,9,US House,Johnson,18081,Johnson,0102 WHITE RIVER 11,UNDERVOTES,,,UNSPECIFIED,9,HOUSE_precinct_general.csv,write-in or non-candidate ballot accounting row
2018,Indiana,IN,9,US House,Johnson,18081,Johnson,0105 WHITE RIVER 14,OVERVOTES,,,UNSPECIFIED,0,HOUSE_precinct_general.csv,write-in or non-candidate ballot accounting row
2018,Indiana,IN,9,US House,Johnson,18081,Johnson,0105 WHITE RIVER 14,UNDERVOTES,,,UNSPECIFIED,0,HOUSE_precinct_general.csv,write-in or non-candidate ballot accounting row
2018,Indiana,IN,9,US House,Johnson,18081,Johnson,0106 WHITE RIVER 15,OVERVOTES,,,UNSPECIFIED,0,HOUSE_precinct_general.csv,write-in or non-candidate ballot accounting row
2018,Indiana,IN,9,US House,Johnson,18081,Johnson,0106 WHITE RIVER 15,UNDERVOTES,,,UNSPECIFIED,10,HOUSE_precinct_general.csv,write-in or non-candidate ballot accounting row
2018,Indiana,IN,9,US House,Johnson,18081,Johnson,0109 WHITE RIVER 18,OVERVOTES,,,UNSPECIFIED,0,HOUSE_precinct_general.csv,write-in or non-candidate ballot accounting row
2018,Indiana,IN,9,US House,Johnson,18081,Johnson,0109 WHITE RIVER 18,UNDERVOTES,,,UNSPECIFIED,3,HOUSE_precinct_general.csv,write-in or non-candidate ballot accounting row
2018,Indiana,IN,9,US House,Johnson,18081,Johnson,0110 WHITE RIVER 19,OVERVOTES,,,UNSPECIFIED,0,HOUSE_precinct_general.csv,write-in or non-candidate ballot accounting row
2018,Indiana,IN,9,US House,Johnson,18081,Johnson,0110 WHITE RIVER 19,UNDERVOTES,,,UNSPECIFIED,2,HOUSE_precinct_general.csv,write-in or non-candidate ballot accounting row
2018,Indiana,IN,9,US House,Johnson,18081,Johnson,0113 WHITE RIVER 22,OVERVOTES,,,UNSPECIFIED,0,HOUSE_precinct_general.csv,write-in or non-candidate ballot accounting row
2018,Indiana,IN,9,US House,Johnson,18081,Johnson,0113 WHITE RIVER 22,UNDERVOTES,,,UNSPECIFIED,2,HOUSE_precinct_general.csv,write-in or non-candidate ballot accounting row
2018,Indiana,IN,9,US House,Johnson,18081,Johnson,0114 WHITE RIVER 23,OVERVOTES,,,UNSPECIFIED,0,HOUSE_precinct_general.csv,write-in or non-candidate ballot accounting row
2018,Indiana,IN,9,US House,Johnson,18081,Johnson,0114 WHITE RIVER 23,UNDERVOTES,,,UNSPECIFIED,4,HOUSE_precinct_general.csv,write-in or non-candidate ballot accounting row
2018,Indiana,IN,9,US House,Johnson,18081,Johnson,0117 WHITE RIVER 26,OVERVOTES,,,UNSPECIFIED,0,HOUSE_precinct_general.csv,write-in or non-candidate ballot accounting row
2018,Indiana,IN,9,US House,Johnson,18081,Johnson,0117 WHITE RIVER 26,UNDERVOTES,,,UNSPECIFIED,2,HOUSE_precinct_general.csv,write-in or non-candidate ballot accounting row
2018,Indiana,IN,9,US House,Johnson,18081,Johnson,0118 WHITE RIVER 27,OVERVOTES,,,UNSPECIFIED,0,HOUSE_precinct_general.csv,write-in or non-candidate ballot accounting row
2018,Indiana,IN,9,US House,Johnson,18081,Johnson,0118 WHITE RIVER 27,UNDERVOTES,,,UNSPECIFIED,4,HOUSE_precinct_general.csv,write-in or non-candidate ballot accounting row
2018,Indiana,IN,9,US House,Johnson,18081,Johnson,0121 WHITE RIVER 30,OVERVOTES,,,UNSPECIFIED,0,HOUSE_precinct_general.csv,write-in or non-candidate ballot accounting row
2018,Indiana,IN,9,US House,Johnson,18081,Johnson,0121 WHITE RIVER 30,UNDERVOTES,,,UNSPECIFIED,1,HOUSE_precinct_general.csv,write-in or non-candidate ballot accounting row
2018,Indiana,IN,9,US House,Johnson,18081,Johnson,0122 WHITE RIVER 31,OVERVOTES,,,UNSPECIFIED,0,HOUSE_precinct_general.csv,write-in or non-candidate ballot accounting row
2018,Indiana,IN,9,US House,Johnson,18081,Johnson,0122 WHITE RIVER 31,UNDERVOTES,,,UNSPECIFIED,1,HOUSE_precinct_general.csv,write-in or non-candidate ballot accounting row
2018,Indiana,IN,9,US House,Johnson,18081,Johnson,0126 WHITE RIVER 35,OVERVOTES,,,UNSPECIFIED,0,HOUSE_precinct_general.csv,write-in or non-candidate ballot accounting row
2018,Indiana,IN,9,US House,Johnson,18081,Johnson,0126 WHITE RIVER 35,UNDERVOTES,,,UNSPECIFIED,11,HOUSE_precinct_general.csv,write-in or non-candidate ballot accounting row
2018,Indiana,IN,9,US House,Johnson,18081,Johnson,0127 WHITE RIVER 36,OVERVOTES,,,UNSPECIFIED,0,HOUSE_precinct_general.csv,write-in or non-candidate ballot accounting row
2018,Indiana,IN,9,US House,Johnson,18081,Johnson,0127 WHITE RIVER 36,UNDERVOTES,,,UNSPECIFIED,6,HOUSE_precinct_general.csv,write-in or non-candidate ballot accounting row
2018,Indiana,IN,9,US House,Johnson,18081,Johnson,0130 WHITE RIVER 39,OVERVOTES,,,UNSPECIFIED,0,HOUSE_precinct_general.csv,write-in or non-candidate ballot accounting row
2018,Indiana,IN,9,US House,Johnson,18081,Johnson,0130 WHITE RIVER 39,UNDERVOTES,,,UNSPECIFIED,11,HOUSE_precinct_general.csv,write-in or non-candidate ballot accounting row
2018,Indiana,IN,9,US House,Johnson,18081,Johnson,0131 WHITE RIVER 40,OVERVOTES,,,UNSPECIFIED,0,HOUSE_precinct_general.csv,write-in or non-candidate ballot accounting row
2018,Indiana,IN,9,US House,Johnson,18081,Johnson,0131 WHITE RIVER 40,UNDERVOTES,,,UNSPECIFIED,2,HOUSE_precinct_general.csv,write-in or non-candidate ballot accounting row
2018,Indiana,IN,9,US House,Johnson,18081,Johnson,0134 WHITE RIVER 43,OVERVOTES,,,UNSPECIFIED,0,HOUSE_precinct_general.csv,write-in or non-candidate ballot accounting row
2018,Indiana,IN,9,US House,Johnson,18081,Johnson,0134 WHITE RIVER 43,UNDERVOTES,,,UNSPECIFIED,1,HOUSE_precinct_general.csv,write-in or non-candidate ballot accounting row
2018,Indiana,IN,9,US House,Johnson,18081,Johnson,0046 PLEASANT 7,OVERVOTES,,,UNSPECIFIED,0,HOUSE_precinct_general.csv,write-in or non-candidate ballot accounting row
2018,Indiana,IN,9,US House,Johnson,18081,Johnson,0046 PLEASANT 7,UNDERVOTES,,,UNSPECIFIED,4,HOUSE_precinct_general.csv,write-in or non-candidate ballot accounting row
2018,Indiana,IN,9,US House,Johnson,18081,Johnson,0047 PLEASANT 8,OVERVOTES,,,UNSPECIFIED,0,HOUSE_precinct_general.csv,write-in or non-candidate ballot accounting row
2018,Indiana,IN,9,US House,Johnson,18081,Johnson,0047 PLEASANT 8,UNDERVOTES,,,UNSPECIFIED,13,HOUSE_precinct_general.csv,write-in or non-candidate ballot accounting row
2018,Indiana,IN,9,US House,Johnson,18081,Johnson,0048 PLEASANT 9,OVERVOTES,,,UNSPECIFIED,0,HOUSE_precinct_general.csv,write-in or non-candidate ballot accounting row
2018,Indiana,IN,9,US House,Johnson,18081,Johnson,0048 PLEASANT 9,UNDERVOTES,,,UNSPECIFIED,4,HOUSE_precinct_general.csv,write-in or non-candidate ballot accounting row
2018,Indiana,IN,9,US House,Johnson,18081,Johnson,0049 PLEASANT 10,OVERVOTES,,,UNSPECIFIED,0,HOUSE_precinct_general.csv,write-in or non-candidate ballot accounting row
2018,Indiana,IN,9,US House,Johnson,18081,Johnson,0049 PLEASANT 10,UNDERVOTES,,,UNSPECIFIED,1,HOUSE_precinct_general.csv,write-in or non-candidate ballot accounting row
2018,Indiana,IN,9,US House,Johnson,18081,Johnson,0050 PLEASANT 11,OVERVOTES,,,UNSPECIFIED,0,HOUSE_precinct_general.csv,write-in or non-candidate ballot accounting row
2018,Indiana,IN,9,US House,Johnson,18081,Johnson,0050 PLEASANT 11,UNDERVOTES,,,UNSPECIFIED,7,HOUSE_precinct_general.csv,write-in or non-candidate ballot accounting row
2018,Indiana,IN,9,US House,Johnson,18081,Johnson,0051 PLEASANT 12,OVERVOTES,,,UNSPECIFIED,0,HOUSE_precinct_general.csv,write-in or non-candidate ballot accounting row
2018,Indiana,IN,9,US House,Johnson,18081,Johnson,0051 PLEASANT 12,UNDERVOTES,,,UNSPECIFIED,5,HOUSE_precinct_general.csv,write-in or non-candidate ballot accounting row
2018,Indiana,IN,9,US House,Johnson,18081,Johnson,0052 PLEASANT 13,OVERVOTES,,,UNSPECIFIED,0,HOUSE_precinct_general.csv,write-in or non-candidate ballot accounting row
2018,Indiana,IN,9,US House,Johnson,18081,Johnson,0052 PLEASANT 13,UNDERVOTES,,,UNSPECIFIED,3,HOUSE_precinct_general.csv,write-in or non-candidate ballot accounting row
2018,Indiana,IN,9,US House,Johnson,18081,Johnson,0053 PLEASANT 14,OVERVOTES,,,UNSPECIFIED,0,HOUSE_precinct_general.csv,write-in or non-candidate ballot accounting row
2018,Indiana,IN,9,US House,Johnson,18081,Johnson,0053 PLEASANT 14,UNDERVOTES,,,UNSPECIFIED,3,HOUSE_precinct_general.csv,write-in or non-candidate ballot accounting row
2018,Indiana,IN,9,US House,Johnson,18081,Johnson,0054 PLEASANT 15,OVERVOTES,,,UNSPECIFIED,0,HOUSE_precinct_general.csv,write-in or non-candidate ballot accounting row
2018,Indiana,IN,9,US House,Johnson,18081,Johnson,0054 PLEASANT 15,UNDERVOTES,,,UNSPECIFIED,1,HOUSE_precinct_general.csv,write-in or non-candidate ballot accounting row
2018,Indiana,IN,9,US House,Johnson,18081,Johnson,0055 PLEASANT 16,OVERVOTES,,,UNSPECIFIED,0,HOUSE_precinct_general.csv,write-in or non-candidate ballot accounting row
2018,Indiana,IN,9,US House,Johnson,18081,Johnson,0055 PLEASANT 16,UNDERVOTES,,,UNSPECIFIED,3,HOUSE_precinct_general.csv,write-in or non-candidate ballot accounting row
2018,Indiana,IN,9,US House,Johnson,18081,Johnson,0057 PLEASANT 18,OVERVOTES,,,UNSPECIFIED,0,HOUSE_precinct_general.csv,write-in or non-candidate ballot accounting row
2018,Indiana,IN,9,US House,Johnson,18081,Johnson,0057 PLEASANT 18,UNDERVOTES,,,UNSPECIFIED,4,HOUSE_precinct_general.csv,write-in or non-candidate ballot accounting row
2018,Indiana,IN,9,US House,Johnson,18081,Johnson,0059 PLEASANT 20,OVERVOTES,,,UNSPECIFIED,0,HOUSE_precinct_general.csv,write-in or non-candidate ballot accounting row
2018,Indiana,IN,9,US House,Johnson,18081,Johnson,0059 PLEASANT 20,UNDERVOTES,,,UNSPECIFIED,2,HOUSE_precinct_general.csv,write-in or non-candidate ballot accounting row
2018,Indiana,IN,9,US House,Johnson,18081,Johnson,0061 PLEASANT 22,OVERVOTES,,,UNSPECIFIED,0,HOUSE_precinct_general.csv,write-in or non-candidate ballot accounting row
2018,Indiana,IN,9,US House,Johnson,18081,Johnson,0061 PLEASANT 22,UNDERVOTES,,,UNSPECIFIED,7,HOUSE_precinct_general.csv,write-in or non-candidate ballot accounting row
2018,Indiana,IN,9,US House,Johnson,18081,Johnson,0062 PLEASANT 23,OVERVOTES,,,UNSPECIFIED,0,HOUSE_precinct_general.csv,write-in or non-candidate ballot accounting row
2018,Indiana,IN,9,US House,Johnson,18081,Johnson,0062 PLEASANT 23,UNDERVOTES,,,UNSPECIFIED,2,HOUSE_precinct_general.csv,write-in or non-candidate ballot accounting row
2018,Indiana,IN,9,US House,Johnson,18081,Johnson,0065 PLEASANT 26,OVERVOTES,,,UNSPECIFIED,0,HOUSE_precinct_general.csv,write-in or non-candidate ballot accounting row
2018,Indiana,IN,9,US House,Johnson,18081,Johnson,0065 PLEASANT 26,UNDERVOTES,,,UNSPECIFIED,2,HOUSE_precinct_general.csv,write-in or non-candidate ballot accounting row
2018,Indiana,IN,9,US House,Johnson,18081,Johnson,0070 PLEASANT 31,OVERVOTES,,,UNSPECIFIED,0,HOUSE_precinct_general.csv,write-in or non-candidate ballot accounting row
2018,Indiana,IN,9,US House,Johnson,18081,Johnson,0070 PLEASANT 31,UNDERVOTES,,,UNSPECIFIED,4,HOUSE_precinct_general.csv,write-in or non-candidate ballot accounting row
2018,Indiana,IN,9,US House,Johnson,18081,Johnson,0072 PLEASANT 33,OVERVOTES,,,UNSPECIFIED,0,HOUSE_precinct_general.csv,write-in or non-candidate ballot accounting row
2018,Indiana,IN,9,US House,Johnson,18081,Johnson,0072 PLEASANT 33,UNDERVOTES,,,UNSPECIFIED,4,HOUSE_precinct_general.csv,write-in or non-candidate ballot accounting row
2018,Indiana,IN,9,US House,Johnson,18081,Johnson,0073 PLEASANT 34,OVERVOTES,,,UNSPECIFIED,0,HOUSE_precinct_general.csv,write-in or non-candidate ballot accounting row
2018,Indiana,IN,9,US House,Johnson,18081,Johnson,0073 PLEASANT 34,UNDERVOTES,,,UNSPECIFIED,5,HOUSE_precinct_general.csv,write-in or non-candidate ballot accounting row
2018,Indiana,IN,9,US House,Johnson,18081,Johnson,0075 PLEASANT 36,OVERVOTES,,,UNSPECIFIED,0,HOUSE_precinct_general.csv,write-in or non-candidate ballot accounting row
2018,Indiana,IN,9,US House,Johnson,18081,Johnson,0075 PLEASANT 36,UNDERVOTES,,,UNSPECIFIED,1,HOUSE_precinct_general.csv,write-in or non-candidate ballot accounting row
2018,Indiana,IN,9,US House,Johnson,18081,Johnson,0076 PLEASANT 37,OVERVOTES,,,UNSPECIFIED,0,HOUSE_precinct_general.csv,write-in or non-candidate ballot accounting row
2018,Indiana,IN,9,US House,Johnson,18081,Johnson,0076 PLEASANT 37,UNDERVOTES,,,UNSPECIFIED,1,HOUSE_precinct_general.csv,write-in or non-candidate ballot accounting row
2018,Indiana,IN,9,US House,Johnson,18081,Johnson,0079 PLEASANT 40,OVERVOTES,,,UNSPECIFIED,0,HOUSE_precinct_general.csv,write-in or non-candidate ballot accounting row
2018,Indiana,IN,9,US House,Johnson,18081,Johnson,0079 PLEASANT 40,UNDERVOTES,,,UNSPECIFIED,6,HOUSE_precinct_general.csv,write-in or non-candidate ballot accounting row
2018,Indiana,IN,9,US House,Johnson,18081,Johnson,0081 PLEASANT 42,OVERVOTES,,,UNSPECIFIED,0,HOUSE_precinct_general.csv,write-in or non-candidate ballot accounting row
2018,Indiana,IN,9,US House,Johnson,18081,Johnson,0081 PLEASANT 42,UNDERVOTES,,,UNSPECIFIED,2,HOUSE_precinct_general.csv,write-in or non-candidate ballot accounting row
2018,Indiana,IN,9,US House,Johnson,18081,Johnson,0082 PLEASANT 43,OVERVOTES,,,UNSPECIFIED,0,HOUSE_precinct_general.csv,write-in or non-candidate ballot accounting row
2018,Indiana,IN,9,US House,Johnson,18081,Johnson,0084 PLEASANT 45,OVERVOTES,,,UNSPECIFIED,0,HOUSE_precinct_general.csv,write-in or non-candidate ballot accounting row
2018,Indiana,IN,9,US House,Johnson,18081,Johnson,0084 PLEASANT 45,UNDERVOTES,,,UNSPECIFIED,7,HOUSE_precinct_general.csv,write-in or non-candidate ballot accounting row
2018,Indiana,IN,9,US House,Johnson,18081,Johnson,0086 PLEASANT 47,OVERVOTES,,,UNSPECIFIED,0,HOUSE_precinct_general.csv,write-in or non-candidate ballot accounting row
2018,Indiana,IN,9,US House,Johnson,18081,Johnson,0086 PLEASANT 47,UNDERVOTES,,,UNSPECIFIED,4,HOUSE_precinct_general.csv,write-in or non-candidate ballot accounting row
2018,Indiana,IN,9,US House,Johnson,18081,Johnson,0087 PLEASANT 48,OVERVOTES,,,UNSPECIFIED,0,HOUSE_precinct_general.csv,write-in or non-candidate ballot accounting row
2018,Indiana,IN,9,US House,Johnson,18081,Johnson,0087 PLEASANT 48,UNDERVOTES,,,UNSPECIFIED,2,HOUSE_precinct_general.csv,write-in or non-candidate ballot accounting row
2018,Indiana,IN,9,US House,Johnson,18081,Johnson,0090 UNION 2,OVERVOTES,,,UNSPECIFIED,0,HOUSE_precinct_general.csv,write-in or non-candidate ballot accounting row
2018,Indiana,IN,9,US House,Johnson,18081,Johnson,0090 UNION 2,UNDERVOTES,,,UNSPECIFIED,4,HOUSE_precinct_general.csv,write-in or non-candidate ballot accounting row
2018,Indiana,IN,9,US House,Johnson,18081,Johnson,0091 UNION 3,OVERVOTES,,,UNSPECIFIED,0,HOUSE_precinct_general.csv,write-in or non-candidate ballot accounting row
2018,Indiana,IN,9,US House,Johnson,18081,Johnson,0091 UNION 3,UNDERVOTES,,,UNSPECIFIED,3,HOUSE_precinct_general.csv,write-in or non-candidate ballot accounting row
2018,Indiana,IN,9,US House,Johnson,18081,Johnson,0094 WHITE RIVER 3,OVERVOTES,,,UNSPECIFIED,0,HOUSE_precinct_general.csv,write-in or non-candidate ballot accounting row
2018,Indiana,IN,9,US House,Johnson,18081,Johnson,0094 WHITE RIVER 3,UNDERVOTES,,,UNSPECIFIED,3,HOUSE_precinct_general.csv,write-in or non-candidate ballot accounting row
2018,Indiana,IN,9,US House,Johnson,18081,Johnson,0095 WHITE RIVER 4,OVERVOTES,,,UNSPECIFIED,0,HOUSE_precinct_general.csv,write-in or non-candidate ballot accounting row
2018,Indiana,IN,9,US House,Johnson,18081,Johnson,0095 WHITE RIVER 4,UNDERVOTES,,,UNSPECIFIED,0,HOUSE_precinct_general.csv,write-in or non-candidate ballot accounting row
2018,Indiana,IN,9,US House,Johnson,18081,Johnson,0096 WHITE RIVER 5,OVERVOTES,,,UNSPECIFIED,0,HOUSE_precinct_general.csv,write-in or non-candidate ballot accounting row
2018,Indiana,IN,9,US House,Johnson,18081,Johnson,0096 WHITE RIVER 5,UNDERVOTES,,,UNSPECIFIED,2,HOUSE_precinct_general.csv,write-in or non-candidate ballot accounting row
2018,Indiana,IN,9,US House,Johnson,18081,Johnson,0099 WHITE RIVER 8,OVERVOTES,,,UNSPECIFIED,0,HOUSE_precinct_general.csv,write-in or non-candidate ballot accounting row
2018,Indiana,IN,9,US House,Johnson,18081,Johnson,0099 WHITE RIVER 8,UNDERVOTES,,,UNSPECIFIED,6,HOUSE_precinct_general.csv,write-in or non-candidate ballot accounting row
2018,Indiana,IN,9,US House,Johnson,18081,Johnson,0100 WHITE RIVER 9,OVERVOTES,,,UNSPECIFIED,0,HOUSE_precinct_general.csv,write-in or non-candidate ballot accounting row
2018,Indiana,IN,9,US House,Johnson,18081,Johnson,0100 WHITE RIVER 9,UNDERVOTES,,,UNSPECIFIED,6,HOUSE_precinct_general.csv,write-in or non-candidate ballot accounting row
2018,Indiana,IN,9,US House,Johnson,18081,Johnson,0103 WHITE RIVER 12,OVERVOTES,,,UNSPECIFIED,0,HOUSE_precinct_general.csv,write-in or non-candidate ballot accounting row
2018,Indiana,IN,9,US House,Johnson,18081,Johnson,0103 WHITE RIVER 12,UNDERVOTES,,,UNSPECIFIED,1,HOUSE_precinct_general.csv,write-in or non-candidate ballot accounting row
2018,Indiana,IN,9,US House,Johnson,18081,Johnson,0104 WHITE RIVER 13,OVERVOTES,,,UNSPECIFIED,0,HOUSE_precinct_general.csv,write-in or non-candidate ballot accounting row
2018,Indiana,IN,9,US House,Johnson,18081,Johnson,0104 WHITE RIVER 13,UNDERVOTES,,,UNSPECIFIED,2,HOUSE_precinct_general.csv,write-in or non-candidate ballot accounting row
2018,Indiana,IN,9,US House,Johnson,18081,Johnson,0107 WHITE RIVER 16,OVERVOTES,,,UNSPECIFIED,0,HOUSE_precinct_general.csv,write-in or non-candidate ballot accounting row
2018,Indiana,IN,9,US House,Johnson,18081,Johnson,0107 WHITE RIVER 16,UNDERVOTES,,,UNSPECIFIED,3,HOUSE_precinct_general.csv,write-in or non-candidate ballot accounting row
2018,Indiana,IN,9,US House,Johnson,18081,Johnson,0108 WHITE RIVER 17,OVERVOTES,,,UNSPECIFIED,0,HOUSE_precinct_general.csv,write-in or non-candidate ballot accounting row
2018,Indiana,IN,9,US House,Johnson,18081,Johnson,0108 WHITE RIVER 17,UNDERVOTES,,,UNSPECIFIED,3,HOUSE_precinct_general.csv,write-in or non-candidate ballot accounting row
2018,Indiana,IN,9,US House,Johnson,18081,Johnson,0111 WHITE RIVER 20,OVERVOTES,,,UNSPECIFIED,0,HOUSE_precinct_general.csv,write-in or non-candidate ballot accounting row
2018,Indiana,IN,9,US House,Johnson,18081,Johnson,0111 WHITE RIVER 20,UNDERVOTES,,,UNSPECIFIED,1,HOUSE_precinct_general.csv,write-in or non-candidate ballot accounting row
2018,Indiana,IN,9,US House,Johnson,18081,Johnson,0112 WHITE RIVER 21,OVERVOTES,,,UNSPECIFIED,0,HOUSE_precinct_general.csv,write-in or non-candidate ballot accounting row
2018,Indiana,IN,9,US House,Johnson,18081,Johnson,0112 WHITE RIVER 21,UNDERVOTES,,,UNSPECIFIED,9,HOUSE_precinct_general.csv,write-in or non-candidate ballot accounting row
2018,Indiana,IN,9,US House,Johnson,18081,Johnson,0115 WHITE RIVER 24,OVERVOTES,,,UNSPECIFIED,0,HOUSE_precinct_general.csv,write-in or non-candidate ballot accounting row
2018,Indiana,IN,9,US House,Johnson,18081,Johnson,0115 WHITE RIVER 24,UNDERVOTES,,,UNSPECIFIED,4,HOUSE_precinct_general.csv,write-in or non-candidate ballot accounting row
2018,Indiana,IN,9,US House,Johnson,18081,Johnson,0116 WHITE RIVER 25,OVERVOTES,,,UNSPECIFIED,0,HOUSE_precinct_general.csv,write-in or non-candidate ballot accounting row
2018,Indiana,IN,9,US House,Johnson,18081,Johnson,0116 WHITE RIVER 25,UNDERVOTES,,,UNSPECIFIED,4,HOUSE_precinct_general.csv,write-in or non-candidate ballot accounting row
2018,Indiana,IN,9,US House,Johnson,18081,Johnson,0119 WHITE RIVER 28,OVERVOTES,,,UNSPECIFIED,0,HOUSE_precinct_general.csv,write-in or non-candidate ballot accounting row
2018,Indiana,IN,9,US House,Johnson,18081,Johnson,0119 WHITE RIVER 28,UNDERVOTES,,,UNSPECIFIED,4,HOUSE_precinct_general.csv,write-in or non-candidate ballot accounting row
2018,Indiana,IN,9,US House,Johnson,18081,Johnson,0120 WHITE RIVER 29,OVERVOTES,,,UNSPECIFIED,0,HOUSE_precinct_general.csv,write-in or non-candidate ballot accounting row
2018,Indiana,IN,9,US House,Johnson,18081,Johnson,0120 WHITE RIVER 29,UNDERVOTES,,,UNSPECIFIED,4,HOUSE_precinct_general.csv,write-in or non-candidate ballot accounting row
2018,Indiana,IN,9,US House,Johnson,18081,Johnson,0123 WHITE RIVER 32,OVERVOTES,,,UNSPECIFIED,0,HOUSE_precinct_general.csv,write-in or non-candidate ballot accounting row
2018,Indiana,IN,9,US House,Johnson,18081,Johnson,0123 WHITE RIVER 32,UNDERVOTES,,,UNSPECIFIED,2,HOUSE_precinct_general.csv,write-in or non-candidate ballot accounting row
2018,Indiana,IN,9,US House,Johnson,18081,Johnson,0124 WHITE RIVER 33,OVERVOTES,,,UNSPECIFIED,0,HOUSE_precinct_general.csv,write-in or non-candidate ballot accounting row
2018,Indiana,IN,9,US House,Johnson,18081,Johnson,0124 WHITE RIVER 33,UNDERVOTES,,,UNSPECIFIED,2,HOUSE_precinct_general.csv,write-in or non-candidate ballot accounting row
2018,Indiana,IN,9,US House,Johnson,18081,Johnson,0125 WHITE RIVER 34,OVERVOTES,,,UNSPECIFIED,0,HOUSE_precinct_general.csv,write-in or non-candidate ballot accounting row
2018,Indiana,IN,9,US House,Johnson,18081,Johnson,0125 WHITE RIVER 34,UNDERVOTES,,,UNSPECIFIED,4,HOUSE_precinct_general.csv,write-in or non-candidate ballot accounting row
2018,Indiana,IN,9,US House,Johnson,18081,Johnson,0128 WHITE RIVER 37,OVERVOTES,,,UNSPECIFIED,0,HOUSE_precinct_general.csv,write-in or non-candidate ballot accounting row
2018,Indiana,IN,9,US House,Johnson,18081,Johnson,0128 WHITE RIVER 37,UNDERVOTES,,,UNSPECIFIED,2,HOUSE_precinct_general.csv,write-in or non-candidate ballot accounting row
2018,Indiana,IN,9,US House,Johnson,18081,Johnson,0129 WHITE RIVER 38,OVERVOTES,,,UNSPECIFIED,0,HOUSE_precinct_general.csv,write-in or non-candidate ballot accounting row
2018,Indiana,IN,9,US House,Johnson,18081,Johnson,0129 WHITE RIVER 38,UNDERVOTES,,,UNSPECIFIED,4,HOUSE_precinct_general.csv,write-in or non-candidate ballot accounting row
2018,Indiana,IN,9,US House,Johnson,18081,Johnson,0132 WHITE RIVER 41,OVERVOTES,,,UNSPECIFIED,0,HOUSE_precinct_general.csv,write-in or non-candidate ballot accounting row
2018,Indiana,IN,9,US House,Johnson,18081,Johnson,0132 WHITE RIVER 41,UNDERVOTES,,,UNSPECIFIED,1,HOUSE_precinct_general.csv,write-in or non-candidate ballot accounting row
2018,Indiana,IN,9,US House,Johnson,18081,Johnson,0133 WHITE RIVER 42,OVERVOTES,,,UNSPECIFIED,0,HOUSE_precinct_general.csv,write-in or non-candidate ballot accounting row
2018,Indiana,IN,9,US House,Morgan,18109,Morgan,ASHLAND 2,WRITEIN,,,PROVISIONAL,0,HOUSE_precinct_general.csv,write-in or non-candidate ballot accounting row
2018,Indiana,IN,9,US House,Morgan,18109,Morgan,CLAY 1,WRITEIN,,,PROVISIONAL,0,HOUSE_precinct_general.csv,write-in or non-candidate ballot accounting row
2018,Indiana,IN,9,US House,Morgan,18109,Morgan,GREEN 1,WRITEIN,,,PROVISIONAL,0,HOUSE_precinct_general.csv,write-in or non-candidate ballot accounting row
2018,Indiana,IN,9,US House,Morgan,18109,Morgan,GREEN 2,WRITEIN,,,PROVISIONAL,0,HOUSE_precinct_general.csv,write-in or non-candidate ballot accounting row
2018,Indiana,IN,9,US House,Morgan,18109,Morgan,HARRISON,WRITEIN,,,PROVISIONAL,0,HOUSE_precinct_general.csv,write-in or non-candidate ballot accounting row
2018,Indiana,IN,9,US House,Morgan,18109,Morgan,JACKSON 1,WRITEIN,,,PROVISIONAL,0,HOUSE_precinct_general.csv,write-in or non-candidate ballot accounting row
2018,Indiana,IN,9,US House,Morgan,18109,Morgan,JEFFERSON 1,WRITEIN,,,PROVISIONAL,0,HOUSE_precinct_general.csv,write-in or non-candidate ballot accounting row
2018,Indiana,IN,9,US House,Morgan,18109,Morgan,JEFFERSON 2,WRITEIN,,,PROVISIONAL,0,HOUSE_precinct_general.csv,write-in or non-candidate ballot accounting row
2018,Indiana,IN,9,US House,Morgan,18109,Morgan,JEFFERSON 3,WRITEIN,,,PROVISIONAL,0,HOUSE_precinct_general.csv,write-in or non-candidate ballot accounting row
2018,Indiana,IN,9,US House,Morgan,18109,Morgan,MADISON 3,WRITEIN,,,PROVISIONAL,0,HOUSE_precinct_general.csv,write-in or non-candidate ballot accounting row
2018,Indiana,IN,9,US House,Morgan,18109,Morgan,MADISON 4,WRITEIN,,,PROVISIONAL,0,HOUSE_precinct_general.csv,write-in or non-candidate ballot accounting row
2018,Indiana,IN,9,US House,Morgan,18109,Morgan,RAY 2,WRITEIN,,,PROVISIONAL,0,HOUSE_precinct_general.csv,write-in or non-candidate ballot accounting row
2018,Indiana,IN,9,US House,Morgan,18109,Morgan,WASHINGTON 1,WRITEIN,,,PROVISIONAL,0,HOUSE_precinct_general.csv,write-in or non-candidate ballot accounting row
2018,Indiana,IN,9,US House,Morgan,18109,Morgan,WASHINGTON 5,WRITEIN,,,PROVISIONAL,0,HOUSE_precinct_general.csv,write-in or non-candidate ballot accounting row
2018,Indiana,IN,9,US House,Morgan,18109,Morgan,WASHINGTON 6,WRITEIN,,,PROVISIONAL,0,HOUSE_precinct_general.csv,write-in or non-candidate ballot accounting row
2018,Indiana,IN,9,US House,Morgan,18109,Morgan,WASHINGTON 9,WRITEIN,,,PROVISIONAL,0,HOUSE_precinct_general.csv,write-in or non-candidate ballot accounting row
2018,Indiana,IN,9,US House,Morgan,18109,Morgan,WASHINGTON 10,WRITEIN,,,PROVISIONAL,0,HOUSE_precinct_general.csv,write-in or non-candidate ballot accounting row
2018,Indiana,IN,9,US House,Morgan,18109,Morgan,WASHINGTON 13,WRITEIN,,,PROVISIONAL,0,HOUSE_precinct_general.csv,write-in or non-candidate ballot accounting row
2018,Indiana,IN,9,US House,Morgan,18109,Morgan,WASHINGTON 14,WRITEIN,,,PROVISIONAL,0,HOUSE_precinct_general.csv,write-in or non-candidate ballot accounting row
2018,Indiana,IN,9,US House,Morgan,18109,Morgan,ASHLAND 2,WRITEIN,,,ELECTION DAY,0,HOUSE_precinct_general.csv,write-in or non-candidate ballot accounting row
2018,Indiana,IN,9,US House,Morgan,18109,Morgan,BAKER,WRITEIN,,,ELECTION DAY,1,HOUSE_precinct_general.csv,write-in or non-candidate ballot accounting row
2018,Indiana,IN,9,US House,Morgan,18109,Morgan,CLAY 1,WRITEIN,,,ELECTION DAY,0,HOUSE_precinct_general.csv,write-in or non-candidate ballot accounting row
2018,Indiana,IN,9,US House,Morgan,18109,Morgan,CLAY 2,WRITEIN,,,ELECTION DAY,0,HOUSE_precinct_general.csv,write-in or non-candidate ballot accounting row
2018,Indiana,IN,9,US House,Morgan,18109,Morgan,JACKSON 2,WRITEIN,,,ELECTION DAY,0,HOUSE_precinct_general.csv,write-in or non-candidate ballot accounting row
2018,Indiana,IN,9,US House,Morgan,18109,Morgan,JACKSON 3,WRITEIN,,,ELECTION DAY,0,HOUSE_precinct_general.csv,write-in or non-candidate ballot accounting row
2018,Indiana,IN,9,US House,Morgan,18109,Morgan,JEFFERSON 3,WRITEIN,,,ELECTION DAY,0,HOUSE_precinct_general.csv,write-in or non-candidate ballot accounting row
2018,Indiana,IN,9,US House,Morgan,18109,Morgan,MADISON 1,WRITEIN,,,ELECTION DAY,0,HOUSE_precinct_general.csv,write-in or non-candidate ballot accounting row
2018,Indiana,IN,9,US House,Morgan,18109,Morgan,MADISON 4,WRITEIN,,,ELECTION DAY,0,HOUSE_precinct_general.csv,write-in or non-candidate ballot accounting row
2018,Indiana,IN,9,US House,Morgan,18109,Morgan,MADISON 5,WRITEIN,,,ELECTION DAY,0,HOUSE_precinct_general.csv,write-in or non-candidate ballot accounting row
2018,Indiana,IN,9,US House,Morgan,18109,Morgan,RAY 1,WRITEIN,,,ELECTION DAY,0,HOUSE_precinct_general.csv,write-in or non-candidate ballot accounting row
2018,Indiana,IN,9,US House,Morgan,18109,Morgan,WASHINGTON 2,WRITEIN,,,ELECTION DAY,0,HOUSE_precinct_general.csv,write-in or non-candidate ballot accounting row
2018,Indiana,IN,9,US House,Morgan,18109,Morgan,WASHINGTON 3,WRITEIN,,,ELECTION DAY,0,HOUSE_precinct_general.csv,write-in or non-candidate ballot accounting row
2018,Indiana,IN,9,US House,Morgan,18109,Morgan,WASHINGTON 6,WRITEIN,,,ELECTION DAY,1,HOUSE_precinct_general.csv,write-in or non-candidate ballot accounting row
2018,Indiana,IN,9,US House,Morgan,18109,Morgan,WASHINGTON 7,WRITEIN,,,ELECTION DAY,0,HOUSE_precinct_general.csv,write-in or non-candidate ballot accounting row
2018,Indiana,IN,9,US House,Morgan,18109,Morgan,WASHINGTON 10,WRITEIN,,,ELECTION DAY,0,HOUSE_precinct_general.csv,write-in or non-candidate ballot accounting row
2018,Indiana,IN,9,US House,Morgan,18109,Morgan,WASHINGTON 11,WRITEIN,,,ELECTION DAY,0,HOUSE_precinct_general.csv,write-in or non-candidate ballot accounting row
2018,Indiana,IN,9,US House,Morgan,18109,Morgan,CLAY 1,WRITEIN,,,ABSENTEE,0,HOUSE_precinct_general.csv,write-in or non-candidate ballot accounting row
2018,Indiana,IN,9,US House,Morgan,18109,Morgan,CLAY 2,WRITEIN,,,ABSENTEE,0,HOUSE_precinct_general.csv,write-in or non-candidate ballot accounting row
2018,Indiana,IN,9,US House,Morgan,18109,Morgan,CLAY 3,WRITEIN,,,ABSENTEE,1,HOUSE_precinct_general.csv,write-in or non-candidate ballot accounting row
2018,Indiana,IN,9,US House,Morgan,18109,Morgan,GREEN 1,WRITEIN,,,ABSENTEE,0,HOUSE_precinct_general.csv,write-in or non-candidate ballot accounting row
2018,Indiana,IN,9,US House,Morgan,18109,Morgan,GREEN 2,WRITEIN,,,ABSENTEE,0,HOUSE_precinct_general.csv,write-in or non-candidate ballot accounting row
2018,Indiana,IN,9,US House,Morgan,18109,Morgan,HARRISON,WRITEIN,,,ABSENTEE,0,HOUSE_precinct_general.csv,write-in or non-candidate ballot accounting row
2018,Indiana,IN,9,US House,Morgan,18109,Morgan,JACKSON 1,WRITEIN,,,ABSENTEE,0,HOUSE_precinct_general.csv,write-in or non-candidate ballot accounting row
2018,Indiana,IN,9,US House,Morgan,18109,Morgan,JACKSON 2,WRITEIN,,,ABSENTEE,0,HOUSE_precinct_general.csv,write-in or non-candidate ballot accounting row
2018,Indiana,IN,9,US House,Morgan,18109,Morgan,JACKSON 3,WRITEIN,,,ABSENTEE,0,HOUSE_precinct_general.csv,write-in or non-candidate ballot accounting row
2018,Indiana,IN,9,US House,Morgan,18109,Morgan,JEFFERSON 1,WRITEIN,,,ABSENTEE,0,HOUSE_precinct_general.csv,write-in or non-candidate ballot accounting row
2018,Indiana,IN,9,US House,Morgan,18109,Morgan,JEFFERSON 2,WRITEIN,,,ABSENTEE,0,HOUSE_precinct_general.csv,write-in or non-candidate ballot accounting row
2018,Indiana,IN,9,US House,Morgan,18109,Morgan,JEFFERSON 3,WRITEIN,,,ABSENTEE,0,HOUSE_precinct_general.csv,write-in or non-candidate ballot accounting row
2018,Indiana,IN,9,US House,Morgan,18109,Morgan,MADISON 1,WRITEIN,,,ABSENTEE,0,HOUSE_precinct_general.csv,write-in or non-candidate ballot accounting row
2018,Indiana,IN,9,US House,Morgan,18109,Morgan,MADISON 2,WRITEIN,,,ABSENTEE,0,HOUSE_precinct_general.csv,write-in or non-candidate ballot accounting row
2018,Indiana,IN,9,US House,Morgan,18109,Morgan,MADISON 3,WRITEIN,,,ABSENTEE,0,HOUSE_precinct_general.csv,write-in or non-candidate ballot accounting row
2018,Indiana,IN,9,US House,Morgan,18109,Morgan,MADISON 4,WRITEIN,,,ABSENTEE,0,HOUSE_precinct_general.csv,write-in or non-candidate ballot accounting row
2018,Indiana,IN,9,US House,Morgan,18109,Morgan,MADISON 5,WRITEIN,,,ABSENTEE,0,HOUSE_precinct_general.csv,write-in or non-candidate ballot accounting row
2018,Indiana,IN,9,US House,Morgan,18109,Morgan,MADISON 6,WRITEIN,,,ABSENTEE,0,HOUSE_precinct_general.csv,write-in or non-candidate ballot accounting row
2018,Indiana,IN,9,US House,Morgan,18109,Morgan,RAY 1,WRITEIN,,,ABSENTEE,0,HOUSE_precinct_general.csv,write-in or non-candidate ballot accounting row
2018,Indiana,IN,9,US House,Morgan,18109,Morgan,RAY 2,WRITEIN,,,ABSENTEE,0,HOUSE_precinct_general.csv,write-in or non-candidate ballot accounting row
2018,Indiana,IN,9,US House,Morgan,18109,Morgan,WASHINGTON 1,WRITEIN,,,ABSENTEE,0,HOUSE_precinct_general.csv,write-in or non-candidate ballot accounting row
2018,Indiana,IN,9,US House,Morgan,18109,Morgan,WASHINGTON 2,WRITEIN,,,ABSENTEE,1,HOUSE_precinct_general.csv,write-in or non-candidate ballot accounting row
2018,Indiana,IN,9,US House,Morgan,18109,Morgan,WASHINGTON 3,WRITEIN,,,ABSENTEE,0,HOUSE_precinct_general.csv,write-in or non-candidate ballot accounting row
2018,Indiana,IN,9,US House,Morgan,18109,Morgan,WASHINGTON 4,WRITEIN,,,ABSENTEE,0,HOUSE_precinct_general.csv,write-in or non-candidate ballot accounting row
2018,Indiana,IN,9,US House,Morgan,18109,Morgan,WASHINGTON 5,WRITEIN,,,ABSENTEE,1,HOUSE_precinct_general.csv,write-in or non-candidate ballot accounting row
2018,Indiana,IN,9,US House,Morgan,18109,Morgan,WASHINGTON 6,WRITEIN,,,ABSENTEE,0,HOUSE_precinct_general.csv,write-in or non-candidate ballot accounting row
2018,Indiana,IN,9,US House,Morgan,18109,Morgan,WASHINGTON 7,WRITEIN,,,ABSENTEE,0,HOUSE_precinct_general.csv,write-in or non-candidate ballot accounting row
2018,Indiana,IN,9,US House,Morgan,18109,Morgan,WASHINGTON 8,WRITEIN,,,ABSENTEE,0,HOUSE_precinct_general.csv,write-in or non-candidate ballot accounting row
2018,Indiana,IN,9,US House,Morgan,18109,Morgan,WASHINGTON 9,WRITEIN,,,ABSENTEE,0,HOUSE_precinct_general.csv,write-in or non-candidate ballot accounting row
2018,Indiana,IN,9,US House,Morgan,18109,Morgan,WASHINGTON 10,WRITEIN,,,ABSENTEE,1,HOUSE_precinct_general.csv,write-in or non-candidate ballot accounting row
2018,Indiana,IN,9,US House,Morgan,18109,Morgan,WASHINGTON 11,WRITEIN,,,ABSENTEE,0,HOUSE_precinct_general.csv,write-in or non-candidate ballot accounting row
2018,Indiana,IN,9,US House,Morgan,18109,Morgan,WASHINGTON 12,WRITEIN,,,ABSENTEE,0,HOUSE_precinct_general.csv,write-in or non-candidate ballot accounting row
2018,Indiana,IN,9,US House,Morgan,18109,Morgan,WASHINGTON 13,WRITEIN,,,ABSENTEE,0,HOUSE_precinct_general.csv,write-in or non-candidate ballot accounting row
2018,Indiana,IN,9,US House,Morgan,18109,Morgan,WASHINGTON 14,WRITEIN,,,ABSENTEE,0,HOUSE_precinct_general.csv,write-in or non-candidate ballot accounting row
2018,Indiana,IN,9,US House,Morgan,18109,Morgan,BAKER,WRITEIN,,,PROVISIONAL,0,HOUSE_precinct_general.csv,write-in or non-candidate ballot accounting row
2018,Indiana,IN,9,US House,Morgan,18109,Morgan,CLAY 2,WRITEIN,,,PROVISIONAL,0,HOUSE_precinct_general.csv,write-in or non-candidate ballot accounting row
2018,Indiana,IN,9,US House,Morgan,18109,Morgan,CLAY 3,WRITEIN,,,PROVISIONAL,0,HOUSE_precinct_general.csv,write-in or non-candidate ballot accounting row
2018,Indiana,IN,9,US House,Morgan,18109,Morgan,JACKSON 2,WRITEIN,,,PROVISIONAL,0,HOUSE_precinct_general.csv,write-in or non-candidate ballot accounting row
2018,Indiana,IN,9,US House,Morgan,18109,Morgan,JACKSON 3,WRITEIN,,,PROVISIONAL,0,HOUSE_precinct_general.csv,write-in or non-candidate ballot accounting row
2018,Indiana,IN,9,US House,Morgan,18109,Morgan,MADISON 1,WRITEIN,,,PROVISIONAL,0,HOUSE_precinct_general.csv,write-in or non-candidate ballot accounting row
2018,Indiana,IN,9,US House,Morgan,18109,Morgan,MADISON 2,WRITEIN,,,PROVISIONAL,0,HOUSE_precinct_general.csv,write-in or non-candidate ballot accounting row
2018,Indiana,IN,9,US House,Morgan,18109,Morgan,MADISON 5,WRITEIN,,,PROVISIONAL,0,HOUSE_precinct_general.csv,write-in or non-candidate ballot accounting row
2018,Indiana,IN,9,US House,Morgan,18109,Morgan,MADISON 6,WRITEIN,,,PROVISIONAL,0,HOUSE_precinct_general.csv,write-in or non-candidate ballot accounting row
2018,Indiana,IN,9,US House,Morgan,18109,Morgan,WASHINGTON 2,WRITEIN,,,PROVISIONAL,0,HOUSE_precinct_general.csv,write-in or non-candidate ballot accounting row
2018,Indiana,IN,9,US House,Morgan,18109,Morgan,WASHINGTON 3,WRITEIN,,,PROVISIONAL,0,HOUSE_precinct_general.csv,write-in or non-candidate ballot accounting row
2018,Indiana,IN,9,US House,Morgan,18109,Morgan,WASHINGTON 4,WRITEIN,,,PROVISIONAL,0,HOUSE_precinct_general.csv,write-in or non-candidate ballot accounting row
2018,Indiana,IN,9,US House,Morgan,18109,Morgan,WASHINGTON 7,WRITEIN,,,PROVISIONAL,0,HOUSE_precinct_general.csv,write-in or non-candidate ballot accounting row
2018,Indiana,IN,9,US House,Morgan,18109,Morgan,WASHINGTON 8,WRITEIN,,,PROVISIONAL,0,HOUSE_precinct_general.csv,write-in or non-candidate ballot accounting row
2018,Indiana,IN,9,US House,Morgan,18109,Morgan,WASHINGTON 11,WRITEIN,,,PROVISIONAL,0,HOUSE_precinct_general.csv,write-in or non-candidate ballot accounting row
2018,Indiana,IN,9,US House,Morgan,18109,Morgan,WASHINGTON 12,WRITEIN,,,PROVISIONAL,0,HOUSE_precinct_general.csv,write-in or non-candidate ballot accounting row
2018,Indiana,IN,9,US House,Morgan,18109,Morgan,CLAY 3,WRITEIN,,,ELECTION DAY,1,HOUSE_precinct_general.csv,write-in or non-candidate ballot accounting row
2018,Indiana,IN,9,US House,Morgan,18109,Morgan,GREEN 1,WRITEIN,,,ELECTION DAY,0,HOUSE_precinct_general.csv,write-in or non-candidate ballot accounting row
2018,Indiana,IN,9,US House,Morgan,18109,Morgan,GREEN 2,WRITEIN,,,ELECTION DAY,0,HOUSE_precinct_general.csv,write-in or non-candidate ballot accounting row
2018,Indiana,IN,9,US House,Morgan,18109,Morgan,HARRISON,WRITEIN,,,ELECTION DAY,0,HOUSE_precinct_general.csv,write-in or non-candidate ballot accounting row
2018,Indiana,IN,9,US House,Morgan,18109,Morgan,JACKSON 1,WRITEIN,,,ELECTION DAY,0,HOUSE_precinct_general.csv,write-in or non-candidate ballot accounting row
2018,Indiana,IN,9,US House,Morgan,18109,Morgan,JEFFERSON 1,WRITEIN,,,ELECTION DAY,0,HOUSE_precinct_general.csv,write-in or non-candidate ballot accounting row
2018,Indiana,IN,9,US House,Morgan,18109,Morgan,JEFFERSON 2,WRITEIN,,,ELECTION DAY,0,HOUSE_precinct_general.csv,write-in or non-candidate ballot accounting row
2018,Indiana,IN,9,US House,Morgan,18109,Morgan,MADISON 2,WRITEIN,,,ELECTION DAY,0,HOUSE_precinct_general.csv,write-in or non-candidate ballot accounting row
2018,Indiana,IN,9,US House,Morgan,18109,Morgan,MADISON 3,WRITEIN,,,ELECTION DAY,0,HOUSE_precinct_general.csv,write-in or non-candidate ballot accounting row
2018,Indiana,IN,9,US House,Morgan,18109,Morgan,MADISON 6,WRITEIN,,,ELECTION DAY,0,HOUSE_precinct_general.csv,write-in or non-candidate ballot accounting row
2018,Indiana,IN,9,US House,Morgan,18109,Morgan,RAY 2,WRITEIN,,,ELECTION DAY,0,HOUSE_precinct_general.csv,write-in or non-candidate ballot accounting row
2018,Indiana,IN,9,US House,Morgan,18109,Morgan,WASHINGTON 1,WRITEIN,,,ELECTION DAY,0,HOUSE_precinct_general.csv,write-in or non-candidate ballot accounting row
2018,Indiana,IN,9,US House,Morgan,18109,Morgan,WASHINGTON 4,WRITEIN,,,ELECTION DAY,0,HOUSE_precinct_general.csv,write-in or non-candidate ballot accounting row
2018,Indiana,IN,9,US House,Morgan,18109,Morgan,WASHINGTON 5,WRITEIN,,,ELECTION DAY,0,HOUSE_precinct_general.csv,write-in or non-candidate ballot accounting row
2018,Indiana,IN,9,US House,Morgan,18109,Morgan,WASHINGTON 8,WRITEIN,,,ELECTION DAY,0,HOUSE_precinct_general.csv,write-in or non-candidate ballot accounting row
2018,Indiana,IN,9,US House,Morgan,18109,Morgan,WASHINGTON 9,WRITEIN,,,ELECTION DAY,0,HOUSE_precinct_general.csv,write-in or non-candidate ballot accounting row
2018,Indiana,IN,9,US House,Morgan,18109,Morgan,WASHINGTON 12,WRITEIN,,,ELECTION DAY,0,HOUSE_precinct_general.csv,write-in or non-candidate ballot accounting row
2018,Indiana,IN,9,US House,Morgan,18109,Morgan,WASHINGTON 13,WRITEIN,,,ELECTION DAY,0,HOUSE_precinct_general.csv,write-in or non-candidate ballot accounting row
2018,Indiana,IN,9,US House,Morgan,18109,Morgan,WASHINGTON 14,WRITEIN,,,ELECTION DAY,0,HOUSE_precinct_general.csv,write-in or non-candidate ballot accounting row
2018,Indiana,IN,9,US House,Morgan,18109,Morgan,ASHLAND 2,WRITEIN,,,ABSENTEE,0,HOUSE_precinct_general.csv,write-in or non-candidate ballot accounting row
2018,Indiana,IN,9,US House,Morgan,18109,Morgan,BAKER,WRITEIN,,,ABSENTEE,0,HOUSE_precinct_general.csv,write-in or non-candidate ballot accounting row
2018,Indiana,IN,9,US House,Floyd,18043,Floyd,FRANKLIN 1,WRITEIN,,,EARLY,0,HOUSE_precinct_general.csv,write-in or non-candidate ballot accounting row
2018,Indiana,IN,9,US House,Floyd,18043,Floyd,GEORGETOWN 1,WRITEIN,,,EARLY,0,HOUSE_precinct_general.csv,write-in or non-candidate ballot accounting row
2018,Indiana,IN,9,US House,Floyd,18043,Floyd,GEORGETOWN 2,WRITEIN,,,EARLY,0,HOUSE_precinct_general.csv,write-in or non-candidate ballot accounting row
2018,Indiana,IN,9,US House,Floyd,18043,Floyd,GEORGETOWN 3,WRITEIN,,,EARLY,1,HOUSE_precinct_general.csv,write-in or non-candidate ballot accounting row
2018,Indiana,IN,9,US House,Floyd,18043,Floyd,GEORGETOWN 4,WRITEIN,,,EARLY,0,HOUSE_precinct_general.csv,write-in or non-candidate ballot accounting row
2018,Indiana,IN,9,US House,Floyd,18043,Floyd,GEORGETOWN 5,WRITEIN,,,EARLY,0,HOUSE_precinct_general.csv,write-in or non-candidate ballot accounting row
2018,Indiana,IN,9,US House,Floyd,18043,Floyd,GEORGETOWN 6,WRITEIN,,,EARLY,0,HOUSE_precinct_general.csv,write-in or non-candidate ballot accounting row
2018,Indiana,IN,9,US House,Floyd,18043,Floyd,GEORGETOWN 7,WRITEIN,,,EARLY,0,HOUSE_precinct_general.csv,write-in or non-candidate ballot accounting row
2018,Indiana,IN,9,US House,Floyd,18043,Floyd,GREENVILLE 1,WRITEIN,,,EARLY,0,HOUSE_precinct_general.csv,write-in or non-candidate ballot accounting row
2018,Indiana,IN,9,US House,Floyd,18043,Floyd,GREENVILLE 2,WRITEIN,,,EARLY,0,HOUSE_precinct_general.csv,write-in or non-candidate ballot accounting row
2018,Indiana,IN,9,US House,Floyd,18043,Floyd,GREENVILLE 3,WRITEIN,,,EARLY,0,HOUSE_precinct_general.csv,write-in or non-candidate ballot accounting row
2018,Indiana,IN,9,US House,Floyd,18043,Floyd,GREENVILLE 4,WRITEIN,,,EARLY,0,HOUSE_precinct_general.csv,write-in or non-candidate ballot accounting row
2018,Indiana,IN,9,US House,Floyd,18043,Floyd,GREENVILLE 5,WRITEIN,,,EARLY,0,HOUSE_precinct_general.csv,write-in or non-candidate ballot accounting row
2018,Indiana,IN,9,US House,Floyd,18043,Floyd,GREENVILLE 6,WRITEIN,,,EARLY,0,HOUSE_precinct_general.csv,write-in or non-candidate ballot accounting row
2018,Indiana,IN,9,US House,Floyd,18043,Floyd,LAFAYETTE 1,WRITEIN,,,EARLY,0,HOUSE_precinct_general.csv,write-in or non-candidate ballot accounting row
2018,Indiana,IN,9,US House,Floyd,18043,Floyd,LAFAYETTE 2,WRITEIN,,,EARLY,0,HOUSE_precinct_general.csv,write-in or non-candidate ballot accounting row
2018,Indiana,IN,9,US House,Floyd,18043,Floyd,LAFAYETTE 3,WRITEIN,,,EARLY,0,HOUSE_precinct_general.csv,write-in or non-candidate ballot accounting row
2018,Indiana,IN,9,US House,Floyd,18043,Floyd,LAFAYETTE 4,WRITEIN,,,EARLY,0,HOUSE_precinct_general.csv,write-in or non-candidate ballot accounting row
2018,Indiana,IN,9,US House,Floyd,18043,Floyd,LAFAYETTE 5,WRITEIN,,,EARLY,0,HOUSE_precinct_general.csv,write-in or non-candidate ballot accounting row
2018,Indiana,IN,9,US House,Floyd,18043,Floyd,LAFAYETTE 6,WRITEIN,,,EARLY,0,HOUSE_precinct_general.csv,write-in or non-candidate ballot accounting row
2018,Indiana,IN,9,US House,Floyd,18043,Floyd,LAFAYETTE 7,WRITEIN,,,EARLY,0,HOUSE_precinct_general.csv,write-in or non-candidate ballot accounting row
2018,Indiana,IN,9,US House,Floyd,18043,Floyd,NEW ALBANY 01,WRITEIN,,,EARLY,0,HOUSE_precinct_general.csv,write-in or non-candidate ballot accounting row
2018,Indiana,IN,9,US House,Floyd,18043,Floyd,NEW ALBANY 03,WRITEIN,,,EARLY,0,HOUSE_precinct_general.csv,write-in or non-candidate ballot accounting row
2018,Indiana,IN,9,US House,Floyd,18043,Floyd,NEW ALBANY 05,WRITEIN,,,EARLY,0,HOUSE_precinct_general.csv,write-in or non-candidate ballot accounting row
2018,Indiana,IN,9,US House,Floyd,18043,Floyd,NEW ALBANY 07,WRITEIN,,,EARLY,0,HOUSE_precinct_general.csv,write-in or non-candidate ballot accounting row
2018,Indiana,IN,9,US House,Floyd,18043,Floyd,NEW ALBANY 09,WRITEIN,,,EARLY,0,HOUSE_precinct_general.csv,write-in or non-candidate ballot accounting row
2018,Indiana,IN,9,US House,Floyd,18043,Floyd,NEW ALBANY 10,WRITEIN,,,EARLY,0,HOUSE_precinct_general.csv,write-in or non-candidate ballot accounting row
2018,Indiana,IN,9,US House,Floyd,18043,Floyd,NEW ALBANY 11,WRITEIN,,,EARLY,0,HOUSE_precinct_general.csv,write-in or non-candidate ballot accounting row
2018,Indiana,IN,9,US House,Floyd,18043,Floyd,NEW ALBANY 13,WRITEIN,,,EARLY,0,HOUSE_precinct_general.csv,write-in or non-candidate ballot accounting row
2018,Indiana,IN,9,US House,Floyd,18043,Floyd,NEW ALBANY 14,WRITEIN,,,EARLY,2,HOUSE_precinct_general.csv,write-in or non-candidate ballot accounting row
2018,Indiana,IN,9,US House,Floyd,18043,Floyd,NEW ALBANY 16,WRITEIN,,,EARLY,0,HOUSE_precinct_general.csv,write-in or non-candidate ballot accounting row
2018,Indiana,IN,9,US House,Floyd,18043,Floyd,NEW ALBANY 18,WRITEIN,,,EARLY,0,HOUSE_precinct_general.csv,write-in or non-candidate ballot accounting row
2018,Indiana,IN,9,US House,Floyd,18043,Floyd,NEW ALBANY 19,WRITEIN,,,EARLY,0,HOUSE_precinct_general.csv,write-in or non-candidate ballot accounting row
2018,Indiana,IN,9,US House,Floyd,18043,Floyd,NEW ALBANY 20,WRITEIN,,,EARLY,0,HOUSE_precinct_general.csv,write-in or non-candidate ballot accounting row
2018,Indiana,IN,9,US House,Floyd,18043,Floyd,NEW ALBANY 21,WRITEIN,,,EARLY,0,HOUSE_precinct_general.csv,write-in or non-candidate ballot accounting row
2018,Indiana,IN,9,US House,Floyd,18043,Floyd,NEW ALBANY 22,WRITEIN,,,EARLY,0,HOUSE_precinct_general.csv,write-in or non-candidate ballot accounting row
2018,Indiana,IN,9,US House,Floyd,18043,Floyd,NEW ALBANY 23,WRITEIN,,,EARLY,0,HOUSE_precinct_general.csv,write-in or non-candidate ballot accounting row
2018,Indiana,IN,9,US House,Floyd,18043,Floyd,NEW ALBANY 24,WRITEIN,,,EARLY,0,HOUSE_precinct_general.csv,write-in or non-candidate ballot accounting row
2018,Indiana,IN,9,US House,Floyd,18043,Floyd,NEW ALBANY 25,WRITEIN,,,EARLY,0,HOUSE_precinct_general.csv,write-in or non-candidate ballot accounting row
2018,Indiana,IN,9,US House,Floyd,18043,Floyd,NEW ALBANY 26,WRITEIN,,,EARLY,0,HOUSE_precinct_general.csv,write-in or non-candidate ballot accounting row
2018,Indiana,IN,9,US House,Floyd,18043,Floyd,NEW ALBANY 27,WRITEIN,,,EARLY,0,HOUSE_precinct_general.csv,write-in or non-candidate ballot accounting row
2018,Indiana,IN,9,US House,Floyd,18043,Floyd,NEW ALBANY 28,WRITEIN,,,EARLY,0,HOUSE_precinct_general.csv,write-in or non-candidate ballot accounting row
2018,Indiana,IN,9,US House,Floyd,18043,Floyd,NEW ALBANY 29,WRITEIN,,,EARLY,0,HOUSE_precinct_general.csv,write-in or non-candidate ballot accounting row
2018,Indiana,IN,9,US House,Floyd,18043,Floyd,NEW ALBANY 30,WRITEIN,,,EARLY,0,HOUSE_precinct_general.csv,write-in or non-candidate ballot accounting row
2018,Indiana,IN,9,US House,Floyd,18043,Floyd,NEW ALBANY 31,WRITEIN,,,EARLY,0,HOUSE_precinct_general.csv,write-in or non-candidate ballot accounting row
2018,Indiana,IN,9,US House,Floyd,18043,Floyd,NEW ALBANY 32,WRITEIN,,,EARLY,0,HOUSE_precinct_general.csv,write-in or non-candidate ballot accounting row
2018,Indiana,IN,9,US House,Floyd,18043,Floyd,NEW ALBANY 33,WRITEIN,,,EARLY,0,HOUSE_precinct_general.csv,write-in or non-candidate ballot accounting row
2018,Indiana,IN,9,US House,Floyd,18043,Floyd,NEW ALBANY 34,WRITEIN,,,EARLY,0,HOUSE_precinct_general.csv,write-in or non-candidate ballot accounting row
2018,Indiana,IN,9,US House,Floyd,18043,Floyd,NEW ALBANY 35,WRITEIN,,,EARLY,0,HOUSE_precinct_general.csv,write-in or non-candidate ballot accounting row
2018,Indiana,IN,9,US House,Floyd,18043,Floyd,NEW ALBANY 36,WRITEIN,,,EARLY,0,HOUSE_precinct_general.csv,write-in or non-candidate ballot accounting row
2018,Indiana,IN,9,US House,Floyd,18043,Floyd,NEW ALBANY 37,WRITEIN,,,EARLY,0,HOUSE_precinct_general.csv,write-in or non-candidate ballot accounting row
2018,Indiana,IN,9,US House,Floyd,18043,Floyd,NEW ALBANY 38,WRITEIN,,,EARLY,0,HOUSE_precinct_general.csv,write-in or non-candidate ballot accounting row
2018,Indiana,IN,9,US House,Floyd,18043,Floyd,NEW ALBANY 39,WRITEIN,,,EARLY,0,HOUSE_precinct_general.csv,write-in or non-candidate ballot accounting row
2018,Indiana,IN,9,US House,Floyd,18043,Floyd,NEW ALBANY 40,WRITEIN,,,EARLY,1,HOUSE_precinct_general.csv,write-in or non-candidate ballot accounting row
2018,Indiana,IN,9,US House,Floyd,18043,Floyd,NEW ALBANY 41,WRITEIN,,,EARLY,1,HOUSE_precinct_general.csv,write-in or non-candidate ballot accounting row
2018,Indiana,IN,9,US House,Floyd,18043,Floyd,NEW ALBANY 42,WRITEIN,,,EARLY,0,HOUSE_precinct_general.csv,write-in or non-candidate ballot accounting row
2018,Indiana,IN,9,US House,Floyd,18043,Floyd,NEW ALBANY 43,WRITEIN,,,EARLY,0,HOUSE_precinct_general.csv,write-in or non-candidate ballot accounting row
2018,Indiana,IN,9,US House,Floyd,18043,Floyd,NEW ALBANY 44,WRITEIN,,,EARLY,0,HOUSE_precinct_general.csv,write-in or non-candidate ballot accounting row
2018,Indiana,IN,9,US House,Floyd,18043,Floyd,NEW ALBANY 45,WRITEIN,,,EARLY,0,HOUSE_precinct_general.csv,write-in or non-candidate ballot accounting row
2018,Indiana,IN,9,US House,Floyd,18043,Floyd,NEW ALBANY 46,WRITEIN,,,EARLY,0,HOUSE_precinct_general.csv,write-in or non-candidate ballot accounting row
2018,Indiana,IN,9,US House,Floyd,18043,Floyd,FRANKLIN 1,WRITEIN,,,ELECTION DAY,0,HOUSE_precinct_general.csv,write-in or non-candidate ballot accounting row
2018,Indiana,IN,9,US House,Floyd,18043,Floyd,GEORGETOWN 1,WRITEIN,,,ELECTION DAY,0,HOUSE_precinct_general.csv,write-in or non-candidate ballot accounting row
2018,Indiana,IN,9,US House,Floyd,18043,Floyd,GEORGETOWN 2,WRITEIN,,,ELECTION DAY,0,HOUSE_precinct_general.csv,write-in or non-candidate ballot accounting row
2018,Indiana,IN,9,US House,Floyd,18043,Floyd,GEORGETOWN 3,WRITEIN,,,ELECTION DAY,0,HOUSE_precinct_general.csv,write-in or non-candidate ballot accounting row
2018,Indiana,IN,9,US House,Floyd,18043,Floyd,GEORGETOWN 4,WRITEIN,,,ELECTION DAY,0,HOUSE_precinct_general.csv,write-in or non-candidate ballot accounting row
2018,Indiana,IN,9,US House,Floyd,18043,Floyd,GEORGETOWN 5,WRITEIN,,,ELECTION DAY,0,HOUSE_precinct_general.csv,write-in or non-candidate ballot accounting row
2018,Indiana,IN,9,US House,Floyd,18043,Floyd,GEORGETOWN 6,WRITEIN,,,ELECTION DAY,1,HOUSE_precinct_general.csv,write-in or non-candidate ballot accounting row
2018,Indiana,IN,9,US House,Floyd,18043,Floyd,GEORGETOWN 7,WRITEIN,,,ELECTION DAY,0,HOUSE_precinct_general.csv,write-in or non-candidate ballot accounting row
2018,Indiana,IN,9,US House,Floyd,18043,Floyd,GREENVILLE 1,WRITEIN,,,ELECTION DAY,0,HOUSE_precinct_general.csv,write-in or non-candidate ballot accounting row
2018,Indiana,IN,9,US House,Floyd,18043,Floyd,GREENVILLE 2,WRITEIN,,,ELECTION DAY,0,HOUSE_precinct_general.csv,write-in or non-candidate ballot accounting row
2018,Indiana,IN,9,US House,Floyd,18043,Floyd,GREENVILLE 3,WRITEIN,,,ELECTION DAY,2,HOUSE_precinct_general.csv,write-in or non-candidate ballot accounting row
2018,Indiana,IN,9,US House,Floyd,18043,Floyd,GREENVILLE 4,WRITEIN,,,ELECTION DAY,0,HOUSE_precinct_general.csv,write-in or non-candidate ballot accounting row
2018,Indiana,IN,9,US House,Floyd,18043,Floyd,GREENVILLE 5,WRITEIN,,,ELECTION DAY,1,HOUSE_precinct_general.csv,write-in or non-candidate ballot accounting row
2018,Indiana,IN,9,US House,Floyd,18043,Floyd,GREENVILLE 6,WRITEIN,,,ELECTION DAY,0,HOUSE_precinct_general.csv,write-in or non-candidate ballot accounting row
2018,Indiana,IN,9,US House,Floyd,18043,Floyd,LAFAYETTE 1,WRITEIN,,,ELECTION DAY,0,HOUSE_precinct_general.csv,write-in or non-candidate ballot accounting row
2018,Indiana,IN,9,US House,Floyd,18043,Floyd,LAFAYETTE 2,WRITEIN,,,ELECTION DAY,0,HOUSE_precinct_general.csv,write-in or non-candidate ballot accounting row
2018,Indiana,IN,9,US House,Floyd,18043,Floyd,LAFAYETTE 3,WRITEIN,,,ELECTION DAY,0,HOUSE_precinct_general.csv,write-in or non-candidate ballot accounting row
2018,Indiana,IN,9,US House,Floyd,18043,Floyd,LAFAYETTE 4,WRITEIN,,,ELECTION DAY,1,HOUSE_precinct_general.csv,write-in or non-candidate ballot accounting row
2018,Indiana,IN,9,US House,Floyd,18043,Floyd,LAFAYETTE 5,WRITEIN,,,ELECTION DAY,0,HOUSE_precinct_general.csv,write-in or non-candidate ballot accounting row
2018,Indiana,IN,9,US House,Floyd,18043,Floyd,LAFAYETTE 6,WRITEIN,,,ELECTION DAY,0,HOUSE_precinct_general.csv,write-in or non-candidate ballot accounting row
2018,Indiana,IN,9,US House,Floyd,18043,Floyd,LAFAYETTE 7,WRITEIN,,,ELECTION DAY,0,HOUSE_precinct_general.csv,write-in or non-candidate ballot accounting row
2018,Indiana,IN,9,US House,Floyd,18043,Floyd,NEW ALBANY 01,WRITEIN,,,ELECTION DAY,0,HOUSE_precinct_general.csv,write-in or non-candidate ballot accounting row
2018,Indiana,IN,9,US House,Floyd,18043,Floyd,NEW ALBANY 03,WRITEIN,,,ELECTION DAY,0,HOUSE_precinct_general.csv,write-in or non-candidate ballot accounting row
2018,Indiana,IN,9,US House,Floyd,18043,Floyd,NEW ALBANY 05,WRITEIN,,,ELECTION DAY,0,HOUSE_precinct_general.csv,write-in or non-candidate ballot accounting row
2018,Indiana,IN,9,US House,Floyd,18043,Floyd,NEW ALBANY 07,WRITEIN,,,ELECTION DAY,0,HOUSE_precinct_general.csv,write-in or non-candidate ballot accounting row
2018,Indiana,IN,9,US House,Floyd,18043,Floyd,NEW ALBANY 09,WRITEIN,,,ELECTION DAY,0,HOUSE_precinct_general.csv,write-in or non-candidate ballot accounting row
2018,Indiana,IN,9,US House,Floyd,18043,Floyd,NEW ALBANY 10,WRITEIN,,,ELECTION DAY,0,HOUSE_precinct_general.csv,write-in or non-candidate ballot accounting row
2018,Indiana,IN,9,US House,Floyd,18043,Floyd,NEW ALBANY 11,WRITEIN,,,ELECTION DAY,0,HOUSE_precinct_general.csv,write-in or non-candidate ballot accounting row
2018,Indiana,IN,9,US House,Floyd,18043,Floyd,NEW ALBANY 13,WRITEIN,,,ELECTION DAY,0,HOUSE_precinct_general.csv,write-in or non-candidate ballot accounting row
2018,Indiana,IN,9,US House,Floyd,18043,Floyd,NEW ALBANY 14,WRITEIN,,,ELECTION DAY,2,HOUSE_precinct_general.csv,write-in or non-candidate ballot accounting row
2018,Indiana,IN,9,US House,Floyd,18043,Floyd,NEW ALBANY 16,WRITEIN,,,ELECTION DAY,0,HOUSE_precinct_general.csv,write-in or non-candidate ballot accounting row
2018,Indiana,IN,9,US House,Floyd,18043,Floyd,NEW ALBANY 18,WRITEIN,,,ELECTION DAY,0,HOUSE_precinct_general.csv,write-in or non-candidate ballot accounting row
2018,Indiana,IN,9,US House,Floyd,18043,Floyd,NEW ALBANY 19,WRITEIN,,,ELECTION DAY,1,HOUSE_precinct_general.csv,write-in or non-candidate ballot accounting row
2018,Indiana,IN,9,US House,Floyd,18043,Floyd,NEW ALBANY 20,WRITEIN,,,ELECTION DAY,0,HOUSE_precinct_general.csv,write-in or non-candidate ballot accounting row
2018,Indiana,IN,9,US House,Floyd,18043,Floyd,NEW ALBANY 21,WRITEIN,,,ELECTION DAY,0,HOUSE_precinct_general.csv,write-in or non-candidate ballot accounting row
2018,Indiana,IN,9,US House,Floyd,18043,Floyd,NEW ALBANY 22,WRITEIN,,,ELECTION DAY,0,HOUSE_precinct_general.csv,write-in or non-candidate ballot accounting row
2018,Indiana,IN,9,US House,Floyd,18043,Floyd,NEW ALBANY 23,WRITEIN,,,ELECTION DAY,0,HOUSE_precinct_general.csv,write-in or non-candidate ballot accounting row
2018,Indiana,IN,9,US House,Floyd,18043,Floyd,NEW ALBANY 24,WRITEIN,,,ELECTION DAY,1,HOUSE_precinct_general.csv,write-in or non-candidate ballot accounting row
2018,Indiana,IN,9,US House,Floyd,18043,Floyd,NEW ALBANY 25,WRITEIN,,,ELECTION DAY,0,HOUSE_precinct_general.csv,write-in or non-candidate ballot accounting row
2018,Indiana,IN,9,US House,Floyd,18043,Floyd,NEW ALBANY 26,WRITEIN,,,ELECTION DAY,0,HOUSE_precinct_general.csv,write-in or non-candidate ballot accounting row
2018,Indiana,IN,9,US House,Floyd,18043,Floyd,NEW ALBANY 27,WRITEIN,,,ELECTION DAY,0,HOUSE_precinct_general.csv,write-in or non-candidate ballot accounting row
2018,Indiana,IN,9,US House,Floyd,18043,Floyd,NEW ALBANY 28,WRITEIN,,,ELECTION DAY,0,HOUSE_precinct_general.csv,write-in or non-candidate ballot accounting row
2018,Indiana,IN,9,US House,Floyd,18043,Floyd,NEW ALBANY 29,WRITEIN,,,ELECTION DAY,0,HOUSE_precinct_general.csv,write-in or non-candidate ballot accounting row
2018,Indiana,IN,9,US House,Floyd,18043,Floyd,NEW ALBANY 30,WRITEIN,,,ELECTION DAY,0,HOUSE_precinct_general.csv,write-in or non-candidate ballot accounting row
2018,Indiana,IN,9,US House,Floyd,18043,Floyd,NEW ALBANY 31,WRITEIN,,,ELECTION DAY,1,HOUSE_precinct_general.csv,write-in or non-candidate ballot accounting row
2018,Indiana,IN,9,US House,Floyd,18043,Floyd,NEW ALBANY 32,WRITEIN,,,ELECTION DAY,0,HOUSE_precinct_general.csv,write-in or non-candidate ballot accounting row
2018,Indiana,IN,9,US House,Floyd,18043,Floyd,NEW ALBANY 33,WRITEIN,,,ELECTION DAY,0,HOUSE_precinct_general.csv,write-in or non-candidate ballot accounting row
2018,Indiana,IN,9,US House,Floyd,18043,Floyd,NEW ALBANY 34,WRITEIN,,,ELECTION DAY,0,HOUSE_precinct_general.csv,write-in or non-candidate ballot accounting row
2018,Indiana,IN,9,US House,Floyd,18043,Floyd,NEW ALBANY 35,WRITEIN,,,ELECTION DAY,1,HOUSE_precinct_general.csv,write-in or non-candidate ballot accounting row
2018,Indiana,IN,9,US House,Floyd,18043,Floyd,NEW ALBANY 36,WRITEIN,,,ELECTION DAY,0,HOUSE_precinct_general.csv,write-in or non-candidate ballot accounting row
2018,Indiana,IN,9,US House,Floyd,18043,Floyd,NEW ALBANY 37,WRITEIN,,,ELECTION DAY,0,HOUSE_precinct_general.csv,write-in or non-candidate ballot accounting row
2018,Indiana,IN,9,US House,Floyd,18043,Floyd,NEW ALBANY 38,WRITEIN,,,ELECTION DAY,0,HOUSE_precinct_general.csv,write-in or non-candidate ballot accounting row
2018,Indiana,IN,9,US House,Floyd,18043,Floyd,NEW ALBANY 39,WRITEIN,,,ELECTION DAY,0,HOUSE_precinct_general.csv,write-in or non-candidate ballot accounting row
2018,Indiana,IN,9,US House,Floyd,18043,Floyd,NEW ALBANY 40,WRITEIN,,,ELECTION DAY,1,HOUSE_precinct_general.csv,write-in or non-candidate ballot accounting row
2018,Indiana,IN,9,US House,Floyd,18043,Floyd,NEW ALBANY 41,WRITEIN,,,ELECTION DAY,0,HOUSE_precinct_general.csv,write-in or non-candidate ballot accounting row
2018,Indiana,IN,9,US House,Floyd,18043,Floyd,NEW ALBANY 42,WRITEIN,,,ELECTION DAY,0,HOUSE_precinct_general.csv,write-in or non-candidate ballot accounting row
2018,Indiana,IN,9,US House,Floyd,18043,Floyd,NEW ALBANY 43,WRITEIN,,,ELECTION DAY,0,HOUSE_precinct_general.csv,write-in or non-candidate ballot accounting row
2018,Indiana,IN,9,US House,Floyd,18043,Floyd,NEW ALBANY 44,WRITEIN,,,ELECTION DAY,0,HOUSE_precinct_general.csv,write-in or non-candidate ballot accounting row
2018,Indiana,IN,9,US House,Floyd,18043,Floyd,NEW ALBANY 45,WRITEIN,,,ELECTION DAY,0,HOUSE_precinct_general.csv,write-in or non-candidate ballot accounting row
2018,Indiana,IN,9,US House,Floyd,18043,Floyd,NEW ALBANY 46,WRITEIN,,,ELECTION DAY,0,HOUSE_precinct_general.csv,write-in or non-candidate ballot accounting row
2018,Indiana,IN,9,US House,Floyd,18043,Floyd,FRANKLIN 1,WRITEIN,,,PROVISIONAL,0,HOUSE_precinct_general.csv,write-in or non-candidate ballot accounting row
2018,Indiana,IN,9,US House,Floyd,18043,Floyd,GEORGETOWN 1,WRITEIN,,,PROVISIONAL,0,HOUSE_precinct_general.csv,write-in or non-candidate ballot accounting row
2018,Indiana,IN,9,US House,Floyd,18043,Floyd,GEORGETOWN 2,WRITEIN,,,PROVISIONAL,0,HOUSE_precinct_general.csv,write-in or non-candidate ballot accounting row
2018,Indiana,IN,9,US House,Floyd,18043,Floyd,GEORGETOWN 3,WRITEIN,,,PROVISIONAL,0,HOUSE_precinct_general.csv,write-in or non-candidate ballot accounting row
2018,Indiana,IN,9,US House,Floyd,18043,Floyd,GEORGETOWN 4,WRITEIN,,,PROVISIONAL,0,HOUSE_precinct_general.csv,write-in or non-candidate ballot accounting row
2018,Indiana,IN,9,US House,Floyd,18043,Floyd,GEORGETOWN 5,WRITEIN,,,PROVISIONAL,0,HOUSE_precinct_general.csv,write-in or non-candidate ballot accounting row
2018,Indiana,IN,9,US House,Floyd,18043,Floyd,GEORGETOWN 6,WRITEIN,,,PROVISIONAL,0,HOUSE_precinct_general.csv,write-in or non-candidate ballot accounting row
2018,Indiana,IN,9,US House,Floyd,18043,Floyd,GEORGETOWN 7,WRITEIN,,,PROVISIONAL,0,HOUSE_precinct_general.csv,write-in or non-candidate ballot accounting row
2018,Indiana,IN,9,US House,Floyd,18043,Floyd,GREENVILLE 1,WRITEIN,,,PROVISIONAL,0,HOUSE_precinct_general.csv,write-in or non-candidate ballot accounting row
2018,Indiana,IN,9,US House,Floyd,18043,Floyd,GREENVILLE 2,WRITEIN,,,PROVISIONAL,0,HOUSE_precinct_general.csv,write-in or non-candidate ballot accounting row
2018,Indiana,IN,9,US House,Floyd,18043,Floyd,GREENVILLE 3,WRITEIN,,,PROVISIONAL,0,HOUSE_precinct_general.csv,write-in or non-candidate ballot accounting row
2018,Indiana,IN,9,US House,Floyd,18043,Floyd,GREENVILLE 4,WRITEIN,,,PROVISIONAL,0,HOUSE_precinct_general.csv,write-in or non-candidate ballot accounting row
2018,Indiana,IN,9,US House,Floyd,18043,Floyd,GREENVILLE 5,WRITEIN,,,PROVISIONAL,0,HOUSE_precinct_general.csv,write-in or non-candidate ballot accounting row
2018,Indiana,IN,9,US House,Floyd,18043,Floyd,GREENVILLE 6,WRITEIN,,,PROVISIONAL,0,HOUSE_precinct_general.csv,write-in or non-candidate ballot accounting row
2018,Indiana,IN,9,US House,Floyd,18043,Floyd,LAFAYETTE 1,WRITEIN,,,PROVISIONAL,0,HOUSE_precinct_general.csv,write-in or non-candidate ballot accounting row
2018,Indiana,IN,9,US House,Floyd,18043,Floyd,LAFAYETTE 2,WRITEIN,,,PROVISIONAL,0,HOUSE_precinct_general.csv,write-in or non-candidate ballot accounting row
2018,Indiana,IN,9,US House,Floyd,18043,Floyd,LAFAYETTE 3,WRITEIN,,,PROVISIONAL,0,HOUSE_precinct_general.csv,write-in or non-candidate ballot accounting row
2018,Indiana,IN,9,US House,Floyd,18043,Floyd,LAFAYETTE 4,WRITEIN,,,PROVISIONAL,0,HOUSE_precinct_general.csv,write-in or non-candidate ballot accounting row
2018,Indiana,IN,9,US House,Floyd,18043,Floyd,LAFAYETTE 5,WRITEIN,,,PROVISIONAL,0,HOUSE_precinct_general.csv,write-in or non-candidate ballot accounting row
2018,Indiana,IN,9,US House,Floyd,18043,Floyd,LAFAYETTE 6,WRITEIN,,,PROVISIONAL,0,HOUSE_precinct_general.csv,write-in or non-candidate ballot accounting row
2018,Indiana,IN,9,US House,Floyd,18043,Floyd,LAFAYETTE 7,WRITEIN,,,PROVISIONAL,0,HOUSE_precinct_general.csv,write-in or non-candidate ballot accounting row
2018,Indiana,IN,9,US House,Floyd,18043,Floyd,NEW ALBANY 01,WRITEIN,,,PROVISIONAL,0,HOUSE_precinct_general.csv,write-in or non-candidate ballot accounting row
2018,Indiana,IN,9,US House,Floyd,18043,Floyd,NEW ALBANY 03,WRITEIN,,,PROVISIONAL,0,HOUSE_precinct_general.csv,write-in or non-candidate ballot accounting row
2018,Indiana,IN,9,US House,Floyd,18043,Floyd,NEW ALBANY 05,WRITEIN,,,PROVISIONAL,0,HOUSE_precinct_general.csv,write-in or non-candidate ballot accounting row
2018,Indiana,IN,9,US House,Floyd,18043,Floyd,NEW ALBANY 07,WRITEIN,,,PROVISIONAL,0,HOUSE_precinct_general.csv,write-in or non-candidate ballot accounting row
2018,Indiana,IN,9,US House,Floyd,18043,Floyd,NEW ALBANY 09,WRITEIN,,,PROVISIONAL,0,HOUSE_precinct_general.csv,write-in or non-candidate ballot accounting row
2018,Indiana,IN,9,US House,Floyd,18043,Floyd,NEW ALBANY 10,WRITEIN,,,PROVISIONAL,0,HOUSE_precinct_general.csv,write-in or non-candidate ballot accounting row
2018,Indiana,IN,9,US House,Floyd,18043,Floyd,NEW ALBANY 11,WRITEIN,,,PROVISIONAL,0,HOUSE_precinct_general.csv,write-in or non-candidate ballot accounting row
2018,Indiana,IN,9,US House,Floyd,18043,Floyd,NEW ALBANY 13,WRITEIN,,,PROVISIONAL,0,HOUSE_precinct_general.csv,write-in or non-candidate ballot accounting row
2018,Indiana,IN,9,US House,Floyd,18043,Floyd,NEW ALBANY 14,WRITEIN,,,PROVISIONAL,0,HOUSE_precinct_general.csv,write-in or non-candidate ballot accounting row
2018,Indiana,IN,9,US House,Floyd,18043,Floyd,NEW ALBANY 16,WRITEIN,,,PROVISIONAL,0,HOUSE_precinct_general.csv,write-in or non-candidate ballot accounting row
2018,Indiana,IN,9,US House,Floyd,18043,Floyd,NEW ALBANY 18,WRITEIN,,,PROVISIONAL,0,HOUSE_precinct_general.csv,write-in or non-candidate ballot accounting row
2018,Indiana,IN,9,US House,Floyd,18043,Floyd,NEW ALBANY 19,WRITEIN,,,PROVISIONAL,0,HOUSE_precinct_general.csv,write-in or non-candidate ballot accounting row
2018,Indiana,IN,9,US House,Floyd,18043,Floyd,NEW ALBANY 20,WRITEIN,,,PROVISIONAL,0,HOUSE_precinct_general.csv,write-in or non-candidate ballot accounting row
2018,Indiana,IN,9,US House,Floyd,18043,Floyd,NEW ALBANY 21,WRITEIN,,,PROVISIONAL,0,HOUSE_precinct_general.csv,write-in or non-candidate ballot accounting row
2018,Indiana,IN,9,US House,Floyd,18043,Floyd,NEW ALBANY 22,WRITEIN,,,PROVISIONAL,0,HOUSE_precinct_general.csv,write-in or non-candidate ballot accounting row
2018,Indiana,IN,9,US House,Floyd,18043,Floyd,NEW ALBANY 23,WRITEIN,,,PROVISIONAL,0,HOUSE_precinct_general.csv,write-in or non-candidate ballot accounting row
2018,Indiana,IN,9,US House,Floyd,18043,Floyd,NEW ALBANY 24,WRITEIN,,,PROVISIONAL,0,HOUSE_precinct_general.csv,write-in or non-candidate ballot accounting row
2018,Indiana,IN,9,US House,Floyd,18043,Floyd,NEW ALBANY 25,WRITEIN,,,PROVISIONAL,0,HOUSE_precinct_general.csv,write-in or non-candidate ballot accounting row
2018,Indiana,IN,9,US House,Floyd,18043,Floyd,NEW ALBANY 26,WRITEIN,,,PROVISIONAL,0,HOUSE_precinct_general.csv,write-in or non-candidate ballot accounting row
2018,Indiana,IN,9,US House,Floyd,18043,Floyd,NEW ALBANY 27,WRITEIN,,,PROVISIONAL,0,HOUSE_precinct_general.csv,write-in or non-candidate ballot accounting row
2018,Indiana,IN,9,US House,Floyd,18043,Floyd,NEW ALBANY 28,WRITEIN,,,PROVISIONAL,0,HOUSE_precinct_general.csv,write-in or non-candidate ballot accounting row
2018,Indiana,IN,9,US House,Floyd,18043,Floyd,NEW ALBANY 29,WRITEIN,,,PROVISIONAL,0,HOUSE_precinct_general.csv,write-in or non-candidate ballot accounting row
2018,Indiana,IN,9,US House,Floyd,18043,Floyd,NEW ALBANY 30,WRITEIN,,,PROVISIONAL,0,HOUSE_precinct_general.csv,write-in or non-candidate ballot accounting row
2018,Indiana,IN,9,US House,Floyd,18043,Floyd,NEW ALBANY 31,WRITEIN,,,PROVISIONAL,0,HOUSE_precinct_general.csv,write-in or non-candidate ballot accounting row
2018,Indiana,IN,9,US House,Floyd,18043,Floyd,NEW ALBANY 32,WRITEIN,,,PROVISIONAL,0,HOUSE_precinct_general.csv,write-in or non-candidate ballot accounting row
2018,Indiana,IN,9,US House,Floyd,18043,Floyd,NEW ALBANY 33,WRITEIN,,,PROVISIONAL,0,HOUSE_precinct_general.csv,write-in or non-candidate ballot accounting row
2018,Indiana,IN,9,US House,Floyd,18043,Floyd,NEW ALBANY 34,WRITEIN,,,PROVISIONAL,0,HOUSE_precinct_general.csv,write-in or non-candidate ballot accounting row
2018,Indiana,IN,9,US House,Floyd,18043,Floyd,NEW ALBANY 35,WRITEIN,,,PROVISIONAL,0,HOUSE_precinct_general.csv,write-in or non-candidate ballot accounting row
2018,Indiana,IN,9,US House,Floyd,18043,Floyd,NEW ALBANY 36,WRITEIN,,,PROVISIONAL,0,HOUSE_precinct_general.csv,write-in or non-candidate ballot accounting row
2018,Indiana,IN,9,US House,Floyd,18043,Floyd,NEW ALBANY 37,WRITEIN,,,PROVISIONAL,0,HOUSE_precinct_general.csv,write-in or non-candidate ballot accounting row
2018,Indiana,IN,9,US House,Floyd,18043,Floyd,NEW ALBANY 38,WRITEIN,,,PROVISIONAL,0,HOUSE_precinct_general.csv,write-in or non-candidate ballot accounting row
2018,Indiana,IN,9,US House,Floyd,18043,Floyd,NEW ALBANY 39,WRITEIN,,,PROVISIONAL,0,HOUSE_precinct_general.csv,write-in or non-candidate ballot accounting row
2018,Indiana,IN,9,US House,Floyd,18043,Floyd,NEW ALBANY 40,WRITEIN,,,PROVISIONAL,0,HOUSE_precinct_general.csv,write-in or non-candidate ballot accounting row
2018,Indiana,IN,9,US House,Floyd,18043,Floyd,NEW ALBANY 41,WRITEIN,,,PROVISIONAL,0,HOUSE_precinct_general.csv,write-in or non-candidate ballot accounting row
2018,Indiana,IN,9,US House,Floyd,18043,Floyd,NEW ALBANY 42,WRITEIN,,,PROVISIONAL,0,HOUSE_precinct_general.csv,write-in or non-candidate ballot accounting row
2018,Indiana,IN,9,US House,Floyd,18043,Floyd,NEW ALBANY 43,WRITEIN,,,PROVISIONAL,0,HOUSE_precinct_general.csv,write-in or non-candidate ballot accounting row
2018,Indiana,IN,9,US House,Floyd,18043,Floyd,NEW ALBANY 44,WRITEIN,,,PROVISIONAL,0,HOUSE_precinct_general.csv,write-in or non-candidate ballot accounting row
2018,Indiana,IN,9,US House,Floyd,18043,Floyd,NEW ALBANY 45,WRITEIN,,,PROVISIONAL,0,HOUSE_precinct_general.csv,write-in or non-candidate ballot accounting row
2018,Indiana,IN,9,US House,Floyd,18043,Floyd,NEW ALBANY 46,WRITEIN,,,PROVISIONAL,0,HOUSE_precinct_general.csv,write-in or non-candidate ballot accounting row
2018,Indiana,IN,9,US House,Floyd,18043,Floyd,FRANKLIN 1,WRITEIN,,,ABSENTEE,1,HOUSE_precinct_general.csv,write-in or non-candidate ballot accounting row
2018,Indiana,IN,9,US House,Floyd,18043,Floyd,GEORGETOWN 1,WRITEIN,,,ABSENTEE,0,HOUSE_precinct_general.csv,write-in or non-candidate ballot accounting row
2018,Indiana,IN,9,US House,Floyd,18043,Floyd,GEORGETOWN 2,WRITEIN,,,ABSENTEE,0,HOUSE_precinct_general.csv,write-in or non-candidate ballot accounting row
2018,Indiana,IN,9,US House,Floyd,18043,Floyd,GEORGETOWN 3,WRITEIN,,,ABSENTEE,0,HOUSE_precinct_general.csv,write-in or non-candidate ballot accounting row
2018,Indiana,IN,9,US House,Floyd,18043,Floyd,GEORGETOWN 4,WRITEIN,,,ABSENTEE,1,HOUSE_precinct_general.csv,write-in or non-candidate ballot accounting row
2018,Indiana,IN,9,US House,Floyd,18043,Floyd,GEORGETOWN 5,WRITEIN,,,ABSENTEE,0,HOUSE_precinct_general.csv,write-in or non-candidate ballot accounting row
2018,Indiana,IN,9,US House,Floyd,18043,Floyd,GEORGETOWN 6,WRITEIN,,,ABSENTEE,0,HOUSE_precinct_general.csv,write-in or non-candidate ballot accounting row
2018,Indiana,IN,9,US House,Floyd,18043,Floyd,GEORGETOWN 7,WRITEIN,,,ABSENTEE,0,HOUSE_precinct_general.csv,write-in or non-candidate ballot accounting row
2018,Indiana,IN,9,US House,Floyd,18043,Floyd,GREENVILLE 1,WRITEIN,,,ABSENTEE,0,HOUSE_precinct_general.csv,write-in or non-candidate ballot accounting row
2018,Indiana,IN,9,US House,Floyd,18043,Floyd,GREENVILLE 2,WRITEIN,,,ABSENTEE,0,HOUSE_precinct_general.csv,write-in or non-candidate ballot accounting row
2018,Indiana,IN,9,US House,Floyd,18043,Floyd,GREENVILLE 3,WRITEIN,,,ABSENTEE,0,HOUSE_precinct_general.csv,write-in or non-candidate ballot accounting row
2018,Indiana,IN,9,US House,Floyd,18043,Floyd,GREENVILLE 4,WRITEIN,,,ABSENTEE,0,HOUSE_precinct_general.csv,write-in or non-candidate ballot accounting row
2018,Indiana,IN,9,US House,Floyd,18043,Floyd,GREENVILLE 5,WRITEIN,,,ABSENTEE,0,HOUSE_precinct_general.csv,write-in or non-candidate ballot accounting row
2018,Indiana,IN,9,US House,Floyd,18043,Floyd,GREENVILLE 6,WRITEIN,,,ABSENTEE,0,HOUSE_precinct_general.csv,write-in or non-candidate ballot accounting row
2018,Indiana,IN,9,US House,Floyd,18043,Floyd,LAFAYETTE 1,WRITEIN,,,ABSENTEE,0,HOUSE_precinct_general.csv,write-in or non-candidate ballot accounting row
2018,Indiana,IN,9,US House,Floyd,18043,Floyd,LAFAYETTE 2,WRITEIN,,,ABSENTEE,0,HOUSE_precinct_general.csv,write-in or non-candidate ballot accounting row
2018,Indiana,IN,9,US House,Floyd,18043,Floyd,LAFAYETTE 3,WRITEIN,,,ABSENTEE,0,HOUSE_precinct_general.csv,write-in or non-candidate ballot accounting row
2018,Indiana,IN,9,US House,Floyd,18043,Floyd,LAFAYETTE 4,WRITEIN,,,ABSENTEE,0,HOUSE_precinct_general.csv,write-in or non-candidate ballot accounting row
2018,Indiana,IN,9,US House,Floyd,18043,Floyd,LAFAYETTE 5,WRITEIN,,,ABSENTEE,0,HOUSE_precinct_general.csv,write-in or non-candidate ballot accounting row
2018,Indiana,IN,9,US House,Floyd,18043,Floyd,LAFAYETTE 6,WRITEIN,,,ABSENTEE,0,HOUSE_precinct_general.csv,write-in or non-candidate ballot accounting row
2018,Indiana,IN,9,US House,Floyd,18043,Floyd,LAFAYETTE 7,WRITEIN,,,ABSENTEE,0,HOUSE_precinct_general.csv,write-in or non-candidate ballot accounting row
2018,Indiana,IN,9,US House,Floyd,18043,Floyd,NEW ALBANY 01,WRITEIN,,,ABSENTEE,0,HOUSE_precinct_general.csv,write-in or non-candidate ballot accounting row
2018,Indiana,IN,9,US House,Floyd,18043,Floyd,NEW ALBANY 03,WRITEIN,,,ABSENTEE,0,HOUSE_precinct_general.csv,write-in or non-candidate ballot accounting row
2018,Indiana,IN,9,US House,Floyd,18043,Floyd,NEW ALBANY 05,WRITEIN,,,ABSENTEE,0,HOUSE_precinct_general.csv,write-in or non-candidate ballot accounting row
2018,Indiana,IN,9,US House,Floyd,18043,Floyd,NEW ALBANY 07,WRITEIN,,,ABSENTEE,0,HOUSE_precinct_general.csv,write-in or non-candidate ballot accounting row
2018,Indiana,IN,9,US House,Floyd,18043,Floyd,NEW ALBANY 09,WRITEIN,,,ABSENTEE,0,HOUSE_precinct_general.csv,write-in or non-candidate ballot accounting row
2018,Indiana,IN,9,US House,Floyd,18043,Floyd,NEW ALBANY 10,WRITEIN,,,ABSENTEE,0,HOUSE_precinct_general.csv,write-in or non-candidate ballot accounting row
2018,Indiana,IN,9,US House,Floyd,18043,Floyd,NEW ALBANY 11,WRITEIN,,,ABSENTEE,0,HOUSE_precinct_general.csv,write-in or non-candidate ballot accounting row
2018,Indiana,IN,9,US House,Floyd,18043,Floyd,NEW ALBANY 13,WRITEIN,,,ABSENTEE,0,HOUSE_precinct_general.csv,write-in or non-candidate ballot accounting row
2018,Indiana,IN,9,US House,Floyd,18043,Floyd,NEW ALBANY 14,WRITEIN,,,ABSENTEE,1,HOUSE_precinct_general.csv,write-in or non-candidate ballot accounting row
2018,Indiana,IN,9,US House,Floyd,18043,Floyd,NEW ALBANY 16,WRITEIN,,,ABSENTEE,0,HOUSE_precinct_general.csv,write-in or non-candidate ballot accounting row
2018,Indiana,IN,9,US House,Floyd,18043,Floyd,NEW ALBANY 18,WRITEIN,,,ABSENTEE,0,HOUSE_precinct_general.csv,write-in or non-candidate ballot accounting row
2018,Indiana,IN,9,US House,Floyd,18043,Floyd,NEW ALBANY 19,WRITEIN,,,ABSENTEE,0,HOUSE_precinct_general.csv,write-in or non-candidate ballot accounting row
2018,Indiana,IN,9,US House,Floyd,18043,Floyd,NEW ALBANY 20,WRITEIN,,,ABSENTEE,0,HOUSE_precinct_general.csv,write-in or non-candidate ballot accounting row
2018,Indiana,IN,9,US House,Floyd,18043,Floyd,NEW ALBANY 21,WRITEIN,,,ABSENTEE,0,HOUSE_precinct_general.csv,write-in or non-candidate ballot accounting row
2018,Indiana,IN,9,US House,Floyd,18043,Floyd,NEW ALBANY 22,WRITEIN,,,ABSENTEE,0,HOUSE_precinct_general.csv,write-in or non-candidate ballot accounting row
2018,Indiana,IN,9,US House,Floyd,18043,Floyd,NEW ALBANY 23,WRITEIN,,,ABSENTEE,0,HOUSE_precinct_general.csv,write-in or non-candidate ballot accounting row
2018,Indiana,IN,9,US House,Floyd,18043,Floyd,NEW ALBANY 24,WRITEIN,,,ABSENTEE,0,HOUSE_precinct_general.csv,write-in or non-candidate ballot accounting row
2018,Indiana,IN,9,US House,Floyd,18043,Floyd,NEW ALBANY 25,WRITEIN,,,ABSENTEE,0,HOUSE_precinct_general.csv,write-in or non-candidate ballot accounting row
2018,Indiana,IN,9,US House,Floyd,18043,Floyd,NEW ALBANY 26,WRITEIN,,,ABSENTEE,0,HOUSE_precinct_general.csv,write-in or non-candidate ballot accounting row
2018,Indiana,IN,9,US House,Floyd,18043,Floyd,NEW ALBANY 27,WRITEIN,,,ABSENTEE,0,HOUSE_precinct_general.csv,write-in or non-candidate ballot accounting row
2018,Indiana,IN,9,US House,Floyd,18043,Floyd,NEW ALBANY 28,WRITEIN,,,ABSENTEE,0,HOUSE_precinct_general.csv,write-in or non-candidate ballot accounting row
2018,Indiana,IN,9,US House,Floyd,18043,Floyd,NEW ALBANY 29,WRITEIN,,,ABSENTEE,0,HOUSE_precinct_general.csv,write-in or non-candidate ballot accounting row
2018,Indiana,IN,9,US House,Floyd,18043,Floyd,NEW ALBANY 30,WRITEIN,,,ABSENTEE,0,HOUSE_precinct_general.csv,write-in or non-candidate ballot accounting row
2018,Indiana,IN,9,US House,Floyd,18043,Floyd,NEW ALBANY 31,WRITEIN,,,ABSENTEE,0,HOUSE_precinct_general.csv,write-in or non-candidate ballot accounting row
2018,Indiana,IN,9,US House,Floyd,18043,Floyd,NEW ALBANY 32,WRITEIN,,,ABSENTEE,0,HOUSE_precinct_general.csv,write-in or non-candidate ballot accounting row
2018,Indiana,IN,9,US House,Floyd,18043,Floyd,NEW ALBANY 33,WRITEIN,,,ABSENTEE,0,HOUSE_precinct_general.csv,write-in or non-candidate ballot accounting row
2018,Indiana,IN,9,US House,Floyd,18043,Floyd,NEW ALBANY 34,WRITEIN,,,ABSENTEE,0,HOUSE_precinct_general.csv,write-in or non-candidate ballot accounting row
2018,Indiana,IN,9,US House,Floyd,18043,Floyd,NEW ALBANY 35,WRITEIN,,,ABSENTEE,0,HOUSE_precinct_general.csv,write-in or non-candidate ballot accounting row
2018,Indiana,IN,9,US House,Floyd,18043,Floyd,NEW ALBANY 36,WRITEIN,,,ABSENTEE,0,HOUSE_precinct_general.csv,write-in or non-candidate ballot accounting row
2018,Indiana,IN,9,US House,Floyd,18043,Floyd,NEW ALBANY 37,WRITEIN,,,ABSENTEE,0,HOUSE_precinct_general.csv,write-in or non-candidate ballot accounting row
2018,Indiana,IN,9,US House,Floyd,18043,Floyd,NEW ALBANY 38,WRITEIN,,,ABSENTEE,0,HOUSE_precinct_general.csv,write-in or non-candidate ballot accounting row
2018,Indiana,IN,9,US House,Floyd,18043,Floyd,NEW ALBANY 39,WRITEIN,,,ABSENTEE,0,HOUSE_precinct_general.csv,write-in or non-candidate ballot accounting row
2018,Indiana,IN,9,US House,Floyd,18043,Floyd,NEW ALBANY 40,WRITEIN,,,ABSENTEE,0,HOUSE_precinct_general.csv,write-in or non-candidate ballot accounting row
2018,Indiana,IN,9,US House,Floyd,18043,Floyd,NEW ALBANY 41,WRITEIN,,,ABSENTEE,0,HOUSE_precinct_general.csv,write-in or non-candidate ballot accounting row
2018,Indiana,IN,9,US House,Floyd,18043,Floyd,NEW ALBANY 42,WRITEIN,,,ABSENTEE,0,HOUSE_precinct_general.csv,write-in or non-candidate ballot accounting row
2018,Indiana,IN,9,US House,Floyd,18043,Floyd,NEW ALBANY 43,WRITEIN,,,ABSENTEE,0,HOUSE_precinct_general.csv,write-in or non-candidate ballot accounting row
2018,Indiana,IN,9,US House,Floyd,18043,Floyd,NEW ALBANY 44,WRITEIN,,,ABSENTEE,0,HOUSE_precinct_general.csv,write-in or non-candidate ballot accounting row
2018,Indiana,IN,9,US House,Floyd,18043,Floyd,NEW ALBANY 45,WRITEIN,,,ABSENTEE,0,HOUSE_precinct_general.csv,write-in or non-candidate ballot accounting row
2018,Indiana,IN,9,US House,Floyd,18043,Floyd,NEW ALBANY 46,WRITEIN,,,ABSENTEE,0,HOUSE_precinct_general.csv,write-in or non-candidate ballot accounting row
2018,Indiana,IN,9,US House,Crawford,18025,Crawford,0001 JENNINGS 1,OVERVOTES,,,UNSPECIFIED,0,HOUSE_precinct_general.csv,write-in or non-candidate ballot accounting row
2018,Indiana,IN,9,US House,Crawford,18025,Crawford,0002 JENNINGS 2,OVERVOTES,,,UNSPECIFIED,0,HOUSE_precinct_general.csv,write-in or non-candidate ballot accounting row
2018,Indiana,IN,9,US House,Crawford,18025,Crawford,0003 WHISKEY RUN 1,OVERVOTES,,,UNSPECIFIED,0,HOUSE_precinct_general.csv,write-in or non-candidate ballot accounting row
2018,Indiana,IN,9,US House,Crawford,18025,Crawford,0004 WHISKEY RUN 2,OVERVOTES,,,UNSPECIFIED,0,HOUSE_precinct_general.csv,write-in or non-candidate ballot accounting row
2018,Indiana,IN,9,US House,Crawford,18025,Crawford,0005 LIBERTY 1,OVERVOTES,,,UNSPECIFIED,1,HOUSE_precinct_general.csv,write-in or non-candidate ballot accounting row
2018,Indiana,IN,9,US House,Crawford,18025,Crawford,0006 LIBERTY 2,OVERVOTES,,,UNSPECIFIED,1,HOUSE_precinct_general.csv,write-in or non-candidate ballot accounting row
2018,Indiana,IN,9,US House,Crawford,18025,Crawford,0007 STERLING 1,OVERVOTES,,,UNSPECIFIED,0,HOUSE_precinct_general.csv,write-in or non-candidate ballot accounting row
2018,Indiana,IN,9,US House,Crawford,18025,Crawford,0008 STERLING 2,OVERVOTES,,,UNSPECIFIED,0,HOUSE_precinct_general.csv,write-in or non-candidate ballot accounting row
2018,Indiana,IN,9,US House,Crawford,18025,Crawford,0009 STERLING 3,OVERVOTES,,,UNSPECIFIED,0,HOUSE_precinct_general.csv,write-in or non-candidate ballot accounting row
2018,Indiana,IN,9,US House,Crawford,18025,Crawford,0010 PATNA 1,OVERVOTES,,,UNSPECIFIED,0,HOUSE_precinct_general.csv,write-in or non-candidate ballot accounting row
2018,Indiana,IN,9,US House,Crawford,18025,Crawford,0013 JOHNSON 2,OVERVOTES,,,UNSPECIFIED,0,HOUSE_precinct_general.csv,write-in or non-candidate ballot accounting row
2018,Indiana,IN,9,US House,Crawford,18025,Crawford,0014 UNION 1,OVERVOTES,,,UNSPECIFIED,0,HOUSE_precinct_general.csv,write-in or non-candidate ballot accounting row
2018,Indiana,IN,9,US House,Crawford,18025,Crawford,0016 OHIO 1,OVERVOTES,,,UNSPECIFIED,0,HOUSE_precinct_general.csv,write-in or non-candidate ballot accounting row
2018,Indiana,IN,9,US House,Crawford,18025,Crawford,0001 JENNINGS 1,UNDERVOTES,,,UNSPECIFIED,19,HOUSE_precinct_general.csv,write-in or non-candidate ballot accounting row
2018,Indiana,IN,9,US House,Crawford,18025,Crawford,0002 JENNINGS 2,UNDERVOTES,,,UNSPECIFIED,7,HOUSE_precinct_general.csv,write-in or non-candidate ballot accounting row
2018,Indiana,IN,9,US House,Crawford,18025,Crawford,0003 WHISKEY RUN 1,UNDERVOTES,,,UNSPECIFIED,3,HOUSE_precinct_general.csv,write-in or non-candidate ballot accounting row
2018,Indiana,IN,9,US House,Crawford,18025,Crawford,0004 WHISKEY RUN 2,UNDERVOTES,,,UNSPECIFIED,13,HOUSE_precinct_general.csv,write-in or non-candidate ballot accounting row
2018,Indiana,IN,9,US House,Crawford,18025,Crawford,0005 LIBERTY 1,UNDERVOTES,,,UNSPECIFIED,19,HOUSE_precinct_general.csv,write-in or non-candidate ballot accounting row
2018,Indiana,IN,9,US House,Crawford,18025,Crawford,0006 LIBERTY 2,UNDERVOTES,,,UNSPECIFIED,21,HOUSE_precinct_general.csv,write-in or non-candidate ballot accounting row
2018,Indiana,IN,9,US House,Crawford,18025,Crawford,0007 STERLING 1,UNDERVOTES,,,UNSPECIFIED,9,HOUSE_precinct_general.csv,write-in or non-candidate ballot accounting row
2018,Indiana,IN,9,US House,Crawford,18025,Crawford,0008 STERLING 2,UNDERVOTES,,,UNSPECIFIED,16,HOUSE_precinct_general.csv,write-in or non-candidate ballot accounting row
2018,Indiana,IN,9,US House,Crawford,18025,Crawford,0009 STERLING 3,UNDERVOTES,,,UNSPECIFIED,9,HOUSE_precinct_general.csv,write-in or non-candidate ballot accounting row
2018,Indiana,IN,9,US House,Crawford,18025,Crawford,0010 PATNA 1,UNDERVOTES,,,UNSPECIFIED,24,HOUSE_precinct_general.csv,write-in or non-candidate ballot accounting row
2018,Indiana,IN,9,US House,Crawford,18025,Crawford,0013 JOHNSON 2,UNDERVOTES,,,UNSPECIFIED,0,HOUSE_precinct_general.csv,write-in or non-candidate ballot accounting row
2018,Indiana,IN,9,US House,Crawford,18025,Crawford,0014 UNION 1,UNDERVOTES,,,UNSPECIFIED,8,HOUSE_precinct_general.csv,write-in or non-candidate ballot accounting row
2018,Indiana,IN,9,US House,Crawford,18025,Crawford,0016 OHIO 1,UNDERVOTES,,,UNSPECIFIED,6,HOUSE_precinct_general.csv,write-in or non-candidate ballot accounting row
2018,Indiana,IN,9,US House,Monroe,18105,Monroe,Bean Blossom 01,GEORGE WILLIAM WOLFE,,,EARLY,0,HOUSE_precinct_general.csv,write-in or non-candidate ballot accounting row
2018,Indiana,IN,9,US House,Monroe,18105,Monroe,Bean Blossom 01,JEREMY HEATH,,,EARLY,0,HOUSE_precinct_general.csv,write-in or non-candidate ballot accounting row
2018,Indiana,IN,9,US House,Monroe,18105,Monroe,Bean Blossom 02,GEORGE WILLIAM WOLFE,,,EARLY,0,HOUSE_precinct_general.csv,write-in or non-candidate ballot accounting row
2018,Indiana,IN,9,US House,Monroe,18105,Monroe,Bean Blossom 02,JEREMY HEATH,,,EARLY,0,HOUSE_precinct_general.csv,write-in or non-candidate ballot accounting row
2018,Indiana,IN,9,US House,Monroe,18105,Monroe,Benton 01,GEORGE WILLIAM WOLFE,,,EARLY,0,HOUSE_precinct_general.csv,write-in or non-candidate ballot accounting row
2018,Indiana,IN,9,US House,Monroe,18105,Monroe,Benton 01,JEREMY HEATH,,,EARLY,0,HOUSE_precinct_general.csv,write-in or non-candidate ballot accounting row
2018,Indiana,IN,9,US House,Monroe,18105,Monroe,Benton 02,GEORGE WILLIAM WOLFE,,,EARLY,0,HOUSE_precinct_general.csv,write-in or non-candidate ballot accounting row
2018,Indiana,IN,9,US House,Monroe,18105,Monroe,Benton 02,JEREMY HEATH,,,EARLY,0,HOUSE_precinct_general.csv,write-in or non-candidate ballot accounting row
2018,Indiana,IN,9,US House,Monroe,18105,Monroe,Bloomington 01,GEORGE WILLIAM WOLFE,,,EARLY,0,HOUSE_precinct_general.csv,write-in or non-candidate ballot accounting row
2018,Indiana,IN,9,US House,Monroe,18105,Monroe,Bloomington 01,JEREMY HEATH,,,EARLY,0,HOUSE_precinct_general.csv,write-in or non-candidate ballot accounting row
2018,Indiana,IN,9,US House,Monroe,18105,Monroe,Bloomington 02,GEORGE WILLIAM WOLFE,,,EARLY,0,HOUSE_precinct_general.csv,write-in or non-candidate ballot accounting row
2018,Indiana,IN,9,US House,Monroe,18105,Monroe,Bloomington 02,JEREMY HEATH,,,EARLY,0,HOUSE_precinct_general.csv,write-in or non-candidate ballot accounting row
2018,Indiana,IN,9,US House,Monroe,18105,Monroe,Bloomington 03,GEORGE WILLIAM WOLFE,,,EARLY,0,HOUSE_precinct_general.csv,write-in or non-candidate ballot accounting row
2018,Indiana,IN,9,US House,Monroe,18105,Monroe,Bloomington 03,JEREMY HEATH,,,EARLY,0,HOUSE_precinct_general.csv,write-in or non-candidate ballot accounting row
2018,Indiana,IN,9,US House,Monroe,18105,Monroe,Bloomington 04,GEORGE WILLIAM WOLFE,,,EARLY,0,HOUSE_precinct_general.csv,write-in or non-candidate ballot accounting row
2018,Indiana,IN,9,US House,Monroe,18105,Monroe,Bloomington 04,JEREMY HEATH,,,EARLY,0,HOUSE_precinct_general.csv,write-in or non-candidate ballot accounting row
2018,Indiana,IN,9,US House,Monroe,18105,Monroe,Bloomington 05,GEORGE WILLIAM WOLFE,,,EARLY,0,HOUSE_precinct_general.csv,write-in or non-candidate ballot accounting row
2018,Indiana,IN,9,US House,Monroe,18105,Monroe,Bloomington 05,JEREMY HEATH,,,EARLY,0,HOUSE_precinct_general.csv,write-in or non-candidate ballot accounting row
2018,Indiana,IN,9,US House,Monroe,18105,Monroe,Bloomington 06,GEORGE WILLIAM WOLFE,,,EARLY,0,HOUSE_precinct_general.csv,write-in or non-candidate ballot accounting row
2018,Indiana,IN,9,US House,Monroe,18105,Monroe,Bloomington 06,JEREMY HEATH,,,EARLY,0,HOUSE_precinct_general.csv,write-in or non-candidate ballot accounting row
2018,Indiana,IN,9,US House,Monroe,18105,Monroe,Bloomington 07,GEORGE WILLIAM WOLFE,,,EARLY,0,HOUSE_precinct_general.csv,write-in or non-candidate ballot accounting row
2018,Indiana,IN,9,US House,Monroe,18105,Monroe,Bloomington 07,JEREMY HEATH,,,EARLY,0,HOUSE_precinct_general.csv,write-in or non-candidate ballot accounting row
2018,Indiana,IN,9,US House,Monroe,18105,Monroe,Bloomington 08,GEORGE WILLIAM WOLFE,,,EARLY,0,HOUSE_precinct_general.csv,write-in or non-candidate ballot accounting row
2018,Indiana,IN,9,US House,Monroe,18105,Monroe,Bloomington 08,JEREMY HEATH,,,EARLY,0,HOUSE_precinct_general.csv,write-in or non-candidate ballot accounting row
2018,Indiana,IN,9,US House,Monroe,18105,Monroe,Bloomington 09,GEORGE WILLIAM WOLFE,,,EARLY,0,HOUSE_precinct_general.csv,write-in or non-candidate ballot accounting row
2018,Indiana,IN,9,US House,Monroe,18105,Monroe,Bloomington 09,JEREMY HEATH,,,EARLY,0,HOUSE_precinct_general.csv,write-in or non-candidate ballot accounting row
2018,Indiana,IN,9,US House,Monroe,18105,Monroe,Bloomington 010,GEORGE WILLIAM WOLFE,,,EARLY,0,HOUSE_precinct_general.csv,write-in or non-candidate ballot accounting row
2018,Indiana,IN,9,US House,Monroe,18105,Monroe,Bloomington 010,JEREMY HEATH,,,EARLY,0,HOUSE_precinct_general.csv,write-in or non-candidate ballot accounting row
2018,Indiana,IN,9,US House,Monroe,18105,Monroe,Bloomington 011,GEORGE WILLIAM WOLFE,,,EARLY,0,HOUSE_precinct_general.csv,write-in or non-candidate ballot accounting row
2018,Indiana,IN,9,US House,Monroe,18105,Monroe,Bloomington 011,JEREMY HEATH,,,EARLY,0,HOUSE_precinct_general.csv,write-in or non-candidate ballot accounting row
2018,Indiana,IN,9,US House,Monroe,18105,Monroe,Bloomington 012,GEORGE WILLIAM WOLFE,,,EARLY,0,HOUSE_precinct_general.csv,write-in or non-candidate ballot accounting row
2018,Indiana,IN,9,US House,Monroe,18105,Monroe,Bloomington 012,JEREMY HEATH,,,EARLY,0,HOUSE_precinct_general.csv,write-in or non-candidate ballot accounting row
2018,Indiana,IN,9,US House,Monroe,18105,Monroe,Bloomington 013,GEORGE WILLIAM WOLFE,,,EARLY,0,HOUSE_precinct_general.csv,write-in or non-candidate ballot accounting row
2018,Indiana,IN,9,US House,Monroe,18105,Monroe,Bloomington 013,JEREMY HEATH,,,EARLY,0,HOUSE_precinct_general.csv,write-in or non-candidate ballot accounting row
2018,Indiana,IN,9,US House,Monroe,18105,Monroe,Bloomington 014,GEORGE WILLIAM WOLFE,,,EARLY,0,HOUSE_precinct_general.csv,write-in or non-candidate ballot accounting row
2018,Indiana,IN,9,US House,Monroe,18105,Monroe,Bloomington 014,JEREMY HEATH,,,EARLY,0,HOUSE_precinct_general.csv,write-in or non-candidate ballot accounting row
2018,Indiana,IN,9,US House,Monroe,18105,Monroe,Bloomington 015,GEORGE WILLIAM WOLFE,,,EARLY,0,HOUSE_precinct_general.csv,write-in or non-candidate ballot accounting row
2018,Indiana,IN,9,US House,Monroe,18105,Monroe,Bloomington 015,JEREMY HEATH,,,EARLY,0,HOUSE_precinct_general.csv,write-in or non-candidate ballot accounting row
2018,Indiana,IN,9,US House,Monroe,18105,Monroe,Bloomington 016,GEORGE WILLIAM WOLFE,,,EARLY,0,HOUSE_precinct_general.csv,write-in or non-candidate ballot accounting row
2018,Indiana,IN,9,US House,Monroe,18105,Monroe,Bloomington 016,JEREMY HEATH,,,EARLY,0,HOUSE_precinct_general.csv,write-in or non-candidate ballot accounting row
2018,Indiana,IN,9,US House,Monroe,18105,Monroe,Bloomington 017,GEORGE WILLIAM WOLFE,,,EARLY,0,HOUSE_precinct_general.csv,write-in or non-candidate ballot accounting row
2018,Indiana,IN,9,US House,Monroe,18105,Monroe,Bloomington 017,JEREMY HEATH,,,EARLY,0,HOUSE_precinct_general.csv,write-in or non-candidate ballot accounting row
2018,Indiana,IN,9,US House,Monroe,18105,Monroe,Bloomington 018,GEORGE WILLIAM WOLFE,,,EARLY,0,HOUSE_precinct_general.csv,write-in or non-candidate ballot accounting row
2018,Indiana,IN,9,US House,Monroe,18105,Monroe,Bloomington 018,JEREMY HEATH,,,EARLY,0,HOUSE_precinct_general.csv,write-in or non-candidate ballot accounting row
2018,Indiana,IN,9,US House,Monroe,18105,Monroe,Bloomington 019,GEORGE WILLIAM WOLFE,,,EARLY,0,HOUSE_precinct_general.csv,write-in or non-candidate ballot accounting row
2018,Indiana,IN,9,US House,Monroe,18105,Monroe,Bloomington 019,JEREMY HEATH,,,EARLY,0,HOUSE_precinct_general.csv,write-in or non-candidate ballot accounting row
2018,Indiana,IN,9,US House,Monroe,18105,Monroe,Bloomington 020,GEORGE WILLIAM WOLFE,,,EARLY,0,HOUSE_precinct_general.csv,write-in or non-candidate ballot accounting row
2018,Indiana,IN,9,US House,Monroe,18105,Monroe,Bloomington 020,JEREMY HEATH,,,EARLY,0,HOUSE_precinct_general.csv,write-in or non-candidate ballot accounting row
2018,Indiana,IN,9,US House,Monroe,18105,Monroe,Bloomington 021,GEORGE WILLIAM WOLFE,,,EARLY,0,HOUSE_precinct_general.csv,write-in or non-candidate ballot accounting row
2018,Indiana,IN,9,US House,Monroe,18105,Monroe,Bloomington 021,JEREMY HEATH,,,EARLY,0,HOUSE_precinct_general.csv,write-in or non-candidate ballot accounting row
2018,Indiana,IN,9,US House,Monroe,18105,Monroe,Bloomington 022,GEORGE WILLIAM WOLFE,,,EARLY,0,HOUSE_precinct_general.csv,write-in or non-candidate ballot accounting row
2018,Indiana,IN,9,US House,Monroe,18105,Monroe,Bloomington 022,JEREMY HEATH,,,EARLY,0,HOUSE_precinct_general.csv,write-in or non-candidate ballot accounting row
2018,Indiana,IN,9,US House,Monroe,18105,Monroe,Bloomington 023,GEORGE WILLIAM WOLFE,,,EARLY,0,HOUSE_precinct_general.csv,write-in or non-candidate ballot accounting row
2018,Indiana,IN,9,US House,Monroe,18105,Monroe,Bloomington 023,JEREMY HEATH,,,EARLY,0,HOUSE_precinct_general.csv,write-in or non-candidate ballot accounting row
2018,Indiana,IN,9,US House,Monroe,18105,Monroe,Bloomington 024,GEORGE WILLIAM WOLFE,,,EARLY,0,HOUSE_precinct_general.csv,write-in or non-candidate ballot accounting row
2018,Indiana,IN,9,US House,Monroe,18105,Monroe,Bloomington 024,JEREMY HEATH,,,EARLY,0,HOUSE_precinct_general.csv,write-in or non-candidate ballot accounting row
2018,Indiana,IN,9,US House,Monroe,18105,Monroe,Clear Creek 01,GEORGE WILLIAM WOLFE,,,EARLY,0,HOUSE_precinct_general.csv,write-in or non-candidate ballot accounting row
2018,Indiana,IN,9,US House,Monroe,18105,Monroe,Clear Creek 01,JEREMY HEATH,,,EARLY,0,HOUSE_precinct_general.csv,write-in or non-candidate ballot accounting row
2018,Indiana,IN,9,US House,Monroe,18105,Monroe,Clear Creek 02,GEORGE WILLIAM WOLFE,,,EARLY,0,HOUSE_precinct_general.csv,write-in or non-candidate ballot accounting row
2018,Indiana,IN,9,US House,Monroe,18105,Monroe,Clear Creek 02,JEREMY HEATH,,,EARLY,0,HOUSE_precinct_general.csv,write-in or non-candidate ballot accounting row
2018,Indiana,IN,9,US House,Monroe,18105,Monroe,Clear Creek 03,GEORGE WILLIAM WOLFE,,,EARLY,0,HOUSE_precinct_general.csv,write-in or non-candidate ballot accounting row
2018,Indiana,IN,9,US House,Monroe,18105,Monroe,Clear Creek 03,JEREMY HEATH,,,EARLY,0,HOUSE_precinct_general.csv,write-in or non-candidate ballot accounting row
2018,Indiana,IN,9,US House,Monroe,18105,Monroe,Indian Creek,GEORGE WILLIAM WOLFE,,,EARLY,0,HOUSE_precinct_general.csv,write-in or non-candidate ballot accounting row
2018,Indiana,IN,9,US House,Monroe,18105,Monroe,Indian Creek,JEREMY HEATH,,,EARLY,0,HOUSE_precinct_general.csv,write-in or non-candidate ballot accounting row
2018,Indiana,IN,9,US House,Monroe,18105,Monroe,Perry 01,GEORGE WILLIAM WOLFE,,,EARLY,0,HOUSE_precinct_general.csv,write-in or non-candidate ballot accounting row
2018,Indiana,IN,9,US House,Monroe,18105,Monroe,Perry 01,JEREMY HEATH,,,EARLY,0,HOUSE_precinct_general.csv,write-in or non-candidate ballot accounting row
2018,Indiana,IN,9,US House,Monroe,18105,Monroe,Perry 02,GEORGE WILLIAM WOLFE,,,EARLY,0,HOUSE_precinct_general.csv,write-in or non-candidate ballot accounting row
2018,Indiana,IN,9,US House,Monroe,18105,Monroe,Perry 02,JEREMY HEATH,,,EARLY,0,HOUSE_precinct_general.csv,write-in or non-candidate ballot accounting row
2018,Indiana,IN,9,US House,Monroe,18105,Monroe,Perry 03,GEORGE WILLIAM WOLFE,,,EARLY,0,HOUSE_precinct_general.csv,write-in or non-candidate ballot accounting row
2018,Indiana,IN,9,US House,Monroe,18105,Monroe,Perry 03,JEREMY HEATH,,,EARLY,0,HOUSE_precinct_general.csv,write-in or non-candidate ballot accounting row
2018,Indiana,IN,9,US House,Monroe,18105,Monroe,Perry 04,GEORGE WILLIAM WOLFE,,,EARLY,0,HOUSE_precinct_general.csv,write-in or non-candidate ballot accounting row
2018,Indiana,IN,9,US House,Monroe,18105,Monroe,Perry 04,JEREMY HEATH,,,EARLY,0,HOUSE_precinct_general.csv,write-in or non-candidate ballot accounting row
2018,Indiana,IN,9,US House,Monroe,18105,Monroe,Perry 05,GEORGE WILLIAM WOLFE,,,EARLY,0,HOUSE_precinct_general.csv,write-in or non-candidate ballot accounting row
2018,Indiana,IN,9,US House,Monroe,18105,Monroe,Perry 05,JEREMY HEATH,,,EARLY,0,HOUSE_precinct_general.csv,write-in or non-candidate ballot accounting row
2018,Indiana,IN,9,US House,Monroe,18105,Monroe,Perry 06,GEORGE WILLIAM WOLFE,,,EARLY,0,HOUSE_precinct_general.csv,write-in or non-candidate ballot accounting row
2018,Indiana,IN,9,US House,Monroe,18105,Monroe,Perry 06,JEREMY HEATH,,,EARLY,0,HOUSE_precinct_general.csv,write-in or non-candidate ballot accounting row
2018,Indiana,IN,9,US House,Monroe,18105,Monroe,Perry 07,GEORGE WILLIAM WOLFE,,,EARLY,0,HOUSE_precinct_general.csv,write-in or non-candidate ballot accounting row
2018,Indiana,IN,9,US House,Monroe,18105,Monroe,Perry 07,JEREMY HEATH,,,EARLY,0,HOUSE_precinct_general.csv,write-in or non-candidate ballot accounting row
2018,Indiana,IN,9,US House,Monroe,18105,Monroe,Perry 08,GEORGE WILLIAM WOLFE,,,EARLY,0,HOUSE_precinct_general.csv,write-in or non-candidate ballot accounting row
2018,Indiana,IN,9,US House,Monroe,18105,Monroe,Perry 08,JEREMY HEATH,,,EARLY,0,HOUSE_precinct_general.csv,write-in or non-candidate ballot accounting row
2018,Indiana,IN,9,US House,Monroe,18105,Monroe,Perry 09,GEORGE WILLIAM WOLFE,,,EARLY,0,HOUSE_precinct_general.csv,write-in or non-candidate ballot accounting row
2018,Indiana,IN,9,US House,Monroe,18105,Monroe,Perry 09,JEREMY HEATH,,,EARLY,0,HOUSE_precinct_general.csv,write-in or non-candidate ballot accounting row
2018,Indiana,IN,9,US House,Monroe,18105,Monroe,Perry 010,GEORGE WILLIAM WOLFE,,,EARLY,0,HOUSE_precinct_general.csv,write-in or non-candidate ballot accounting row
2018,Indiana,IN,9,US House,Monroe,18105,Monroe,Perry 010,JEREMY HEATH,,,EARLY,0,HOUSE_precinct_general.csv,write-in or non-candidate ballot accounting row
2018,Indiana,IN,9,US House,Monroe,18105,Monroe,Perry 011,GEORGE WILLIAM WOLFE,,,EARLY,0,HOUSE_precinct_general.csv,write-in or non-candidate ballot accounting row
2018,Indiana,IN,9,US House,Monroe,18105,Monroe,Perry 011,JEREMY HEATH,,,EARLY,0,HOUSE_precinct_general.csv,write-in or non-candidate ballot accounting row
2018,Indiana,IN,9,US House,Monroe,18105,Monroe,Perry 012,GEORGE WILLIAM WOLFE,,,EARLY,0,HOUSE_precinct_general.csv,write-in or non-candidate ballot accounting row
2018,Indiana,IN,9,US House,Monroe,18105,Monroe,Perry 012,JEREMY HEATH,,,EARLY,0,HOUSE_precinct_general.csv,write-in or non-candidate ballot accounting row
2018,Indiana,IN,9,US House,Monroe,18105,Monroe,Perry 013,GEORGE WILLIAM WOLFE,,,EARLY,0,HOUSE_precinct_general.csv,write-in or non-candidate ballot accounting row
2018,Indiana,IN,9,US House,Monroe,18105,Monroe,Perry 013,JEREMY HEATH,,,EARLY,0,HOUSE_precinct_general.csv,write-in or non-candidate ballot accounting row
2018,Indiana,IN,9,US House,Monroe,18105,Monroe,Perry 014,GEORGE WILLIAM WOLFE,,,EARLY,0,HOUSE_precinct_general.csv,write-in or non-candidate ballot accounting row
2018,Indiana,IN,9,US House,Monroe,18105,Monroe,Perry 014,JEREMY HEATH,,,EARLY,0,HOUSE_precinct_general.csv,write-in or non-candidate ballot accounting row
2018,Indiana,IN,9,US House,Monroe,18105,Monroe,Perry 015,GEORGE WILLIAM WOLFE,,,EARLY,0,HOUSE_precinct_general.csv,write-in or non-candidate ballot accounting row
2018,Indiana,IN,9,US House,Monroe,18105,Monroe,Perry 015,JEREMY HEATH,,,EARLY,0,HOUSE_precinct_general.csv,write-in or non-candidate ballot accounting row
2018,Indiana,IN,9,US House,Monroe,18105,Monroe,Perry 016,GEORGE WILLIAM WOLFE,,,EARLY,0,HOUSE_precinct_general.csv,write-in or non-candidate ballot accounting row
2018,Indiana,IN,9,US House,Monroe,18105,Monroe,Perry 016,JEREMY HEATH,,,EARLY,0,HOUSE_precinct_general.csv,write-in or non-candidate ballot accounting row
2018,Indiana,IN,9,US House,Monroe,18105,Monroe,Perry 017,GEORGE WILLIAM WOLFE,,,EARLY,0,HOUSE_precinct_general.csv,write-in or non-candidate ballot accounting row
2018,Indiana,IN,9,US House,Monroe,18105,Monroe,Perry 017,JEREMY HEATH,,,EARLY,0,HOUSE_precinct_general.csv,write-in or non-candidate ballot accounting row
2018,Indiana,IN,9,US House,Monroe,18105,Monroe,Perry 018,GEORGE WILLIAM WOLFE,,,EARLY,0,HOUSE_precinct_general.csv,write-in or non-candidate ballot accounting row
2018,Indiana,IN,9,US House,Monroe,18105,Monroe,Perry 018,JEREMY HEATH,,,EARLY,0,HOUSE_precinct_general.csv,write-in or non-candidate ballot accounting row
2018,Indiana,IN,9,US House,Monroe,18105,Monroe,Perry 019,GEORGE WILLIAM WOLFE,,,EARLY,0,HOUSE_precinct_general.csv,write-in or non-candidate ballot accounting row
2018,Indiana,IN,9,US House,Monroe,18105,Monroe,Perry 019,JEREMY HEATH,,,EARLY,0,HOUSE_precinct_general.csv,write-in or non-candidate ballot accounting row
2018,Indiana,IN,9,US House,Monroe,18105,Monroe,Perry 020,GEORGE WILLIAM WOLFE,,,EARLY,0,HOUSE_precinct_general.csv,write-in or non-candidate ballot accounting row
2018,Indiana,IN,9,US House,Monroe,18105,Monroe,Perry 020,JEREMY HEATH,,,EARLY,0,HOUSE_precinct_general.csv,write-in or non-candidate ballot accounting row
2018,Indiana,IN,9,US House,Monroe,18105,Monroe,Perry 021,GEORGE WILLIAM WOLFE,,,EARLY,0,HOUSE_precinct_general.csv,write-in or non-candidate ballot accounting row
2018,Indiana,IN,9,US House,Monroe,18105,Monroe,Perry 021,JEREMY HEATH,,,EARLY,0,HOUSE_precinct_general.csv,write-in or non-candidate ballot accounting row
2018,Indiana,IN,9,US House,Monroe,18105,Monroe,Perry 022,GEORGE WILLIAM WOLFE,,,EARLY,0,HOUSE_precinct_general.csv,write-in or non-candidate ballot accounting row
2018,Indiana,IN,9,US House,Monroe,18105,Monroe,Perry 022,JEREMY HEATH,,,EARLY,0,HOUSE_precinct_general.csv,write-in or non-candidate ballot accounting row
2018,Indiana,IN,9,US House,Monroe,18105,Monroe,Perry 023,GEORGE WILLIAM WOLFE,,,EARLY,0,HOUSE_precinct_general.csv,write-in or non-candidate ballot accounting row
2018,Indiana,IN,9,US House,Monroe,18105,Monroe,Perry 023,JEREMY HEATH,,,EARLY,0,HOUSE_precinct_general.csv,write-in or non-candidate ballot accounting row
2018,Indiana,IN,9,US House,Monroe,18105,Monroe,Perry 024,GEORGE WILLIAM WOLFE,,,EARLY,0,HOUSE_precinct_general.csv,write-in or non-candidate ballot accounting row
2018,Indiana,IN,9,US House,Monroe,18105,Monroe,Perry 024,JEREMY HEATH,,,EARLY,0,HOUSE_precinct_general.csv,write-in or non-candidate ballot accounting row
2018,Indiana,IN,9,US House,Monroe,18105,Monroe,Perry 025,GEORGE WILLIAM WOLFE,,,EARLY,0,HOUSE_precinct_general.csv,write-in or non-candidate ballot accounting row
2018,Indiana,IN,9,US House,Monroe,18105,Monroe,Perry 025,JEREMY HEATH,,,EARLY,0,HOUSE_precinct_general.csv,write-in or non-candidate ballot accounting row
2018,Indiana,IN,9,US House,Monroe,18105,Monroe,Perry 026,GEORGE WILLIAM WOLFE,,,EARLY,0,HOUSE_precinct_general.csv,write-in or non-candidate ballot accounting row
2018,Indiana,IN,9,US House,Monroe,18105,Monroe,Perry 026,JEREMY HEATH,,,EARLY,0,HOUSE_precinct_general.csv,write-in or non-candidate ballot accounting row
2018,Indiana,IN,9,US House,Monroe,18105,Monroe,Perry 027,GEORGE WILLIAM WOLFE,,,EARLY,0,HOUSE_precinct_general.csv,write-in or non-candidate ballot accounting row
2018,Indiana,IN,9,US House,Monroe,18105,Monroe,Perry 027,JEREMY HEATH,,,EARLY,0,HOUSE_precinct_general.csv,write-in or non-candidate ballot accounting row
2018,Indiana,IN,9,US House,Monroe,18105,Monroe,Perry 028,GEORGE WILLIAM WOLFE,,,EARLY,0,HOUSE_precinct_general.csv,write-in or non-candidate ballot accounting row
2018,Indiana,IN,9,US House,Monroe,18105,Monroe,Perry 028,JEREMY HEATH,,,EARLY,0,HOUSE_precinct_general.csv,write-in or non-candidate ballot accounting row
2018,Indiana,IN,9,US House,Monroe,18105,Monroe,Perry 029,GEORGE WILLIAM WOLFE,,,EARLY,0,HOUSE_precinct_general.csv,write-in or non-candidate ballot accounting row
2018,Indiana,IN,9,US House,Monroe,18105,Monroe,Perry 029,JEREMY HEATH,,,EARLY,0,HOUSE_precinct_general.csv,write-in or non-candidate ballot accounting row
2018,Indiana,IN,9,US House,Monroe,18105,Monroe,Perry 030,GEORGE WILLIAM WOLFE,,,EARLY,0,HOUSE_precinct_general.csv,write-in or non-candidate ballot accounting row
2018,Indiana,IN,9,US House,Monroe,18105,Monroe,Perry 030,JEREMY HEATH,,,EARLY,0,HOUSE_precinct_general.csv,write-in or non-candidate ballot accounting row
2018,Indiana,IN,9,US House,Monroe,18105,Monroe,Perry 031,GEORGE WILLIAM WOLFE,,,EARLY,0,HOUSE_precinct_general.csv,write-in or non-candidate ballot accounting row
2018,Indiana,IN,9,US House,Monroe,18105,Monroe,Perry 031,JEREMY HEATH,,,EARLY,0,HOUSE_precinct_general.csv,write-in or non-candidate ballot accounting row
2018,Indiana,IN,9,US House,Monroe,18105,Monroe,Perry 032,GEORGE WILLIAM WOLFE,,,EARLY,0,HOUSE_precinct_general.csv,write-in or non-candidate ballot accounting row
2018,Indiana,IN,9,US House,Monroe,18105,Monroe,Perry 032,JEREMY HEATH,,,EARLY,0,HOUSE_precinct_general.csv,write-in or non-candidate ballot accounting row
2018,Indiana,IN,9,US House,Monroe,18105,Monroe,Polk,GEORGE WILLIAM WOLFE,,,EARLY,0,HOUSE_precinct_general.csv,write-in or non-candidate ballot accounting row
2018,Indiana,IN,9,US House,Monroe,18105,Monroe,Polk,JEREMY HEATH,,,EARLY,0,HOUSE_precinct_general.csv,write-in or non-candidate ballot accounting row
2018,Indiana,IN,9,US House,Monroe,18105,Monroe,Richland 01,GEORGE WILLIAM WOLFE,,,EARLY,0,HOUSE_precinct_general.csv,write-in or non-candidate ballot accounting row
2018,Indiana,IN,9,US House,Monroe,18105,Monroe,Richland 01,JEREMY HEATH,,,EARLY,0,HOUSE_precinct_general.csv,write-in or non-candidate ballot accounting row
2018,Indiana,IN,9,US House,Monroe,18105,Monroe,Richland 02,GEORGE WILLIAM WOLFE,,,EARLY,0,HOUSE_precinct_general.csv,write-in or non-candidate ballot accounting row
2018,Indiana,IN,9,US House,Monroe,18105,Monroe,Richland 02,JEREMY HEATH,,,EARLY,0,HOUSE_precinct_general.csv,write-in or non-candidate ballot accounting row
2018,Indiana,IN,9,US House,Monroe,18105,Monroe,Richland 03,GEORGE WILLIAM WOLFE,,,EARLY,0,HOUSE_precinct_general.csv,write-in or non-candidate ballot accounting row
2018,Indiana,IN,9,US House,Monroe,18105,Monroe,Richland 03,JEREMY HEATH,,,EARLY,0,HOUSE_precinct_general.csv,write-in or non-candidate ballot accounting row
2018,Indiana,IN,9,US House,Monroe,18105,Monroe,Richland 04,GEORGE WILLIAM WOLFE,,,EARLY,0,HOUSE_precinct_general.csv,write-in or non-candidate ballot accounting row
2018,Indiana,IN,9,US House,Monroe,18105,Monroe,Richland 04,JEREMY HEATH,,,EARLY,0,HOUSE_precinct_general.csv,write-in or non-candidate ballot accounting row
2018,Indiana,IN,9,US House,Monroe,18105,Monroe,Richland 05,GEORGE WILLIAM WOLFE,,,EARLY,0,HOUSE_precinct_general.csv,write-in or non-candidate ballot accounting row
2018,Indiana,IN,9,US House,Monroe,18105,Monroe,Richland 05,JEREMY HEATH,,,EARLY,0,HOUSE_precinct_general.csv,write-in or non-candidate ballot accounting row
2018,Indiana,IN,9,US House,Monroe,18105,Monroe,Richland 06,GEORGE WILLIAM WOLFE,,,EARLY,0,HOUSE_precinct_general.csv,write-in or non-candidate ballot accounting row
2018,Indiana,IN,9,US House,Monroe,18105,Monroe,Richland 06,JEREMY HEATH,,,EARLY,0,HOUSE_precinct_general.csv,write-in or non-candidate ballot accounting row
2018,Indiana,IN,9,US House,Monroe,18105,Monroe,Richland 07,GEORGE WILLIAM WOLFE,,,EARLY,0,HOUSE_precinct_general.csv,write-in or non-candidate ballot accounting row
2018,Indiana,IN,9,US House,Monroe,18105,Monroe,Richland 07,JEREMY HEATH,,,EARLY,0,HOUSE_precinct_general.csv,write-in or non-candidate ballot accounting row
2018,Indiana,IN,9,US House,Monroe,18105,Monroe,Richland 08,GEORGE WILLIAM WOLFE,,,EARLY,0,HOUSE_precinct_general.csv,write-in or non-candidate ballot accounting row
2018,Indiana,IN,9,US House,Monroe,18105,Monroe,Richland 08,JEREMY HEATH,,,EARLY,0,HOUSE_precinct_general.csv,write-in or non-candidate ballot accounting row
2018,Indiana,IN,9,US House,Monroe,18105,Monroe,Richland 09,GEORGE WILLIAM WOLFE,,,EARLY,0,HOUSE_precinct_general.csv,write-in or non-candidate ballot accounting row
2018,Indiana,IN,9,US House,Monroe,18105,Monroe,Richland 09,JEREMY HEATH,,,EARLY,0,HOUSE_precinct_general.csv,write-in or non-candidate ballot accounting row
2018,Indiana,IN,9,US House,Monroe,18105,Monroe,Salt Creek,GEORGE WILLIAM WOLFE,,,EARLY,0,HOUSE_precinct_general.csv,write-in or non-candidate ballot accounting row
2018,Indiana,IN,9,US House,Monroe,18105,Monroe,Salt Creek,JEREMY HEATH,,,EARLY,0,HOUSE_precinct_general.csv,write-in or non-candidate ballot accounting row
2018,Indiana,IN,9,US House,Monroe,18105,Monroe,Van Buren 01,GEORGE WILLIAM WOLFE,,,EARLY,0,HOUSE_precinct_general.csv,write-in or non-candidate ballot accounting row
2018,Indiana,IN,9,US House,Monroe,18105,Monroe,Van Buren 01,JEREMY HEATH,,,EARLY,0,HOUSE_precinct_general.csv,write-in or non-candidate ballot accounting row
2018,Indiana,IN,9,US House,Monroe,18105,Monroe,Van Buren 02,GEORGE WILLIAM WOLFE,,,EARLY,0,HOUSE_precinct_general.csv,write-in or non-candidate ballot accounting row
2018,Indiana,IN,9,US House,Monroe,18105,Monroe,Van Buren 02,JEREMY HEATH,,,EARLY,0,HOUSE_precinct_general.csv,write-in or non-candidate ballot accounting row
2018,Indiana,IN,9,US House,Monroe,18105,Monroe,Van Buren 03,GEORGE WILLIAM WOLFE,,,EARLY,0,HOUSE_precinct_general.csv,write-in or non-candidate ballot accounting row
2018,Indiana,IN,9,US House,Monroe,18105,Monroe,Van Buren 03,JEREMY HEATH,,,EARLY,0,HOUSE_precinct_general.csv,write-in or non-candidate ballot accounting row
2018,Indiana,IN,9,US House,Monroe,18105,Monroe,Van Buren 04,GEORGE WILLIAM WOLFE,,,EARLY,0,HOUSE_precinct_general.csv,write-in or non-candidate ballot accounting row
2018,Indiana,IN,9,US House,Monroe,18105,Monroe,Van Buren 04,JEREMY HEATH,,,EARLY,0,HOUSE_precinct_general.csv,write-in or non-candidate ballot accounting row
2018,Indiana,IN,9,US House,Monroe,18105,Monroe,Van Buren 05,GEORGE WILLIAM WOLFE,,,EARLY,0,HOUSE_precinct_general.csv,write-in or non-candidate ballot accounting row
2018,Indiana,IN,9,US House,Monroe,18105,Monroe,Van Buren 05,JEREMY HEATH,,,EARLY,0,HOUSE_precinct_general.csv,write-in or non-candidate ballot accounting row
2018,Indiana,IN,9,US House,Monroe,18105,Monroe,Van Buren 06,GEORGE WILLIAM WOLFE,,,EARLY,0,HOUSE_precinct_general.csv,write-in or non-candidate ballot accounting row
2018,Indiana,IN,9,US House,Monroe,18105,Monroe,Van Buren 06,JEREMY HEATH,,,EARLY,0,HOUSE_precinct_general.csv,write-in or non-candidate ballot accounting row
2018,Indiana,IN,9,US House,Monroe,18105,Monroe,Washington,GEORGE WILLIAM WOLFE,,,EARLY,0,HOUSE_precinct_general.csv,write-in or non-candidate ballot accounting row
2018,Indiana,IN,9,US House,Monroe,18105,Monroe,Washington,JEREMY HEATH,,,EARLY,0,HOUSE_precinct_general.csv,write-in or non-candidate ballot accounting row
2018,Indiana,IN,9,US House,Monroe,18105,Monroe,Bloom FED 020,GEORGE WILLIAM WOLFE,,,EARLY,0,HOUSE_precinct_general.csv,write-in or non-candidate ballot accounting row
2018,Indiana,IN,9,US House,Monroe,18105,Monroe,Bloom FED 020,JEREMY HEATH,,,EARLY,0,HOUSE_precinct_general.csv,write-in or non-candidate ballot accounting row
2018,Indiana,IN,9,US House,Monroe,18105,Monroe,Bean Blossom 01,GEORGE WILLIAM WOLFE,,,ELECTION DAY,0,HOUSE_precinct_general.csv,write-in or non-candidate ballot accounting row
2018,Indiana,IN,9,US House,Monroe,18105,Monroe,Bean Blossom 01,JEREMY HEATH,,,ELECTION DAY,0,HOUSE_precinct_general.csv,write-in or non-candidate ballot accounting row
2018,Indiana,IN,9,US House,Monroe,18105,Monroe,Bean Blossom 02,GEORGE WILLIAM WOLFE,,,ELECTION DAY,0,HOUSE_precinct_general.csv,write-in or non-candidate ballot accounting row
2018,Indiana,IN,9,US House,Monroe,18105,Monroe,Bean Blossom 02,JEREMY HEATH,,,ELECTION DAY,0,HOUSE_precinct_general.csv,write-in or non-candidate ballot accounting row
2018,Indiana,IN,9,US House,Monroe,18105,Monroe,Benton 01,GEORGE WILLIAM WOLFE,,,ELECTION DAY,0,HOUSE_precinct_general.csv,write-in or non-candidate ballot accounting row
2018,Indiana,IN,9,US House,Monroe,18105,Monroe,Benton 01,JEREMY HEATH,,,ELECTION DAY,0,HOUSE_precinct_general.csv,write-in or non-candidate ballot accounting row
2018,Indiana,IN,9,US House,Monroe,18105,Monroe,Benton 02,GEORGE WILLIAM WOLFE,,,ELECTION DAY,0,HOUSE_precinct_general.csv,write-in or non-candidate ballot accounting row
2018,Indiana,IN,9,US House,Monroe,18105,Monroe,Benton 02,JEREMY HEATH,,,ELECTION DAY,0,HOUSE_precinct_general.csv,write-in or non-candidate ballot accounting row
2018,Indiana,IN,9,US House,Monroe,18105,Monroe,Bloomington 01,GEORGE WILLIAM WOLFE,,,ELECTION DAY,0,HOUSE_precinct_general.csv,write-in or non-candidate ballot accounting row
2018,Indiana,IN,9,US House,Monroe,18105,Monroe,Bloomington 01,JEREMY HEATH,,,ELECTION DAY,0,HOUSE_precinct_general.csv,write-in or non-candidate ballot accounting row
2018,Indiana,IN,9,US House,Monroe,18105,Monroe,Bloomington 02,GEORGE WILLIAM WOLFE,,,ELECTION DAY,0,HOUSE_precinct_general.csv,write-in or non-candidate ballot accounting row
2018,Indiana,IN,9,US House,Monroe,18105,Monroe,Bloomington 02,JEREMY HEATH,,,ELECTION DAY,0,HOUSE_precinct_general.csv,write-in or non-candidate ballot accounting row
2018,Indiana,IN,9,US House,Monroe,18105,Monroe,Bloomington 03,GEORGE WILLIAM WOLFE,,,ELECTION DAY,0,HOUSE_precinct_general.csv,write-in or non-candidate ballot accounting row
2018,Indiana,IN,9,US House,Monroe,18105,Monroe,Bloomington 03,JEREMY HEATH,,,ELECTION DAY,0,HOUSE_precinct_general.csv,write-in or non-candidate ballot accounting row
2018,Indiana,IN,9,US House,Monroe,18105,Monroe,Bloomington 04,GEORGE WILLIAM WOLFE,,,ELECTION DAY,0,HOUSE_precinct_general.csv,write-in or non-candidate ballot accounting row
2018,Indiana,IN,9,US House,Monroe,18105,Monroe,Bloomington 04,JEREMY HEATH,,,ELECTION DAY,0,HOUSE_precinct_general.csv,write-in or non-candidate ballot accounting row
2018,Indiana,IN,9,US House,Monroe,18105,Monroe,Bloomington 05,GEORGE WILLIAM WOLFE,,,ELECTION DAY,0,HOUSE_precinct_general.csv,write-in or non-candidate ballot accounting row
2018,Indiana,IN,9,US House,Monroe,18105,Monroe,Bloomington 05,JEREMY HEATH,,,ELECTION DAY,0,HOUSE_precinct_general.csv,write-in or non-candidate ballot accounting row
2018,Indiana,IN,9,US House,Monroe,18105,Monroe,Bloomington 06,GEORGE WILLIAM WOLFE,,,ELECTION DAY,0,HOUSE_precinct_general.csv,write-in or non-candidate ballot accounting row
2018,Indiana,IN,9,US House,Monroe,18105,Monroe,Bloomington 06,JEREMY HEATH,,,ELECTION DAY,0,HOUSE_precinct_general.csv,write-in or non-candidate ballot accounting row
2018,Indiana,IN,9,US House,Monroe,18105,Monroe,Bloomington 07,GEORGE WILLIAM WOLFE,,,ELECTION DAY,0,HOUSE_precinct_general.csv,write-in or non-candidate ballot accounting row
2018,Indiana,IN,9,US House,Monroe,18105,Monroe,Bloomington 07,JEREMY HEATH,,,ELECTION DAY,0,HOUSE_precinct_general.csv,write-in or non-candidate ballot accounting row
2018,Indiana,IN,9,US House,Monroe,18105,Monroe,Bloomington 08,GEORGE WILLIAM WOLFE,,,ELECTION DAY,0,HOUSE_precinct_general.csv,write-in or non-candidate ballot accounting row
2018,Indiana,IN,9,US House,Monroe,18105,Monroe,Bloomington 08,JEREMY HEATH,,,ELECTION DAY,0,HOUSE_precinct_general.csv,write-in or non-candidate ballot accounting row
2018,Indiana,IN,9,US House,Monroe,18105,Monroe,Bloomington 09,GEORGE WILLIAM WOLFE,,,ELECTION DAY,0,HOUSE_precinct_general.csv,write-in or non-candidate ballot accounting row
2018,Indiana,IN,9,US House,Monroe,18105,Monroe,Bloomington 09,JEREMY HEATH,,,ELECTION DAY,0,HOUSE_precinct_general.csv,write-in or non-candidate ballot accounting row
2018,Indiana,IN,9,US House,Monroe,18105,Monroe,Bloomington 010,GEORGE WILLIAM WOLFE,,,ELECTION DAY,0,HOUSE_precinct_general.csv,write-in or non-candidate ballot accounting row
2018,Indiana,IN,9,US House,Monroe,18105,Monroe,Bloomington 010,JEREMY HEATH,,,ELECTION DAY,0,HOUSE_precinct_general.csv,write-in or non-candidate ballot accounting row
2018,Indiana,IN,9,US House,Monroe,18105,Monroe,Bloomington 011,GEORGE WILLIAM WOLFE,,,ELECTION DAY,0,HOUSE_precinct_general.csv,write-in or non-candidate ballot accounting row
2018,Indiana,IN,9,US House,Monroe,18105,Monroe,Bloomington 011,JEREMY HEATH,,,ELECTION DAY,0,HOUSE_precinct_general.csv,write-in or non-candidate ballot accounting row
2018,Indiana,IN,9,US House,Monroe,18105,Monroe,Bloomington 012,GEORGE WILLIAM WOLFE,,,ELECTION DAY,0,HOUSE_precinct_general.csv,write-in or non-candidate ballot accounting row
2018,Indiana,IN,9,US House,Monroe,18105,Monroe,Bloomington 012,JEREMY HEATH,,,ELECTION DAY,0,HOUSE_precinct_general.csv,write-in or non-candidate ballot accounting row
2018,Indiana,IN,9,US House,Monroe,18105,Monroe,Bloomington 013,GEORGE WILLIAM WOLFE,,,ELECTION DAY,0,HOUSE_precinct_general.csv,write-in or non-candidate ballot accounting row
2018,Indiana,IN,9,US House,Monroe,18105,Monroe,Bloomington 013,JEREMY HEATH,,,ELECTION DAY,0,HOUSE_precinct_general.csv,write-in or non-candidate ballot accounting row
2018,Indiana,IN,9,US House,Monroe,18105,Monroe,Bloomington 014,GEORGE WILLIAM WOLFE,,,ELECTION DAY,0,HOUSE_precinct_general.csv,write-in or non-candidate ballot accounting row
2018,Indiana,IN,9,US House,Monroe,18105,Monroe,Bloomington 014,JEREMY HEATH,,,ELECTION DAY,0,HOUSE_precinct_general.csv,write-in or non-candidate ballot accounting row
2018,Indiana,IN,9,US House,Monroe,18105,Monroe,Bloomington 015,GEORGE WILLIAM WOLFE,,,ELECTION DAY,0,HOUSE_precinct_general.csv,write-in or non-candidate ballot accounting row
2018,Indiana,IN,9,US House,Monroe,18105,Monroe,Bloomington 015,JEREMY HEATH,,,ELECTION DAY,0,HOUSE_precinct_general.csv,write-in or non-candidate ballot accounting row
2018,Indiana,IN,9,US House,Monroe,18105,Monroe,Bloomington 016,GEORGE WILLIAM WOLFE,,,ELECTION DAY,0,HOUSE_precinct_general.csv,write-in or non-candidate ballot accounting row
2018,Indiana,IN,9,US House,Monroe,18105,Monroe,Bloomington 016,JEREMY HEATH,,,ELECTION DAY,0,HOUSE_precinct_general.csv,write-in or non-candidate ballot accounting row
2018,Indiana,IN,9,US House,Monroe,18105,Monroe,Bloomington 017,GEORGE WILLIAM WOLFE,,,ELECTION DAY,0,HOUSE_precinct_general.csv,write-in or non-candidate ballot accounting row
2018,Indiana,IN,9,US House,Monroe,18105,Monroe,Bloomington 017,JEREMY HEATH,,,ELECTION DAY,0,HOUSE_precinct_general.csv,write-in or non-candidate ballot accounting row
2018,Indiana,IN,9,US House,Monroe,18105,Monroe,Bloomington 018,GEORGE WILLIAM WOLFE,,,ELECTION DAY,0,HOUSE_precinct_general.csv,write-in or non-candidate ballot accounting row
2018,Indiana,IN,9,US House,Monroe,18105,Monroe,Bloomington 018,JEREMY HEATH,,,ELECTION DAY,0,HOUSE_precinct_general.csv,write-in or non-candidate ballot accounting row
2018,Indiana,IN,9,US House,Monroe,18105,Monroe,Bloomington 019,GEORGE WILLIAM WOLFE,,,ELECTION DAY,0,HOUSE_precinct_general.csv,write-in or non-candidate ballot accounting row
2018,Indiana,IN,9,US House,Monroe,18105,Monroe,Bloomington 019,JEREMY HEATH,,,ELECTION DAY,0,HOUSE_precinct_general.csv,write-in or non-candidate ballot accounting row
2018,Indiana,IN,9,US House,Monroe,18105,Monroe,Bloomington 020,GEORGE WILLIAM WOLFE,,,ELECTION DAY,0,HOUSE_precinct_general.csv,write-in or non-candidate ballot accounting row
2018,Indiana,IN,9,US House,Monroe,18105,Monroe,Bloomington 020,JEREMY HEATH,,,ELECTION DAY,0,HOUSE_precinct_general.csv,write-in or non-candidate ballot accounting row
2018,Indiana,IN,9,US House,Monroe,18105,Monroe,Bloomington 021,GEORGE WILLIAM WOLFE,,,ELECTION DAY,0,HOUSE_precinct_general.csv,write-in or non-candidate ballot accounting row
2018,Indiana,IN,9,US House,Monroe,18105,Monroe,Bloomington 021,JEREMY HEATH,,,ELECTION DAY,0,HOUSE_precinct_general.csv,write-in or non-candidate ballot accounting row
2018,Indiana,IN,9,US House,Monroe,18105,Monroe,Bloomington 022,GEORGE WILLIAM WOLFE,,,ELECTION DAY,0,HOUSE_precinct_general.csv,write-in or non-candidate ballot accounting row
2018,Indiana,IN,9,US House,Monroe,18105,Monroe,Bloomington 022,JEREMY HEATH,,,ELECTION DAY,0,HOUSE_precinct_general.csv,write-in or non-candidate ballot accounting row
2018,Indiana,IN,9,US House,Monroe,18105,Monroe,Bloomington 023,GEORGE WILLIAM WOLFE,,,ELECTION DAY,0,HOUSE_precinct_general.csv,write-in or non-candidate ballot accounting row
2018,Indiana,IN,9,US House,Monroe,18105,Monroe,Bloomington 023,JEREMY HEATH,,,ELECTION DAY,0,HOUSE_precinct_general.csv,write-in or non-candidate ballot accounting row
2018,Indiana,IN,9,US House,Monroe,18105,Monroe,Bloomington 024,GEORGE WILLIAM WOLFE,,,ELECTION DAY,0,HOUSE_precinct_general.csv,write-in or non-candidate ballot accounting row
2018,Indiana,IN,9,US House,Monroe,18105,Monroe,Bloomington 024,JEREMY HEATH,,,ELECTION DAY,0,HOUSE_precinct_general.csv,write-in or non-candidate ballot accounting row
2018,Indiana,IN,9,US House,Monroe,18105,Monroe,Clear Creek 01,GEORGE WILLIAM WOLFE,,,ELECTION DAY,0,HOUSE_precinct_general.csv,write-in or non-candidate ballot accounting row
2018,Indiana,IN,9,US House,Monroe,18105,Monroe,Clear Creek 01,JEREMY HEATH,,,ELECTION DAY,0,HOUSE_precinct_general.csv,write-in or non-candidate ballot accounting row
2018,Indiana,IN,9,US House,Monroe,18105,Monroe,Clear Creek 02,GEORGE WILLIAM WOLFE,,,ELECTION DAY,0,HOUSE_precinct_general.csv,write-in or non-candidate ballot accounting row
2018,Indiana,IN,9,US House,Monroe,18105,Monroe,Clear Creek 02,JEREMY HEATH,,,ELECTION DAY,0,HOUSE_precinct_general.csv,write-in or non-candidate ballot accounting row
2018,Indiana,IN,9,US House,Monroe,18105,Monroe,Clear Creek 03,GEORGE WILLIAM WOLFE,,,ELECTION DAY,0,HOUSE_precinct_general.csv,write-in or non-candidate ballot accounting row
2018,Indiana,IN,9,US House,Monroe,18105,Monroe,Clear Creek 03,JEREMY HEATH,,,ELECTION DAY,0,HOUSE_precinct_general.csv,write-in or non-candidate ballot accounting row
2018,Indiana,IN,9,US House,Monroe,18105,Monroe,Indian Creek,GEORGE WILLIAM WOLFE,,,ELECTION DAY,0,HOUSE_precinct_general.csv,write-in or non-candidate ballot accounting row
2018,Indiana,IN,9,US House,Monroe,18105,Monroe,Indian Creek,JEREMY HEATH,,,ELECTION DAY,0,HOUSE_precinct_general.csv,write-in or non-candidate ballot accounting row
2018,Indiana,IN,9,US House,Monroe,18105,Monroe,Perry 01,GEORGE WILLIAM WOLFE,,,ELECTION DAY,0,HOUSE_precinct_general.csv,write-in or non-candidate ballot accounting row
2018,Indiana,IN,9,US House,Monroe,18105,Monroe,Perry 01,JEREMY HEATH,,,ELECTION DAY,0,HOUSE_precinct_general.csv,write-in or non-candidate ballot accounting row
2018,Indiana,IN,9,US House,Monroe,18105,Monroe,Perry 02,GEORGE WILLIAM WOLFE,,,ELECTION DAY,0,HOUSE_precinct_general.csv,write-in or non-candidate ballot accounting row
2018,Indiana,IN,9,US House,Monroe,18105,Monroe,Perry 02,JEREMY HEATH,,,ELECTION DAY,0,HOUSE_precinct_general.csv,write-in or non-candidate ballot accounting row
2018,Indiana,IN,9,US House,Monroe,18105,Monroe,Perry 03,GEORGE WILLIAM WOLFE,,,ELECTION DAY,0,HOUSE_precinct_general.csv,write-in or non-candidate ballot accounting row
2018,Indiana,IN,9,US House,Monroe,18105,Monroe,Perry 03,JEREMY HEATH,,,ELECTION DAY,0,HOUSE_precinct_general.csv,write-in or non-candidate ballot accounting row
2018,Indiana,IN,9,US House,Monroe,18105,Monroe,Perry 04,GEORGE WILLIAM WOLFE,,,ELECTION DAY,0,HOUSE_precinct_general.csv,write-in or non-candidate ballot accounting row
2018,Indiana,IN,9,US House,Monroe,18105,Monroe,Perry 04,JEREMY HEATH,,,ELECTION DAY,0,HOUSE_precinct_general.csv,write-in or non-candidate ballot accounting row
2018,Indiana,IN,9,US House,Monroe,18105,Monroe,Perry 05,GEORGE WILLIAM WOLFE,,,ELECTION DAY,0,HOUSE_precinct_general.csv,write-in or non-candidate ballot accounting row
2018,Indiana,IN,9,US House,Monroe,18105,Monroe,Perry 05,JEREMY HEATH,,,ELECTION DAY,0,HOUSE_precinct_general.csv,write-in or non-candidate ballot accounting row
2018,Indiana,IN,9,US House,Monroe,18105,Monroe,Perry 06,GEORGE WILLIAM WOLFE,,,ELECTION DAY,0,HOUSE_precinct_general.csv,write-in or non-candidate ballot accounting row
2018,Indiana,IN,9,US House,Monroe,18105,Monroe,Perry 06,JEREMY HEATH,,,ELECTION DAY,0,HOUSE_precinct_general.csv,write-in or non-candidate ballot accounting row
2018,Indiana,IN,9,US House,Monroe,18105,Monroe,Perry 07,GEORGE WILLIAM WOLFE,,,ELECTION DAY,0,HOUSE_precinct_general.csv,write-in or non-candidate ballot accounting row
2018,Indiana,IN,9,US House,Monroe,18105,Monroe,Perry 07,JEREMY HEATH,,,ELECTION DAY,0,HOUSE_precinct_general.csv,write-in or non-candidate ballot accounting row
2018,Indiana,IN,9,US House,Monroe,18105,Monroe,Perry 08,GEORGE WILLIAM WOLFE,,,ELECTION DAY,0,HOUSE_precinct_general.csv,write-in or non-candidate ballot accounting row
2018,Indiana,IN,9,US House,Monroe,18105,Monroe,Perry 08,JEREMY HEATH,,,ELECTION DAY,0,HOUSE_precinct_general.csv,write-in or non-candidate ballot accounting row
2018,Indiana,IN,9,US House,Monroe,18105,Monroe,Perry 09,GEORGE WILLIAM WOLFE,,,ELECTION DAY,0,HOUSE_precinct_general.csv,write-in or non-candidate ballot accounting row
2018,Indiana,IN,9,US House,Monroe,18105,Monroe,Perry 09,JEREMY HEATH,,,ELECTION DAY,0,HOUSE_precinct_general.csv,write-in or non-candidate ballot accounting row
2018,Indiana,IN,9,US House,Monroe,18105,Monroe,Perry 010,GEORGE WILLIAM WOLFE,,,ELECTION DAY,0,HOUSE_precinct_general.csv,write-in or non-candidate ballot accounting row
2018,Indiana,IN,9,US House,Monroe,18105,Monroe,Perry 010,JEREMY HEATH,,,ELECTION DAY,0,HOUSE_precinct_general.csv,write-in or non-candidate ballot accounting row
2018,Indiana,IN,9,US House,Monroe,18105,Monroe,Perry 011,GEORGE WILLIAM WOLFE,,,ELECTION DAY,0,HOUSE_precinct_general.csv,write-in or non-candidate ballot accounting row
2018,Indiana,IN,9,US House,Monroe,18105,Monroe,Perry 011,JEREMY HEATH,,,ELECTION DAY,0,HOUSE_precinct_general.csv,write-in or non-candidate ballot accounting row
2018,Indiana,IN,9,US House,Monroe,18105,Monroe,Perry 012,GEORGE WILLIAM WOLFE,,,ELECTION DAY,0,HOUSE_precinct_general.csv,write-in or non-candidate ballot accounting row
2018,Indiana,IN,9,US House,Monroe,18105,Monroe,Perry 012,JEREMY HEATH,,,ELECTION DAY,0,HOUSE_precinct_general.csv,write-in or non-candidate ballot accounting row
2018,Indiana,IN,9,US House,Monroe,18105,Monroe,Perry 013,GEORGE WILLIAM WOLFE,,,ELECTION DAY,0,HOUSE_precinct_general.csv,write-in or non-candidate ballot accounting row
2018,Indiana,IN,9,US House,Monroe,18105,Monroe,Perry 013,JEREMY HEATH,,,ELECTION DAY,0,HOUSE_precinct_general.csv,write-in or non-candidate ballot accounting row
2018,Indiana,IN,9,US House,Monroe,18105,Monroe,Perry 014,GEORGE WILLIAM WOLFE,,,ELECTION DAY,0,HOUSE_precinct_general.csv,write-in or non-candidate ballot accounting row
2018,Indiana,IN,9,US House,Monroe,18105,Monroe,Perry 014,JEREMY HEATH,,,ELECTION DAY,0,HOUSE_precinct_general.csv,write-in or non-candidate ballot accounting row
2018,Indiana,IN,9,US House,Monroe,18105,Monroe,Perry 015,GEORGE WILLIAM WOLFE,,,ELECTION DAY,0,HOUSE_precinct_general.csv,write-in or non-candidate ballot accounting row
2018,Indiana,IN,9,US House,Monroe,18105,Monroe,Perry 015,JEREMY HEATH,,,ELECTION DAY,0,HOUSE_precinct_general.csv,write-in or non-candidate ballot accounting row
2018,Indiana,IN,9,US House,Monroe,18105,Monroe,Perry 016,GEORGE WILLIAM WOLFE,,,ELECTION DAY,0,HOUSE_precinct_general.csv,write-in or non-candidate ballot accounting row
2018,Indiana,IN,9,US House,Monroe,18105,Monroe,Perry 016,JEREMY HEATH,,,ELECTION DAY,0,HOUSE_precinct_general.csv,write-in or non-candidate ballot accounting row
2018,Indiana,IN,9,US House,Monroe,18105,Monroe,Perry 017,GEORGE WILLIAM WOLFE,,,ELECTION DAY,0,HOUSE_precinct_general.csv,write-in or non-candidate ballot accounting row
2018,Indiana,IN,9,US House,Monroe,18105,Monroe,Perry 017,JEREMY HEATH,,,ELECTION DAY,0,HOUSE_precinct_general.csv,write-in or non-candidate ballot accounting row
2018,Indiana,IN,9,US House,Monroe,18105,Monroe,Perry 018,GEORGE WILLIAM WOLFE,,,ELECTION DAY,0,HOUSE_precinct_general.csv,write-in or non-candidate ballot accounting row
2018,Indiana,IN,9,US House,Monroe,18105,Monroe,Perry 019,GEORGE WILLIAM WOLFE,,,ELECTION DAY,0,HOUSE_precinct_general.csv,write-in or non-candidate ballot accounting row
2018,Indiana,IN,9,US House,Monroe,18105,Monroe,Perry 019,JEREMY HEATH,,,ELECTION DAY,0,HOUSE_precinct_general.csv,write-in or non-candidate ballot accounting row
2018,Indiana,IN,9,US House,Monroe,18105,Monroe,Perry 020,GEORGE WILLIAM WOLFE,,,ELECTION DAY,0,HOUSE_precinct_general.csv,write-in or non-candidate ballot accounting row
2018,Indiana,IN,9,US House,Monroe,18105,Monroe,Perry 020,JEREMY HEATH,,,ELECTION DAY,0,HOUSE_precinct_general.csv,write-in or non-candidate ballot accounting row
2018,Indiana,IN,9,US House,Monroe,18105,Monroe,Perry 021,GEORGE WILLIAM WOLFE,,,ELECTION DAY,0,HOUSE_precinct_general.csv,write-in or non-candidate ballot accounting row
2018,Indiana,IN,9,US House,Monroe,18105,Monroe,Perry 021,JEREMY HEATH,,,ELECTION DAY,0,HOUSE_precinct_general.csv,write-in or non-candidate ballot accounting row
2018,Indiana,IN,9,US House,Monroe,18105,Monroe,Perry 022,GEORGE WILLIAM WOLFE,,,ELECTION DAY,0,HOUSE_precinct_general.csv,write-in or non-candidate ballot accounting row
2018,Indiana,IN,9,US House,Monroe,18105,Monroe,Perry 022,JEREMY HEATH,,,ELECTION DAY,0,HOUSE_precinct_general.csv,write-in or non-candidate ballot accounting row
2018,Indiana,IN,9,US House,Monroe,18105,Monroe,Perry 023,GEORGE WILLIAM WOLFE,,,ELECTION DAY,0,HOUSE_precinct_general.csv,write-in or non-candidate ballot accounting row
2018,Indiana,IN,9,US House,Monroe,18105,Monroe,Perry 024,GEORGE WILLIAM WOLFE,,,ELECTION DAY,0,HOUSE_precinct_general.csv,write-in or non-candidate ballot accounting row
2018,Indiana,IN,9,US House,Monroe,18105,Monroe,Perry 024,JEREMY HEATH,,,ELECTION DAY,0,HOUSE_precinct_general.csv,write-in or non-candidate ballot accounting row
2018,Indiana,IN,9,US House,Monroe,18105,Monroe,Perry 025,GEORGE WILLIAM WOLFE,,,ELECTION DAY,0,HOUSE_precinct_general.csv,write-in or non-candidate ballot accounting row
2018,Indiana,IN,9,US House,Monroe,18105,Monroe,Perry 025,JEREMY HEATH,,,ELECTION DAY,0,HOUSE_precinct_general.csv,write-in or non-candidate ballot accounting row
2018,Indiana,IN,9,US House,Monroe,18105,Monroe,Perry 026,GEORGE WILLIAM WOLFE,,,ELECTION DAY,0,HOUSE_precinct_general.csv,write-in or non-candidate ballot accounting row
2018,Indiana,IN,9,US House,Monroe,18105,Monroe,Perry 026,JEREMY HEATH,,,ELECTION DAY,0,HOUSE_precinct_general.csv,write-in or non-candidate ballot accounting row
2018,Indiana,IN,9,US House,Monroe,18105,Monroe,Perry 027,GEORGE WILLIAM WOLFE,,,ELECTION DAY,0,HOUSE_precinct_general.csv,write-in or non-candidate ballot accounting row
2018,Indiana,IN,9,US House,Monroe,18105,Monroe,Perry 027,JEREMY HEATH,,,ELECTION DAY,0,HOUSE_precinct_general.csv,write-in or non-candidate ballot accounting row
2018,Indiana,IN,9,US House,Monroe,18105,Monroe,Perry 028,GEORGE WILLIAM WOLFE,,,ELECTION DAY,0,HOUSE_precinct_general.csv,write-in or non-candidate ballot accounting row
2018,Indiana,IN,9,US House,Monroe,18105,Monroe,Perry 028,JEREMY HEATH,,,ELECTION DAY,0,HOUSE_precinct_general.csv,write-in or non-candidate ballot accounting row
2018,Indiana,IN,9,US House,Monroe,18105,Monroe,Perry 029,GEORGE WILLIAM WOLFE,,,ELECTION DAY,0,HOUSE_precinct_general.csv,write-in or non-candidate ballot accounting row
2018,Indiana,IN,9,US House,Monroe,18105,Monroe,Perry 029,JEREMY HEATH,,,ELECTION DAY,0,HOUSE_precinct_general.csv,write-in or non-candidate ballot accounting row
2018,Indiana,IN,9,US House,Monroe,18105,Monroe,Perry 030,GEORGE WILLIAM WOLFE,,,ELECTION DAY,0,HOUSE_precinct_general.csv,write-in or non-candidate ballot accounting row
2018,Indiana,IN,9,US House,Monroe,18105,Monroe,Perry 030,JEREMY HEATH,,,ELECTION DAY,0,HOUSE_precinct_general.csv,write-in or non-candidate ballot accounting row
2018,Indiana,IN,9,US House,Monroe,18105,Monroe,Perry 031,GEORGE WILLIAM WOLFE,,,ELECTION DAY,0,HOUSE_precinct_general.csv,write-in or non-candidate ballot accounting row
2018,Indiana,IN,9,US House,Monroe,18105,Monroe,Perry 031,JEREMY HEATH,,,ELECTION DAY,0,HOUSE_precinct_general.csv,write-in or non-candidate ballot accounting row
2018,Indiana,IN,9,US House,Monroe,18105,Monroe,Perry 032,GEORGE WILLIAM WOLFE,,,ELECTION DAY,0,HOUSE_precinct_general.csv,write-in or non-candidate ballot accounting row
2018,Indiana,IN,9,US House,Monroe,18105,Monroe,Perry 032,JEREMY HEATH,,,ELECTION DAY,0,HOUSE_precinct_general.csv,write-in or non-candidate ballot accounting row
2018,Indiana,IN,9,US House,Monroe,18105,Monroe,Polk,GEORGE WILLIAM WOLFE,,,ELECTION DAY,0,HOUSE_precinct_general.csv,write-in or non-candidate ballot accounting row
2018,Indiana,IN,9,US House,Monroe,18105,Monroe,Polk,JEREMY HEATH,,,ELECTION DAY,0,HOUSE_precinct_general.csv,write-in or non-candidate ballot accounting row
2018,Indiana,IN,9,US House,Monroe,18105,Monroe,Richland 01,GEORGE WILLIAM WOLFE,,,ELECTION DAY,0,HOUSE_precinct_general.csv,write-in or non-candidate ballot accounting row
2018,Indiana,IN,9,US House,Monroe,18105,Monroe,Richland 01,JEREMY HEATH,,,ELECTION DAY,0,HOUSE_precinct_general.csv,write-in or non-candidate ballot accounting row
2018,Indiana,IN,9,US House,Monroe,18105,Monroe,Richland 02,GEORGE WILLIAM WOLFE,,,ELECTION DAY,0,HOUSE_precinct_general.csv,write-in or non-candidate ballot accounting row
2018,Indiana,IN,9,US House,Monroe,18105,Monroe,Richland 02,JEREMY HEATH,,,ELECTION DAY,0,HOUSE_precinct_general.csv,write-in or non-candidate ballot accounting row
2018,Indiana,IN,9,US House,Monroe,18105,Monroe,Richland 03,GEORGE WILLIAM WOLFE,,,ELECTION DAY,0,HOUSE_precinct_general.csv,write-in or non-candidate ballot accounting row
2018,Indiana,IN,9,US House,Monroe,18105,Monroe,Richland 03,JEREMY HEATH,,,ELECTION DAY,0,HOUSE_precinct_general.csv,write-in or non-candidate ballot accounting row
2018,Indiana,IN,9,US House,Monroe,18105,Monroe,Richland 04,GEORGE WILLIAM WOLFE,,,ELECTION DAY,0,HOUSE_precinct_general.csv,write-in or non-candidate ballot accounting row
2018,Indiana,IN,9,US House,Monroe,18105,Monroe,Richland 04,JEREMY HEATH,,,ELECTION DAY,0,HOUSE_precinct_general.csv,write-in or non-candidate ballot accounting row
2018,Indiana,IN,9,US House,Monroe,18105,Monroe,Richland 05,GEORGE WILLIAM WOLFE,,,ELECTION DAY,0,HOUSE_precinct_general.csv,write-in or non-candidate ballot accounting row
2018,Indiana,IN,9,US House,Monroe,18105,Monroe,Richland 05,JEREMY HEATH,,,ELECTION DAY,0,HOUSE_precinct_general.csv,write-in or non-candidate ballot accounting row
2018,Indiana,IN,9,US House,Monroe,18105,Monroe,Richland 06,GEORGE WILLIAM WOLFE,,,ELECTION DAY,0,HOUSE_precinct_general.csv,write-in or non-candidate ballot accounting row
2018,Indiana,IN,9,US House,Monroe,18105,Monroe,Richland 06,JEREMY HEATH,,,ELECTION DAY,0,HOUSE_precinct_general.csv,write-in or non-candidate ballot accounting row
2018,Indiana,IN,9,US House,Monroe,18105,Monroe,Richland 07,GEORGE WILLIAM WOLFE,,,ELECTION DAY,0,HOUSE_precinct_general.csv,write-in or non-candidate ballot accounting row
2018,Indiana,IN,9,US House,Monroe,18105,Monroe,Richland 07,JEREMY HEATH,,,ELECTION DAY,0,HOUSE_precinct_general.csv,write-in or non-candidate ballot accounting row
2018,Indiana,IN,9,US House,Monroe,18105,Monroe,Richland 08,GEORGE WILLIAM WOLFE,,,ELECTION DAY,0,HOUSE_precinct_general.csv,write-in or non-candidate ballot accounting row
2018,Indiana,IN,9,US House,Monroe,18105,Monroe,Richland 08,JEREMY HEATH,,,ELECTION DAY,0,HOUSE_precinct_general.csv,write-in or non-candidate ballot accounting row
2018,Indiana,IN,9,US House,Monroe,18105,Monroe,Richland 09,GEORGE WILLIAM WOLFE,,,ELECTION DAY,0,HOUSE_precinct_general.csv,write-in or non-candidate ballot accounting row
2018,Indiana,IN,9,US House,Monroe,18105,Monroe,Richland 09,JEREMY HEATH,,,ELECTION DAY,0,HOUSE_precinct_general.csv,write-in or non-candidate ballot accounting row
2018,Indiana,IN,9,US House,Monroe,18105,Monroe,Salt Creek,GEORGE WILLIAM WOLFE,,,ELECTION DAY,0,HOUSE_precinct_general.csv,write-in or non-candidate ballot accounting row
2018,Indiana,IN,9,US House,Monroe,18105,Monroe,Salt Creek,JEREMY HEATH,,,ELECTION DAY,0,HOUSE_precinct_general.csv,write-in or non-candidate ballot accounting row
2018,Indiana,IN,9,US House,Monroe,18105,Monroe,Van Buren 01,GEORGE WILLIAM WOLFE,,,ELECTION DAY,0,HOUSE_precinct_general.csv,write-in or non-candidate ballot accounting row
2018,Indiana,IN,9,US House,Monroe,18105,Monroe,Van Buren 01,JEREMY HEATH,,,ELECTION DAY,0,HOUSE_precinct_general.csv,write-in or non-candidate ballot accounting row
2018,Indiana,IN,9,US House,Monroe,18105,Monroe,Van Buren 02,GEORGE WILLIAM WOLFE,,,ELECTION DAY,0,HOUSE_precinct_general.csv,write-in or non-candidate ballot accounting row
2018,Indiana,IN,9,US House,Monroe,18105,Monroe,Van Buren 02,JEREMY HEATH,,,ELECTION DAY,0,HOUSE_precinct_general.csv,write-in or non-candidate ballot accounting row
2018,Indiana,IN,9,US House,Monroe,18105,Monroe,Van Buren 03,GEORGE WILLIAM WOLFE,,,ELECTION DAY,0,HOUSE_precinct_general.csv,write-in or non-candidate ballot accounting row
2018,Indiana,IN,9,US House,Monroe,18105,Monroe,Van Buren 03,JEREMY HEATH,,,ELECTION DAY,0,HOUSE_precinct_general.csv,write-in or non-candidate ballot accounting row
2018,Indiana,IN,9,US House,Monroe,18105,Monroe,Van Buren 04,GEORGE WILLIAM WOLFE,,,ELECTION DAY,0,HOUSE_precinct_general.csv,write-in or non-candidate ballot accounting row
2018,Indiana,IN,9,US House,Monroe,18105,Monroe,Van Buren 04,JEREMY HEATH,,,ELECTION DAY,0,HOUSE_precinct_general.csv,write-in or non-candidate ballot accounting row
2018,Indiana,IN,9,US House,Monroe,18105,Monroe,Van Buren 05,GEORGE WILLIAM WOLFE,,,ELECTION DAY,0,HOUSE_precinct_general.csv,write-in or non-candidate ballot accounting row
2018,Indiana,IN,9,US House,Monroe,18105,Monroe,Van Buren 05,JEREMY HEATH,,,ELECTION DAY,0,HOUSE_precinct_general.csv,write-in or non-candidate ballot accounting row
2018,Indiana,IN,9,US House,Monroe,18105,Monroe,Van Buren 06,GEORGE WILLIAM WOLFE,,,ELECTION DAY,0,HOUSE_precinct_general.csv,write-in or non-candidate ballot accounting row
2018,Indiana,IN,9,US House,Monroe,18105,Monroe,Van Buren 06,JEREMY HEATH,,,ELECTION DAY,0,HOUSE_precinct_general.csv,write-in or non-candidate ballot accounting row
2018,Indiana,IN,9,US House,Monroe,18105,Monroe,Washington,GEORGE WILLIAM WOLFE,,,ELECTION DAY,0,HOUSE_precinct_general.csv,write-in or non-candidate ballot accounting row
2018,Indiana,IN,9,US House,Monroe,18105,Monroe,Washington,JEREMY HEATH,,,ELECTION DAY,0,HOUSE_precinct_general.csv,write-in or non-candidate ballot accounting row
2018,Indiana,IN,9,US House,Monroe,18105,Monroe,Bloom FED 020,GEORGE WILLIAM WOLFE,,,ELECTION DAY,0,HOUSE_precinct_general.csv,write-in or non-candidate ballot accounting row
2018,Indiana,IN,9,US House,Monroe,18105,Monroe,Bloom FED 020,JEREMY HEATH,,,ELECTION DAY,0,HOUSE_precinct_general.csv,write-in or non-candidate ballot accounting row
2018,Indiana,IN,9,US House,Monroe,18105,Monroe,Bean Blossom 01,GEORGE WILLIAM WOLFE,,,ABSENTEE,0,HOUSE_precinct_general.csv,write-in or non-candidate ballot accounting row
2018,Indiana,IN,9,US House,Monroe,18105,Monroe,Bean Blossom 01,JEREMY HEATH,,,ABSENTEE,0,HOUSE_precinct_general.csv,write-in or non-candidate ballot accounting row
2018,Indiana,IN,9,US House,Monroe,18105,Monroe,Bean Blossom 02,GEORGE WILLIAM WOLFE,,,ABSENTEE,0,HOUSE_precinct_general.csv,write-in or non-candidate ballot accounting row
2018,Indiana,IN,9,US House,Monroe,18105,Monroe,Bean Blossom 02,JEREMY HEATH,,,ABSENTEE,0,HOUSE_precinct_general.csv,write-in or non-candidate ballot accounting row
2018,Indiana,IN,9,US House,Monroe,18105,Monroe,Benton 01,GEORGE WILLIAM WOLFE,,,ABSENTEE,0,HOUSE_precinct_general.csv,write-in or non-candidate ballot accounting row
2018,Indiana,IN,9,US House,Monroe,18105,Monroe,Benton 01,JEREMY HEATH,,,ABSENTEE,0,HOUSE_precinct_general.csv,write-in or non-candidate ballot accounting row
2018,Indiana,IN,9,US House,Monroe,18105,Monroe,Benton 02,GEORGE WILLIAM WOLFE,,,ABSENTEE,0,HOUSE_precinct_general.csv,write-in or non-candidate ballot accounting row
2018,Indiana,IN,9,US House,Monroe,18105,Monroe,Benton 02,JEREMY HEATH,,,ABSENTEE,0,HOUSE_precinct_general.csv,write-in or non-candidate ballot accounting row
2018,Indiana,IN,9,US House,Monroe,18105,Monroe,Bloomington 01,GEORGE WILLIAM WOLFE,,,ABSENTEE,0,HOUSE_precinct_general.csv,write-in or non-candidate ballot accounting row
2018,Indiana,IN,9,US House,Monroe,18105,Monroe,Bloomington 01,JEREMY HEATH,,,ABSENTEE,0,HOUSE_precinct_general.csv,write-in or non-candidate ballot accounting row
2018,Indiana,IN,9,US House,Monroe,18105,Monroe,Bloomington 02,GEORGE WILLIAM WOLFE,,,ABSENTEE,0,HOUSE_precinct_general.csv,write-in or non-candidate ballot accounting row
2018,Indiana,IN,9,US House,Monroe,18105,Monroe,Bloomington 02,JEREMY HEATH,,,ABSENTEE,0,HOUSE_precinct_general.csv,write-in or non-candidate ballot accounting row
2018,Indiana,IN,9,US House,Monroe,18105,Monroe,Bloomington 03,GEORGE WILLIAM WOLFE,,,ABSENTEE,0,HOUSE_precinct_general.csv,write-in or non-candidate ballot accounting row
2018,Indiana,IN,9,US House,Monroe,18105,Monroe,Bloomington 03,JEREMY HEATH,,,ABSENTEE,0,HOUSE_precinct_general.csv,write-in or non-candidate ballot accounting row
2018,Indiana,IN,9,US House,Monroe,18105,Monroe,Bloomington 04,GEORGE WILLIAM WOLFE,,,ABSENTEE,0,HOUSE_precinct_general.csv,write-in or non-candidate ballot accounting row
2018,Indiana,IN,9,US House,Monroe,18105,Monroe,Bloomington 04,JEREMY HEATH,,,ABSENTEE,0,HOUSE_precinct_general.csv,write-in or non-candidate ballot accounting row
2018,Indiana,IN,9,US House,Monroe,18105,Monroe,Bloomington 05,GEORGE WILLIAM WOLFE,,,ABSENTEE,0,HOUSE_precinct_general.csv,write-in or non-candidate ballot accounting row
2018,Indiana,IN,9,US House,Monroe,18105,Monroe,Bloomington 05,JEREMY HEATH,,,ABSENTEE,0,HOUSE_precinct_general.csv,write-in or non-candidate ballot accounting row
2018,Indiana,IN,9,US House,Monroe,18105,Monroe,Bloomington 06,GEORGE WILLIAM WOLFE,,,ABSENTEE,0,HOUSE_precinct_general.csv,write-in or non-candidate ballot accounting row
2018,Indiana,IN,9,US House,Monroe,18105,Monroe,Bloomington 06,JEREMY HEATH,,,ABSENTEE,0,HOUSE_precinct_general.csv,write-in or non-candidate ballot accounting row
2018,Indiana,IN,9,US House,Monroe,18105,Monroe,Bloomington 07,GEORGE WILLIAM WOLFE,,,ABSENTEE,0,HOUSE_precinct_general.csv,write-in or non-candidate ballot accounting row
2018,Indiana,IN,9,US House,Monroe,18105,Monroe,Bloomington 07,JEREMY HEATH,,,ABSENTEE,0,HOUSE_precinct_general.csv,write-in or non-candidate ballot accounting row
2018,Indiana,IN,9,US House,Monroe,18105,Monroe,Bloomington 08,GEORGE WILLIAM WOLFE,,,ABSENTEE,0,HOUSE_precinct_general.csv,write-in or non-candidate ballot accounting row
2018,Indiana,IN,9,US House,Monroe,18105,Monroe,Bloomington 08,JEREMY HEATH,,,ABSENTEE,0,HOUSE_precinct_general.csv,write-in or non-candidate ballot accounting row
2018,Indiana,IN,9,US House,Monroe,18105,Monroe,Bloomington 09,GEORGE WILLIAM WOLFE,,,ABSENTEE,0,HOUSE_precinct_general.csv,write-in or non-candidate ballot accounting row
2018,Indiana,IN,9,US House,Monroe,18105,Monroe,Bloomington 09,JEREMY HEATH,,,ABSENTEE,0,HOUSE_precinct_general.csv,write-in or non-candidate ballot accounting row
2018,Indiana,IN,9,US House,Monroe,18105,Monroe,Bloomington 010,GEORGE WILLIAM WOLFE,,,ABSENTEE,0,HOUSE_precinct_general.csv,write-in or non-candidate ballot accounting row
2018,Indiana,IN,9,US House,Monroe,18105,Monroe,Bloomington 010,JEREMY HEATH,,,ABSENTEE,0,HOUSE_precinct_general.csv,write-in or non-candidate ballot accounting row
2018,Indiana,IN,9,US House,Monroe,18105,Monroe,Bloomington 011,GEORGE WILLIAM WOLFE,,,ABSENTEE,0,HOUSE_precinct_general.csv,write-in or non-candidate ballot accounting row
2018,Indiana,IN,9,US House,Monroe,18105,Monroe,Bloomington 011,JEREMY HEATH,,,ABSENTEE,0,HOUSE_precinct_general.csv,write-in or non-candidate ballot accounting row
2018,Indiana,IN,9,US House,Monroe,18105,Monroe,Bloomington 012,GEORGE WILLIAM WOLFE,,,ABSENTEE,0,HOUSE_precinct_general.csv,write-in or non-candidate ballot accounting row
2018,Indiana,IN,9,US House,Monroe,18105,Monroe,Bloomington 012,JEREMY HEATH,,,ABSENTEE,0,HOUSE_precinct_general.csv,write-in or non-candidate ballot accounting row
2018,Indiana,IN,9,US House,Monroe,18105,Monroe,Bloomington 013,GEORGE WILLIAM WOLFE,,,ABSENTEE,0,HOUSE_precinct_general.csv,write-in or non-candidate ballot accounting row
2018,Indiana,IN,9,US House,Monroe,18105,Monroe,Bloomington 013,JEREMY HEATH,,,ABSENTEE,0,HOUSE_precinct_general.csv,write-in or non-candidate ballot accounting row
2018,Indiana,IN,9,US House,Monroe,18105,Monroe,Bloomington 014,GEORGE WILLIAM WOLFE,,,ABSENTEE,0,HOUSE_precinct_general.csv,write-in or non-candidate ballot accounting row
2018,Indiana,IN,9,US House,Monroe,18105,Monroe,Bloomington 014,JEREMY HEATH,,,ABSENTEE,0,HOUSE_precinct_general.csv,write-in or non-candidate ballot accounting row
2018,Indiana,IN,9,US House,Monroe,18105,Monroe,Bloomington 015,GEORGE WILLIAM WOLFE,,,ABSENTEE,0,HOUSE_precinct_general.csv,write-in or non-candidate ballot accounting row
2018,Indiana,IN,9,US House,Monroe,18105,Monroe,Bloomington 015,JEREMY HEATH,,,ABSENTEE,0,HOUSE_precinct_general.csv,write-in or non-candidate ballot accounting row
2018,Indiana,IN,9,US House,Monroe,18105,Monroe,Bloomington 016,GEORGE WILLIAM WOLFE,,,ABSENTEE,0,HOUSE_precinct_general.csv,write-in or non-candidate ballot accounting row
2018,Indiana,IN,9,US House,Monroe,18105,Monroe,Bloomington 016,JEREMY HEATH,,,ABSENTEE,0,HOUSE_precinct_general.csv,write-in or non-candidate ballot accounting row
2018,Indiana,IN,9,US House,Monroe,18105,Monroe,Bloomington 017,GEORGE WILLIAM WOLFE,,,ABSENTEE,0,HOUSE_precinct_general.csv,write-in or non-candidate ballot accounting row
2018,Indiana,IN,9,US House,Monroe,18105,Monroe,Bloomington 017,JEREMY HEATH,,,ABSENTEE,0,HOUSE_precinct_general.csv,write-in or non-candidate ballot accounting row
2018,Indiana,IN,9,US House,Monroe,18105,Monroe,Bloomington 018,GEORGE WILLIAM WOLFE,,,ABSENTEE,0,HOUSE_precinct_general.csv,write-in or non-candidate ballot accounting row
2018,Indiana,IN,9,US House,Monroe,18105,Monroe,Bloomington 018,JEREMY HEATH,,,ABSENTEE,0,HOUSE_precinct_general.csv,write-in or non-candidate ballot accounting row
2018,Indiana,IN,9,US House,Monroe,18105,Monroe,Bloomington 019,GEORGE WILLIAM WOLFE,,,ABSENTEE,0,HOUSE_precinct_general.csv,write-in or non-candidate ballot accounting row
2018,Indiana,IN,9,US House,Monroe,18105,Monroe,Bloomington 019,JEREMY HEATH,,,ABSENTEE,0,HOUSE_precinct_general.csv,write-in or non-candidate ballot accounting row
2018,Indiana,IN,9,US House,Monroe,18105,Monroe,Bloomington 020,GEORGE WILLIAM WOLFE,,,ABSENTEE,0,HOUSE_precinct_general.csv,write-in or non-candidate ballot accounting row
2018,Indiana,IN,9,US House,Monroe,18105,Monroe,Bloomington 020,JEREMY HEATH,,,ABSENTEE,0,HOUSE_precinct_general.csv,write-in or non-candidate ballot accounting row
2018,Indiana,IN,9,US House,Monroe,18105,Monroe,Bloomington 021,GEORGE WILLIAM WOLFE,,,ABSENTEE,0,HOUSE_precinct_general.csv,write-in or non-candidate ballot accounting row
2018,Indiana,IN,9,US House,Monroe,18105,Monroe,Bloomington 021,JEREMY HEATH,,,ABSENTEE,0,HOUSE_precinct_general.csv,write-in or non-candidate ballot accounting row
2018,Indiana,IN,9,US House,Monroe,18105,Monroe,Bloomington 022,GEORGE WILLIAM WOLFE,,,ABSENTEE,0,HOUSE_precinct_general.csv,write-in or non-candidate ballot accounting row
2018,Indiana,IN,9,US House,Monroe,18105,Monroe,Bloomington 022,JEREMY HEATH,,,ABSENTEE,0,HOUSE_precinct_general.csv,write-in or non-candidate ballot accounting row
2018,Indiana,IN,9,US House,Monroe,18105,Monroe,Bloomington 023,GEORGE WILLIAM WOLFE,,,ABSENTEE,0,HOUSE_precinct_general.csv,write-in or non-candidate ballot accounting row
2018,Indiana,IN,9,US House,Monroe,18105,Monroe,Bloomington 023,JEREMY HEATH,,,ABSENTEE,0,HOUSE_precinct_general.csv,write-in or non-candidate ballot accounting row
2018,Indiana,IN,9,US House,Monroe,18105,Monroe,Bloomington 024,GEORGE WILLIAM WOLFE,,,ABSENTEE,0,HOUSE_precinct_general.csv,write-in or non-candidate ballot accounting row
2018,Indiana,IN,9,US House,Monroe,18105,Monroe,Bloomington 024,JEREMY HEATH,,,ABSENTEE,0,HOUSE_precinct_general.csv,write-in or non-candidate ballot accounting row
2018,Indiana,IN,9,US House,Monroe,18105,Monroe,Clear Creek 01,GEORGE WILLIAM WOLFE,,,ABSENTEE,0,HOUSE_precinct_general.csv,write-in or non-candidate ballot accounting row
2018,Indiana,IN,9,US House,Monroe,18105,Monroe,Clear Creek 01,JEREMY HEATH,,,ABSENTEE,0,HOUSE_precinct_general.csv,write-in or non-candidate ballot accounting row
2018,Indiana,IN,9,US House,Monroe,18105,Monroe,Clear Creek 02,GEORGE WILLIAM WOLFE,,,ABSENTEE,0,HOUSE_precinct_general.csv,write-in or non-candidate ballot accounting row
2018,Indiana,IN,9,US House,Monroe,18105,Monroe,Clear Creek 02,JEREMY HEATH,,,ABSENTEE,0,HOUSE_precinct_general.csv,write-in or non-candidate ballot accounting row
2018,Indiana,IN,9,US House,Monroe,18105,Monroe,Clear Creek 03,GEORGE WILLIAM WOLFE,,,ABSENTEE,0,HOUSE_precinct_general.csv,write-in or non-candidate ballot accounting row
2018,Indiana,IN,9,US House,Monroe,18105,Monroe,Clear Creek 03,JEREMY HEATH,,,ABSENTEE,0,HOUSE_precinct_general.csv,write-in or non-candidate ballot accounting row
2018,Indiana,IN,9,US House,Monroe,18105,Monroe,Indian Creek,GEORGE WILLIAM WOLFE,,,ABSENTEE,0,HOUSE_precinct_general.csv,write-in or non-candidate ballot accounting row
2018,Indiana,IN,9,US House,Monroe,18105,Monroe,Indian Creek,JEREMY HEATH,,,ABSENTEE,0,HOUSE_precinct_general.csv,write-in or non-candidate ballot accounting row
2018,Indiana,IN,9,US House,Monroe,18105,Monroe,Perry 01,GEORGE WILLIAM WOLFE,,,ABSENTEE,0,HOUSE_precinct_general.csv,write-in or non-candidate ballot accounting row
2018,Indiana,IN,9,US House,Monroe,18105,Monroe,Perry 01,JEREMY HEATH,,,ABSENTEE,0,HOUSE_precinct_general.csv,write-in or non-candidate ballot accounting row
2018,Indiana,IN,9,US House,Monroe,18105,Monroe,Perry 02,GEORGE WILLIAM WOLFE,,,ABSENTEE,0,HOUSE_precinct_general.csv,write-in or non-candidate ballot accounting row
2018,Indiana,IN,9,US House,Monroe,18105,Monroe,Perry 02,JEREMY HEATH,,,ABSENTEE,0,HOUSE_precinct_general.csv,write-in or non-candidate ballot accounting row
2018,Indiana,IN,9,US House,Monroe,18105,Monroe,Perry 03,GEORGE WILLIAM WOLFE,,,ABSENTEE,0,HOUSE_precinct_general.csv,write-in or non-candidate ballot accounting row
2018,Indiana,IN,9,US House,Monroe,18105,Monroe,Perry 03,JEREMY HEATH,,,ABSENTEE,0,HOUSE_precinct_general.csv,write-in or non-candidate ballot accounting row
2018,Indiana,IN,9,US House,Monroe,18105,Monroe,Perry 04,GEORGE WILLIAM WOLFE,,,ABSENTEE,0,HOUSE_precinct_general.csv,write-in or non-candidate ballot accounting row
2018,Indiana,IN,9,US House,Monroe,18105,Monroe,Perry 04,JEREMY HEATH,,,ABSENTEE,0,HOUSE_precinct_general.csv,write-in or non-candidate ballot accounting row
2018,Indiana,IN,9,US House,Monroe,18105,Monroe,Perry 05,GEORGE WILLIAM WOLFE,,,ABSENTEE,0,HOUSE_precinct_general.csv,write-in or non-candidate ballot accounting row
2018,Indiana,IN,9,US House,Monroe,18105,Monroe,Perry 05,JEREMY HEATH,,,ABSENTEE,0,HOUSE_precinct_general.csv,write-in or non-candidate ballot accounting row
2018,Indiana,IN,9,US House,Monroe,18105,Monroe,Perry 06,GEORGE WILLIAM WOLFE,,,ABSENTEE,0,HOUSE_precinct_general.csv,write-in or non-candidate ballot accounting row
2018,Indiana,IN,9,US House,Monroe,18105,Monroe,Perry 06,JEREMY HEATH,,,ABSENTEE,0,HOUSE_precinct_general.csv,write-in or non-candidate ballot accounting row
2018,Indiana,IN,9,US House,Monroe,18105,Monroe,Perry 07,GEORGE WILLIAM WOLFE,,,ABSENTEE,0,HOUSE_precinct_general.csv,write-in or non-candidate ballot accounting row
2018,Indiana,IN,9,US House,Monroe,18105,Monroe,Perry 07,JEREMY HEATH,,,ABSENTEE,0,HOUSE_precinct_general.csv,write-in or non-candidate ballot accounting row
2018,Indiana,IN,9,US House,Monroe,18105,Monroe,Perry 08,GEORGE WILLIAM WOLFE,,,ABSENTEE,0,HOUSE_precinct_general.csv,write-in or non-candidate ballot accounting row
2018,Indiana,IN,9,US House,Monroe,18105,Monroe,Perry 08,JEREMY HEATH,,,ABSENTEE,0,HOUSE_precinct_general.csv,write-in or non-candidate ballot accounting row
2018,Indiana,IN,9,US House,Monroe,18105,Monroe,Perry 09,GEORGE WILLIAM WOLFE,,,ABSENTEE,0,HOUSE_precinct_general.csv,write-in or non-candidate ballot accounting row
2018,Indiana,IN,9,US House,Monroe,18105,Monroe,Perry 09,JEREMY HEATH,,,ABSENTEE,0,HOUSE_precinct_general.csv,write-in or non-candidate ballot accounting row
2018,Indiana,IN,9,US House,Monroe,18105,Monroe,Perry 010,GEORGE WILLIAM WOLFE,,,ABSENTEE,0,HOUSE_precinct_general.csv,write-in or non-candidate ballot accounting row
2018,Indiana,IN,9,US House,Monroe,18105,Monroe,Perry 010,JEREMY HEATH,,,ABSENTEE,0,HOUSE_precinct_general.csv,write-in or non-candidate ballot accounting row
2018,Indiana,IN,9,US House,Monroe,18105,Monroe,Perry 011,GEORGE WILLIAM WOLFE,,,ABSENTEE,0,HOUSE_precinct_general.csv,write-in or non-candidate ballot accounting row
2018,Indiana,IN,9,US House,Monroe,18105,Monroe,Perry 011,JEREMY HEATH,,,ABSENTEE,0,HOUSE_precinct_general.csv,write-in or non-candidate ballot accounting row
2018,Indiana,IN,9,US House,Monroe,18105,Monroe,Perry 012,GEORGE WILLIAM WOLFE,,,ABSENTEE,0,HOUSE_precinct_general.csv,write-in or non-candidate ballot accounting row
2018,Indiana,IN,9,US House,Monroe,18105,Monroe,Perry 012,JEREMY HEATH,,,ABSENTEE,0,HOUSE_precinct_general.csv,write-in or non-candidate ballot accounting row
2018,Indiana,IN,9,US House,Monroe,18105,Monroe,Perry 013,GEORGE WILLIAM WOLFE,,,ABSENTEE,0,HOUSE_precinct_general.csv,write-in or non-candidate ballot accounting row
2018,Indiana,IN,9,US House,Monroe,18105,Monroe,Perry 013,JEREMY HEATH,,,ABSENTEE,0,HOUSE_precinct_general.csv,write-in or non-candidate ballot accounting row
2018,Indiana,IN,9,US House,Monroe,18105,Monroe,Perry 014,GEORGE WILLIAM WOLFE,,,ABSENTEE,0,HOUSE_precinct_general.csv,write-in or non-candidate ballot accounting row
2018,Indiana,IN,9,US House,Monroe,18105,Monroe,Perry 014,JEREMY HEATH,,,ABSENTEE,0,HOUSE_precinct_general.csv,write-in or non-candidate ballot accounting row
2018,Indiana,IN,9,US House,Monroe,18105,Monroe,Perry 015,GEORGE WILLIAM WOLFE,,,ABSENTEE,0,HOUSE_precinct_general.csv,write-in or non-candidate ballot accounting row
2018,Indiana,IN,9,US House,Monroe,18105,Monroe,Perry 015,JEREMY HEATH,,,ABSENTEE,0,HOUSE_precinct_general.csv,write-in or non-candidate ballot accounting row
2018,Indiana,IN,9,US House,Monroe,18105,Monroe,Perry 016,GEORGE WILLIAM WOLFE,,,ABSENTEE,0,HOUSE_precinct_general.csv,write-in or non-candidate ballot accounting row
2018,Indiana,IN,9,US House,Monroe,18105,Monroe,Perry 016,JEREMY HEATH,,,ABSENTEE,0,HOUSE_precinct_general.csv,write-in or non-candidate ballot accounting row
2018,Indiana,IN,9,US House,Monroe,18105,Monroe,Perry 017,GEORGE WILLIAM WOLFE,,,ABSENTEE,0,HOUSE_precinct_general.csv,write-in or non-candidate ballot accounting row
2018,Indiana,IN,9,US House,Monroe,18105,Monroe,Perry 017,JEREMY HEATH,,,ABSENTEE,0,HOUSE_precinct_general.csv,write-in or non-candidate ballot accounting row
2018,Indiana,IN,9,US House,Monroe,18105,Monroe,Perry 018,GEORGE WILLIAM WOLFE,,,ABSENTEE,0,HOUSE_precinct_general.csv,write-in or non-candidate ballot accounting row
2018,Indiana,IN,9,US House,Monroe,18105,Monroe,Perry 018,JEREMY HEATH,,,ABSENTEE,0,HOUSE_precinct_general.csv,write-in or non-candidate ballot accounting row
2018,Indiana,IN,9,US House,Monroe,18105,Monroe,Perry 019,GEORGE WILLIAM WOLFE,,,ABSENTEE,0,HOUSE_precinct_general.csv,write-in or non-candidate ballot accounting row
2018,Indiana,IN,9,US House,Monroe,18105,Monroe,Perry 019,JEREMY HEATH,,,ABSENTEE,0,HOUSE_precinct_general.csv,write-in or non-candidate ballot accounting row
2018,Indiana,IN,9,US House,Monroe,18105,Monroe,Perry 020,GEORGE WILLIAM WOLFE,,,ABSENTEE,0,HOUSE_precinct_general.csv,write-in or non-candidate ballot accounting row
2018,Indiana,IN,9,US House,Monroe,18105,Monroe,Perry 020,JEREMY HEATH,,,ABSENTEE,0,HOUSE_precinct_general.csv,write-in or non-candidate ballot accounting row
2018,Indiana,IN,9,US House,Monroe,18105,Monroe,Perry 021,GEORGE WILLIAM WOLFE,,,ABSENTEE,0,HOUSE_precinct_general.csv,write-in or non-candidate ballot accounting row
2018,Indiana,IN,9,US House,Monroe,18105,Monroe,Perry 021,JEREMY HEATH,,,ABSENTEE,0,HOUSE_precinct_general.csv,write-in or non-candidate ballot accounting row
2018,Indiana,IN,9,US House,Monroe,18105,Monroe,Perry 022,GEORGE WILLIAM WOLFE,,,ABSENTEE,0,HOUSE_precinct_general.csv,write-in or non-candidate ballot accounting row
2018,Indiana,IN,9,US House,Monroe,18105,Monroe,Perry 022,JEREMY HEATH,,,ABSENTEE,0,HOUSE_precinct_general.csv,write-in or non-candidate ballot accounting row
2018,Indiana,IN,9,US House,Monroe,18105,Monroe,Perry 023,GEORGE WILLIAM WOLFE,,,ABSENTEE,0,HOUSE_precinct_general.csv,write-in or non-candidate ballot accounting row
2018,Indiana,IN,9,US House,Monroe,18105,Monroe,Perry 023,JEREMY HEATH,,,ABSENTEE,0,HOUSE_precinct_general.csv,write-in or non-candidate ballot accounting row
2018,Indiana,IN,9,US House,Monroe,18105,Monroe,Perry 024,GEORGE WILLIAM WOLFE,,,ABSENTEE,0,HOUSE_precinct_general.csv,write-in or non-candidate ballot accounting row
2018,Indiana,IN,9,US House,Monroe,18105,Monroe,Perry 024,JEREMY HEATH,,,ABSENTEE,0,HOUSE_precinct_general.csv,write-in or non-candidate ballot accounting row
2018,Indiana,IN,9,US House,Monroe,18105,Monroe,Perry 025,GEORGE WILLIAM WOLFE,,,ABSENTEE,0,HOUSE_precinct_general.csv,write-in or non-candidate ballot accounting row
2018,Indiana,IN,9,US House,Monroe,18105,Monroe,Perry 025,JEREMY HEATH,,,ABSENTEE,0,HOUSE_precinct_general.csv,write-in or non-candidate ballot accounting row
2018,Indiana,IN,9,US House,Monroe,18105,Monroe,Perry 026,GEORGE WILLIAM WOLFE,,,ABSENTEE,0,HOUSE_precinct_general.csv,write-in or non-candidate ballot accounting row
2018,Indiana,IN,9,US House,Monroe,18105,Monroe,Perry 026,JEREMY HEATH,,,ABSENTEE,0,HOUSE_precinct_general.csv,write-in or non-candidate ballot accounting row
2018,Indiana,IN,9,US House,Monroe,18105,Monroe,Perry 027,GEORGE WILLIAM WOLFE,,,ABSENTEE,0,HOUSE_precinct_general.csv,write-in or non-candidate ballot accounting row
2018,Indiana,IN,9,US House,Monroe,18105,Monroe,Perry 027,JEREMY HEATH,,,ABSENTEE,0,HOUSE_precinct_general.csv,write-in or non-candidate ballot accounting row
2018,Indiana,IN,9,US House,Monroe,18105,Monroe,Perry 028,GEORGE WILLIAM WOLFE,,,ABSENTEE,0,HOUSE_precinct_general.csv,write-in or non-candidate ballot accounting row
2018,Indiana,IN,9,US House,Monroe,18105,Monroe,Perry 028,JEREMY HEATH,,,ABSENTEE,0,HOUSE_precinct_general.csv,write-in or non-candidate ballot accounting row
2018,Indiana,IN,9,US House,Monroe,18105,Monroe,Perry 029,GEORGE WILLIAM WOLFE,,,ABSENTEE,0,HOUSE_precinct_general.csv,write-in or non-candidate ballot accounting row
2018,Indiana,IN,9,US House,Monroe,18105,Monroe,Perry 029,JEREMY HEATH,,,ABSENTEE,0,HOUSE_precinct_general.csv,write-in or non-candidate ballot accounting row
2018,Indiana,IN,9,US House,Monroe,18105,Monroe,Perry 030,GEORGE WILLIAM WOLFE,,,ABSENTEE,0,HOUSE_precinct_general.csv,write-in or non-candidate ballot accounting row
2018,Indiana,IN,9,US House,Monroe,18105,Monroe,Perry 030,JEREMY HEATH,,,ABSENTEE,0,HOUSE_precinct_general.csv,write-in or non-candidate ballot accounting row
2018,Indiana,IN,9,US House,Monroe,18105,Monroe,Perry 031,GEORGE WILLIAM WOLFE,,,ABSENTEE,0,HOUSE_precinct_general.csv,write-in or non-candidate ballot accounting row
2018,Indiana,IN,9,US House,Monroe,18105,Monroe,Perry 031,JEREMY HEATH,,,ABSENTEE,0,HOUSE_precinct_general.csv,write-in or non-candidate ballot accounting row
2018,Indiana,IN,9,US House,Monroe,18105,Monroe,Perry 032,GEORGE WILLIAM WOLFE,,,ABSENTEE,0,HOUSE_precinct_general.csv,write-in or non-candidate ballot accounting row
2018,Indiana,IN,9,US House,Monroe,18105,Monroe,Perry 032,JEREMY HEATH,,,ABSENTEE,0,HOUSE_precinct_general.csv,write-in or non-candidate ballot accounting row
2018,Indiana,IN,9,US House,Monroe,18105,Monroe,Polk,GEORGE WILLIAM WOLFE,,,ABSENTEE,0,HOUSE_precinct_general.csv,write-in or non-candidate ballot accounting row
2018,Indiana,IN,9,US House,Monroe,18105,Monroe,Polk,JEREMY HEATH,,,ABSENTEE,0,HOUSE_precinct_general.csv,write-in or non-candidate ballot accounting row
2018,Indiana,IN,9,US House,Monroe,18105,Monroe,Richland 01,GEORGE WILLIAM WOLFE,,,ABSENTEE,0,HOUSE_precinct_general.csv,write-in or non-candidate ballot accounting row
2018,Indiana,IN,9,US House,Monroe,18105,Monroe,Richland 01,JEREMY HEATH,,,ABSENTEE,0,HOUSE_precinct_general.csv,write-in or non-candidate ballot accounting row
2018,Indiana,IN,9,US House,Monroe,18105,Monroe,Richland 02,GEORGE WILLIAM WOLFE,,,ABSENTEE,0,HOUSE_precinct_general.csv,write-in or non-candidate ballot accounting row
2018,Indiana,IN,9,US House,Monroe,18105,Monroe,Richland 02,JEREMY HEATH,,,ABSENTEE,0,HOUSE_precinct_general.csv,write-in or non-candidate ballot accounting row
2018,Indiana,IN,9,US House,Monroe,18105,Monroe,Richland 03,GEORGE WILLIAM WOLFE,,,ABSENTEE,0,HOUSE_precinct_general.csv,write-in or non-candidate ballot accounting row
2018,Indiana,IN,9,US House,Monroe,18105,Monroe,Richland 03,JEREMY HEATH,,,ABSENTEE,0,HOUSE_precinct_general.csv,write-in or non-candidate ballot accounting row
2018,Indiana,IN,9,US House,Monroe,18105,Monroe,Richland 04,GEORGE WILLIAM WOLFE,,,ABSENTEE,0,HOUSE_precinct_general.csv,write-in or non-candidate ballot accounting row
2018,Indiana,IN,9,US House,Monroe,18105,Monroe,Richland 04,JEREMY HEATH,,,ABSENTEE,0,HOUSE_precinct_general.csv,write-in or non-candidate ballot accounting row
2018,Indiana,IN,9,US House,Monroe,18105,Monroe,Richland 05,GEORGE WILLIAM WOLFE,,,ABSENTEE,0,HOUSE_precinct_general.csv,write-in or non-candidate ballot accounting row
2018,Indiana,IN,9,US House,Monroe,18105,Monroe,Richland 05,JEREMY HEATH,,,ABSENTEE,0,HOUSE_precinct_general.csv,write-in or non-candidate ballot accounting row
2018,Indiana,IN,9,US House,Monroe,18105,Monroe,Richland 06,GEORGE WILLIAM WOLFE,,,ABSENTEE,0,HOUSE_precinct_general.csv,write-in or non-candidate ballot accounting row
2018,Indiana,IN,9,US House,Monroe,18105,Monroe,Richland 06,JEREMY HEATH,,,ABSENTEE,0,HOUSE_precinct_general.csv,write-in or non-candidate ballot accounting row
2018,Indiana,IN,9,US House,Monroe,18105,Monroe,Richland 07,GEORGE WILLIAM WOLFE,,,ABSENTEE,0,HOUSE_precinct_general.csv,write-in or non-candidate ballot accounting row
2018,Indiana,IN,9,US House,Monroe,18105,Monroe,Richland 07,JEREMY HEATH,,,ABSENTEE,0,HOUSE_precinct_general.csv,write-in or non-candidate ballot accounting row
2018,Indiana,IN,9,US House,Monroe,18105,Monroe,Richland 08,GEORGE WILLIAM WOLFE,,,ABSENTEE,0,HOUSE_precinct_general.csv,write-in or non-candidate ballot accounting row
2018,Indiana,IN,9,US House,Monroe,18105,Monroe,Richland 08,JEREMY HEATH,,,ABSENTEE,0,HOUSE_precinct_general.csv,write-in or non-candidate ballot accounting row
2018,Indiana,IN,9,US House,Monroe,18105,Monroe,Richland 09,GEORGE WILLIAM WOLFE,,,ABSENTEE,0,HOUSE_precinct_general.csv,write-in or non-candidate ballot accounting row
2018,Indiana,IN,9,US House,Monroe,18105,Monroe,Richland 09,JEREMY HEATH,,,ABSENTEE,0,HOUSE_precinct_general.csv,write-in or non-candidate ballot accounting row
2018,Indiana,IN,9,US House,Monroe,18105,Monroe,Salt Creek,GEORGE WILLIAM WOLFE,,,ABSENTEE,0,HOUSE_precinct_general.csv,write-in or non-candidate ballot accounting row
2018,Indiana,IN,9,US House,Monroe,18105,Monroe,Salt Creek,JEREMY HEATH,,,ABSENTEE,0,HOUSE_precinct_general.csv,write-in or non-candidate ballot accounting row
2018,Indiana,IN,9,US House,Monroe,18105,Monroe,Van Buren 01,GEORGE WILLIAM WOLFE,,,ABSENTEE,0,HOUSE_precinct_general.csv,write-in or non-candidate ballot accounting row
2018,Indiana,IN,9,US House,Monroe,18105,Monroe,Van Buren 01,JEREMY HEATH,,,ABSENTEE,0,HOUSE_precinct_general.csv,write-in or non-candidate ballot accounting row
2018,Indiana,IN,9,US House,Monroe,18105,Monroe,Van Buren 02,GEORGE WILLIAM WOLFE,,,ABSENTEE,0,HOUSE_precinct_general.csv,write-in or non-candidate ballot accounting row
2018,Indiana,IN,9,US House,Monroe,18105,Monroe,Van Buren 02,JEREMY HEATH,,,ABSENTEE,0,HOUSE_precinct_general.csv,write-in or non-candidate ballot accounting row
2018,Indiana,IN,9,US House,Monroe,18105,Monroe,Van Buren 03,GEORGE WILLIAM WOLFE,,,ABSENTEE,0,HOUSE_precinct_general.csv,write-in or non-candidate ballot accounting row
2018,Indiana,IN,9,US House,Monroe,18105,Monroe,Van Buren 03,JEREMY HEATH,,,ABSENTEE,0,HOUSE_precinct_general.csv,write-in or non-candidate ballot accounting row
2018,Indiana,IN,9,US House,Monroe,18105,Monroe,Van Buren 04,GEORGE WILLIAM WOLFE,,,ABSENTEE,0,HOUSE_precinct_general.csv,write-in or non-candidate ballot accounting row
2018,Indiana,IN,9,US House,Monroe,18105,Monroe,Van Buren 04,JEREMY HEATH,,,ABSENTEE,0,HOUSE_precinct_general.csv,write-in or non-candidate ballot accounting row
2018,Indiana,IN,9,US House,Monroe,18105,Monroe,Van Buren 05,GEORGE WILLIAM WOLFE,,,ABSENTEE,0,HOUSE_precinct_general.csv,write-in or non-candidate ballot accounting row
2018,Indiana,IN,9,US House,Monroe,18105,Monroe,Van Buren 05,JEREMY HEATH,,,ABSENTEE,0,HOUSE_precinct_general.csv,write-in or non-candidate ballot accounting row
2018,Indiana,IN,9,US House,Monroe,18105,Monroe,Van Buren 06,GEORGE WILLIAM WOLFE,,,ABSENTEE,0,HOUSE_precinct_general.csv,write-in or non-candidate ballot accounting row
2018,Indiana,IN,9,US House,Monroe,18105,Monroe,Van Buren 06,JEREMY HEATH,,,ABSENTEE,0,HOUSE_precinct_general.csv,write-in or non-candidate ballot accounting row
2018,Indiana,IN,9,US House,Monroe,18105,Monroe,Washington,GEORGE WILLIAM WOLFE,,,ABSENTEE,0,HOUSE_precinct_general.csv,write-in or non-candidate ballot accounting row
2018,Indiana,IN,9,US House,Monroe,18105,Monroe,Washington,JEREMY HEATH,,,ABSENTEE,0,HOUSE_precinct_general.csv,write-in or non-candidate ballot accounting row
2018,Indiana,IN,9,US House,Monroe,18105,Monroe,Bloom FED 020,GEORGE WILLIAM WOLFE,,,ABSENTEE,0,HOUSE_precinct_general.csv,write-in or non-candidate ballot accounting row
2018,Indiana,IN,9,US House,Monroe,18105,Monroe,Bloom FED 020,JEREMY HEATH,,,ABSENTEE,0,HOUSE_precinct_general.csv,write-in or non-candidate ballot accounting row
2018,Indiana,IN,9,US House,Lawrence,18093,Lawrence,Shawswick 1A,WRITEIN,,,PROVISIONAL,0,HOUSE_precinct_general.csv,write-in or non-candidate ballot accounting row
2018,Indiana,IN,9,US House,Lawrence,18093,Lawrence,Shawswick 1B,WRITEIN,,,PROVISIONAL,0,HOUSE_precinct_general.csv,write-in or non-candidate ballot accounting row
2018,Indiana,IN,9,US House,Lawrence,18093,Lawrence,Shawswick 2,WRITEIN,,,PROVISIONAL,0,HOUSE_precinct_general.csv,write-in or non-candidate ballot accounting row
2018,Indiana,IN,9,US House,Lawrence,18093,Lawrence,Shawswick 3,WRITEIN,,,PROVISIONAL,0,HOUSE_precinct_general.csv,write-in or non-candidate ballot accounting row
2018,Indiana,IN,9,US House,Lawrence,18093,Lawrence,Shawswick 4,WRITEIN,,,PROVISIONAL,0,HOUSE_precinct_general.csv,write-in or non-candidate ballot accounting row
2018,Indiana,IN,9,US House,Lawrence,18093,Lawrence,Shawswick 5A,WRITEIN,,,PROVISIONAL,0,HOUSE_precinct_general.csv,write-in or non-candidate ballot accounting row
2018,Indiana,IN,9,US House,Lawrence,18093,Lawrence,Shawswick 5B,WRITEIN,,,PROVISIONAL,0,HOUSE_precinct_general.csv,write-in or non-candidate ballot accounting row
2018,Indiana,IN,9,US House,Lawrence,18093,Lawrence,Shawswick 6,WRITEIN,,,PROVISIONAL,0,HOUSE_precinct_general.csv,write-in or non-candidate ballot accounting row
2018,Indiana,IN,9,US House,Lawrence,18093,Lawrence,Shawswick 7A,WRITEIN,,,PROVISIONAL,0,HOUSE_precinct_general.csv,write-in or non-candidate ballot accounting row
2018,Indiana,IN,9,US House,Lawrence,18093,Lawrence,Shawswick 7B,WRITEIN,,,PROVISIONAL,0,HOUSE_precinct_general.csv,write-in or non-candidate ballot accounting row
2018,Indiana,IN,9,US House,Lawrence,18093,Lawrence,Shawswick 8,WRITEIN,,,PROVISIONAL,0,HOUSE_precinct_general.csv,write-in or non-candidate ballot accounting row
2018,Indiana,IN,9,US House,Lawrence,18093,Lawrence,Shawswick 9,WRITEIN,,,PROVISIONAL,0,HOUSE_precinct_general.csv,write-in or non-candidate ballot accounting row
2018,Indiana,IN,9,US House,Lawrence,18093,Lawrence,Shawswick 10,WRITEIN,,,PROVISIONAL,0,HOUSE_precinct_general.csv,write-in or non-candidate ballot accounting row
2018,Indiana,IN,9,US House,Lawrence,18093,Lawrence,Shawswick 11,WRITEIN,,,PROVISIONAL,0,HOUSE_precinct_general.csv,write-in or non-candidate ballot accounting row
2018,Indiana,IN,9,US House,Lawrence,18093,Lawrence,Shawswick 12,WRITEIN,,,PROVISIONAL,0,HOUSE_precinct_general.csv,write-in or non-candidate ballot accounting row
2018,Indiana,IN,9,US House,Lawrence,18093,Lawrence,Shawswick 13,WRITEIN,,,PROVISIONAL,0,HOUSE_precinct_general.csv,write-in or non-candidate ballot accounting row
2018,Indiana,IN,9,US House,Lawrence,18093,Lawrence,Shawswick 14A,WRITEIN,,,PROVISIONAL,0,HOUSE_precinct_general.csv,write-in or non-candidate ballot accounting row
2018,Indiana,IN,9,US House,Lawrence,18093,Lawrence,Shawswick 14B,WRITEIN,,,PROVISIONAL,0,HOUSE_precinct_general.csv,write-in or non-candidate ballot accounting row
2018,Indiana,IN,9,US House,Lawrence,18093,Lawrence,Shawswick 15A,WRITEIN,,,PROVISIONAL,0,HOUSE_precinct_general.csv,write-in or non-candidate ballot accounting row
2018,Indiana,IN,9,US House,Lawrence,18093,Lawrence,Shawswick 15B,WRITEIN,,,PROVISIONAL,0,HOUSE_precinct_general.csv,write-in or non-candidate ballot accounting row
2018,Indiana,IN,9,US House,Lawrence,18093,Lawrence,Shawswick 16,WRITEIN,,,PROVISIONAL,0,HOUSE_precinct_general.csv,write-in or non-candidate ballot accounting row
2018,Indiana,IN,9,US House,Lawrence,18093,Lawrence,Marion 1,WRITEIN,,,PROVISIONAL,0,HOUSE_precinct_general.csv,write-in or non-candidate ballot accounting row
2018,Indiana,IN,9,US House,Lawrence,18093,Lawrence,Marion 2,WRITEIN,,,PROVISIONAL,0,HOUSE_precinct_general.csv,write-in or non-candidate ballot accounting row
2018,Indiana,IN,9,US House,Lawrence,18093,Lawrence,Marion 3,WRITEIN,,,PROVISIONAL,0,HOUSE_precinct_general.csv,write-in or non-candidate ballot accounting row
2018,Indiana,IN,9,US House,Lawrence,18093,Lawrence,Marion 4,WRITEIN,,,PROVISIONAL,0,HOUSE_precinct_general.csv,write-in or non-candidate ballot accounting row
2018,Indiana,IN,9,US House,Lawrence,18093,Lawrence,Marion 5A,WRITEIN,,,PROVISIONAL,0,HOUSE_precinct_general.csv,write-in or non-candidate ballot accounting row
2018,Indiana,IN,9,US House,Lawrence,18093,Lawrence,Marion 5B,WRITEIN,,,PROVISIONAL,0,HOUSE_precinct_general.csv,write-in or non-candidate ballot accounting row
2018,Indiana,IN,9,US House,Lawrence,18093,Lawrence,Marion 5C,WRITEIN,,,PROVISIONAL,0,HOUSE_precinct_general.csv,write-in or non-candidate ballot accounting row
2018,Indiana,IN,9,US House,Lawrence,18093,Lawrence,Marion 6,WRITEIN,,,PROVISIONAL,0,HOUSE_precinct_general.csv,write-in or non-candidate ballot accounting row
2018,Indiana,IN,9,US House,Lawrence,18093,Lawrence,Bono,WRITEIN,,,PROVISIONAL,0,HOUSE_precinct_general.csv,write-in or non-candidate ballot accounting row
2018,Indiana,IN,9,US House,Lawrence,18093,Lawrence,Guthrie,WRITEIN,,,PROVISIONAL,0,HOUSE_precinct_general.csv,write-in or non-candidate ballot accounting row
2018,Indiana,IN,9,US House,Lawrence,18093,Lawrence,Indian Creek North,WRITEIN,,,PROVISIONAL,0,HOUSE_precinct_general.csv,write-in or non-candidate ballot accounting row
2018,Indiana,IN,9,US House,Lawrence,18093,Lawrence,Indian Creek South,WRITEIN,,,PROVISIONAL,0,HOUSE_precinct_general.csv,write-in or non-candidate ballot accounting row
2018,Indiana,IN,9,US House,Lawrence,18093,Lawrence,Marshall 1,WRITEIN,,,PROVISIONAL,0,HOUSE_precinct_general.csv,write-in or non-candidate ballot accounting row
2018,Indiana,IN,9,US House,Lawrence,18093,Lawrence,Marshall 2,WRITEIN,,,PROVISIONAL,0,HOUSE_precinct_general.csv,write-in or non-candidate ballot accounting row
2018,Indiana,IN,9,US House,Lawrence,18093,Lawrence,Marshall 3,WRITEIN,,,PROVISIONAL,0,HOUSE_precinct_general.csv,write-in or non-candidate ballot accounting row
2018,Indiana,IN,9,US House,Lawrence,18093,Lawrence,Perry,WRITEIN,,,PROVISIONAL,0,HOUSE_precinct_general.csv,write-in or non-candidate ballot accounting row
2018,Indiana,IN,9,US House,Lawrence,18093,Lawrence,Pleasant Run,WRITEIN,,,PROVISIONAL,0,HOUSE_precinct_general.csv,write-in or non-candidate ballot accounting row
2018,Indiana,IN,9,US House,Lawrence,18093,Lawrence,Spice Valley North,WRITEIN,,,PROVISIONAL,0,HOUSE_precinct_general.csv,write-in or non-candidate ballot accounting row
2018,Indiana,IN,9,US House,Lawrence,18093,Lawrence,Spice Valley South,WRITEIN,,,PROVISIONAL,0,HOUSE_precinct_general.csv,write-in or non-candidate ballot accounting row
2018,Indiana,IN,9,US House,Lawrence,18093,Lawrence,Shawswick 1A,WRITEIN,,,ELECTION DAY,0,HOUSE_precinct_general.csv,write-in or non-candidate ballot accounting row
2018,Indiana,IN,9,US House,Lawrence,18093,Lawrence,Shawswick 1B,WRITEIN,,,ELECTION DAY,0,HOUSE_precinct_general.csv,write-in or non-candidate ballot accounting row
2018,Indiana,IN,9,US House,Lawrence,18093,Lawrence,Shawswick 2,WRITEIN,,,ELECTION DAY,0,HOUSE_precinct_general.csv,write-in or non-candidate ballot accounting row
2018,Indiana,IN,9,US House,Lawrence,18093,Lawrence,Shawswick 3,WRITEIN,,,ELECTION DAY,0,HOUSE_precinct_general.csv,write-in or non-candidate ballot accounting row
2018,Indiana,IN,9,US House,Lawrence,18093,Lawrence,Shawswick 4,WRITEIN,,,ELECTION DAY,0,HOUSE_precinct_general.csv,write-in or non-candidate ballot accounting row
2018,Indiana,IN,9,US House,Lawrence,18093,Lawrence,Shawswick 5A,WRITEIN,,,ELECTION DAY,0,HOUSE_precinct_general.csv,write-in or non-candidate ballot accounting row
2018,Indiana,IN,9,US House,Lawrence,18093,Lawrence,Shawswick 5B,WRITEIN,,,ELECTION DAY,0,HOUSE_precinct_general.csv,write-in or non-candidate ballot accounting row
2018,Indiana,IN,9,US House,Lawrence,18093,Lawrence,Shawswick 6,WRITEIN,,,ELECTION DAY,0,HOUSE_precinct_general.csv,write-in or non-candidate ballot accounting row
2018,Indiana,IN,9,US House,Lawrence,18093,Lawrence,Shawswick 7A,WRITEIN,,,ELECTION DAY,0,HOUSE_precinct_general.csv,write-in or non-candidate ballot accounting row
2018,Indiana,IN,9,US House,Lawrence,18093,Lawrence,Shawswick 7B,WRITEIN,,,ELECTION DAY,0,HOUSE_precinct_general.csv,write-in or non-candidate ballot accounting row
2018,Indiana,IN,9,US House,Lawrence,18093,Lawrence,Shawswick 8,WRITEIN,,,ELECTION DAY,0,HOUSE_precinct_general.csv,write-in or non-candidate ballot accounting row
2018,Indiana,IN,9,US House,Lawrence,18093,Lawrence,Shawswick 9,WRITEIN,,,ELECTION DAY,0,HOUSE_precinct_general.csv,write-in or non-candidate ballot accounting row
2018,Indiana,IN,9,US House,Lawrence,18093,Lawrence,Shawswick 10,WRITEIN,,,ELECTION DAY,0,HOUSE_precinct_general.csv,write-in or non-candidate ballot accounting row
2018,Indiana,IN,9,US House,Lawrence,18093,Lawrence,Shawswick 11,WRITEIN,,,ELECTION DAY,0,HOUSE_precinct_general.csv,write-in or non-candidate ballot accounting row
2018,Indiana,IN,9,US House,Lawrence,18093,Lawrence,Shawswick 12,WRITEIN,,,ELECTION DAY,0,HOUSE_precinct_general.csv,write-in or non-candidate ballot accounting row
2018,Indiana,IN,9,US House,Lawrence,18093,Lawrence,Shawswick 13,WRITEIN,,,ELECTION DAY,0,HOUSE_precinct_general.csv,write-in or non-candidate ballot accounting row
2018,Indiana,IN,9,US House,Lawrence,18093,Lawrence,Shawswick 14A,WRITEIN,,,ELECTION DAY,0,HOUSE_precinct_general.csv,write-in or non-candidate ballot accounting row
2018,Indiana,IN,9,US House,Lawrence,18093,Lawrence,Shawswick 14B,WRITEIN,,,ELECTION DAY,0,HOUSE_precinct_general.csv,write-in or non-candidate ballot accounting row
2018,Indiana,IN,9,US House,Lawrence,18093,Lawrence,Shawswick 15A,WRITEIN,,,ELECTION DAY,0,HOUSE_precinct_general.csv,write-in or non-candidate ballot accounting row
2018,Indiana,IN,9,US House,Lawrence,18093,Lawrence,Shawswick 15B,WRITEIN,,,ELECTION DAY,0,HOUSE_precinct_general.csv,write-in or non-candidate ballot accounting row
2018,Indiana,IN,9,US House,Lawrence,18093,Lawrence,Shawswick 16,WRITEIN,,,ELECTION DAY,0,HOUSE_precinct_general.csv,write-in or non-candidate ballot accounting row
2018,Indiana,IN,9,US House,Lawrence,18093,Lawrence,Marion 1,WRITEIN,,,ELECTION DAY,0,HOUSE_precinct_general.csv,write-in or non-candidate ballot accounting row
2018,Indiana,IN,9,US House,Lawrence,18093,Lawrence,Marion 2,WRITEIN,,,ELECTION DAY,0,HOUSE_precinct_general.csv,write-in or non-candidate ballot accounting row
2018,Indiana,IN,9,US House,Lawrence,18093,Lawrence,Marion 3,WRITEIN,,,ELECTION DAY,0,HOUSE_precinct_general.csv,write-in or non-candidate ballot accounting row
2018,Indiana,IN,9,US House,Lawrence,18093,Lawrence,Marion 4,WRITEIN,,,ELECTION DAY,0,HOUSE_precinct_general.csv,write-in or non-candidate ballot accounting row
2018,Indiana,IN,9,US House,Lawrence,18093,Lawrence,Marion 5A,WRITEIN,,,ELECTION DAY,0,HOUSE_precinct_general.csv,write-in or non-candidate ballot accounting row
2018,Indiana,IN,9,US House,Lawrence,18093,Lawrence,Marion 5B,WRITEIN,,,ELECTION DAY,0,HOUSE_precinct_general.csv,write-in or non-candidate ballot accounting row
2018,Indiana,IN,9,US House,Lawrence,18093,Lawrence,Marion 5C,WRITEIN,,,ELECTION DAY,0,HOUSE_precinct_general.csv,write-in or non-candidate ballot accounting row
2018,Indiana,IN,9,US House,Lawrence,18093,Lawrence,Marion 6,WRITEIN,,,ELECTION DAY,0,HOUSE_precinct_general.csv,write-in or non-candidate ballot accounting row
2018,Indiana,IN,9,US House,Lawrence,18093,Lawrence,Bono,WRITEIN,,,ELECTION DAY,0,HOUSE_precinct_general.csv,write-in or non-candidate ballot accounting row
2018,Indiana,IN,9,US House,Lawrence,18093,Lawrence,Guthrie,WRITEIN,,,ELECTION DAY,0,HOUSE_precinct_general.csv,write-in or non-candidate ballot accounting row
2018,Indiana,IN,9,US House,Lawrence,18093,Lawrence,Indian Creek North,WRITEIN,,,ELECTION DAY,0,HOUSE_precinct_general.csv,write-in or non-candidate ballot accounting row
2018,Indiana,IN,9,US House,Lawrence,18093,Lawrence,Indian Creek South,WRITEIN,,,ELECTION DAY,0,HOUSE_precinct_general.csv,write-in or non-candidate ballot accounting row
2018,Indiana,IN,9,US House,Lawrence,18093,Lawrence,Marshall 1,WRITEIN,,,ELECTION DAY,0,HOUSE_precinct_general.csv,write-in or non-candidate ballot accounting row
2018,Indiana,IN,9,US House,Lawrence,18093,Lawrence,Marshall 2,WRITEIN,,,ELECTION DAY,1,HOUSE_precinct_general.csv,write-in or non-candidate ballot accounting row
2018,Indiana,IN,9,US House,Lawrence,18093,Lawrence,Marshall 3,WRITEIN,,,ELECTION DAY,0,HOUSE_precinct_general.csv,write-in or non-candidate ballot accounting row
2018,Indiana,IN,9,US House,Lawrence,18093,Lawrence,Perry,WRITEIN,,,ELECTION DAY,0,HOUSE_precinct_general.csv,write-in or non-candidate ballot accounting row
2018,Indiana,IN,9,US House,Lawrence,18093,Lawrence,Pleasant Run,WRITEIN,,,ELECTION DAY,0,HOUSE_precinct_general.csv,write-in or non-candidate ballot accounting row
2018,Indiana,IN,9,US House,Lawrence,18093,Lawrence,Spice Valley North,WRITEIN,,,ELECTION DAY,0,HOUSE_precinct_general.csv,write-in or non-candidate ballot accounting row
2018,Indiana,IN,9,US House,Lawrence,18093,Lawrence,Spice Valley South,WRITEIN,,,ELECTION DAY,0,HOUSE_precinct_general.csv,write-in or non-candidate ballot accounting row
2018,Indiana,IN,9,US House,Lawrence,18093,Lawrence,Shawswick 1A,WRITEIN,,,ABSENTEE,0,HOUSE_precinct_general.csv,write-in or non-candidate ballot accounting row
2018,Indiana,IN,9,US House,Lawrence,18093,Lawrence,Shawswick 1B,WRITEIN,,,ABSENTEE,0,HOUSE_precinct_general.csv,write-in or non-candidate ballot accounting row
2018,Indiana,IN,9,US House,Lawrence,18093,Lawrence,Shawswick 2,WRITEIN,,,ABSENTEE,0,HOUSE_precinct_general.csv,write-in or non-candidate ballot accounting row
2018,Indiana,IN,9,US House,Lawrence,18093,Lawrence,Shawswick 3,WRITEIN,,,ABSENTEE,0,HOUSE_precinct_general.csv,write-in or non-candidate ballot accounting row
2018,Indiana,IN,9,US House,Lawrence,18093,Lawrence,Shawswick 4,WRITEIN,,,ABSENTEE,0,HOUSE_precinct_general.csv,write-in or non-candidate ballot accounting row
2018,Indiana,IN,9,US House,Lawrence,18093,Lawrence,Shawswick 5A,WRITEIN,,,ABSENTEE,0,HOUSE_precinct_general.csv,write-in or non-candidate ballot accounting row
2018,Indiana,IN,9,US House,Lawrence,18093,Lawrence,Shawswick 5B,WRITEIN,,,ABSENTEE,0,HOUSE_precinct_general.csv,write-in or non-candidate ballot accounting row
2018,Indiana,IN,9,US House,Lawrence,18093,Lawrence,Shawswick 6,WRITEIN,,,ABSENTEE,0,HOUSE_precinct_general.csv,write-in or non-candidate ballot accounting row
2018,Indiana,IN,9,US House,Lawrence,18093,Lawrence,Shawswick 7A,WRITEIN,,,ABSENTEE,0,HOUSE_precinct_general.csv,write-in or non-candidate ballot accounting row
2018,Indiana,IN,9,US House,Lawrence,18093,Lawrence,Shawswick 7B,WRITEIN,,,ABSENTEE,0,HOUSE_precinct_general.csv,write-in or non-candidate ballot accounting row
2018,Indiana,IN,9,US House,Lawrence,18093,Lawrence,Shawswick 8,WRITEIN,,,ABSENTEE,0,HOUSE_precinct_general.csv,write-in or non-candidate ballot accounting row
2018,Indiana,IN,9,US House,Lawrence,18093,Lawrence,Shawswick 9,WRITEIN,,,ABSENTEE,0,HOUSE_precinct_general.csv,write-in or non-candidate ballot accounting row
2018,Indiana,IN,9,US House,Lawrence,18093,Lawrence,Shawswick 10,WRITEIN,,,ABSENTEE,0,HOUSE_precinct_general.csv,write-in or non-candidate ballot accounting row
2018,Indiana,IN,9,US House,Lawrence,18093,Lawrence,Shawswick 11,WRITEIN,,,ABSENTEE,0,HOUSE_precinct_general.csv,write-in or non-candidate ballot accounting row
2018,Indiana,IN,9,US House,Lawrence,18093,Lawrence,Shawswick 12,WRITEIN,,,ABSENTEE,0,HOUSE_precinct_general.csv,write-in or non-candidate ballot accounting row
2018,Indiana,IN,9,US House,Lawrence,18093,Lawrence,Shawswick 13,WRITEIN,,,ABSENTEE,0,HOUSE_precinct_general.csv,write-in or non-candidate ballot accounting row
2018,Indiana,IN,9,US House,Lawrence,18093,Lawrence,Shawswick 14A,WRITEIN,,,ABSENTEE,0,HOUSE_precinct_general.csv,write-in or non-candidate ballot accounting row
2018,Indiana,IN,9,US House,Lawrence,18093,Lawrence,Shawswick 14B,WRITEIN,,,ABSENTEE,0,HOUSE_precinct_general.csv,write-in or non-candidate ballot accounting row
2018,Indiana,IN,9,US House,Lawrence,18093,Lawrence,Shawswick 15A,WRITEIN,,,ABSENTEE,0,HOUSE_precinct_general.csv,write-in or non-candidate ballot accounting row
2018,Indiana,IN,9,US House,Lawrence,18093,Lawrence,Shawswick 15B,WRITEIN,,,ABSENTEE,0,HOUSE_precinct_general.csv,write-in or non-candidate ballot accounting row
2018,Indiana,IN,9,US House,Lawrence,18093,Lawrence,Shawswick 16,WRITEIN,,,ABSENTEE,0,HOUSE_precinct_general.csv,write-in or non-candidate ballot accounting row
2018,Indiana,IN,9,US House,Lawrence,18093,Lawrence,Marion 1,WRITEIN,,,ABSENTEE,0,HOUSE_precinct_general.csv,write-in or non-candidate ballot accounting row
2018,Indiana,IN,9,US House,Lawrence,18093,Lawrence,Marion 2,WRITEIN,,,ABSENTEE,0,HOUSE_precinct_general.csv,write-in or non-candidate ballot accounting row
2018,Indiana,IN,9,US House,Lawrence,18093,Lawrence,Marion 3,WRITEIN,,,ABSENTEE,0,HOUSE_precinct_general.csv,write-in or non-candidate ballot accounting row
2018,Indiana,IN,9,US House,Lawrence,18093,Lawrence,Marion 4,WRITEIN,,,ABSENTEE,0,HOUSE_precinct_general.csv,write-in or non-candidate ballot accounting row
2018,Indiana,IN,9,US House,Lawrence,18093,Lawrence,Marion 5A,WRITEIN,,,ABSENTEE,0,HOUSE_precinct_general.csv,write-in or non-candidate ballot accounting row
2018,Indiana,IN,9,US House,Lawrence,18093,Lawrence,Marion 5B,WRITEIN,,,ABSENTEE,0,HOUSE_precinct_general.csv,write-in or non-candidate ballot accounting row
2018,Indiana,IN,9,US House,Lawrence,18093,Lawrence,Marion 5C,WRITEIN,,,ABSENTEE,0,HOUSE_precinct_general.csv,write-in or non-candidate ballot accounting row
2018,Indiana,IN,9,US House,Lawrence,18093,Lawrence,Marion 6,WRITEIN,,,ABSENTEE,1,HOUSE_precinct_general.csv,write-in or non-candidate ballot accounting row
2018,Indiana,IN,9,US House,Lawrence,18093,Lawrence,Bono,WRITEIN,,,ABSENTEE,0,HOUSE_precinct_general.csv,write-in or non-candidate ballot accounting row
2018,Indiana,IN,9,US House,Lawrence,18093,Lawrence,Guthrie,WRITEIN,,,ABSENTEE,0,HOUSE_precinct_general.csv,write-in or non-candidate ballot accounting row
2018,Indiana,IN,9,US House,Lawrence,18093,Lawrence,Indian Creek North,WRITEIN,,,ABSENTEE,0,HOUSE_precinct_general.csv,write-in or non-candidate ballot accounting row
2018,Indiana,IN,9,US House,Lawrence,18093,Lawrence,Indian Creek South,WRITEIN,,,ABSENTEE,0,HOUSE_precinct_general.csv,write-in or non-candidate ballot accounting row
2018,Indiana,IN,9,US House,Lawrence,18093,Lawrence,Marshall 1,WRITEIN,,,ABSENTEE,0,HOUSE_precinct_general.csv,write-in or non-candidate ballot accounting row
2018,Indiana,IN,9,US House,Lawrence,18093,Lawrence,Marshall 2,WRITEIN,,,ABSENTEE,0,HOUSE_precinct_general.csv,write-in or non-candidate ballot accounting row
2018,Indiana,IN,9,US House,Lawrence,18093,Lawrence,Marshall 3,WRITEIN,,,ABSENTEE,0,HOUSE_precinct_general.csv,write-in or non-candidate ballot accounting row
2018,Indiana,IN,9,US House,Lawrence,18093,Lawrence,Perry,WRITEIN,,,ABSENTEE,0,HOUSE_precinct_general.csv,write-in or non-candidate ballot accounting row
2018,Indiana,IN,9,US House,Lawrence,18093,Lawrence,Pleasant Run,WRITEIN,,,ABSENTEE,0,HOUSE_precinct_general.csv,write-in or non-candidate ballot accounting row
2018,Indiana,IN,9,US House,Lawrence,18093,Lawrence,Spice Valley North,WRITEIN,,,ABSENTEE,0,HOUSE_precinct_general.csv,write-in or non-candidate ballot accounting row
2018,Indiana,IN,9,US House,Lawrence,18093,Lawrence,Spice Valley South,WRITEIN,,,ABSENTEE,0,HOUSE_precinct_general.csv,write-in or non-candidate ballot accounting row
2022,Indiana,IN,9,US House,Clark,18019,Clark,Jeffersonville 01,JACOB BAILEY,,,TOTAL,3,HOUSE_precinct_general_2022.csv,write-in or non-candidate ballot accounting row
2022,Indiana,IN,9,US House,Clark,18019,Clark,Jeffersonville 31,JACOB BAILEY,,,TOTAL,1,HOUSE_precinct_general_2022.csv,write-in or non-candidate ballot accounting row
2022,Indiana,IN,9,US House,Clark,18019,Clark,Jeffersonville 37,JACOB BAILEY,,,TOTAL,1,HOUSE_precinct_general_2022.csv,write-in or non-candidate ballot accounting row
2024,Indiana,IN,9,US House,Ripley,18137,Ripley,ADAMS 3,INVALID VOTES,,,TOTAL,0,HOUSE_precinct_general.csv,write-in or non-candidate ballot accounting row
2024,Indiana,IN,9,US House,Ripley,18137,Ripley,ADAMS 1 - BATESVILLE,UNDERVOTES,,,TOTAL,8,HOUSE_precinct_general.csv,write-in or non-candidate ballot accounting row
2024,Indiana,IN,9,US House,Ripley,18137,Ripley,ADAMS 1 - BATESVILLE,OVERVOTES,,,TOTAL,0,HOUSE_precinct_general.csv,write-in or non-candidate ballot accounting row
2024,Indiana,IN,9,US House,Ripley,18137,Ripley,ADAMS 1 - BATESVILLE,INVALID VOTES,,,TOTAL,0,HOUSE_precinct_general.csv,write-in or non-candidate ballot accounting row
2024,Indiana,IN,9,US House,Ripley,18137,Ripley,ADAMS 1 - SUN DEAR,UNDERVOTES,,,TOTAL,5,HOUSE_precinct_general.csv,write-in or non-candidate ballot accounting row
2024,Indiana,IN,9,US House,Ripley,18137,Ripley,ADAMS 1 - SUN DEAR,OVERVOTES,,,TOTAL,0,HOUSE_precinct_general.csv,write-in or non-candidate ballot accounting row
2024,Indiana,IN,9,US House,Ripley,18137,Ripley,ADAMS 1 - SUN DEAR,INVALID VOTES,,,TOTAL,0,HOUSE_precinct_general.csv,write-in or non-candidate ballot accounting row
2024,Indiana,IN,9,US House,Ripley,18137,Ripley,ADAMS 2 - COUNTY,UNDERVOTES,,,TOTAL,10,HOUSE_precinct_general.csv,write-in or non-candidate ballot accounting row
2024,Indiana,IN,9,US House,Ripley,18137,Ripley,ADAMS 2 - COUNTY,OVERVOTES,,,TOTAL,0,HOUSE_precinct_general.csv,write-in or non-candidate ballot accounting row
2024,Indiana,IN,9,US House,Ripley,18137,Ripley,ADAMS 2 - COUNTY,INVALID VOTES,,,TOTAL,0,HOUSE_precinct_general.csv,write-in or non-candidate ballot accounting row
2024,Indiana,IN,9,US House,Ripley,18137,Ripley,ADAMS 2 - SUNMAN,OVERVOTES,,,TOTAL,0,HOUSE_precinct_general.csv,write-in or non-candidate ballot accounting row
2024,Indiana,IN,9,US House,Ripley,18137,Ripley,ADAMS 2 - SUNMAN,INVALID VOTES,,,TOTAL,0,HOUSE_precinct_general.csv,write-in or non-candidate ballot accounting row
2024,Indiana,IN,9,US House,Ripley,18137,Ripley,ADAMS 2 - SUNMAN,UNDERVOTES,,,TOTAL,10,HOUSE_precinct_general.csv,write-in or non-candidate ballot accounting row
2024,Indiana,IN,9,US House,Ripley,18137,Ripley,ADAMS 3,UNDERVOTES,,,TOTAL,16,HOUSE_precinct_general.csv,write-in or non-candidate ballot accounting row
2024,Indiana,IN,9,US House,Ripley,18137,Ripley,ADAMS 3,OVERVOTES,,,TOTAL,1,HOUSE_precinct_general.csv,write-in or non-candidate ballot accounting row
2024,Indiana,IN,9,US House,Ripley,18137,Ripley,BROWN 1,UNDERVOTES,,,TOTAL,7,HOUSE_precinct_general.csv,write-in or non-candidate ballot accounting row
2024,Indiana,IN,9,US House,Ripley,18137,Ripley,BROWN 1,OVERVOTES,,,TOTAL,0,HOUSE_precinct_general.csv,write-in or non-candidate ballot accounting row
2024,Indiana,IN,9,US House,Ripley,18137,Ripley,BROWN 1,INVALID VOTES,,,TOTAL,0,HOUSE_precinct_general.csv,write-in or non-candidate ballot accounting row
2024,Indiana,IN,9,US House,Ripley,18137,Ripley,BROWN 2,UNDERVOTES,,,TOTAL,7,HOUSE_precinct_general.csv,write-in or non-candidate ballot accounting row
2024,Indiana,IN,9,US House,Ripley,18137,Ripley,BROWN 2,OVERVOTES,,,TOTAL,0,HOUSE_precinct_general.csv,write-in or non-candidate ballot accounting row
2024,Indiana,IN,9,US House,Ripley,18137,Ripley,BROWN 2,INVALID VOTES,,,TOTAL,0,HOUSE_precinct_general.csv,write-in or non-candidate ballot accounting row
2024,Indiana,IN,9,US House,Ripley,18137,Ripley,CENTER 1,UNDERVOTES,,,TOTAL,3,HOUSE_precinct_general.csv,write-in or non-candidate ballot accounting row
2024,Indiana,IN,9,US House,Ripley,18137,Ripley,CENTER 1,OVERVOTES,,,TOTAL,0,HOUSE_precinct_general.csv,write-in or non-candidate ballot accounting row
2024,Indiana,IN,9,US House,Ripley,18137,Ripley,CENTER 1,INVALID VOTES,,,TOTAL,0,HOUSE_precinct_general.csv,write-in or non-candidate ballot accounting row
2024,Indiana,IN,9,US House,Ripley,18137,Ripley,CENTER 1 - OSGOOD,UNDERVOTES,,,TOTAL,2,HOUSE_precinct_general.csv,write-in or non-candidate ballot accounting row
2024,Indiana,IN,9,US House,Ripley,18137,Ripley,CENTER 1 - OSGOOD,OVERVOTES,,,TOTAL,0,HOUSE_precinct_general.csv,write-in or non-candidate ballot accounting row
2024,Indiana,IN,9,US House,Ripley,18137,Ripley,CENTER 1 - OSGOOD,INVALID VOTES,,,TOTAL,0,HOUSE_precinct_general.csv,write-in or non-candidate ballot accounting row
2024,Indiana,IN,9,US House,Ripley,18137,Ripley,CENTER 2,UNDERVOTES,,,TOTAL,6,HOUSE_precinct_general.csv,write-in or non-candidate ballot accounting row
2024,Indiana,IN,9,US House,Ripley,18137,Ripley,CENTER 2,OVERVOTES,,,TOTAL,1,HOUSE_precinct_general.csv,write-in or non-candidate ballot accounting row
2024,Indiana,IN,9,US House,Ripley,18137,Ripley,CENTER 2,INVALID VOTES,,,TOTAL,0,HOUSE_precinct_general.csv,write-in or non-candidate ballot accounting row
2024,Indiana,IN,9,US House,Ripley,18137,Ripley,CENTER 2 - OSGOOD,UNDERVOTES,,,TOTAL,7,HOUSE_precinct_general.csv,write-in or non-candidate ballot accounting row
2024,Indiana,IN,9,US House,Ripley,18137,Ripley,CENTER 2 - OSGOOD,OVERVOTES,,,TOTAL,0,HOUSE_precinct_general.csv,write-in or non-candidate ballot accounting row
2024,Indiana,IN,9,US House,Ripley,18137,Ripley,CENTER 2 - OSGOOD,INVALID VOTES,,,TOTAL,0,HOUSE_precinct_general.csv,write-in or non-candidate ballot accounting row
2024,Indiana,IN,9,US House,Ripley,18137,Ripley,CENTER 3,UNDERVOTES,,,TOTAL,7,HOUSE_precinct_general.csv,write-in or non-candidate ballot accounting row
2024,Indiana,IN,9,US House,Ripley,18137,Ripley,CENTER 3,OVERVOTES,,,TOTAL,0,HOUSE_precinct_general.csv,write-in or non-candidate ballot accounting row
2024,Indiana,IN,9,US House,Ripley,18137,Ripley,CENTER 3,INVALID VOTES,,,TOTAL,0,HOUSE_precinct_general.csv,write-in or non-candidate ballot accounting row
2024,Indiana,IN,9,US House,Ripley,18137,Ripley,DELAWARE,OVERVOTES,,,TOTAL,0,HOUSE_precinct_general.csv,write-in or non-candidate ballot accounting row
2024,Indiana,IN,9,US House,Ripley,18137,Ripley,CENTER 3 - OSGOOD,UNDERVOTES,,,TOTAL,9,HOUSE_precinct_general.csv,write-in or non-candidate ballot accounting row
2024,Indiana,IN,9,US House,Ripley,18137,Ripley,CENTER 3 - OSGOOD,OVERVOTES,,,TOTAL,0,HOUSE_precinct_general.csv,write-in or non-candidate ballot accounting row
2024,Indiana,IN,9,US House,Ripley,18137,Ripley,CENTER 3 - OSGOOD,INVALID VOTES,,,TOTAL,0,HOUSE_precinct_general.csv,write-in or non-candidate ballot accounting row
2024,Indiana,IN,9,US House,Ripley,18137,Ripley,DELAWARE,UNDERVOTES,,,TOTAL,18,HOUSE_precinct_general.csv,write-in or non-candidate ballot accounting row
2024,Indiana,IN,9,US House,Ripley,18137,Ripley,DELAWARE,INVALID VOTES,,,TOTAL,0,HOUSE_precinct_general.csv,write-in or non-candidate ballot accounting row
2024,Indiana,IN,9,US House,Ripley,18137,Ripley,FRANKLIN 1,UNDERVOTES,,,TOTAL,8,HOUSE_precinct_general.csv,write-in or non-candidate ballot accounting row
2024,Indiana,IN,9,US House,Ripley,18137,Ripley,FRANKLIN 1,OVERVOTES,,,TOTAL,0,HOUSE_precinct_general.csv,write-in or non-candidate ballot accounting row
2024,Indiana,IN,9,US House,Ripley,18137,Ripley,FRANKLIN 1,INVALID VOTES,,,TOTAL,0,HOUSE_precinct_general.csv,write-in or non-candidate ballot accounting row
2024,Indiana,IN,9,US House,Ripley,18137,Ripley,FRANKLIN 2,UNDERVOTES,,,TOTAL,9,HOUSE_precinct_general.csv,write-in or non-candidate ballot accounting row
2024,Indiana,IN,9,US House,Ripley,18137,Ripley,FRANKLIN 2,OVERVOTES,,,TOTAL,1,HOUSE_precinct_general.csv,write-in or non-candidate ballot accounting row
2024,Indiana,IN,9,US House,Ripley,18137,Ripley,FRANKLIN 2,INVALID VOTES,,,TOTAL,0,HOUSE_precinct_general.csv,write-in or non-candidate ballot accounting row
2024,Indiana,IN,9,US House,Ripley,18137,Ripley,FRANKLIN 3,UNDERVOTES,,,TOTAL,13,HOUSE_precinct_general.csv,write-in or non-candidate ballot accounting row
2024,Indiana,IN,9,US House,Ripley,18137,Ripley,FRANKLIN 3,OVERVOTES,,,TOTAL,0,HOUSE_precinct_general.csv,write-in or non-candidate ballot accounting row
2024,Indiana,IN,9,US House,Ripley,18137,Ripley,FRANKLIN 3,INVALID VOTES,,,TOTAL,0,HOUSE_precinct_general.csv,write-in or non-candidate ballot accounting row
2024,Indiana,IN,9,US House,Ripley,18137,Ripley,JACKSON,UNDERVOTES,,,TOTAL,10,HOUSE_precinct_general.csv,write-in or non-candidate ballot accounting row
2024,Indiana,IN,9,US House,Ripley,18137,Ripley,JACKSON,OVERVOTES,,,TOTAL,0,HOUSE_precinct_general.csv,write-in or non-candidate ballot accounting row
2024,Indiana,IN,9,US House,Ripley,18137,Ripley,JACKSON,INVALID VOTES,,,TOTAL,0,HOUSE_precinct_general.csv,write-in or non-candidate ballot accounting row
2024,Indiana,IN,9,US House,Ripley,18137,Ripley,JOHNSON 1,UNDERVOTES,,,TOTAL,4,HOUSE_precinct_general.csv,write-in or non-candidate ballot accounting row
2024,Indiana,IN,9,US House,Ripley,18137,Ripley,JOHNSON 1,OVERVOTES,,,TOTAL,0,HOUSE_precinct_general.csv,write-in or non-candidate ballot accounting row
2024,Indiana,IN,9,US House,Ripley,18137,Ripley,JOHNSON 1,INVALID VOTES,,,TOTAL,0,HOUSE_precinct_general.csv,write-in or non-candidate ballot accounting row
2024,Indiana,IN,9,US House,Ripley,18137,Ripley,JOHNSON 1 - VERSAILLES,UNDERVOTES,,,TOTAL,8,HOUSE_precinct_general.csv,write-in or non-candidate ballot accounting row
2024,Indiana,IN,9,US House,Ripley,18137,Ripley,JOHNSON 1 - VERSAILLES,OVERVOTES,,,TOTAL,0,HOUSE_precinct_general.csv,write-in or non-candidate ballot accounting row
2024,Indiana,IN,9,US House,Ripley,18137,Ripley,JOHNSON 1 - VERSAILLES,INVALID VOTES,,,TOTAL,0,HOUSE_precinct_general.csv,write-in or non-candidate ballot accounting row
2024,Indiana,IN,9,US House,Ripley,18137,Ripley,JOHNSON 2,UNDERVOTES,,,TOTAL,6,HOUSE_precinct_general.csv,write-in or non-candidate ballot accounting row
2024,Indiana,IN,9,US House,Ripley,18137,Ripley,JOHNSON 2,OVERVOTES,,,TOTAL,0,HOUSE_precinct_general.csv,write-in or non-candidate ballot accounting row
2024,Indiana,IN,9,US House,Ripley,18137,Ripley,JOHNSON 2,INVALID VOTES,,,TOTAL,0,HOUSE_precinct_general.csv,write-in or non-candidate ballot accounting row
2024,Indiana,IN,9,US House,Ripley,18137,Ripley,JOHNSON 2 - VERSAILLES,UNDERVOTES,,,TOTAL,5,HOUSE_precinct_general.csv,write-in or non-candidate ballot accounting row
2024,Indiana,IN,9,US House,Ripley,18137,Ripley,JOHNSON 2 - VERSAILLES,OVERVOTES,,,TOTAL,0,HOUSE_precinct_general.csv,write-in or non-candidate ballot accounting row
2024,Indiana,IN,9,US House,Ripley,18137,Ripley,JOHNSON 2 - VERSAILLES,INVALID VOTES,,,TOTAL,0,HOUSE_precinct_general.csv,write-in or non-candidate ballot accounting row
2024,Indiana,IN,9,US House,Ripley,18137,Ripley,JOHNSON 3,UNDERVOTES,,,TOTAL,8,HOUSE_precinct_general.csv,write-in or non-candidate ballot accounting row
2024,Indiana,IN,9,US House,Ripley,18137,Ripley,JOHNSON 3,OVERVOTES,,,TOTAL,0,HOUSE_precinct_general.csv,write-in or non-candidate ballot accounting row
2024,Indiana,IN,9,US House,Ripley,18137,Ripley,JOHNSON 3,INVALID VOTES,,,TOTAL,0,HOUSE_precinct_general.csv,write-in or non-candidate ballot accounting row
2024,Indiana,IN,9,US House,Ripley,18137,Ripley,JOHNSON 3 - VERSAILLES,UNDERVOTES,,,TOTAL,5,HOUSE_precinct_general.csv,write-in or non-candidate ballot accounting row
2024,Indiana,IN,9,US House,Ripley,18137,Ripley,JOHNSON 3 - VERSAILLES,OVERVOTES,,,TOTAL,0,HOUSE_precinct_general.csv,write-in or non-candidate ballot accounting row
2024,Indiana,IN,9,US House,Ripley,18137,Ripley,JOHNSON 3 - VERSAILLES,INVALID VOTES,,,TOTAL,0,HOUSE_precinct_general.csv,write-in or non-candidate ballot accounting row
2024,Indiana,IN,9,US House,Ripley,18137,Ripley,LAUGHERY 1 - BATESVILLE,UNDERVOTES,,,TOTAL,15,HOUSE_precinct_general.csv,write-in or non-candidate ballot accounting row
2024,Indiana,IN,9,US House,Ripley,18137,Ripley,LAUGHERY 1 - BATESVILLE,OVERVOTES,,,TOTAL,0,HOUSE_precinct_general.csv,write-in or non-candidate ballot accounting row
2024,Indiana,IN,9,US House,Ripley,18137,Ripley,LAUGHERY 1 - BATESVILLE,INVALID VOTES,,,TOTAL,0,HOUSE_precinct_general.csv,write-in or non-candidate ballot accounting row
2024,Indiana,IN,9,US House,Ripley,18137,Ripley,LAUGHERY 1 - JAC-CEN-DE,UNDERVOTES,,,TOTAL,0,HOUSE_precinct_general.csv,write-in or non-candidate ballot accounting row
2024,Indiana,IN,9,US House,Ripley,18137,Ripley,LAUGHERY 1 - JAC-CEN-DE,OVERVOTES,,,TOTAL,0,HOUSE_precinct_general.csv,write-in or non-candidate ballot accounting row
2024,Indiana,IN,9,US House,Ripley,18137,Ripley,LAUGHERY 1 - JAC-CEN-DE,INVALID VOTES,,,TOTAL,0,HOUSE_precinct_general.csv,write-in or non-candidate ballot accounting row
2024,Indiana,IN,9,US House,Ripley,18137,Ripley,LAUGHERY 1-1,UNDERVOTES,,,TOTAL,18,HOUSE_precinct_general.csv,write-in or non-candidate ballot accounting row
2024,Indiana,IN,9,US House,Ripley,18137,Ripley,LAUGHERY 1-1,OVERVOTES,,,TOTAL,0,HOUSE_precinct_general.csv,write-in or non-candidate ballot accounting row
2024,Indiana,IN,9,US House,Ripley,18137,Ripley,LAUGHERY 1-1,INVALID VOTES,,,TOTAL,0,HOUSE_precinct_general.csv,write-in or non-candidate ballot accounting row
2024,Indiana,IN,9,US House,Ripley,18137,Ripley,LAUGHERY 2-1,UNDERVOTES,,,TOTAL,0,HOUSE_precinct_general.csv,write-in or non-candidate ballot accounting row
2024,Indiana,IN,9,US House,Ripley,18137,Ripley,LAUGHERY 2-1,OVERVOTES,,,TOTAL,0,HOUSE_precinct_general.csv,write-in or non-candidate ballot accounting row
2024,Indiana,IN,9,US House,Ripley,18137,Ripley,LAUGHERY 2-1,INVALID VOTES,,,TOTAL,0,HOUSE_precinct_general.csv,write-in or non-candidate ballot accounting row
2024,Indiana,IN,9,US House,Ripley,18137,Ripley,LAUGHERY 3-1,UNDERVOTES,,,TOTAL,8,HOUSE_precinct_general.csv,write-in or non-candidate ballot accounting row
2024,Indiana,IN,9,US House,Ripley,18137,Ripley,LAUGHERY 3-1,OVERVOTES,,,TOTAL,0,HOUSE_precinct_general.csv,write-in or non-candidate ballot accounting row
2024,Indiana,IN,9,US House,Ripley,18137,Ripley,LAUGHERY 3-1,INVALID VOTES,,,TOTAL,0,HOUSE_precinct_general.csv,write-in or non-candidate ballot accounting row
2024,Indiana,IN,9,US House,Ripley,18137,Ripley,OTTER CREEK 1,UNDERVOTES,,,TOTAL,3,HOUSE_precinct_general.csv,write-in or non-candidate ballot accounting row
2024,Indiana,IN,9,US House,Ripley,18137,Ripley,OTTER CREEK 1,OVERVOTES,,,TOTAL,0,HOUSE_precinct_general.csv,write-in or non-candidate ballot accounting row
2024,Indiana,IN,9,US House,Ripley,18137,Ripley,OTTER CREEK 1,INVALID VOTES,,,TOTAL,0,HOUSE_precinct_general.csv,write-in or non-candidate ballot accounting row
2024,Indiana,IN,9,US House,Ripley,18137,Ripley,OTTER CREEK 1 - HOLTON,UNDERVOTES,,,TOTAL,3,HOUSE_precinct_general.csv,write-in or non-candidate ballot accounting row
2024,Indiana,IN,9,US House,Ripley,18137,Ripley,OTTER CREEK 1 - HOLTON,OVERVOTES,,,TOTAL,0,HOUSE_precinct_general.csv,write-in or non-candidate ballot accounting row
2024,Indiana,IN,9,US House,Ripley,18137,Ripley,OTTER CREEK 1 - HOLTON,INVALID VOTES,,,TOTAL,0,HOUSE_precinct_general.csv,write-in or non-candidate ballot accounting row
2024,Indiana,IN,9,US House,Ripley,18137,Ripley,OTTER CREEK 2,UNDERVOTES,,,TOTAL,8,HOUSE_precinct_general.csv,write-in or non-candidate ballot accounting row
2024,Indiana,IN,9,US House,Ripley,18137,Ripley,OTTER CREEK 2,OVERVOTES,,,TOTAL,0,HOUSE_precinct_general.csv,write-in or non-candidate ballot accounting row
2024,Indiana,IN,9,US House,Ripley,18137,Ripley,OTTER CREEK 2,INVALID VOTES,,,TOTAL,0,HOUSE_precinct_general.csv,write-in or non-candidate ballot accounting row
2024,Indiana,IN,9,US House,Ripley,18137,Ripley,OTTER CREEK 2 - HOLTON,UNDERVOTES,,,TOTAL,0,HOUSE_precinct_general.csv,write-in or non-candidate ballot accounting row
2024,Indiana,IN,9,US House,Ripley,18137,Ripley,OTTER CREEK 2 - HOLTON,OVERVOTES,,,TOTAL,0,HOUSE_precinct_general.csv,write-in or non-candidate ballot accounting row
2024,Indiana,IN,9,US House,Ripley,18137,Ripley,OTTER CREEK 2 - HOLTON,INVALID VOTES,,,TOTAL,0,HOUSE_precinct_general.csv,write-in or non-candidate ballot accounting row
2024,Indiana,IN,9,US House,Ripley,18137,Ripley,SHELBY,UNDERVOTES,,,TOTAL,11,HOUSE_precinct_general.csv,write-in or non-candidate ballot accounting row
2024,Indiana,IN,9,US House,Ripley,18137,Ripley,SHELBY,OVERVOTES,,,TOTAL,0,HOUSE_precinct_general.csv,write-in or non-candidate ballot accounting row
2024,Indiana,IN,9,US House,Ripley,18137,Ripley,SHELBY,INVALID VOTES,,,TOTAL,0,HOUSE_precinct_general.csv,write-in or non-candidate ballot accounting row
2024,Indiana,IN,9,US House,Ripley,18137,Ripley,WASHINGTON 1,UNDERVOTES,,,TOTAL,7,HOUSE_precinct_general.csv,write-in or non-candidate ballot accounting row
2024,Indiana,IN,9,US House,Ripley,18137,Ripley,WASHINGTON 1,OVERVOTES,,,TOTAL,0,HOUSE_precinct_general.csv,write-in or non-candidate ballot accounting row
2024,Indiana,IN,9,US House,Ripley,18137,Ripley,WASHINGTON 1,INVALID VOTES,,,TOTAL,0,HOUSE_precinct_general.csv,write-in or non-candidate ballot accounting row
2024,Indiana,IN,9,US House,Ripley,18137,Ripley,WASHINGTON 2,UNDERVOTES,,,TOTAL,18,HOUSE_precinct_general.csv,write-in or non-candidate ballot accounting row
2024,Indiana,IN,9,US House,Ripley,18137,Ripley,WASHINGTON 2,OVERVOTES,,,TOTAL,0,HOUSE_precinct_general.csv,write-in or non-candidate ballot accounting row
2024,Indiana,IN,9,US House,Ripley,18137,Ripley,WASHINGTON 2,INVALID VOTES,,,TOTAL,0,HOUSE_precinct_general.csv,write-in or non-candidate ballot accounting row
2024,Indiana,IN,9,US House,Ripley,18137,Ripley,FED9,UNDERVOTES,,,TOTAL,1,HOUSE_precinct_general.csv,write-in or non-candidate ballot accounting row
2024,Indiana,IN,9,US House,Ripley,18137,Ripley,FED9,OVERVOTES,,,TOTAL,0,HOUSE_precinct_general.csv,write-in or non-candidate ballot accounting row
2024,Indiana,IN,9,US House,Ripley,18137,Ripley,FED9,INVALID VOTES,,,TOTAL,0,HOUSE_precinct_general.csv,write-in or non-candidate ballot accounting row
2024,Indiana,IN,9,US House,Washington,18175,Washington,FEDERAL,UNDERVOTES,,,TOTAL,4,HOUSE_precinct_general.csv,write-in or non-candidate ballot accounting row
2024,Indiana,IN,9,US House,Washington,18175,Washington,FEDERAL,OVERVOTES,,,TOTAL,0,HOUSE_precinct_general.csv,write-in or non-candidate ballot accounting row
2024,Indiana,IN,9,US House,Washington,18175,Washington,SAL1 - SAL,UNDERVOTES,,,TOTAL,5,HOUSE_precinct_general.csv,write-in or non-candidate ballot accounting row
2024,Indiana,IN,9,US House,Washington,18175,Washington,SAL1 - SAL,OVERVOTES,,,TOTAL,0,HOUSE_precinct_general.csv,write-in or non-candidate ballot accounting row
2024,Indiana,IN,9,US House,Washington,18175,Washington,SAL2 - SAL,UNDERVOTES,,,TOTAL,8,HOUSE_precinct_general.csv,write-in or non-candidate ballot accounting row
2024,Indiana,IN,9,US House,Washington,18175,Washington,SAL2 - SAL,OVERVOTES,,,TOTAL,0,HOUSE_precinct_general.csv,write-in or non-candidate ballot accounting row
2024,Indiana,IN,9,US House,Washington,18175,Washington,MADI - WWASH,UNDERVOTES,,,TOTAL,9,HOUSE_precinct_general.csv,write-in or non-candidate ballot accounting row
2024,Indiana,IN,9,US House,Washington,18175,Washington,MADI - WWASH,OVERVOTES,,,TOTAL,0,HOUSE_precinct_general.csv,write-in or non-candidate ballot accounting row
2024,Indiana,IN,9,US House,Washington,18175,Washington,MONR - SAL,UNDERVOTES,,,TOTAL,7,HOUSE_precinct_general.csv,write-in or non-candidate ballot accounting row
2024,Indiana,IN,9,US House,Washington,18175,Washington,MONR - SAL,OVERVOTES,,,TOTAL,0,HOUSE_precinct_general.csv,write-in or non-candidate ballot accounting row
2024,Indiana,IN,9,US House,Washington,18175,Washington,POLK - NPEK-EWASH,UNDERVOTES,,,TOTAL,9,HOUSE_precinct_general.csv,write-in or non-candidate ballot accounting row
2024,Indiana,IN,9,US House,Washington,18175,Washington,POLK - NPEK-EWASH,OVERVOTES,,,TOTAL,0,HOUSE_precinct_general.csv,write-in or non-candidate ballot accounting row
2024,Indiana,IN,9,US House,Washington,18175,Washington,VERN - WWASH,UNDERVOTES,,,TOTAL,7,HOUSE_precinct_general.csv,write-in or non-candidate ballot accounting row
2024,Indiana,IN,9,US House,Washington,18175,Washington,VERN - WWASH,OVERVOTES,,,TOTAL,0,HOUSE_precinct_general.csv,write-in or non-candidate ballot accounting row
2024,Indiana,IN,9,US House,Brown,18013,Brown,Hamblen 1,WRITE-IN,,,TOTAL,0,HOUSE_precinct_general.csv,write-in or non-candidate ballot accounting row
2024,Indiana,IN,9,US House,Brown,18013,Brown,Hamblen 3,WRITE-IN,,,TOTAL,0,HOUSE_precinct_general.csv,write-in or non-candidate ballot accounting row
2024,Indiana,IN,9,US House,Brown,18013,Brown,Hamblen 2,WRITE-IN,,,TOTAL,0,HOUSE_precinct_general.csv,write-in or non-candidate ballot accounting row
2024,Indiana,IN,9,US House,Brown,18013,Brown,Jackson 1,WRITE-IN,,,TOTAL,0,HOUSE_precinct_general.csv,write-in or non-candidate ballot accounting row
2024,Indiana,IN,9,US House,Brown,18013,Brown,Jackson 2,WRITE-IN,,,TOTAL,1,HOUSE_precinct_general.csv,write-in or non-candidate ballot accounting row
2024,Indiana,IN,9,US House,Brown,18013,Brown,Jackson 3,WRITE-IN,,,TOTAL,0,HOUSE_precinct_general.csv,write-in or non-candidate ballot accounting row
2024,Indiana,IN,9,US House,Brown,18013,Brown,Jackson 4,WRITE-IN,,,TOTAL,0,HOUSE_precinct_general.csv,write-in or non-candidate ballot accounting row
2024,Indiana,IN,9,US House,Brown,18013,Brown,van Buren 1,WRITE-IN,,,TOTAL,1,HOUSE_precinct_general.csv,write-in or non-candidate ballot accounting row
2024,Indiana,IN,9,US House,Brown,18013,Brown,Washington 1,WRITE-IN,,,TOTAL,0,HOUSE_precinct_general.csv,write-in or non-candidate ballot accounting row
2024,Indiana,IN,9,US House,Brown,18013,Brown,Washington 2,WRITE-IN,,,TOTAL,0,HOUSE_precinct_general.csv,write-in or non-candidate ballot accounting row
2024,Indiana,IN,9,US House,Brown,18013,Brown,Washington 3,WRITE-IN,,,TOTAL,0,HOUSE_precinct_general.csv,write-in or non-candidate ballot accounting row
2024,Indiana,IN,9,US House,Washington,18175,Washington,SAL3 - SAL,UNDERVOTES,,,TOTAL,22,HOUSE_precinct_general.csv,write-in or non-candidate ballot accounting row
2024,Indiana,IN,9,US House,Washington,18175,Washington,SAL3 - SAL,OVERVOTES,,,TOTAL,0,HOUSE_precinct_general.csv,write-in or non-candidate ballot accounting row
2024,Indiana,IN,9,US House,Washington,18175,Washington,SAL4 - SAL,UNDERVOTES,,,TOTAL,13,HOUSE_precinct_general.csv,write-in or non-candidate ballot accounting row
2024,Indiana,IN,9,US House,Washington,18175,Washington,SAL4 - SAL,OVERVOTES,,,TOTAL,0,HOUSE_precinct_general.csv,write-in or non-candidate ballot accounting row
2024,Indiana,IN,9,US House,Washington,18175,Washington,WAS1 - SAL,UNDERVOTES,,,TOTAL,17,HOUSE_precinct_general.csv,write-in or non-candidate ballot accounting row
2024,Indiana,IN,9,US House,Washington,18175,Washington,WAS1 - SAL,OVERVOTES,,,TOTAL,1,HOUSE_precinct_general.csv,write-in or non-candidate ballot accounting row
2024,Indiana,IN,9,US House,Washington,18175,Washington,WAS3 - SAL,UNDERVOTES,,,TOTAL,15,HOUSE_precinct_general.csv,write-in or non-candidate ballot accounting row
2024,Indiana,IN,9,US House,Washington,18175,Washington,WAS3 - SAL,OVERVOTES,,,TOTAL,0,HOUSE_precinct_general.csv,write-in or non-candidate ballot accounting row
2024,Indiana,IN,9,US House,Washington,18175,Washington,WAS4 - SAL,UNDERVOTES,,,TOTAL,14,HOUSE_precinct_general.csv,write-in or non-candidate ballot accounting row
2024,Indiana,IN,9,US House,Washington,18175,Washington,WAS4 - SAL,OVERVOTES,,,TOTAL,0,HOUSE_precinct_general.csv,write-in or non-candidate ballot accounting row
2024,Indiana,IN,9,US House,Washington,18175,Washington,BROW - WWASH,UNDERVOTES,,,TOTAL,11,HOUSE_precinct_general.csv,write-in or non-candidate ballot accounting row
2024,Indiana,IN,9,US House,Washington,18175,Washington,BROW - WWASH,OVERVOTES,,,TOTAL,0,HOUSE_precinct_general.csv,write-in or non-candidate ballot accounting row
2024,Indiana,IN,9,US House,Washington,18175,Washington,BROW - CAMP-WWASH,UNDERVOTES,,,TOTAL,3,HOUSE_precinct_general.csv,write-in or non-candidate ballot accounting row
2024,Indiana,IN,9,US House,Washington,18175,Washington,BROW - CAMP-WWASH,OVERVOTES,,,TOTAL,0,HOUSE_precinct_general.csv,write-in or non-candidate ballot accounting row
2024,Indiana,IN,9,US House,Washington,18175,Washington,FRAN - EWASH,UNDERVOTES,,,TOTAL,24,HOUSE_precinct_general.csv,write-in or non-candidate ballot accounting row
2024,Indiana,IN,9,US House,Washington,18175,Washington,FRAN - EWASH,OVERVOTES,,,TOTAL,0,HOUSE_precinct_general.csv,write-in or non-candidate ballot accounting row
2024,Indiana,IN,9,US House,Washington,18175,Washington,GIBS - SAL,UNDERVOTES,,,TOTAL,10,HOUSE_precinct_general.csv,write-in or non-candidate ballot accounting row
2024,Indiana,IN,9,US House,Washington,18175,Washington,GIBS - SAL,OVERVOTES,,,TOTAL,0,HOUSE_precinct_general.csv,write-in or non-candidate ballot accounting row
2024,Indiana,IN,9,US House,Washington,18175,Washington,HOWD - WWASH,UNDERVOTES,,,TOTAL,14,HOUSE_precinct_general.csv,write-in or non-candidate ballot accounting row
2024,Indiana,IN,9,US House,Washington,18175,Washington,HOWD - WWASH,OVERVOTES,,,TOTAL,1,HOUSE_precinct_general.csv,write-in or non-candidate ballot accounting row
2024,Indiana,IN,9,US House,Washington,18175,Washington,JACK - EWASH,UNDERVOTES,,,TOTAL,29,HOUSE_precinct_general.csv,write-in or non-candidate ballot accounting row
2024,Indiana,IN,9,US House,Washington,18175,Washington,JACK - EWASH,OVERVOTES,,,TOTAL,0,HOUSE_precinct_general.csv,write-in or non-candidate ballot accounting row
2024,Indiana,IN,9,US House,Washington,18175,Washington,JEFF - SAL,UNDERVOTES,,,TOTAL,7,HOUSE_precinct_general.csv,write-in or non-candidate ballot accounting row
2024,Indiana,IN,9,US House,Washington,18175,Washington,JEFF - SAL,OVERVOTES,,,TOTAL,0,HOUSE_precinct_general.csv,write-in or non-candidate ballot accounting row
2024,Indiana,IN,9,US House,Washington,18175,Washington,PIER - EWASH,UNDERVOTES,,,TOTAL,18,HOUSE_precinct_general.csv,write-in or non-candidate ballot accounting row
2024,Indiana,IN,9,US House,Washington,18175,Washington,PIER - EWASH,OVERVOTES,,,TOTAL,1,HOUSE_precinct_general.csv,write-in or non-candidate ballot accounting row
2024,Indiana,IN,9,US House,Washington,18175,Washington,PIER - NPEK-EWASH,UNDERVOTES,,,TOTAL,4,HOUSE_precinct_general.csv,write-in or non-candidate ballot accounting row
2024,Indiana,IN,9,US House,Washington,18175,Washington,PIER - NPEK-EWASH,OVERVOTES,,,TOTAL,0,HOUSE_precinct_general.csv,write-in or non-candidate ballot accounting row
2024,Indiana,IN,9,US House,Washington,18175,Washington,POLK - EWASH,UNDERVOTES,,,TOTAL,20,HOUSE_precinct_general.csv,write-in or non-candidate ballot accounting row
2024,Indiana,IN,9,US House,Washington,18175,Washington,POLK - EWASH,OVERVOTES,,,TOTAL,0,HOUSE_precinct_general.csv,write-in or non-candidate ballot accounting row
2024,Indiana,IN,9,US House,Washington,18175,Washington,POSY - WWASH,UNDERVOTES,,,TOTAL,17,HOUSE_precinct_general.csv,write-in or non-candidate ballot accounting row
2024,Indiana,IN,9,US House,Washington,18175,Washington,POSY - WWASH,OVERVOTES,,,TOTAL,1,HOUSE_precinct_general.csv,write-in or non-candidate ballot accounting row
2024,Indiana,IN,9,US House,Clark,18019,Clark,0001 BETHLEHEM 01,OVERVOTES,,,EARLY VOTING,0,HOUSE_precinct_general.csv,write-in or non-candidate ballot accounting row
2024,Indiana,IN,9,US House,Clark,18019,Clark,0001 BETHLEHEM 01,OVERVOTES,,,ELECTION DAY,0,HOUSE_precinct_general.csv,write-in or non-candidate ballot accounting row
2024,Indiana,IN,9,US House,Clark,18019,Clark,0001 BETHLEHEM 01,OVERVOTES,,,PROVISIONAL,0,HOUSE_precinct_general.csv,write-in or non-candidate ballot accounting row
2024,Indiana,IN,9,US House,Clark,18019,Clark,0001 BETHLEHEM 01,UNDERVOTES,,,EARLY VOTING,2,HOUSE_precinct_general.csv,write-in or non-candidate ballot accounting row
2024,Indiana,IN,9,US House,Clark,18019,Clark,0001 BETHLEHEM 01,UNDERVOTES,,,ELECTION DAY,4,HOUSE_precinct_general.csv,write-in or non-candidate ballot accounting row
2024,Indiana,IN,9,US House,Clark,18019,Clark,0001 BETHLEHEM 01,UNDERVOTES,,,PROVISIONAL,0,HOUSE_precinct_general.csv,write-in or non-candidate ballot accounting row
2024,Indiana,IN,9,US House,Clark,18019,Clark,0003 CARR 02,OVERVOTES,,,EARLY VOTING,0,HOUSE_precinct_general.csv,write-in or non-candidate ballot accounting row
2024,Indiana,IN,9,US House,Clark,18019,Clark,0003 CARR 02,OVERVOTES,,,ELECTION DAY,0,HOUSE_precinct_general.csv,write-in or non-candidate ballot accounting row
2024,Indiana,IN,9,US House,Clark,18019,Clark,0003 CARR 02,OVERVOTES,,,PROVISIONAL,0,HOUSE_precinct_general.csv,write-in or non-candidate ballot accounting row
2024,Indiana,IN,9,US House,Clark,18019,Clark,0003 CARR 02,UNDERVOTES,,,EARLY VOTING,14,HOUSE_precinct_general.csv,write-in or non-candidate ballot accounting row
2024,Indiana,IN,9,US House,Clark,18019,Clark,0003 CARR 02,UNDERVOTES,,,ELECTION DAY,28,HOUSE_precinct_general.csv,write-in or non-candidate ballot accounting row
2024,Indiana,IN,9,US House,Clark,18019,Clark,0003 CARR 02,UNDERVOTES,,,PROVISIONAL,0,HOUSE_precinct_general.csv,write-in or non-candidate ballot accounting row
2024,Indiana,IN,9,US House,Clark,18019,Clark,0006 CHARLESTOWN 03,UNDERVOTES,,,PROVISIONAL,0,HOUSE_precinct_general.csv,write-in or non-candidate ballot accounting row
2024,Indiana,IN,9,US House,Clark,18019,Clark,0007 CHARLESTOWN 04,OVERVOTES,,,EARLY VOTING,0,HOUSE_precinct_general.csv,write-in or non-candidate ballot accounting row
2024,Indiana,IN,9,US House,Clark,18019,Clark,0007 CHARLESTOWN 04,OVERVOTES,,,ELECTION DAY,2,HOUSE_precinct_general.csv,write-in or non-candidate ballot accounting row
2024,Indiana,IN,9,US House,Clark,18019,Clark,0007 CHARLESTOWN 04,OVERVOTES,,,PROVISIONAL,0,HOUSE_precinct_general.csv,write-in or non-candidate ballot accounting row
2024,Indiana,IN,9,US House,Clark,18019,Clark,0007 CHARLESTOWN 04,UNDERVOTES,,,EARLY VOTING,29,HOUSE_precinct_general.csv,write-in or non-candidate ballot accounting row
2024,Indiana,IN,9,US House,Clark,18019,Clark,0007 CHARLESTOWN 04,UNDERVOTES,,,ELECTION DAY,45,HOUSE_precinct_general.csv,write-in or non-candidate ballot accounting row
2024,Indiana,IN,9,US House,Clark,18019,Clark,0007 CHARLESTOWN 04,UNDERVOTES,,,PROVISIONAL,0,HOUSE_precinct_general.csv,write-in or non-candidate ballot accounting row
2024,Indiana,IN,9,US House,Clark,18019,Clark,0010 CHARLESTOWN 07,OVERVOTES,,,EARLY VOTING,0,HOUSE_precinct_general.csv,write-in or non-candidate ballot accounting row
2024,Indiana,IN,9,US House,Clark,18019,Clark,0010 CHARLESTOWN 07,OVERVOTES,,,ELECTION DAY,0,HOUSE_precinct_general.csv,write-in or non-candidate ballot accounting row
2024,Indiana,IN,9,US House,Clark,18019,Clark,0010 CHARLESTOWN 07,OVERVOTES,,,PROVISIONAL,0,HOUSE_precinct_general.csv,write-in or non-candidate ballot accounting row
2024,Indiana,IN,9,US House,Clark,18019,Clark,0010 CHARLESTOWN 07,UNDERVOTES,,,EARLY VOTING,10,HOUSE_precinct_general.csv,write-in or non-candidate ballot accounting row
2024,Indiana,IN,9,US House,Clark,18019,Clark,0010 CHARLESTOWN 07,UNDERVOTES,,,ELECTION DAY,30,HOUSE_precinct_general.csv,write-in or non-candidate ballot accounting row
2024,Indiana,IN,9,US House,Clark,18019,Clark,0010 CHARLESTOWN 07,UNDERVOTES,,,PROVISIONAL,0,HOUSE_precinct_general.csv,write-in or non-candidate ballot accounting row
2024,Indiana,IN,9,US House,Clark,18019,Clark,0011 CHARLESTOWN 08,OVERVOTES,,,EARLY VOTING,0,HOUSE_precinct_general.csv,write-in or non-candidate ballot accounting row
2024,Indiana,IN,9,US House,Clark,18019,Clark,0011 CHARLESTOWN 08,OVERVOTES,,,ELECTION DAY,0,HOUSE_precinct_general.csv,write-in or non-candidate ballot accounting row
2024,Indiana,IN,9,US House,Clark,18019,Clark,0011 CHARLESTOWN 08,OVERVOTES,,,PROVISIONAL,0,HOUSE_precinct_general.csv,write-in or non-candidate ballot accounting row
2024,Indiana,IN,9,US House,Clark,18019,Clark,0011 CHARLESTOWN 08,UNDERVOTES,,,EARLY VOTING,7,HOUSE_precinct_general.csv,write-in or non-candidate ballot accounting row
2024,Indiana,IN,9,US House,Clark,18019,Clark,0011 CHARLESTOWN 08,UNDERVOTES,,,ELECTION DAY,19,HOUSE_precinct_general.csv,write-in or non-candidate ballot accounting row
2024,Indiana,IN,9,US House,Clark,18019,Clark,0011 CHARLESTOWN 08,UNDERVOTES,,,PROVISIONAL,0,HOUSE_precinct_general.csv,write-in or non-candidate ballot accounting row
2024,Indiana,IN,9,US House,Clark,18019,Clark,0012 JEFFERSONVILLE 01,UNDERVOTES,,,ELECTION DAY,13,HOUSE_precinct_general.csv,write-in or non-candidate ballot accounting row
2024,Indiana,IN,9,US House,Clark,18019,Clark,0012 JEFFERSONVILLE 01,UNDERVOTES,,,PROVISIONAL,0,HOUSE_precinct_general.csv,write-in or non-candidate ballot accounting row
2024,Indiana,IN,9,US House,Clark,18019,Clark,0015 JEFFERSONVILLE 03,OVERVOTES,,,EARLY VOTING,0,HOUSE_precinct_general.csv,write-in or non-candidate ballot accounting row
2024,Indiana,IN,9,US House,Clark,18019,Clark,0015 JEFFERSONVILLE 03,OVERVOTES,,,ELECTION DAY,0,HOUSE_precinct_general.csv,write-in or non-candidate ballot accounting row
2024,Indiana,IN,9,US House,Clark,18019,Clark,0015 JEFFERSONVILLE 03,OVERVOTES,,,PROVISIONAL,0,HOUSE_precinct_general.csv,write-in or non-candidate ballot accounting row
2024,Indiana,IN,9,US House,Clark,18019,Clark,0015 JEFFERSONVILLE 03,UNDERVOTES,,,EARLY VOTING,9,HOUSE_precinct_general.csv,write-in or non-candidate ballot accounting row
2024,Indiana,IN,9,US House,Clark,18019,Clark,0015 JEFFERSONVILLE 03,UNDERVOTES,,,ELECTION DAY,20,HOUSE_precinct_general.csv,write-in or non-candidate ballot accounting row
2024,Indiana,IN,9,US House,Clark,18019,Clark,0015 JEFFERSONVILLE 03,UNDERVOTES,,,PROVISIONAL,0,HOUSE_precinct_general.csv,write-in or non-candidate ballot accounting row
2024,Indiana,IN,9,US House,Clark,18019,Clark,0018 JEFFERSONVILLE 06,OVERVOTES,,,EARLY VOTING,0,HOUSE_precinct_general.csv,write-in or non-candidate ballot accounting row
2024,Indiana,IN,9,US House,Clark,18019,Clark,0018 JEFFERSONVILLE 06,OVERVOTES,,,ELECTION DAY,0,HOUSE_precinct_general.csv,write-in or non-candidate ballot accounting row
2024,Indiana,IN,9,US House,Clark,18019,Clark,0018 JEFFERSONVILLE 06,OVERVOTES,,,PROVISIONAL,0,HOUSE_precinct_general.csv,write-in or non-candidate ballot accounting row
2024,Indiana,IN,9,US House,Clark,18019,Clark,0018 JEFFERSONVILLE 06,UNDERVOTES,,,EARLY VOTING,4,HOUSE_precinct_general.csv,write-in or non-candidate ballot accounting row
2024,Indiana,IN,9,US House,Clark,18019,Clark,0018 JEFFERSONVILLE 06,UNDERVOTES,,,ELECTION DAY,14,HOUSE_precinct_general.csv,write-in or non-candidate ballot accounting row
2024,Indiana,IN,9,US House,Clark,18019,Clark,0018 JEFFERSONVILLE 06,UNDERVOTES,,,PROVISIONAL,0,HOUSE_precinct_general.csv,write-in or non-candidate ballot accounting row
2024,Indiana,IN,9,US House,Clark,18019,Clark,0020 JEFFERSONVILLE 08,UNDERVOTES,,,ELECTION DAY,4,HOUSE_precinct_general.csv,write-in or non-candidate ballot accounting row
2024,Indiana,IN,9,US House,Clark,18019,Clark,0020 JEFFERSONVILLE 08,OVERVOTES,,,EARLY VOTING,0,HOUSE_precinct_general.csv,write-in or non-candidate ballot accounting row
2024,Indiana,IN,9,US House,Clark,18019,Clark,0020 JEFFERSONVILLE 08,OVERVOTES,,,ELECTION DAY,0,HOUSE_precinct_general.csv,write-in or non-candidate ballot accounting row
2024,Indiana,IN,9,US House,Clark,18019,Clark,0020 JEFFERSONVILLE 08,OVERVOTES,,,PROVISIONAL,0,HOUSE_precinct_general.csv,write-in or non-candidate ballot accounting row
2024,Indiana,IN,9,US House,Clark,18019,Clark,0020 JEFFERSONVILLE 08,UNDERVOTES,,,EARLY VOTING,6,HOUSE_precinct_general.csv,write-in or non-candidate ballot accounting row
2024,Indiana,IN,9,US House,Clark,18019,Clark,0021 JEFFERSONVILLE 09,OVERVOTES,,,EARLY VOTING,0,HOUSE_precinct_general.csv,write-in or non-candidate ballot accounting row
2024,Indiana,IN,9,US House,Clark,18019,Clark,0021 JEFFERSONVILLE 09,OVERVOTES,,,ELECTION DAY,0,HOUSE_precinct_general.csv,write-in or non-candidate ballot accounting row
2024,Indiana,IN,9,US House,Clark,18019,Clark,0021 JEFFERSONVILLE 09,OVERVOTES,,,PROVISIONAL,0,HOUSE_precinct_general.csv,write-in or non-candidate ballot accounting row
2024,Indiana,IN,9,US House,Clark,18019,Clark,0021 JEFFERSONVILLE 09,UNDERVOTES,,,EARLY VOTING,9,HOUSE_precinct_general.csv,write-in or non-candidate ballot accounting row
2024,Indiana,IN,9,US House,Clark,18019,Clark,0021 JEFFERSONVILLE 09,UNDERVOTES,,,ELECTION DAY,23,HOUSE_precinct_general.csv,write-in or non-candidate ballot accounting row
2024,Indiana,IN,9,US House,Clark,18019,Clark,0021 JEFFERSONVILLE 09,UNDERVOTES,,,PROVISIONAL,0,HOUSE_precinct_general.csv,write-in or non-candidate ballot accounting row
2024,Indiana,IN,9,US House,Clark,18019,Clark,0023 JEFFERSONVILLE 11,OVERVOTES,,,EARLY VOTING,0,HOUSE_precinct_general.csv,write-in or non-candidate ballot accounting row
2024,Indiana,IN,9,US House,Clark,18019,Clark,0023 JEFFERSONVILLE 11,OVERVOTES,,,ELECTION DAY,0,HOUSE_precinct_general.csv,write-in or non-candidate ballot accounting row
2024,Indiana,IN,9,US House,Clark,18019,Clark,0023 JEFFERSONVILLE 11,OVERVOTES,,,PROVISIONAL,0,HOUSE_precinct_general.csv,write-in or non-candidate ballot accounting row
2024,Indiana,IN,9,US House,Clark,18019,Clark,0023 JEFFERSONVILLE 11,UNDERVOTES,,,EARLY VOTING,6,HOUSE_precinct_general.csv,write-in or non-candidate ballot accounting row
2024,Indiana,IN,9,US House,Clark,18019,Clark,0023 JEFFERSONVILLE 11,UNDERVOTES,,,ELECTION DAY,14,HOUSE_precinct_general.csv,write-in or non-candidate ballot accounting row
2024,Indiana,IN,9,US House,Clark,18019,Clark,0023 JEFFERSONVILLE 11,UNDERVOTES,,,PROVISIONAL,0,HOUSE_precinct_general.csv,write-in or non-candidate ballot accounting row
2024,Indiana,IN,9,US House,Clark,18019,Clark,0028 JEFFERSONVILLE 16,OVERVOTES,,,EARLY VOTING,0,HOUSE_precinct_general.csv,write-in or non-candidate ballot accounting row
2024,Indiana,IN,9,US House,Clark,18019,Clark,0028 JEFFERSONVILLE 16,OVERVOTES,,,ELECTION DAY,0,HOUSE_precinct_general.csv,write-in or non-candidate ballot accounting row
2024,Indiana,IN,9,US House,Clark,18019,Clark,0028 JEFFERSONVILLE 16,OVERVOTES,,,PROVISIONAL,0,HOUSE_precinct_general.csv,write-in or non-candidate ballot accounting row
2024,Indiana,IN,9,US House,Clark,18019,Clark,0028 JEFFERSONVILLE 16,UNDERVOTES,,,EARLY VOTING,23,HOUSE_precinct_general.csv,write-in or non-candidate ballot accounting row
2024,Indiana,IN,9,US House,Clark,18019,Clark,0028 JEFFERSONVILLE 16,UNDERVOTES,,,ELECTION DAY,19,HOUSE_precinct_general.csv,write-in or non-candidate ballot accounting row
2024,Indiana,IN,9,US House,Clark,18019,Clark,0028 JEFFERSONVILLE 16,UNDERVOTES,,,PROVISIONAL,0,HOUSE_precinct_general.csv,write-in or non-candidate ballot accounting row
2024,Indiana,IN,9,US House,Clark,18019,Clark,0029 JEFFERSONVILLE 17,OVERVOTES,,,EARLY VOTING,2,HOUSE_precinct_general.csv,write-in or non-candidate ballot accounting row
2024,Indiana,IN,9,US House,Clark,18019,Clark,0029 JEFFERSONVILLE 17,OVERVOTES,,,ELECTION DAY,1,HOUSE_precinct_general.csv,write-in or non-candidate ballot accounting row
2024,Indiana,IN,9,US House,Clark,18019,Clark,0029 JEFFERSONVILLE 17,OVERVOTES,,,PROVISIONAL,0,HOUSE_precinct_general.csv,write-in or non-candidate ballot accounting row
2024,Indiana,IN,9,US House,Clark,18019,Clark,0029 JEFFERSONVILLE 17,UNDERVOTES,,,EARLY VOTING,10,HOUSE_precinct_general.csv,write-in or non-candidate ballot accounting row
2024,Indiana,IN,9,US House,Clark,18019,Clark,0029 JEFFERSONVILLE 17,UNDERVOTES,,,ELECTION DAY,30,HOUSE_precinct_general.csv,write-in or non-candidate ballot accounting row
2024,Indiana,IN,9,US House,Clark,18019,Clark,0029 JEFFERSONVILLE 17,UNDERVOTES,,,PROVISIONAL,0,HOUSE_precinct_general.csv,write-in or non-candidate ballot accounting row
2024,Indiana,IN,9,US House,Clark,18019,Clark,0030 JEFFERSONVILLE 18,OVERVOTES,,,EARLY VOTING,2,HOUSE_precinct_general.csv,write-in or non-candidate ballot accounting row
2024,Indiana,IN,9,US House,Clark,18019,Clark,0030 JEFFERSONVILLE 18,OVERVOTES,,,ELECTION DAY,0,HOUSE_precinct_general.csv,write-in or non-candidate ballot accounting row
2024,Indiana,IN,9,US House,Clark,18019,Clark,0030 JEFFERSONVILLE 18,OVERVOTES,,,PROVISIONAL,0,HOUSE_precinct_general.csv,write-in or non-candidate ballot accounting row
2024,Indiana,IN,9,US House,Clark,18019,Clark,0030 JEFFERSONVILLE 18,UNDERVOTES,,,EARLY VOTING,17,HOUSE_precinct_general.csv,write-in or non-candidate ballot accounting row
2024,Indiana,IN,9,US House,Clark,18019,Clark,0030 JEFFERSONVILLE 18,UNDERVOTES,,,ELECTION DAY,16,HOUSE_precinct_general.csv,write-in or non-candidate ballot accounting row
2024,Indiana,IN,9,US House,Clark,18019,Clark,0030 JEFFERSONVILLE 18,UNDERVOTES,,,PROVISIONAL,0,HOUSE_precinct_general.csv,write-in or non-candidate ballot accounting row
2024,Indiana,IN,9,US House,Clark,18019,Clark,0031 JEFFERSONVILLE 20,OVERVOTES,,,EARLY VOTING,0,HOUSE_precinct_general.csv,write-in or non-candidate ballot accounting row
2024,Indiana,IN,9,US House,Clark,18019,Clark,0031 JEFFERSONVILLE 20,OVERVOTES,,,ELECTION DAY,0,HOUSE_precinct_general.csv,write-in or non-candidate ballot accounting row
2024,Indiana,IN,9,US House,Clark,18019,Clark,0031 JEFFERSONVILLE 20,OVERVOTES,,,PROVISIONAL,0,HOUSE_precinct_general.csv,write-in or non-candidate ballot accounting row
2024,Indiana,IN,9,US House,Clark,18019,Clark,0031 JEFFERSONVILLE 20,UNDERVOTES,,,EARLY VOTING,11,HOUSE_precinct_general.csv,write-in or non-candidate ballot accounting row
2024,Indiana,IN,9,US House,Clark,18019,Clark,0031 JEFFERSONVILLE 20,UNDERVOTES,,,ELECTION DAY,18,HOUSE_precinct_general.csv,write-in or non-candidate ballot accounting row
2024,Indiana,IN,9,US House,Clark,18019,Clark,0031 JEFFERSONVILLE 20,UNDERVOTES,,,PROVISIONAL,0,HOUSE_precinct_general.csv,write-in or non-candidate ballot accounting row
2024,Indiana,IN,9,US House,Clark,18019,Clark,0032 JEFFERSONVILLE 21,OVERVOTES,,,EARLY VOTING,0,HOUSE_precinct_general.csv,write-in or non-candidate ballot accounting row
2024,Indiana,IN,9,US House,Clark,18019,Clark,0032 JEFFERSONVILLE 21,OVERVOTES,,,ELECTION DAY,0,HOUSE_precinct_general.csv,write-in or non-candidate ballot accounting row
2024,Indiana,IN,9,US House,Clark,18019,Clark,0032 JEFFERSONVILLE 21,OVERVOTES,,,PROVISIONAL,0,HOUSE_precinct_general.csv,write-in or non-candidate ballot accounting row
2024,Indiana,IN,9,US House,Clark,18019,Clark,0032 JEFFERSONVILLE 21,UNDERVOTES,,,EARLY VOTING,2,HOUSE_precinct_general.csv,write-in or non-candidate ballot accounting row
2024,Indiana,IN,9,US House,Clark,18019,Clark,0032 JEFFERSONVILLE 21,UNDERVOTES,,,ELECTION DAY,11,HOUSE_precinct_general.csv,write-in or non-candidate ballot accounting row
2024,Indiana,IN,9,US House,Clark,18019,Clark,0032 JEFFERSONVILLE 21,UNDERVOTES,,,PROVISIONAL,0,HOUSE_precinct_general.csv,write-in or non-candidate ballot accounting row
2024,Indiana,IN,9,US House,Clark,18019,Clark,0033 JEFFERSONVILLE 22,OVERVOTES,,,EARLY VOTING,0,HOUSE_precinct_general.csv,write-in or non-candidate ballot accounting row
2024,Indiana,IN,9,US House,Clark,18019,Clark,0033 JEFFERSONVILLE 22,OVERVOTES,,,ELECTION DAY,0,HOUSE_precinct_general.csv,write-in or non-candidate ballot accounting row
2024,Indiana,IN,9,US House,Clark,18019,Clark,0033 JEFFERSONVILLE 22,OVERVOTES,,,PROVISIONAL,0,HOUSE_precinct_general.csv,write-in or non-candidate ballot accounting row
2024,Indiana,IN,9,US House,Clark,18019,Clark,0033 JEFFERSONVILLE 22,UNDERVOTES,,,EARLY VOTING,10,HOUSE_precinct_general.csv,write-in or non-candidate ballot accounting row
2024,Indiana,IN,9,US House,Clark,18019,Clark,0033 JEFFERSONVILLE 22,UNDERVOTES,,,ELECTION DAY,13,HOUSE_precinct_general.csv,write-in or non-candidate ballot accounting row
2024,Indiana,IN,9,US House,Clark,18019,Clark,0033 JEFFERSONVILLE 22,UNDERVOTES,,,PROVISIONAL,0,HOUSE_precinct_general.csv,write-in or non-candidate ballot accounting row
2024,Indiana,IN,9,US House,Clark,18019,Clark,0034 JEFFERSONVILLE 23,OVERVOTES,,,EARLY VOTING,2,HOUSE_precinct_general.csv,write-in or non-candidate ballot accounting row
2024,Indiana,IN,9,US House,Clark,18019,Clark,0034 JEFFERSONVILLE 23,OVERVOTES,,,ELECTION DAY,0,HOUSE_precinct_general.csv,write-in or non-candidate ballot accounting row
2024,Indiana,IN,9,US House,Clark,18019,Clark,0034 JEFFERSONVILLE 23,OVERVOTES,,,PROVISIONAL,0,HOUSE_precinct_general.csv,write-in or non-candidate ballot accounting row
2024,Indiana,IN,9,US House,Clark,18019,Clark,0034 JEFFERSONVILLE 23,UNDERVOTES,,,EARLY VOTING,14,HOUSE_precinct_general.csv,write-in or non-candidate ballot accounting row
2024,Indiana,IN,9,US House,Clark,18019,Clark,0034 JEFFERSONVILLE 23,UNDERVOTES,,,ELECTION DAY,23,HOUSE_precinct_general.csv,write-in or non-candidate ballot accounting row
2024,Indiana,IN,9,US House,Clark,18019,Clark,0034 JEFFERSONVILLE 23,UNDERVOTES,,,PROVISIONAL,0,HOUSE_precinct_general.csv,write-in or non-candidate ballot accounting row
2024,Indiana,IN,9,US House,Clark,18019,Clark,0035 JEFFERSONVILLE 24,OVERVOTES,,,EARLY VOTING,0,HOUSE_precinct_general.csv,write-in or non-candidate ballot accounting row
2024,Indiana,IN,9,US House,Clark,18019,Clark,0035 JEFFERSONVILLE 24,OVERVOTES,,,ELECTION DAY,0,HOUSE_precinct_general.csv,write-in or non-candidate ballot accounting row
2024,Indiana,IN,9,US House,Clark,18019,Clark,0035 JEFFERSONVILLE 24,OVERVOTES,,,PROVISIONAL,0,HOUSE_precinct_general.csv,write-in or non-candidate ballot accounting row
2024,Indiana,IN,9,US House,Clark,18019,Clark,0035 JEFFERSONVILLE 24,UNDERVOTES,,,EARLY VOTING,19,HOUSE_precinct_general.csv,write-in or non-candidate ballot accounting row
2024,Indiana,IN,9,US House,Clark,18019,Clark,0035 JEFFERSONVILLE 24,UNDERVOTES,,,ELECTION DAY,22,HOUSE_precinct_general.csv,write-in or non-candidate ballot accounting row
2024,Indiana,IN,9,US House,Clark,18019,Clark,0035 JEFFERSONVILLE 24,UNDERVOTES,,,PROVISIONAL,0,HOUSE_precinct_general.csv,write-in or non-candidate ballot accounting row
2024,Indiana,IN,9,US House,Clark,18019,Clark,0036 JEFFERSONVILLE 25,OVERVOTES,,,EARLY VOTING,0,HOUSE_precinct_general.csv,write-in or non-candidate ballot accounting row
2024,Indiana,IN,9,US House,Clark,18019,Clark,0036 JEFFERSONVILLE 25,OVERVOTES,,,ELECTION DAY,0,HOUSE_precinct_general.csv,write-in or non-candidate ballot accounting row
2024,Indiana,IN,9,US House,Clark,18019,Clark,0036 JEFFERSONVILLE 25,OVERVOTES,,,PROVISIONAL,0,HOUSE_precinct_general.csv,write-in or non-candidate ballot accounting row
2024,Indiana,IN,9,US House,Clark,18019,Clark,0036 JEFFERSONVILLE 25,UNDERVOTES,,,EARLY VOTING,19,HOUSE_precinct_general.csv,write-in or non-candidate ballot accounting row
2024,Indiana,IN,9,US House,Clark,18019,Clark,0036 JEFFERSONVILLE 25,UNDERVOTES,,,ELECTION DAY,39,HOUSE_precinct_general.csv,write-in or non-candidate ballot accounting row
2024,Indiana,IN,9,US House,Clark,18019,Clark,0036 JEFFERSONVILLE 25,UNDERVOTES,,,PROVISIONAL,0,HOUSE_precinct_general.csv,write-in or non-candidate ballot accounting row
2024,Indiana,IN,9,US House,Clark,18019,Clark,0037 JEFFERSONVILLE 26,OVERVOTES,,,EARLY VOTING,0,HOUSE_precinct_general.csv,write-in or non-candidate ballot accounting row
2024,Indiana,IN,9,US House,Clark,18019,Clark,0037 JEFFERSONVILLE 26,OVERVOTES,,,ELECTION DAY,0,HOUSE_precinct_general.csv,write-in or non-candidate ballot accounting row
2024,Indiana,IN,9,US House,Clark,18019,Clark,0037 JEFFERSONVILLE 26,OVERVOTES,,,PROVISIONAL,0,HOUSE_precinct_general.csv,write-in or non-candidate ballot accounting row
2024,Indiana,IN,9,US House,Clark,18019,Clark,0037 JEFFERSONVILLE 26,UNDERVOTES,,,EARLY VOTING,6,HOUSE_precinct_general.csv,write-in or non-candidate ballot accounting row
2024,Indiana,IN,9,US House,Clark,18019,Clark,0037 JEFFERSONVILLE 26,UNDERVOTES,,,ELECTION DAY,8,HOUSE_precinct_general.csv,write-in or non-candidate ballot accounting row
2024,Indiana,IN,9,US House,Clark,18019,Clark,0037 JEFFERSONVILLE 26,UNDERVOTES,,,PROVISIONAL,0,HOUSE_precinct_general.csv,write-in or non-candidate ballot accounting row
2024,Indiana,IN,9,US House,Clark,18019,Clark,0038 JEFFERSONVILLE 27,OVERVOTES,,,EARLY VOTING,0,HOUSE_precinct_general.csv,write-in or non-candidate ballot accounting row
2024,Indiana,IN,9,US House,Clark,18019,Clark,0038 JEFFERSONVILLE 27,OVERVOTES,,,ELECTION DAY,0,HOUSE_precinct_general.csv,write-in or non-candidate ballot accounting row
2024,Indiana,IN,9,US House,Clark,18019,Clark,0038 JEFFERSONVILLE 27,OVERVOTES,,,PROVISIONAL,0,HOUSE_precinct_general.csv,write-in or non-candidate ballot accounting row
2024,Indiana,IN,9,US House,Clark,18019,Clark,0038 JEFFERSONVILLE 27,UNDERVOTES,,,EARLY VOTING,2,HOUSE_precinct_general.csv,write-in or non-candidate ballot accounting row
2024,Indiana,IN,9,US House,Clark,18019,Clark,0038 JEFFERSONVILLE 27,UNDERVOTES,,,ELECTION DAY,4,HOUSE_precinct_general.csv,write-in or non-candidate ballot accounting row
2024,Indiana,IN,9,US House,Clark,18019,Clark,0038 JEFFERSONVILLE 27,UNDERVOTES,,,PROVISIONAL,0,HOUSE_precinct_general.csv,write-in or non-candidate ballot accounting row
2024,Indiana,IN,9,US House,Clark,18019,Clark,0039 JEFFERSONVILLE 30,OVERVOTES,,,EARLY VOTING,0,HOUSE_precinct_general.csv,write-in or non-candidate ballot accounting row
2024,Indiana,IN,9,US House,Clark,18019,Clark,0039 JEFFERSONVILLE 30,OVERVOTES,,,ELECTION DAY,0,HOUSE_precinct_general.csv,write-in or non-candidate ballot accounting row
2024,Indiana,IN,9,US House,Clark,18019,Clark,0039 JEFFERSONVILLE 30,OVERVOTES,,,PROVISIONAL,0,HOUSE_precinct_general.csv,write-in or non-candidate ballot accounting row
2024,Indiana,IN,9,US House,Clark,18019,Clark,0039 JEFFERSONVILLE 30,UNDERVOTES,,,EARLY VOTING,6,HOUSE_precinct_general.csv,write-in or non-candidate ballot accounting row
2024,Indiana,IN,9,US House,Clark,18019,Clark,0039 JEFFERSONVILLE 30,UNDERVOTES,,,ELECTION DAY,13,HOUSE_precinct_general.csv,write-in or non-candidate ballot accounting row
2024,Indiana,IN,9,US House,Clark,18019,Clark,0039 JEFFERSONVILLE 30,UNDERVOTES,,,PROVISIONAL,0,HOUSE_precinct_general.csv,write-in or non-candidate ballot accounting row
2024,Indiana,IN,9,US House,Clark,18019,Clark,0040 JEFFERSONVILLE 31,OVERVOTES,,,PROVISIONAL,0,HOUSE_precinct_general.csv,write-in or non-candidate ballot accounting row
2024,Indiana,IN,9,US House,Clark,18019,Clark,0040 JEFFERSONVILLE 31,UNDERVOTES,,,EARLY VOTING,3,HOUSE_precinct_general.csv,write-in or non-candidate ballot accounting row
2024,Indiana,IN,9,US House,Clark,18019,Clark,0040 JEFFERSONVILLE 31,UNDERVOTES,,,ELECTION DAY,8,HOUSE_precinct_general.csv,write-in or non-candidate ballot accounting row
2024,Indiana,IN,9,US House,Clark,18019,Clark,0040 JEFFERSONVILLE 31,OVERVOTES,,,EARLY VOTING,0,HOUSE_precinct_general.csv,write-in or non-candidate ballot accounting row
2024,Indiana,IN,9,US House,Clark,18019,Clark,0040 JEFFERSONVILLE 31,OVERVOTES,,,ELECTION DAY,0,HOUSE_precinct_general.csv,write-in or non-candidate ballot accounting row
2024,Indiana,IN,9,US House,Clark,18019,Clark,0040 JEFFERSONVILLE 31,UNDERVOTES,,,PROVISIONAL,0,HOUSE_precinct_general.csv,write-in or non-candidate ballot accounting row
2024,Indiana,IN,9,US House,Clark,18019,Clark,0041 JEFFERSONVILLE 32,OVERVOTES,,,EARLY VOTING,0,HOUSE_precinct_general.csv,write-in or non-candidate ballot accounting row
2024,Indiana,IN,9,US House,Clark,18019,Clark,0041 JEFFERSONVILLE 32,OVERVOTES,,,ELECTION DAY,0,HOUSE_precinct_general.csv,write-in or non-candidate ballot accounting row
2024,Indiana,IN,9,US House,Clark,18019,Clark,0041 JEFFERSONVILLE 32,OVERVOTES,,,PROVISIONAL,0,HOUSE_precinct_general.csv,write-in or non-candidate ballot accounting row
2024,Indiana,IN,9,US House,Clark,18019,Clark,0041 JEFFERSONVILLE 32,UNDERVOTES,,,EARLY VOTING,1,HOUSE_precinct_general.csv,write-in or non-candidate ballot accounting row
2024,Indiana,IN,9,US House,Clark,18019,Clark,0041 JEFFERSONVILLE 32,UNDERVOTES,,,ELECTION DAY,12,HOUSE_precinct_general.csv,write-in or non-candidate ballot accounting row
2024,Indiana,IN,9,US House,Clark,18019,Clark,0041 JEFFERSONVILLE 32,UNDERVOTES,,,PROVISIONAL,0,HOUSE_precinct_general.csv,write-in or non-candidate ballot accounting row
2024,Indiana,IN,9,US House,Clark,18019,Clark,0042 JEFFERSONVILLE 33,OVERVOTES,,,EARLY VOTING,0,HOUSE_precinct_general.csv,write-in or non-candidate ballot accounting row
2024,Indiana,IN,9,US House,Clark,18019,Clark,0042 JEFFERSONVILLE 33,OVERVOTES,,,ELECTION DAY,0,HOUSE_precinct_general.csv,write-in or non-candidate ballot accounting row
2024,Indiana,IN,9,US House,Clark,18019,Clark,0042 JEFFERSONVILLE 33,OVERVOTES,,,PROVISIONAL,0,HOUSE_precinct_general.csv,write-in or non-candidate ballot accounting row
2024,Indiana,IN,9,US House,Clark,18019,Clark,0042 JEFFERSONVILLE 33,UNDERVOTES,,,EARLY VOTING,5,HOUSE_precinct_general.csv,write-in or non-candidate ballot accounting row
2024,Indiana,IN,9,US House,Clark,18019,Clark,0042 JEFFERSONVILLE 33,UNDERVOTES,,,ELECTION DAY,19,HOUSE_precinct_general.csv,write-in or non-candidate ballot accounting row
2024,Indiana,IN,9,US House,Clark,18019,Clark,0042 JEFFERSONVILLE 33,UNDERVOTES,,,PROVISIONAL,0,HOUSE_precinct_general.csv,write-in or non-candidate ballot accounting row
2024,Indiana,IN,9,US House,Clark,18019,Clark,0043 JEFFERSONVILLE 34,OVERVOTES,,,EARLY VOTING,0,HOUSE_precinct_general.csv,write-in or non-candidate ballot accounting row
2024,Indiana,IN,9,US House,Clark,18019,Clark,0043 JEFFERSONVILLE 34,OVERVOTES,,,ELECTION DAY,0,HOUSE_precinct_general.csv,write-in or non-candidate ballot accounting row
2024,Indiana,IN,9,US House,Clark,18019,Clark,0043 JEFFERSONVILLE 34,OVERVOTES,,,PROVISIONAL,0,HOUSE_precinct_general.csv,write-in or non-candidate ballot accounting row
2024,Indiana,IN,9,US House,Clark,18019,Clark,0043 JEFFERSONVILLE 34,UNDERVOTES,,,EARLY VOTING,4,HOUSE_precinct_general.csv,write-in or non-candidate ballot accounting row
2024,Indiana,IN,9,US House,Clark,18019,Clark,0043 JEFFERSONVILLE 34,UNDERVOTES,,,ELECTION DAY,8,HOUSE_precinct_general.csv,write-in or non-candidate ballot accounting row
2024,Indiana,IN,9,US House,Clark,18019,Clark,0043 JEFFERSONVILLE 34,UNDERVOTES,,,PROVISIONAL,0,HOUSE_precinct_general.csv,write-in or non-candidate ballot accounting row
2024,Indiana,IN,9,US House,Clark,18019,Clark,0044 JEFFERSONVILLE 35,OVERVOTES,,,EARLY VOTING,1,HOUSE_precinct_general.csv,write-in or non-candidate ballot accounting row
2024,Indiana,IN,9,US House,Clark,18019,Clark,0044 JEFFERSONVILLE 35,OVERVOTES,,,ELECTION DAY,0,HOUSE_precinct_general.csv,write-in or non-candidate ballot accounting row
2024,Indiana,IN,9,US House,Clark,18019,Clark,0044 JEFFERSONVILLE 35,OVERVOTES,,,PROVISIONAL,0,HOUSE_precinct_general.csv,write-in or non-candidate ballot accounting row
2024,Indiana,IN,9,US House,Clark,18019,Clark,0044 JEFFERSONVILLE 35,UNDERVOTES,,,EARLY VOTING,7,HOUSE_precinct_general.csv,write-in or non-candidate ballot accounting row
2024,Indiana,IN,9,US House,Clark,18019,Clark,0044 JEFFERSONVILLE 35,UNDERVOTES,,,ELECTION DAY,18,HOUSE_precinct_general.csv,write-in or non-candidate ballot accounting row
2024,Indiana,IN,9,US House,Clark,18019,Clark,0044 JEFFERSONVILLE 35,UNDERVOTES,,,PROVISIONAL,0,HOUSE_precinct_general.csv,write-in or non-candidate ballot accounting row
2024,Indiana,IN,9,US House,Clark,18019,Clark,0045 JEFFERSONVILLE 36,OVERVOTES,,,EARLY VOTING,0,HOUSE_precinct_general.csv,write-in or non-candidate ballot accounting row
2024,Indiana,IN,9,US House,Clark,18019,Clark,0045 JEFFERSONVILLE 36,OVERVOTES,,,ELECTION DAY,0,HOUSE_precinct_general.csv,write-in or non-candidate ballot accounting row
2024,Indiana,IN,9,US House,Clark,18019,Clark,0045 JEFFERSONVILLE 36,OVERVOTES,,,PROVISIONAL,0,HOUSE_precinct_general.csv,write-in or non-candidate ballot accounting row
2024,Indiana,IN,9,US House,Clark,18019,Clark,0045 JEFFERSONVILLE 36,UNDERVOTES,,,EARLY VOTING,8,HOUSE_precinct_general.csv,write-in or non-candidate ballot accounting row
2024,Indiana,IN,9,US House,Clark,18019,Clark,0045 JEFFERSONVILLE 36,UNDERVOTES,,,ELECTION DAY,16,HOUSE_precinct_general.csv,write-in or non-candidate ballot accounting row
2024,Indiana,IN,9,US House,Clark,18019,Clark,0045 JEFFERSONVILLE 36,UNDERVOTES,,,PROVISIONAL,0,HOUSE_precinct_general.csv,write-in or non-candidate ballot accounting row
2024,Indiana,IN,9,US House,Clark,18019,Clark,0046 JEFFERSONVILLE 37,OVERVOTES,,,EARLY VOTING,0,HOUSE_precinct_general.csv,write-in or non-candidate ballot accounting row
2024,Indiana,IN,9,US House,Clark,18019,Clark,0046 JEFFERSONVILLE 37,OVERVOTES,,,ELECTION DAY,0,HOUSE_precinct_general.csv,write-in or non-candidate ballot accounting row
2024,Indiana,IN,9,US House,Clark,18019,Clark,0046 JEFFERSONVILLE 37,OVERVOTES,,,PROVISIONAL,0,HOUSE_precinct_general.csv,write-in or non-candidate ballot accounting row
2024,Indiana,IN,9,US House,Clark,18019,Clark,0046 JEFFERSONVILLE 37,UNDERVOTES,,,EARLY VOTING,7,HOUSE_precinct_general.csv,write-in or non-candidate ballot accounting row
2024,Indiana,IN,9,US House,Clark,18019,Clark,0046 JEFFERSONVILLE 37,UNDERVOTES,,,ELECTION DAY,16,HOUSE_precinct_general.csv,write-in or non-candidate ballot accounting row
2024,Indiana,IN,9,US House,Clark,18019,Clark,0046 JEFFERSONVILLE 37,UNDERVOTES,,,PROVISIONAL,0,HOUSE_precinct_general.csv,write-in or non-candidate ballot accounting row
2024,Indiana,IN,9,US House,Clark,18019,Clark,0047 JEFFERSONVILLE 38,OVERVOTES,,,EARLY VOTING,1,HOUSE_precinct_general.csv,write-in or non-candidate ballot accounting row
2024,Indiana,IN,9,US House,Clark,18019,Clark,0047 JEFFERSONVILLE 38,OVERVOTES,,,ELECTION DAY,0,HOUSE_precinct_general.csv,write-in or non-candidate ballot accounting row
2024,Indiana,IN,9,US House,Clark,18019,Clark,0047 JEFFERSONVILLE 38,OVERVOTES,,,PROVISIONAL,0,HOUSE_precinct_general.csv,write-in or non-candidate ballot accounting row
2024,Indiana,IN,9,US House,Clark,18019,Clark,0047 JEFFERSONVILLE 38,UNDERVOTES,,,EARLY VOTING,17,HOUSE_precinct_general.csv,write-in or non-candidate ballot accounting row
2024,Indiana,IN,9,US House,Clark,18019,Clark,0047 JEFFERSONVILLE 38,UNDERVOTES,,,ELECTION DAY,21,HOUSE_precinct_general.csv,write-in or non-candidate ballot accounting row
2024,Indiana,IN,9,US House,Clark,18019,Clark,0047 JEFFERSONVILLE 38,UNDERVOTES,,,PROVISIONAL,0,HOUSE_precinct_general.csv,write-in or non-candidate ballot accounting row
2024,Indiana,IN,9,US House,Clark,18019,Clark,0048 JEFFERSONVILLE 39,OVERVOTES,,,EARLY VOTING,0,HOUSE_precinct_general.csv,write-in or non-candidate ballot accounting row
2024,Indiana,IN,9,US House,Clark,18019,Clark,0048 JEFFERSONVILLE 39,OVERVOTES,,,ELECTION DAY,0,HOUSE_precinct_general.csv,write-in or non-candidate ballot accounting row
2024,Indiana,IN,9,US House,Clark,18019,Clark,0048 JEFFERSONVILLE 39,OVERVOTES,,,PROVISIONAL,0,HOUSE_precinct_general.csv,write-in or non-candidate ballot accounting row
2024,Indiana,IN,9,US House,Clark,18019,Clark,0048 JEFFERSONVILLE 39,UNDERVOTES,,,EARLY VOTING,2,HOUSE_precinct_general.csv,write-in or non-candidate ballot accounting row
2024,Indiana,IN,9,US House,Clark,18019,Clark,0048 JEFFERSONVILLE 39,UNDERVOTES,,,ELECTION DAY,10,HOUSE_precinct_general.csv,write-in or non-candidate ballot accounting row
2024,Indiana,IN,9,US House,Clark,18019,Clark,0048 JEFFERSONVILLE 39,UNDERVOTES,,,PROVISIONAL,0,HOUSE_precinct_general.csv,write-in or non-candidate ballot accounting row
2024,Indiana,IN,9,US House,Clark,18019,Clark,0049 JEFFERSONVILLE 40,OVERVOTES,,,EARLY VOTING,0,HOUSE_precinct_general.csv,write-in or non-candidate ballot accounting row
2024,Indiana,IN,9,US House,Clark,18019,Clark,0049 JEFFERSONVILLE 40,OVERVOTES,,,ELECTION DAY,0,HOUSE_precinct_general.csv,write-in or non-candidate ballot accounting row
2024,Indiana,IN,9,US House,Clark,18019,Clark,0049 JEFFERSONVILLE 40,OVERVOTES,,,PROVISIONAL,0,HOUSE_precinct_general.csv,write-in or non-candidate ballot accounting row
2024,Indiana,IN,9,US House,Clark,18019,Clark,0049 JEFFERSONVILLE 40,UNDERVOTES,,,EARLY VOTING,3,HOUSE_precinct_general.csv,write-in or non-candidate ballot accounting row
2024,Indiana,IN,9,US House,Clark,18019,Clark,0049 JEFFERSONVILLE 40,UNDERVOTES,,,ELECTION DAY,13,HOUSE_precinct_general.csv,write-in or non-candidate ballot accounting row
2024,Indiana,IN,9,US House,Clark,18019,Clark,0049 JEFFERSONVILLE 40,UNDERVOTES,,,PROVISIONAL,0,HOUSE_precinct_general.csv,write-in or non-candidate ballot accounting row
2024,Indiana,IN,9,US House,Clark,18019,Clark,0050 JEFFERSONVILLE 41,OVERVOTES,,,EARLY VOTING,0,HOUSE_precinct_general.csv,write-in or non-candidate ballot accounting row
2024,Indiana,IN,9,US House,Clark,18019,Clark,0050 JEFFERSONVILLE 41,OVERVOTES,,,ELECTION DAY,0,HOUSE_precinct_general.csv,write-in or non-candidate ballot accounting row
2024,Indiana,IN,9,US House,Clark,18019,Clark,0050 JEFFERSONVILLE 41,OVERVOTES,,,PROVISIONAL,0,HOUSE_precinct_general.csv,write-in or non-candidate ballot accounting row
2024,Indiana,IN,9,US House,Clark,18019,Clark,0050 JEFFERSONVILLE 41,UNDERVOTES,,,EARLY VOTING,2,HOUSE_precinct_general.csv,write-in or non-candidate ballot accounting row
2024,Indiana,IN,9,US House,Clark,18019,Clark,0050 JEFFERSONVILLE 41,UNDERVOTES,,,ELECTION DAY,11,HOUSE_precinct_general.csv,write-in or non-candidate ballot accounting row
2024,Indiana,IN,9,US House,Clark,18019,Clark,0050 JEFFERSONVILLE 41,UNDERVOTES,,,PROVISIONAL,0,HOUSE_precinct_general.csv,write-in or non-candidate ballot accounting row
2024,Indiana,IN,9,US House,Clark,18019,Clark,0002 CARR 01,OVERVOTES,,,EARLY VOTING,0,HOUSE_precinct_general.csv,write-in or non-candidate ballot accounting row
2024,Indiana,IN,9,US House,Clark,18019,Clark,0002 CARR 01,OVERVOTES,,,ELECTION DAY,0,HOUSE_precinct_general.csv,write-in or non-candidate ballot accounting row
2024,Indiana,IN,9,US House,Clark,18019,Clark,0002 CARR 01,OVERVOTES,,,PROVISIONAL,0,HOUSE_precinct_general.csv,write-in or non-candidate ballot accounting row
2024,Indiana,IN,9,US House,Clark,18019,Clark,0002 CARR 01,UNDERVOTES,,,EARLY VOTING,22,HOUSE_precinct_general.csv,write-in or non-candidate ballot accounting row
2024,Indiana,IN,9,US House,Clark,18019,Clark,0002 CARR 01,UNDERVOTES,,,ELECTION DAY,23,HOUSE_precinct_general.csv,write-in or non-candidate ballot accounting row
2024,Indiana,IN,9,US House,Clark,18019,Clark,0002 CARR 01,UNDERVOTES,,,PROVISIONAL,0,HOUSE_precinct_general.csv,write-in or non-candidate ballot accounting row
2024,Indiana,IN,9,US House,Clark,18019,Clark,0004 CHARLESTOWN 01,OVERVOTES,,,EARLY VOTING,0,HOUSE_precinct_general.csv,write-in or non-candidate ballot accounting row
2024,Indiana,IN,9,US House,Clark,18019,Clark,0004 CHARLESTOWN 01,OVERVOTES,,,ELECTION DAY,0,HOUSE_precinct_general.csv,write-in or non-candidate ballot accounting row
2024,Indiana,IN,9,US House,Clark,18019,Clark,0004 CHARLESTOWN 01,OVERVOTES,,,PROVISIONAL,0,HOUSE_precinct_general.csv,write-in or non-candidate ballot accounting row
2024,Indiana,IN,9,US House,Clark,18019,Clark,0004 CHARLESTOWN 01,UNDERVOTES,,,EARLY VOTING,12,HOUSE_precinct_general.csv,write-in or non-candidate ballot accounting row
2024,Indiana,IN,9,US House,Clark,18019,Clark,0004 CHARLESTOWN 01,UNDERVOTES,,,ELECTION DAY,30,HOUSE_precinct_general.csv,write-in or non-candidate ballot accounting row
2024,Indiana,IN,9,US House,Clark,18019,Clark,0004 CHARLESTOWN 01,UNDERVOTES,,,PROVISIONAL,0,HOUSE_precinct_general.csv,write-in or non-candidate ballot accounting row
2024,Indiana,IN,9,US House,Clark,18019,Clark,0005 CHARLESTOWN 02,OVERVOTES,,,EARLY VOTING,0,HOUSE_precinct_general.csv,write-in or non-candidate ballot accounting row
2024,Indiana,IN,9,US House,Clark,18019,Clark,0005 CHARLESTOWN 02,OVERVOTES,,,ELECTION DAY,0,HOUSE_precinct_general.csv,write-in or non-candidate ballot accounting row
2024,Indiana,IN,9,US House,Clark,18019,Clark,0005 CHARLESTOWN 02,OVERVOTES,,,PROVISIONAL,0,HOUSE_precinct_general.csv,write-in or non-candidate ballot accounting row
2024,Indiana,IN,9,US House,Clark,18019,Clark,0005 CHARLESTOWN 02,UNDERVOTES,,,EARLY VOTING,3,HOUSE_precinct_general.csv,write-in or non-candidate ballot accounting row
2024,Indiana,IN,9,US House,Clark,18019,Clark,0005 CHARLESTOWN 02,UNDERVOTES,,,ELECTION DAY,15,HOUSE_precinct_general.csv,write-in or non-candidate ballot accounting row
2024,Indiana,IN,9,US House,Clark,18019,Clark,0005 CHARLESTOWN 02,UNDERVOTES,,,PROVISIONAL,0,HOUSE_precinct_general.csv,write-in or non-candidate ballot accounting row
2024,Indiana,IN,9,US House,Clark,18019,Clark,0006 CHARLESTOWN 03,OVERVOTES,,,EARLY VOTING,0,HOUSE_precinct_general.csv,write-in or non-candidate ballot accounting row
2024,Indiana,IN,9,US House,Clark,18019,Clark,0006 CHARLESTOWN 03,OVERVOTES,,,ELECTION DAY,0,HOUSE_precinct_general.csv,write-in or non-candidate ballot accounting row
2024,Indiana,IN,9,US House,Clark,18019,Clark,0006 CHARLESTOWN 03,OVERVOTES,,,PROVISIONAL,0,HOUSE_precinct_general.csv,write-in or non-candidate ballot accounting row
2024,Indiana,IN,9,US House,Clark,18019,Clark,0006 CHARLESTOWN 03,UNDERVOTES,,,EARLY VOTING,16,HOUSE_precinct_general.csv,write-in or non-candidate ballot accounting row
2024,Indiana,IN,9,US House,Clark,18019,Clark,0006 CHARLESTOWN 03,UNDERVOTES,,,ELECTION DAY,25,HOUSE_precinct_general.csv,write-in or non-candidate ballot accounting row
2024,Indiana,IN,9,US House,Clark,18019,Clark,0008 CHARLESTOWN 05,OVERVOTES,,,EARLY VOTING,0,HOUSE_precinct_general.csv,write-in or non-candidate ballot accounting row
2024,Indiana,IN,9,US House,Clark,18019,Clark,0008 CHARLESTOWN 05,OVERVOTES,,,ELECTION DAY,0,HOUSE_precinct_general.csv,write-in or non-candidate ballot accounting row
2024,Indiana,IN,9,US House,Clark,18019,Clark,0008 CHARLESTOWN 05,OVERVOTES,,,PROVISIONAL,0,HOUSE_precinct_general.csv,write-in or non-candidate ballot accounting row
2024,Indiana,IN,9,US House,Clark,18019,Clark,0008 CHARLESTOWN 05,UNDERVOTES,,,EARLY VOTING,3,HOUSE_precinct_general.csv,write-in or non-candidate ballot accounting row
2024,Indiana,IN,9,US House,Clark,18019,Clark,0008 CHARLESTOWN 05,UNDERVOTES,,,ELECTION DAY,43,HOUSE_precinct_general.csv,write-in or non-candidate ballot accounting row
2024,Indiana,IN,9,US House,Clark,18019,Clark,0008 CHARLESTOWN 05,UNDERVOTES,,,PROVISIONAL,0,HOUSE_precinct_general.csv,write-in or non-candidate ballot accounting row
2024,Indiana,IN,9,US House,Clark,18019,Clark,0009 CHARLESTOWN 06,OVERVOTES,,,EARLY VOTING,0,HOUSE_precinct_general.csv,write-in or non-candidate ballot accounting row
2024,Indiana,IN,9,US House,Clark,18019,Clark,0009 CHARLESTOWN 06,OVERVOTES,,,ELECTION DAY,1,HOUSE_precinct_general.csv,write-in or non-candidate ballot accounting row
2024,Indiana,IN,9,US House,Clark,18019,Clark,0009 CHARLESTOWN 06,OVERVOTES,,,PROVISIONAL,0,HOUSE_precinct_general.csv,write-in or non-candidate ballot accounting row
2024,Indiana,IN,9,US House,Clark,18019,Clark,0009 CHARLESTOWN 06,UNDERVOTES,,,EARLY VOTING,35,HOUSE_precinct_general.csv,write-in or non-candidate ballot accounting row
2024,Indiana,IN,9,US House,Clark,18019,Clark,0009 CHARLESTOWN 06,UNDERVOTES,,,ELECTION DAY,48,HOUSE_precinct_general.csv,write-in or non-candidate ballot accounting row
2024,Indiana,IN,9,US House,Clark,18019,Clark,0009 CHARLESTOWN 06,UNDERVOTES,,,PROVISIONAL,0,HOUSE_precinct_general.csv,write-in or non-candidate ballot accounting row
2024,Indiana,IN,9,US House,Clark,18019,Clark,0012 JEFFERSONVILLE 01,UNDERVOTES,,,EARLY VOTING,4,HOUSE_precinct_general.csv,write-in or non-candidate ballot accounting row
2024,Indiana,IN,9,US House,Clark,18019,Clark,0012 JEFFERSONVILLE 01,OVERVOTES,,,EARLY VOTING,0,HOUSE_precinct_general.csv,write-in or non-candidate ballot accounting row
2024,Indiana,IN,9,US House,Clark,18019,Clark,0012 JEFFERSONVILLE 01,OVERVOTES,,,ELECTION DAY,0,HOUSE_precinct_general.csv,write-in or non-candidate ballot accounting row
2024,Indiana,IN,9,US House,Clark,18019,Clark,0012 JEFFERSONVILLE 01,OVERVOTES,,,PROVISIONAL,0,HOUSE_precinct_general.csv,write-in or non-candidate ballot accounting row
2024,Indiana,IN,9,US House,Clark,18019,Clark,0013 JEFFERSONVILLE 02,OVERVOTES,,,EARLY VOTING,0,HOUSE_precinct_general.csv,write-in or non-candidate ballot accounting row
2024,Indiana,IN,9,US House,Clark,18019,Clark,0013 JEFFERSONVILLE 02,OVERVOTES,,,ELECTION DAY,0,HOUSE_precinct_general.csv,write-in or non-candidate ballot accounting row
2024,Indiana,IN,9,US House,Clark,18019,Clark,0013 JEFFERSONVILLE 02,OVERVOTES,,,PROVISIONAL,0,HOUSE_precinct_general.csv,write-in or non-candidate ballot accounting row
2024,Indiana,IN,9,US House,Clark,18019,Clark,0013 JEFFERSONVILLE 02,UNDERVOTES,,,EARLY VOTING,1,HOUSE_precinct_general.csv,write-in or non-candidate ballot accounting row
2024,Indiana,IN,9,US House,Clark,18019,Clark,0013 JEFFERSONVILLE 02,UNDERVOTES,,,ELECTION DAY,10,HOUSE_precinct_general.csv,write-in or non-candidate ballot accounting row
2024,Indiana,IN,9,US House,Clark,18019,Clark,0013 JEFFERSONVILLE 02,UNDERVOTES,,,PROVISIONAL,1,HOUSE_precinct_general.csv,write-in or non-candidate ballot accounting row
2024,Indiana,IN,9,US House,Clark,18019,Clark,0016 JEFFERSONVILLE 04,OVERVOTES,,,EARLY VOTING,0,HOUSE_precinct_general.csv,write-in or non-candidate ballot accounting row
2024,Indiana,IN,9,US House,Clark,18019,Clark,0016 JEFFERSONVILLE 04,OVERVOTES,,,ELECTION DAY,0,HOUSE_precinct_general.csv,write-in or non-candidate ballot accounting row
2024,Indiana,IN,9,US House,Clark,18019,Clark,0016 JEFFERSONVILLE 04,OVERVOTES,,,PROVISIONAL,0,HOUSE_precinct_general.csv,write-in or non-candidate ballot accounting row
2024,Indiana,IN,9,US House,Clark,18019,Clark,0016 JEFFERSONVILLE 04,UNDERVOTES,,,EARLY VOTING,9,HOUSE_precinct_general.csv,write-in or non-candidate ballot accounting row
2024,Indiana,IN,9,US House,Clark,18019,Clark,0016 JEFFERSONVILLE 04,UNDERVOTES,,,ELECTION DAY,13,HOUSE_precinct_general.csv,write-in or non-candidate ballot accounting row
2024,Indiana,IN,9,US House,Clark,18019,Clark,0016 JEFFERSONVILLE 04,UNDERVOTES,,,PROVISIONAL,0,HOUSE_precinct_general.csv,write-in or non-candidate ballot accounting row
2024,Indiana,IN,9,US House,Clark,18019,Clark,0017 JEFFERSONVILLE 05,OVERVOTES,,,EARLY VOTING,0,HOUSE_precinct_general.csv,write-in or non-candidate ballot accounting row
2024,Indiana,IN,9,US House,Clark,18019,Clark,0017 JEFFERSONVILLE 05,OVERVOTES,,,ELECTION DAY,0,HOUSE_precinct_general.csv,write-in or non-candidate ballot accounting row
2024,Indiana,IN,9,US House,Clark,18019,Clark,0017 JEFFERSONVILLE 05,OVERVOTES,,,PROVISIONAL,0,HOUSE_precinct_general.csv,write-in or non-candidate ballot accounting row
2024,Indiana,IN,9,US House,Clark,18019,Clark,0017 JEFFERSONVILLE 05,UNDERVOTES,,,EARLY VOTING,11,HOUSE_precinct_general.csv,write-in or non-candidate ballot accounting row
2024,Indiana,IN,9,US House,Clark,18019,Clark,0017 JEFFERSONVILLE 05,UNDERVOTES,,,ELECTION DAY,12,HOUSE_precinct_general.csv,write-in or non-candidate ballot accounting row
2024,Indiana,IN,9,US House,Clark,18019,Clark,0017 JEFFERSONVILLE 05,UNDERVOTES,,,PROVISIONAL,1,HOUSE_precinct_general.csv,write-in or non-candidate ballot accounting row
2024,Indiana,IN,9,US House,Clark,18019,Clark,0019 JEFFERSONVILLE 07,OVERVOTES,,,EARLY VOTING,0,HOUSE_precinct_general.csv,write-in or non-candidate ballot accounting row
2024,Indiana,IN,9,US House,Clark,18019,Clark,0019 JEFFERSONVILLE 07,OVERVOTES,,,ELECTION DAY,0,HOUSE_precinct_general.csv,write-in or non-candidate ballot accounting row
2024,Indiana,IN,9,US House,Clark,18019,Clark,0019 JEFFERSONVILLE 07,OVERVOTES,,,PROVISIONAL,0,HOUSE_precinct_general.csv,write-in or non-candidate ballot accounting row
2024,Indiana,IN,9,US House,Clark,18019,Clark,0019 JEFFERSONVILLE 07,UNDERVOTES,,,EARLY VOTING,5,HOUSE_precinct_general.csv,write-in or non-candidate ballot accounting row
2024,Indiana,IN,9,US House,Clark,18019,Clark,0019 JEFFERSONVILLE 07,UNDERVOTES,,,ELECTION DAY,25,HOUSE_precinct_general.csv,write-in or non-candidate ballot accounting row
2024,Indiana,IN,9,US House,Clark,18019,Clark,0019 JEFFERSONVILLE 07,UNDERVOTES,,,PROVISIONAL,0,HOUSE_precinct_general.csv,write-in or non-candidate ballot accounting row
2024,Indiana,IN,9,US House,Clark,18019,Clark,0020 JEFFERSONVILLE 08,UNDERVOTES,,,PROVISIONAL,0,HOUSE_precinct_general.csv,write-in or non-candidate ballot accounting row
2024,Indiana,IN,9,US House,Clark,18019,Clark,0022 JEFFERSONVILLE 10,OVERVOTES,,,EARLY VOTING,0,HOUSE_precinct_general.csv,write-in or non-candidate ballot accounting row
2024,Indiana,IN,9,US House,Clark,18019,Clark,0022 JEFFERSONVILLE 10,OVERVOTES,,,ELECTION DAY,0,HOUSE_precinct_general.csv,write-in or non-candidate ballot accounting row
2024,Indiana,IN,9,US House,Clark,18019,Clark,0022 JEFFERSONVILLE 10,OVERVOTES,,,PROVISIONAL,0,HOUSE_precinct_general.csv,write-in or non-candidate ballot accounting row
2024,Indiana,IN,9,US House,Clark,18019,Clark,0022 JEFFERSONVILLE 10,UNDERVOTES,,,EARLY VOTING,5,HOUSE_precinct_general.csv,write-in or non-candidate ballot accounting row
2024,Indiana,IN,9,US House,Clark,18019,Clark,0022 JEFFERSONVILLE 10,UNDERVOTES,,,ELECTION DAY,17,HOUSE_precinct_general.csv,write-in or non-candidate ballot accounting row
2024,Indiana,IN,9,US House,Clark,18019,Clark,0022 JEFFERSONVILLE 10,UNDERVOTES,,,PROVISIONAL,0,HOUSE_precinct_general.csv,write-in or non-candidate ballot accounting row
2024,Indiana,IN,9,US House,Clark,18019,Clark,0024 JEFFERSONVILLE 12,OVERVOTES,,,EARLY VOTING,0,HOUSE_precinct_general.csv,write-in or non-candidate ballot accounting row
2024,Indiana,IN,9,US House,Clark,18019,Clark,0024 JEFFERSONVILLE 12,OVERVOTES,,,ELECTION DAY,0,HOUSE_precinct_general.csv,write-in or non-candidate ballot accounting row
2024,Indiana,IN,9,US House,Clark,18019,Clark,0024 JEFFERSONVILLE 12,OVERVOTES,,,PROVISIONAL,0,HOUSE_precinct_general.csv,write-in or non-candidate ballot accounting row
2024,Indiana,IN,9,US House,Clark,18019,Clark,0024 JEFFERSONVILLE 12,UNDERVOTES,,,EARLY VOTING,6,HOUSE_precinct_general.csv,write-in or non-candidate ballot accounting row
2024,Indiana,IN,9,US House,Clark,18019,Clark,0024 JEFFERSONVILLE 12,UNDERVOTES,,,ELECTION DAY,15,HOUSE_precinct_general.csv,write-in or non-candidate ballot accounting row
2024,Indiana,IN,9,US House,Clark,18019,Clark,0024 JEFFERSONVILLE 12,UNDERVOTES,,,PROVISIONAL,0,HOUSE_precinct_general.csv,write-in or non-candidate ballot accounting row
2024,Indiana,IN,9,US House,Clark,18019,Clark,0025 JEFFERSONVILLE 13,OVERVOTES,,,EARLY VOTING,0,HOUSE_precinct_general.csv,write-in or non-candidate ballot accounting row
2024,Indiana,IN,9,US House,Clark,18019,Clark,0025 JEFFERSONVILLE 13,OVERVOTES,,,ELECTION DAY,0,HOUSE_precinct_general.csv,write-in or non-candidate ballot accounting row
2024,Indiana,IN,9,US House,Clark,18019,Clark,0025 JEFFERSONVILLE 13,OVERVOTES,,,PROVISIONAL,0,HOUSE_precinct_general.csv,write-in or non-candidate ballot accounting row
2024,Indiana,IN,9,US House,Clark,18019,Clark,0025 JEFFERSONVILLE 13,UNDERVOTES,,,EARLY VOTING,10,HOUSE_precinct_general.csv,write-in or non-candidate ballot accounting row
2024,Indiana,IN,9,US House,Clark,18019,Clark,0025 JEFFERSONVILLE 13,UNDERVOTES,,,ELECTION DAY,33,HOUSE_precinct_general.csv,write-in or non-candidate ballot accounting row
2024,Indiana,IN,9,US House,Clark,18019,Clark,0025 JEFFERSONVILLE 13,UNDERVOTES,,,PROVISIONAL,0,HOUSE_precinct_general.csv,write-in or non-candidate ballot accounting row
2024,Indiana,IN,9,US House,Clark,18019,Clark,0026 JEFFERSONVILLE 14,OVERVOTES,,,EARLY VOTING,1,HOUSE_precinct_general.csv,write-in or non-candidate ballot accounting row
2024,Indiana,IN,9,US House,Clark,18019,Clark,0026 JEFFERSONVILLE 14,OVERVOTES,,,ELECTION DAY,0,HOUSE_precinct_general.csv,write-in or non-candidate ballot accounting row
2024,Indiana,IN,9,US House,Clark,18019,Clark,0026 JEFFERSONVILLE 14,OVERVOTES,,,PROVISIONAL,0,HOUSE_precinct_general.csv,write-in or non-candidate ballot accounting row
2024,Indiana,IN,9,US House,Clark,18019,Clark,0026 JEFFERSONVILLE 14,UNDERVOTES,,,EARLY VOTING,7,HOUSE_precinct_general.csv,write-in or non-candidate ballot accounting row
2024,Indiana,IN,9,US House,Clark,18019,Clark,0026 JEFFERSONVILLE 14,UNDERVOTES,,,ELECTION DAY,13,HOUSE_precinct_general.csv,write-in or non-candidate ballot accounting row
2024,Indiana,IN,9,US House,Clark,18019,Clark,0026 JEFFERSONVILLE 14,UNDERVOTES,,,PROVISIONAL,0,HOUSE_precinct_general.csv,write-in or non-candidate ballot accounting row
2024,Indiana,IN,9,US House,Clark,18019,Clark,0051 JEFFERSONVILLE 42,OVERVOTES,,,EARLY VOTING,1,HOUSE_precinct_general.csv,write-in or non-candidate ballot accounting row
2024,Indiana,IN,9,US House,Clark,18019,Clark,0051 JEFFERSONVILLE 42,OVERVOTES,,,ELECTION DAY,0,HOUSE_precinct_general.csv,write-in or non-candidate ballot accounting row
2024,Indiana,IN,9,US House,Clark,18019,Clark,0051 JEFFERSONVILLE 42,OVERVOTES,,,PROVISIONAL,0,HOUSE_precinct_general.csv,write-in or non-candidate ballot accounting row
2024,Indiana,IN,9,US House,Clark,18019,Clark,0051 JEFFERSONVILLE 42,UNDERVOTES,,,EARLY VOTING,9,HOUSE_precinct_general.csv,write-in or non-candidate ballot accounting row
2024,Indiana,IN,9,US House,Clark,18019,Clark,0051 JEFFERSONVILLE 42,UNDERVOTES,,,ELECTION DAY,20,HOUSE_precinct_general.csv,write-in or non-candidate ballot accounting row
2024,Indiana,IN,9,US House,Clark,18019,Clark,0051 JEFFERSONVILLE 42,UNDERVOTES,,,PROVISIONAL,0,HOUSE_precinct_general.csv,write-in or non-candidate ballot accounting row
2024,Indiana,IN,9,US House,Clark,18019,Clark,0052 MONROE 01,OVERVOTES,,,EARLY VOTING,0,HOUSE_precinct_general.csv,write-in or non-candidate ballot accounting row
2024,Indiana,IN,9,US House,Clark,18019,Clark,0052 MONROE 01,OVERVOTES,,,ELECTION DAY,0,HOUSE_precinct_general.csv,write-in or non-candidate ballot accounting row
2024,Indiana,IN,9,US House,Clark,18019,Clark,0052 MONROE 01,OVERVOTES,,,PROVISIONAL,0,HOUSE_precinct_general.csv,write-in or non-candidate ballot accounting row
2024,Indiana,IN,9,US House,Clark,18019,Clark,0052 MONROE 01,UNDERVOTES,,,EARLY VOTING,6,HOUSE_precinct_general.csv,write-in or non-candidate ballot accounting row
2024,Indiana,IN,9,US House,Clark,18019,Clark,0052 MONROE 01,UNDERVOTES,,,ELECTION DAY,26,HOUSE_precinct_general.csv,write-in or non-candidate ballot accounting row
2024,Indiana,IN,9,US House,Clark,18019,Clark,0052 MONROE 01,UNDERVOTES,,,PROVISIONAL,0,HOUSE_precinct_general.csv,write-in or non-candidate ballot accounting row
2024,Indiana,IN,9,US House,Clark,18019,Clark,0053 MONROE 02,OVERVOTES,,,EARLY VOTING,0,HOUSE_precinct_general.csv,write-in or non-candidate ballot accounting row
2024,Indiana,IN,9,US House,Clark,18019,Clark,0053 MONROE 02,OVERVOTES,,,ELECTION DAY,0,HOUSE_precinct_general.csv,write-in or non-candidate ballot accounting row
2024,Indiana,IN,9,US House,Clark,18019,Clark,0053 MONROE 02,OVERVOTES,,,PROVISIONAL,0,HOUSE_precinct_general.csv,write-in or non-candidate ballot accounting row
2024,Indiana,IN,9,US House,Clark,18019,Clark,0053 MONROE 02,UNDERVOTES,,,EARLY VOTING,14,HOUSE_precinct_general.csv,write-in or non-candidate ballot accounting row
2024,Indiana,IN,9,US House,Clark,18019,Clark,0053 MONROE 02,UNDERVOTES,,,ELECTION DAY,42,HOUSE_precinct_general.csv,write-in or non-candidate ballot accounting row
2024,Indiana,IN,9,US House,Clark,18019,Clark,0053 MONROE 02,UNDERVOTES,,,PROVISIONAL,0,HOUSE_precinct_general.csv,write-in or non-candidate ballot accounting row
2024,Indiana,IN,9,US House,Clark,18019,Clark,0054 MONROE 03,OVERVOTES,,,EARLY VOTING,0,HOUSE_precinct_general.csv,write-in or non-candidate ballot accounting row
2024,Indiana,IN,9,US House,Clark,18019,Clark,0054 MONROE 03,OVERVOTES,,,ELECTION DAY,0,HOUSE_precinct_general.csv,write-in or non-candidate ballot accounting row
2024,Indiana,IN,9,US House,Clark,18019,Clark,0054 MONROE 03,OVERVOTES,,,PROVISIONAL,0,HOUSE_precinct_general.csv,write-in or non-candidate ballot accounting row
2024,Indiana,IN,9,US House,Clark,18019,Clark,0054 MONROE 03,UNDERVOTES,,,EARLY VOTING,7,HOUSE_precinct_general.csv,write-in or non-candidate ballot accounting row
2024,Indiana,IN,9,US House,Clark,18019,Clark,0054 MONROE 03,UNDERVOTES,,,ELECTION DAY,27,HOUSE_precinct_general.csv,write-in or non-candidate ballot accounting row
2024,Indiana,IN,9,US House,Clark,18019,Clark,0054 MONROE 03,UNDERVOTES,,,PROVISIONAL,0,HOUSE_precinct_general.csv,write-in or non-candidate ballot accounting row
2024,Indiana,IN,9,US House,Clark,18019,Clark,0055 OREGON 01,OVERVOTES,,,EARLY VOTING,0,HOUSE_precinct_general.csv,write-in or non-candidate ballot accounting row
2024,Indiana,IN,9,US House,Clark,18019,Clark,0055 OREGON 01,OVERVOTES,,,ELECTION DAY,0,HOUSE_precinct_general.csv,write-in or non-candidate ballot accounting row
2024,Indiana,IN,9,US House,Clark,18019,Clark,0055 OREGON 01,OVERVOTES,,,PROVISIONAL,0,HOUSE_precinct_general.csv,write-in or non-candidate ballot accounting row
2024,Indiana,IN,9,US House,Clark,18019,Clark,0055 OREGON 01,UNDERVOTES,,,EARLY VOTING,6,HOUSE_precinct_general.csv,write-in or non-candidate ballot accounting row
2024,Indiana,IN,9,US House,Clark,18019,Clark,0055 OREGON 01,UNDERVOTES,,,ELECTION DAY,32,HOUSE_precinct_general.csv,write-in or non-candidate ballot accounting row
2024,Indiana,IN,9,US House,Clark,18019,Clark,0055 OREGON 01,UNDERVOTES,,,PROVISIONAL,0,HOUSE_precinct_general.csv,write-in or non-candidate ballot accounting row
2024,Indiana,IN,9,US House,Clark,18019,Clark,0056 OWEN 01,OVERVOTES,,,EARLY VOTING,0,HOUSE_precinct_general.csv,write-in or non-candidate ballot accounting row
2024,Indiana,IN,9,US House,Clark,18019,Clark,0056 OWEN 01,OVERVOTES,,,ELECTION DAY,0,HOUSE_precinct_general.csv,write-in or non-candidate ballot accounting row
2024,Indiana,IN,9,US House,Clark,18019,Clark,0056 OWEN 01,OVERVOTES,,,PROVISIONAL,0,HOUSE_precinct_general.csv,write-in or non-candidate ballot accounting row
2024,Indiana,IN,9,US House,Clark,18019,Clark,0056 OWEN 01,UNDERVOTES,,,EARLY VOTING,2,HOUSE_precinct_general.csv,write-in or non-candidate ballot accounting row
2024,Indiana,IN,9,US House,Clark,18019,Clark,0056 OWEN 01,UNDERVOTES,,,ELECTION DAY,22,HOUSE_precinct_general.csv,write-in or non-candidate ballot accounting row
2024,Indiana,IN,9,US House,Clark,18019,Clark,0056 OWEN 01,UNDERVOTES,,,PROVISIONAL,0,HOUSE_precinct_general.csv,write-in or non-candidate ballot accounting row
2024,Indiana,IN,9,US House,Clark,18019,Clark,0057 SILVER CREEK/CLARKSVILLE 43,OVERVOTES,,,EARLY VOTING,0,HOUSE_precinct_general.csv,write-in or non-candidate ballot accounting row
2024,Indiana,IN,9,US House,Clark,18019,Clark,0057 SILVER CREEK/CLARKSVILLE 43,OVERVOTES,,,ELECTION DAY,0,HOUSE_precinct_general.csv,write-in or non-candidate ballot accounting row
2024,Indiana,IN,9,US House,Clark,18019,Clark,0057 SILVER CREEK/CLARKSVILLE 43,OVERVOTES,,,PROVISIONAL,0,HOUSE_precinct_general.csv,write-in or non-candidate ballot accounting row
2024,Indiana,IN,9,US House,Clark,18019,Clark,0057 SILVER CREEK/CLARKSVILLE 43,UNDERVOTES,,,EARLY VOTING,7,HOUSE_precinct_general.csv,write-in or non-candidate ballot accounting row
2024,Indiana,IN,9,US House,Clark,18019,Clark,0057 SILVER CREEK/CLARKSVILLE 43,UNDERVOTES,,,ELECTION DAY,11,HOUSE_precinct_general.csv,write-in or non-candidate ballot accounting row
2024,Indiana,IN,9,US House,Clark,18019,Clark,0057 SILVER CREEK/CLARKSVILLE 43,UNDERVOTES,,,PROVISIONAL,0,HOUSE_precinct_general.csv,write-in or non-candidate ballot accounting row
2024,Indiana,IN,9,US House,Clark,18019,Clark,0058 SILVER CREEK/CLARKSVILLE 44,OVERVOTES,,,EARLY VOTING,0,HOUSE_precinct_general.csv,write-in or non-candidate ballot accounting row
2024,Indiana,IN,9,US House,Clark,18019,Clark,0058 SILVER CREEK/CLARKSVILLE 44,OVERVOTES,,,ELECTION DAY,0,HOUSE_precinct_general.csv,write-in or non-candidate ballot accounting row
2024,Indiana,IN,9,US House,Clark,18019,Clark,0058 SILVER CREEK/CLARKSVILLE 44,OVERVOTES,,,PROVISIONAL,0,HOUSE_precinct_general.csv,write-in or non-candidate ballot accounting row
2024,Indiana,IN,9,US House,Clark,18019,Clark,0058 SILVER CREEK/CLARKSVILLE 44,UNDERVOTES,,,EARLY VOTING,13,HOUSE_precinct_general.csv,write-in or non-candidate ballot accounting row
2024,Indiana,IN,9,US House,Clark,18019,Clark,0058 SILVER CREEK/CLARKSVILLE 44,UNDERVOTES,,,ELECTION DAY,13,HOUSE_precinct_general.csv,write-in or non-candidate ballot accounting row
2024,Indiana,IN,9,US House,Clark,18019,Clark,0058 SILVER CREEK/CLARKSVILLE 44,UNDERVOTES,,,PROVISIONAL,0,HOUSE_precinct_general.csv,write-in or non-candidate ballot accounting row
2024,Indiana,IN,9,US House,Clark,18019,Clark,0059 SILVER CREEK 01,OVERVOTES,,,EARLY VOTING,0,HOUSE_precinct_general.csv,write-in or non-candidate ballot accounting row
2024,Indiana,IN,9,US House,Clark,18019,Clark,0059 SILVER CREEK 01,OVERVOTES,,,ELECTION DAY,0,HOUSE_precinct_general.csv,write-in or non-candidate ballot accounting row
2024,Indiana,IN,9,US House,Clark,18019,Clark,0059 SILVER CREEK 01,OVERVOTES,,,PROVISIONAL,0,HOUSE_precinct_general.csv,write-in or non-candidate ballot accounting row
2024,Indiana,IN,9,US House,Clark,18019,Clark,0059 SILVER CREEK 01,UNDERVOTES,,,EARLY VOTING,3,HOUSE_precinct_general.csv,write-in or non-candidate ballot accounting row
2024,Indiana,IN,9,US House,Clark,18019,Clark,0059 SILVER CREEK 01,UNDERVOTES,,,ELECTION DAY,13,HOUSE_precinct_general.csv,write-in or non-candidate ballot accounting row
2024,Indiana,IN,9,US House,Clark,18019,Clark,0059 SILVER CREEK 01,UNDERVOTES,,,PROVISIONAL,0,HOUSE_precinct_general.csv,write-in or non-candidate ballot accounting row
2024,Indiana,IN,9,US House,Clark,18019,Clark,0060 SILVER CREEK 02,OVERVOTES,,,EARLY VOTING,0,HOUSE_precinct_general.csv,write-in or non-candidate ballot accounting row
2024,Indiana,IN,9,US House,Clark,18019,Clark,0060 SILVER CREEK 02,OVERVOTES,,,ELECTION DAY,0,HOUSE_precinct_general.csv,write-in or non-candidate ballot accounting row
2024,Indiana,IN,9,US House,Clark,18019,Clark,0060 SILVER CREEK 02,OVERVOTES,,,PROVISIONAL,0,HOUSE_precinct_general.csv,write-in or non-candidate ballot accounting row
2024,Indiana,IN,9,US House,Clark,18019,Clark,0060 SILVER CREEK 02,UNDERVOTES,,,EARLY VOTING,1,HOUSE_precinct_general.csv,write-in or non-candidate ballot accounting row
2024,Indiana,IN,9,US House,Clark,18019,Clark,0060 SILVER CREEK 02,UNDERVOTES,,,ELECTION DAY,7,HOUSE_precinct_general.csv,write-in or non-candidate ballot accounting row
2024,Indiana,IN,9,US House,Clark,18019,Clark,0060 SILVER CREEK 02,UNDERVOTES,,,PROVISIONAL,0,HOUSE_precinct_general.csv,write-in or non-candidate ballot accounting row
2024,Indiana,IN,9,US House,Clark,18019,Clark,0061 SILVER CREEK 03,OVERVOTES,,,EARLY VOTING,0,HOUSE_precinct_general.csv,write-in or non-candidate ballot accounting row
2024,Indiana,IN,9,US House,Clark,18019,Clark,0061 SILVER CREEK 03,OVERVOTES,,,ELECTION DAY,0,HOUSE_precinct_general.csv,write-in or non-candidate ballot accounting row
2024,Indiana,IN,9,US House,Clark,18019,Clark,0061 SILVER CREEK 03,OVERVOTES,,,PROVISIONAL,0,HOUSE_precinct_general.csv,write-in or non-candidate ballot accounting row
2024,Indiana,IN,9,US House,Clark,18019,Clark,0061 SILVER CREEK 03,UNDERVOTES,,,EARLY VOTING,6,HOUSE_precinct_general.csv,write-in or non-candidate ballot accounting row
2024,Indiana,IN,9,US House,Clark,18019,Clark,0061 SILVER CREEK 03,UNDERVOTES,,,ELECTION DAY,8,HOUSE_precinct_general.csv,write-in or non-candidate ballot accounting row
2024,Indiana,IN,9,US House,Clark,18019,Clark,0061 SILVER CREEK 03,UNDERVOTES,,,PROVISIONAL,0,HOUSE_precinct_general.csv,write-in or non-candidate ballot accounting row
2024,Indiana,IN,9,US House,Clark,18019,Clark,0062 SILVER CREEK 04,OVERVOTES,,,EARLY VOTING,0,HOUSE_precinct_general.csv,write-in or non-candidate ballot accounting row
2024,Indiana,IN,9,US House,Clark,18019,Clark,0062 SILVER CREEK 04,OVERVOTES,,,ELECTION DAY,0,HOUSE_precinct_general.csv,write-in or non-candidate ballot accounting row
2024,Indiana,IN,9,US House,Clark,18019,Clark,0062 SILVER CREEK 04,OVERVOTES,,,PROVISIONAL,0,HOUSE_precinct_general.csv,write-in or non-candidate ballot accounting row
2024,Indiana,IN,9,US House,Clark,18019,Clark,0062 SILVER CREEK 04,UNDERVOTES,,,EARLY VOTING,20,HOUSE_precinct_general.csv,write-in or non-candidate ballot accounting row
2024,Indiana,IN,9,US House,Clark,18019,Clark,0062 SILVER CREEK 04,UNDERVOTES,,,ELECTION DAY,17,HOUSE_precinct_general.csv,write-in or non-candidate ballot accounting row
2024,Indiana,IN,9,US House,Clark,18019,Clark,0062 SILVER CREEK 04,UNDERVOTES,,,PROVISIONAL,0,HOUSE_precinct_general.csv,write-in or non-candidate ballot accounting row
2024,Indiana,IN,9,US House,Clark,18019,Clark,0063 SILVER CREEK 05,OVERVOTES,,,EARLY VOTING,0,HOUSE_precinct_general.csv,write-in or non-candidate ballot accounting row
2024,Indiana,IN,9,US House,Clark,18019,Clark,0063 SILVER CREEK 05,OVERVOTES,,,ELECTION DAY,0,HOUSE_precinct_general.csv,write-in or non-candidate ballot accounting row
2024,Indiana,IN,9,US House,Clark,18019,Clark,0063 SILVER CREEK 05,OVERVOTES,,,PROVISIONAL,0,HOUSE_precinct_general.csv,write-in or non-candidate ballot accounting row
2024,Indiana,IN,9,US House,Clark,18019,Clark,0063 SILVER CREEK 05,UNDERVOTES,,,EARLY VOTING,8,HOUSE_precinct_general.csv,write-in or non-candidate ballot accounting row
2024,Indiana,IN,9,US House,Clark,18019,Clark,0063 SILVER CREEK 05,UNDERVOTES,,,ELECTION DAY,9,HOUSE_precinct_general.csv,write-in or non-candidate ballot accounting row
2024,Indiana,IN,9,US House,Clark,18019,Clark,0063 SILVER CREEK 05,UNDERVOTES,,,PROVISIONAL,0,HOUSE_precinct_general.csv,write-in or non-candidate ballot accounting row
2024,Indiana,IN,9,US House,Clark,18019,Clark,0064 SILVER CREEK 06,OVERVOTES,,,EARLY VOTING,0,HOUSE_precinct_general.csv,write-in or non-candidate ballot accounting row
2024,Indiana,IN,9,US House,Clark,18019,Clark,0064 SILVER CREEK 06,OVERVOTES,,,ELECTION DAY,0,HOUSE_precinct_general.csv,write-in or non-candidate ballot accounting row
2024,Indiana,IN,9,US House,Clark,18019,Clark,0064 SILVER CREEK 06,OVERVOTES,,,PROVISIONAL,0,HOUSE_precinct_general.csv,write-in or non-candidate ballot accounting row
2024,Indiana,IN,9,US House,Clark,18019,Clark,0064 SILVER CREEK 06,UNDERVOTES,,,EARLY VOTING,17,HOUSE_precinct_general.csv,write-in or non-candidate ballot accounting row
2024,Indiana,IN,9,US House,Clark,18019,Clark,0064 SILVER CREEK 06,UNDERVOTES,,,ELECTION DAY,39,HOUSE_precinct_general.csv,write-in or non-candidate ballot accounting row
2024,Indiana,IN,9,US House,Clark,18019,Clark,0064 SILVER CREEK 06,UNDERVOTES,,,PROVISIONAL,0,HOUSE_precinct_general.csv,write-in or non-candidate ballot accounting row
2024,Indiana,IN,9,US House,Clark,18019,Clark,0065 SILVER CREEK 07,OVERVOTES,,,EARLY VOTING,0,HOUSE_precinct_general.csv,write-in or non-candidate ballot accounting row
2024,Indiana,IN,9,US House,Clark,18019,Clark,0065 SILVER CREEK 07,OVERVOTES,,,ELECTION DAY,0,HOUSE_precinct_general.csv,write-in or non-candidate ballot accounting row
2024,Indiana,IN,9,US House,Clark,18019,Clark,0065 SILVER CREEK 07,OVERVOTES,,,PROVISIONAL,0,HOUSE_precinct_general.csv,write-in or non-candidate ballot accounting row
2024,Indiana,IN,9,US House,Clark,18019,Clark,0065 SILVER CREEK 07,UNDERVOTES,,,EARLY VOTING,1,HOUSE_precinct_general.csv,write-in or non-candidate ballot accounting row
2024,Indiana,IN,9,US House,Clark,18019,Clark,0065 SILVER CREEK 07,UNDERVOTES,,,ELECTION DAY,5,HOUSE_precinct_general.csv,write-in or non-candidate ballot accounting row
2024,Indiana,IN,9,US House,Clark,18019,Clark,0065 SILVER CREEK 07,UNDERVOTES,,,PROVISIONAL,0,HOUSE_precinct_general.csv,write-in or non-candidate ballot accounting row
2024,Indiana,IN,9,US House,Clark,18019,Clark,0066 UNION 01,OVERVOTES,,,EARLY VOTING,0,HOUSE_precinct_general.csv,write-in or non-candidate ballot accounting row
2024,Indiana,IN,9,US House,Clark,18019,Clark,0066 UNION 01,OVERVOTES,,,ELECTION DAY,0,HOUSE_precinct_general.csv,write-in or non-candidate ballot accounting row
2024,Indiana,IN,9,US House,Clark,18019,Clark,0066 UNION 01,OVERVOTES,,,PROVISIONAL,0,HOUSE_precinct_general.csv,write-in or non-candidate ballot accounting row
2024,Indiana,IN,9,US House,Clark,18019,Clark,0066 UNION 01,UNDERVOTES,,,EARLY VOTING,16,HOUSE_precinct_general.csv,write-in or non-candidate ballot accounting row
2024,Indiana,IN,9,US House,Clark,18019,Clark,0066 UNION 01,UNDERVOTES,,,ELECTION DAY,33,HOUSE_precinct_general.csv,write-in or non-candidate ballot accounting row
2024,Indiana,IN,9,US House,Clark,18019,Clark,0066 UNION 01,UNDERVOTES,,,PROVISIONAL,0,HOUSE_precinct_general.csv,write-in or non-candidate ballot accounting row
2024,Indiana,IN,9,US House,Clark,18019,Clark,0067 UNION 02,OVERVOTES,,,EARLY VOTING,0,HOUSE_precinct_general.csv,write-in or non-candidate ballot accounting row
2024,Indiana,IN,9,US House,Clark,18019,Clark,0067 UNION 02,OVERVOTES,,,ELECTION DAY,0,HOUSE_precinct_general.csv,write-in or non-candidate ballot accounting row
2024,Indiana,IN,9,US House,Clark,18019,Clark,0067 UNION 02,OVERVOTES,,,PROVISIONAL,0,HOUSE_precinct_general.csv,write-in or non-candidate ballot accounting row
2024,Indiana,IN,9,US House,Clark,18019,Clark,0067 UNION 02,UNDERVOTES,,,EARLY VOTING,13,HOUSE_precinct_general.csv,write-in or non-candidate ballot accounting row
2024,Indiana,IN,9,US House,Clark,18019,Clark,0067 UNION 02,UNDERVOTES,,,ELECTION DAY,35,HOUSE_precinct_general.csv,write-in or non-candidate ballot accounting row
2024,Indiana,IN,9,US House,Clark,18019,Clark,0067 UNION 02,UNDERVOTES,,,PROVISIONAL,0,HOUSE_precinct_general.csv,write-in or non-candidate ballot accounting row
2024,Indiana,IN,9,US House,Clark,18019,Clark,0068 UTICA 01,OVERVOTES,,,EARLY VOTING,0,HOUSE_precinct_general.csv,write-in or non-candidate ballot accounting row
2024,Indiana,IN,9,US House,Clark,18019,Clark,0068 UTICA 01,OVERVOTES,,,ELECTION DAY,0,HOUSE_precinct_general.csv,write-in or non-candidate ballot accounting row
2024,Indiana,IN,9,US House,Clark,18019,Clark,0068 UTICA 01,OVERVOTES,,,PROVISIONAL,0,HOUSE_precinct_general.csv,write-in or non-candidate ballot accounting row
2024,Indiana,IN,9,US House,Clark,18019,Clark,0068 UTICA 01,UNDERVOTES,,,EARLY VOTING,5,HOUSE_precinct_general.csv,write-in or non-candidate ballot accounting row
2024,Indiana,IN,9,US House,Clark,18019,Clark,0068 UTICA 01,UNDERVOTES,,,ELECTION DAY,16,HOUSE_precinct_general.csv,write-in or non-candidate ballot accounting row
2024,Indiana,IN,9,US House,Clark,18019,Clark,0068 UTICA 01,UNDERVOTES,,,PROVISIONAL,0,HOUSE_precinct_general.csv,write-in or non-candidate ballot accounting row
2024,Indiana,IN,9,US House,Clark,18019,Clark,0069 UTICA 02,OVERVOTES,,,EARLY VOTING,0,HOUSE_precinct_general.csv,write-in or non-candidate ballot accounting row
2024,Indiana,IN,9,US House,Clark,18019,Clark,0069 UTICA 02,OVERVOTES,,,ELECTION DAY,1,HOUSE_precinct_general.csv,write-in or non-candidate ballot accounting row
2024,Indiana,IN,9,US House,Clark,18019,Clark,0069 UTICA 02,OVERVOTES,,,PROVISIONAL,0,HOUSE_precinct_general.csv,write-in or non-candidate ballot accounting row
2024,Indiana,IN,9,US House,Clark,18019,Clark,0069 UTICA 02,UNDERVOTES,,,EARLY VOTING,31,HOUSE_precinct_general.csv,write-in or non-candidate ballot accounting row
2024,Indiana,IN,9,US House,Clark,18019,Clark,0069 UTICA 02,UNDERVOTES,,,ELECTION DAY,46,HOUSE_precinct_general.csv,write-in or non-candidate ballot accounting row
2024,Indiana,IN,9,US House,Clark,18019,Clark,0069 UTICA 02,UNDERVOTES,,,PROVISIONAL,0,HOUSE_precinct_general.csv,write-in or non-candidate ballot accounting row
2024,Indiana,IN,9,US House,Clark,18019,Clark,0070 UTICA 03,OVERVOTES,,,EARLY VOTING,0,HOUSE_precinct_general.csv,write-in or non-candidate ballot accounting row
2024,Indiana,IN,9,US House,Clark,18019,Clark,0070 UTICA 03,OVERVOTES,,,ELECTION DAY,0,HOUSE_precinct_general.csv,write-in or non-candidate ballot accounting row
2024,Indiana,IN,9,US House,Clark,18019,Clark,0070 UTICA 03,OVERVOTES,,,PROVISIONAL,0,HOUSE_precinct_general.csv,write-in or non-candidate ballot accounting row
2024,Indiana,IN,9,US House,Clark,18019,Clark,0070 UTICA 03,UNDERVOTES,,,EARLY VOTING,13,HOUSE_precinct_general.csv,write-in or non-candidate ballot accounting row
2024,Indiana,IN,9,US House,Clark,18019,Clark,0070 UTICA 03,UNDERVOTES,,,ELECTION DAY,40,HOUSE_precinct_general.csv,write-in or non-candidate ballot accounting row
2024,Indiana,IN,9,US House,Clark,18019,Clark,0070 UTICA 03,UNDERVOTES,,,PROVISIONAL,0,HOUSE_precinct_general.csv,write-in or non-candidate ballot accounting row
2024,Indiana,IN,9,US House,Clark,18019,Clark,0071 UTICA 04,OVERVOTES,,,EARLY VOTING,0,HOUSE_precinct_general.csv,write-in or non-candidate ballot accounting row
2024,Indiana,IN,9,US House,Clark,18019,Clark,0071 UTICA 04,OVERVOTES,,,ELECTION DAY,0,HOUSE_precinct_general.csv,write-in or non-candidate ballot accounting row
2024,Indiana,IN,9,US House,Clark,18019,Clark,0071 UTICA 04,OVERVOTES,,,PROVISIONAL,0,HOUSE_precinct_general.csv,write-in or non-candidate ballot accounting row
2024,Indiana,IN,9,US House,Clark,18019,Clark,0071 UTICA 04,UNDERVOTES,,,EARLY VOTING,18,HOUSE_precinct_general.csv,write-in or non-candidate ballot accounting row
2024,Indiana,IN,9,US House,Clark,18019,Clark,0071 UTICA 04,UNDERVOTES,,,ELECTION DAY,42,HOUSE_precinct_general.csv,write-in or non-candidate ballot accounting row
2024,Indiana,IN,9,US House,Clark,18019,Clark,0071 UTICA 04,UNDERVOTES,,,PROVISIONAL,0,HOUSE_precinct_general.csv,write-in or non-candidate ballot accounting row
2024,Indiana,IN,9,US House,Clark,18019,Clark,0072 WASHINGTON 01,OVERVOTES,,,EARLY VOTING,0,HOUSE_precinct_general.csv,write-in or non-candidate ballot accounting row
2024,Indiana,IN,9,US House,Clark,18019,Clark,0072 WASHINGTON 01,OVERVOTES,,,ELECTION DAY,0,HOUSE_precinct_general.csv,write-in or non-candidate ballot accounting row
2024,Indiana,IN,9,US House,Clark,18019,Clark,0072 WASHINGTON 01,OVERVOTES,,,PROVISIONAL,0,HOUSE_precinct_general.csv,write-in or non-candidate ballot accounting row
2024,Indiana,IN,9,US House,Clark,18019,Clark,0072 WASHINGTON 01,UNDERVOTES,,,EARLY VOTING,4,HOUSE_precinct_general.csv,write-in or non-candidate ballot accounting row
2024,Indiana,IN,9,US House,Clark,18019,Clark,0072 WASHINGTON 01,UNDERVOTES,,,ELECTION DAY,27,HOUSE_precinct_general.csv,write-in or non-candidate ballot accounting row
2024,Indiana,IN,9,US House,Clark,18019,Clark,0072 WASHINGTON 01,UNDERVOTES,,,PROVISIONAL,0,HOUSE_precinct_general.csv,write-in or non-candidate ballot accounting row
2024,Indiana,IN,9,US House,Clark,18019,Clark,0073 WOOD 01,OVERVOTES,,,EARLY VOTING,0,HOUSE_precinct_general.csv,write-in or non-candidate ballot accounting row
2024,Indiana,IN,9,US House,Clark,18019,Clark,0073 WOOD 01,OVERVOTES,,,ELECTION DAY,0,HOUSE_precinct_general.csv,write-in or non-candidate ballot accounting row
2024,Indiana,IN,9,US House,Clark,18019,Clark,0073 WOOD 01,OVERVOTES,,,PROVISIONAL,0,HOUSE_precinct_general.csv,write-in or non-candidate ballot accounting row
2024,Indiana,IN,9,US House,Clark,18019,Clark,0073 WOOD 01,UNDERVOTES,,,EARLY VOTING,2,HOUSE_precinct_general.csv,write-in or non-candidate ballot accounting row
2024,Indiana,IN,9,US House,Clark,18019,Clark,0073 WOOD 01,UNDERVOTES,,,ELECTION DAY,8,HOUSE_precinct_general.csv,write-in or non-candidate ballot accounting row
2024,Indiana,IN,9,US House,Clark,18019,Clark,0073 WOOD 01,UNDERVOTES,,,PROVISIONAL,0,HOUSE_precinct_general.csv,write-in or non-candidate ballot accounting row
2024,Indiana,IN,9,US House,Clark,18019,Clark,0074 WOOD 02,OVERVOTES,,,EARLY VOTING,0,HOUSE_precinct_general.csv,write-in or non-candidate ballot accounting row
2024,Indiana,IN,9,US House,Clark,18019,Clark,0074 WOOD 02,OVERVOTES,,,ELECTION DAY,0,HOUSE_precinct_general.csv,write-in or non-candidate ballot accounting row
2024,Indiana,IN,9,US House,Clark,18019,Clark,0074 WOOD 02,OVERVOTES,,,PROVISIONAL,0,HOUSE_precinct_general.csv,write-in or non-candidate ballot accounting row
2024,Indiana,IN,9,US House,Clark,18019,Clark,0074 WOOD 02,UNDERVOTES,,,EARLY VOTING,9,HOUSE_precinct_general.csv,write-in or non-candidate ballot accounting row
2024,Indiana,IN,9,US House,Clark,18019,Clark,0074 WOOD 02,UNDERVOTES,,,ELECTION DAY,23,HOUSE_precinct_general.csv,write-in or non-candidate ballot accounting row
2024,Indiana,IN,9,US House,Clark,18019,Clark,0074 WOOD 02,UNDERVOTES,,,PROVISIONAL,0,HOUSE_precinct_general.csv,write-in or non-candidate ballot accounting row
2024,Indiana,IN,9,US House,Clark,18019,Clark,0075 WOOD 03,OVERVOTES,,,EARLY VOTING,0,HOUSE_precinct_general.csv,write-in or non-candidate ballot accounting row
2024,Indiana,IN,9,US House,Clark,18019,Clark,0075 WOOD 03,OVERVOTES,,,ELECTION DAY,0,HOUSE_precinct_general.csv,write-in or non-candidate ballot accounting row
2024,Indiana,IN,9,US House,Clark,18019,Clark,0075 WOOD 03,OVERVOTES,,,PROVISIONAL,0,HOUSE_precinct_general.csv,write-in or non-candidate ballot accounting row
2024,Indiana,IN,9,US House,Clark,18019,Clark,0075 WOOD 03,UNDERVOTES,,,EARLY VOTING,6,HOUSE_precinct_general.csv,write-in or non-candidate ballot accounting row
2024,Indiana,IN,9,US House,Clark,18019,Clark,0075 WOOD 03,UNDERVOTES,,,ELECTION DAY,5,HOUSE_precinct_general.csv,write-in or non-candidate ballot accounting row
2024,Indiana,IN,9,US House,Clark,18019,Clark,0075 WOOD 03,UNDERVOTES,,,PROVISIONAL,0,HOUSE_precinct_general.csv,write-in or non-candidate ballot accounting row
2024,Indiana,IN,9,US House,Clark,18019,Clark,0027 JEFFERSONVILLE 15,OVERVOTES,,,EARLY VOTING,1,HOUSE_precinct_general.csv,write-in or non-candidate ballot accounting row
2024,Indiana,IN,9,US House,Clark,18019,Clark,0027 JEFFERSONVILLE 15,OVERVOTES,,,ELECTION DAY,0,HOUSE_precinct_general.csv,write-in or non-candidate ballot accounting row
2024,Indiana,IN,9,US House,Clark,18019,Clark,0027 JEFFERSONVILLE 15,OVERVOTES,,,PROVISIONAL,0,HOUSE_precinct_general.csv,write-in or non-candidate ballot accounting row
2024,Indiana,IN,9,US House,Clark,18019,Clark,0027 JEFFERSONVILLE 15,UNDERVOTES,,,EARLY VOTING,20,HOUSE_precinct_general.csv,write-in or non-candidate ballot accounting row
2024,Indiana,IN,9,US House,Clark,18019,Clark,0027 JEFFERSONVILLE 15,UNDERVOTES,,,ELECTION DAY,31,HOUSE_precinct_general.csv,write-in or non-candidate ballot accounting row
2024,Indiana,IN,9,US House,Clark,18019,Clark,0027 JEFFERSONVILLE 15,UNDERVOTES,,,PROVISIONAL,0,HOUSE_precinct_general.csv,write-in or non-candidate ballot accounting row
2024,Indiana,IN,9,US House,Lawrence,18093,Lawrence,01 SHAWSWICK 01A,WRITE-IN,,,EARLY VOTING,0,HOUSE_precinct_general.csv,write-in or non-candidate ballot accounting row
2024,Indiana,IN,9,US House,Lawrence,18093,Lawrence,01 SHAWSWICK 01A,WRITE-IN,,,ELECTION DAY,0,HOUSE_precinct_general.csv,write-in or non-candidate ballot accounting row
2024,Indiana,IN,9,US House,Lawrence,18093,Lawrence,01 SHAWSWICK 01A,WRITE-IN,,,ABSENTEE,0,HOUSE_precinct_general.csv,write-in or non-candidate ballot accounting row
2024,Indiana,IN,9,US House,Lawrence,18093,Lawrence,02 SHAWSWICK 01B,WRITE-IN,,,EARLY VOTING,0,HOUSE_precinct_general.csv,write-in or non-candidate ballot accounting row
2024,Indiana,IN,9,US House,Lawrence,18093,Lawrence,02 SHAWSWICK 01B,WRITE-IN,,,ELECTION DAY,0,HOUSE_precinct_general.csv,write-in or non-candidate ballot accounting row
2024,Indiana,IN,9,US House,Lawrence,18093,Lawrence,02 SHAWSWICK 01B,WRITE-IN,,,ABSENTEE,0,HOUSE_precinct_general.csv,write-in or non-candidate ballot accounting row
2024,Indiana,IN,9,US House,Lawrence,18093,Lawrence,03 SHAWSWICK 02,WRITE-IN,,,EARLY VOTING,0,HOUSE_precinct_general.csv,write-in or non-candidate ballot accounting row
2024,Indiana,IN,9,US House,Lawrence,18093,Lawrence,03 SHAWSWICK 02,WRITE-IN,,,ELECTION DAY,0,HOUSE_precinct_general.csv,write-in or non-candidate ballot accounting row
2024,Indiana,IN,9,US House,Lawrence,18093,Lawrence,03 SHAWSWICK 02,WRITE-IN,,,ABSENTEE,0,HOUSE_precinct_general.csv,write-in or non-candidate ballot accounting row
2024,Indiana,IN,9,US House,Lawrence,18093,Lawrence,04 SHAWSWICK 03,WRITE-IN,,,EARLY VOTING,0,HOUSE_precinct_general.csv,write-in or non-candidate ballot accounting row
2024,Indiana,IN,9,US House,Lawrence,18093,Lawrence,04 SHAWSWICK 03,WRITE-IN,,,ELECTION DAY,0,HOUSE_precinct_general.csv,write-in or non-candidate ballot accounting row
2024,Indiana,IN,9,US House,Lawrence,18093,Lawrence,04 SHAWSWICK 03,WRITE-IN,,,ABSENTEE,0,HOUSE_precinct_general.csv,write-in or non-candidate ballot accounting row
2024,Indiana,IN,9,US House,Lawrence,18093,Lawrence,05 SHAWSWICK 04,WRITE-IN,,,EARLY VOTING,0,HOUSE_precinct_general.csv,write-in or non-candidate ballot accounting row
2024,Indiana,IN,9,US House,Lawrence,18093,Lawrence,05 SHAWSWICK 04,WRITE-IN,,,ELECTION DAY,0,HOUSE_precinct_general.csv,write-in or non-candidate ballot accounting row
2024,Indiana,IN,9,US House,Lawrence,18093,Lawrence,05 SHAWSWICK 04,WRITE-IN,,,ABSENTEE,0,HOUSE_precinct_general.csv,write-in or non-candidate ballot accounting row
2024,Indiana,IN,9,US House,Lawrence,18093,Lawrence,06 SHAWSWICK 05A,WRITE-IN,,,EARLY VOTING,0,HOUSE_precinct_general.csv,write-in or non-candidate ballot accounting row
2024,Indiana,IN,9,US House,Lawrence,18093,Lawrence,06 SHAWSWICK 05A,WRITE-IN,,,ELECTION DAY,0,HOUSE_precinct_general.csv,write-in or non-candidate ballot accounting row
2024,Indiana,IN,9,US House,Lawrence,18093,Lawrence,06 SHAWSWICK 05A,WRITE-IN,,,ABSENTEE,0,HOUSE_precinct_general.csv,write-in or non-candidate ballot accounting row
2024,Indiana,IN,9,US House,Lawrence,18093,Lawrence,07 SHAWSWICK 05B,WRITE-IN,,,EARLY VOTING,0,HOUSE_precinct_general.csv,write-in or non-candidate ballot accounting row
2024,Indiana,IN,9,US House,Lawrence,18093,Lawrence,07 SHAWSWICK 05B,WRITE-IN,,,ELECTION DAY,0,HOUSE_precinct_general.csv,write-in or non-candidate ballot accounting row
2024,Indiana,IN,9,US House,Lawrence,18093,Lawrence,07 SHAWSWICK 05B,WRITE-IN,,,ABSENTEE,0,HOUSE_precinct_general.csv,write-in or non-candidate ballot accounting row
2024,Indiana,IN,9,US House,Lawrence,18093,Lawrence,08 SHAWSWICK 06,WRITE-IN,,,EARLY VOTING,0,HOUSE_precinct_general.csv,write-in or non-candidate ballot accounting row
2024,Indiana,IN,9,US House,Lawrence,18093,Lawrence,08 SHAWSWICK 06,WRITE-IN,,,ELECTION DAY,0,HOUSE_precinct_general.csv,write-in or non-candidate ballot accounting row
2024,Indiana,IN,9,US House,Lawrence,18093,Lawrence,08 SHAWSWICK 06,WRITE-IN,,,ABSENTEE,0,HOUSE_precinct_general.csv,write-in or non-candidate ballot accounting row
2024,Indiana,IN,9,US House,Lawrence,18093,Lawrence,09 SHAWSWICK 07A,WRITE-IN,,,EARLY VOTING,0,HOUSE_precinct_general.csv,write-in or non-candidate ballot accounting row
2024,Indiana,IN,9,US House,Lawrence,18093,Lawrence,09 SHAWSWICK 07A,WRITE-IN,,,ELECTION DAY,0,HOUSE_precinct_general.csv,write-in or non-candidate ballot accounting row
2024,Indiana,IN,9,US House,Lawrence,18093,Lawrence,09 SHAWSWICK 07A,WRITE-IN,,,ABSENTEE,0,HOUSE_precinct_general.csv,write-in or non-candidate ballot accounting row
2024,Indiana,IN,9,US House,Lawrence,18093,Lawrence,10 SHAWSWICK 07B,WRITE-IN,,,EARLY VOTING,0,HOUSE_precinct_general.csv,write-in or non-candidate ballot accounting row
2024,Indiana,IN,9,US House,Lawrence,18093,Lawrence,10 SHAWSWICK 07B,WRITE-IN,,,ELECTION DAY,0,HOUSE_precinct_general.csv,write-in or non-candidate ballot accounting row
2024,Indiana,IN,9,US House,Lawrence,18093,Lawrence,10 SHAWSWICK 07B,WRITE-IN,,,ABSENTEE,0,HOUSE_precinct_general.csv,write-in or non-candidate ballot accounting row
2024,Indiana,IN,9,US House,Lawrence,18093,Lawrence,11 SHAWSWICK 08,WRITE-IN,,,EARLY VOTING,0,HOUSE_precinct_general.csv,write-in or non-candidate ballot accounting row
2024,Indiana,IN,9,US House,Lawrence,18093,Lawrence,11 SHAWSWICK 08,WRITE-IN,,,ELECTION DAY,0,HOUSE_precinct_general.csv,write-in or non-candidate ballot accounting row
2024,Indiana,IN,9,US House,Lawrence,18093,Lawrence,11 SHAWSWICK 08,WRITE-IN,,,ABSENTEE,0,HOUSE_precinct_general.csv,write-in or non-candidate ballot accounting row
2024,Indiana,IN,9,US House,Lawrence,18093,Lawrence,12 SHAWSWICK 09,WRITE-IN,,,EARLY VOTING,0,HOUSE_precinct_general.csv,write-in or non-candidate ballot accounting row
2024,Indiana,IN,9,US House,Lawrence,18093,Lawrence,12 SHAWSWICK 09,WRITE-IN,,,ELECTION DAY,0,HOUSE_precinct_general.csv,write-in or non-candidate ballot accounting row
2024,Indiana,IN,9,US House,Lawrence,18093,Lawrence,12 SHAWSWICK 09,WRITE-IN,,,ABSENTEE,0,HOUSE_precinct_general.csv,write-in or non-candidate ballot accounting row
2024,Indiana,IN,9,US House,Lawrence,18093,Lawrence,13 SHAWSWICK 10,WRITE-IN,,,EARLY VOTING,0,HOUSE_precinct_general.csv,write-in or non-candidate ballot accounting row
2024,Indiana,IN,9,US House,Lawrence,18093,Lawrence,13 SHAWSWICK 10,WRITE-IN,,,ELECTION DAY,0,HOUSE_precinct_general.csv,write-in or non-candidate ballot accounting row
2024,Indiana,IN,9,US House,Lawrence,18093,Lawrence,13 SHAWSWICK 10,WRITE-IN,,,ABSENTEE,0,HOUSE_precinct_general.csv,write-in or non-candidate ballot accounting row
2024,Indiana,IN,9,US House,Lawrence,18093,Lawrence,14 SHAWSWICK 11,WRITE-IN,,,EARLY VOTING,0,HOUSE_precinct_general.csv,write-in or non-candidate ballot accounting row
2024,Indiana,IN,9,US House,Lawrence,18093,Lawrence,14 SHAWSWICK 11,WRITE-IN,,,ELECTION DAY,0,HOUSE_precinct_general.csv,write-in or non-candidate ballot accounting row
2024,Indiana,IN,9,US House,Lawrence,18093,Lawrence,14 SHAWSWICK 11,WRITE-IN,,,ABSENTEE,0,HOUSE_precinct_general.csv,write-in or non-candidate ballot accounting row
2024,Indiana,IN,9,US House,Lawrence,18093,Lawrence,15 SHAWSWICK 12,WRITE-IN,,,EARLY VOTING,0,HOUSE_precinct_general.csv,write-in or non-candidate ballot accounting row
2024,Indiana,IN,9,US House,Lawrence,18093,Lawrence,15 SHAWSWICK 12,WRITE-IN,,,ELECTION DAY,0,HOUSE_precinct_general.csv,write-in or non-candidate ballot accounting row
2024,Indiana,IN,9,US House,Lawrence,18093,Lawrence,15 SHAWSWICK 12,WRITE-IN,,,ABSENTEE,0,HOUSE_precinct_general.csv,write-in or non-candidate ballot accounting row
2024,Indiana,IN,9,US House,Lawrence,18093,Lawrence,16 SHAWSWICK 13,WRITE-IN,,,EARLY VOTING,0,HOUSE_precinct_general.csv,write-in or non-candidate ballot accounting row
2024,Indiana,IN,9,US House,Lawrence,18093,Lawrence,16 SHAWSWICK 13,WRITE-IN,,,ELECTION DAY,0,HOUSE_precinct_general.csv,write-in or non-candidate ballot accounting row
2024,Indiana,IN,9,US House,Lawrence,18093,Lawrence,16 SHAWSWICK 13,WRITE-IN,,,ABSENTEE,0,HOUSE_precinct_general.csv,write-in or non-candidate ballot accounting row
2024,Indiana,IN,9,US House,Lawrence,18093,Lawrence,17 SHAWSWICK 14A,WRITE-IN,,,EARLY VOTING,0,HOUSE_precinct_general.csv,write-in or non-candidate ballot accounting row
2024,Indiana,IN,9,US House,Lawrence,18093,Lawrence,17 SHAWSWICK 14A,WRITE-IN,,,ELECTION DAY,0,HOUSE_precinct_general.csv,write-in or non-candidate ballot accounting row
2024,Indiana,IN,9,US House,Lawrence,18093,Lawrence,17 SHAWSWICK 14A,WRITE-IN,,,ABSENTEE,0,HOUSE_precinct_general.csv,write-in or non-candidate ballot accounting row
2024,Indiana,IN,9,US House,Lawrence,18093,Lawrence,18 SHAWSWICK 14B,WRITE-IN,,,EARLY VOTING,0,HOUSE_precinct_general.csv,write-in or non-candidate ballot accounting row
2024,Indiana,IN,9,US House,Lawrence,18093,Lawrence,18 SHAWSWICK 14B,WRITE-IN,,,ELECTION DAY,0,HOUSE_precinct_general.csv,write-in or non-candidate ballot accounting row
2024,Indiana,IN,9,US House,Lawrence,18093,Lawrence,18 SHAWSWICK 14B,WRITE-IN,,,ABSENTEE,0,HOUSE_precinct_general.csv,write-in or non-candidate ballot accounting row
2024,Indiana,IN,9,US House,Lawrence,18093,Lawrence,19 SHAWSWICK 15A,WRITE-IN,,,EARLY VOTING,0,HOUSE_precinct_general.csv,write-in or non-candidate ballot accounting row
2024,Indiana,IN,9,US House,Lawrence,18093,Lawrence,19 SHAWSWICK 15A,WRITE-IN,,,ELECTION DAY,0,HOUSE_precinct_general.csv,write-in or non-candidate ballot accounting row
2024,Indiana,IN,9,US House,Lawrence,18093,Lawrence,19 SHAWSWICK 15A,WRITE-IN,,,ABSENTEE,0,HOUSE_precinct_general.csv,write-in or non-candidate ballot accounting row
2024,Indiana,IN,9,US House,Lawrence,18093,Lawrence,20 SHAWSWICK 15B,WRITE-IN,,,EARLY VOTING,0,HOUSE_precinct_general.csv,write-in or non-candidate ballot accounting row
2024,Indiana,IN,9,US House,Lawrence,18093,Lawrence,20 SHAWSWICK 15B,WRITE-IN,,,ELECTION DAY,0,HOUSE_precinct_general.csv,write-in or non-candidate ballot accounting row
2024,Indiana,IN,9,US House,Lawrence,18093,Lawrence,20 SHAWSWICK 15B,WRITE-IN,,,ABSENTEE,0,HOUSE_precinct_general.csv,write-in or non-candidate ballot accounting row
2024,Indiana,IN,9,US House,Lawrence,18093,Lawrence,21 SHAWSWICK 16,WRITE-IN,,,EARLY VOTING,0,HOUSE_precinct_general.csv,write-in or non-candidate ballot accounting row
2024,Indiana,IN,9,US House,Lawrence,18093,Lawrence,21 SHAWSWICK 16,WRITE-IN,,,ELECTION DAY,0,HOUSE_precinct_general.csv,write-in or non-candidate ballot accounting row
2024,Indiana,IN,9,US House,Lawrence,18093,Lawrence,21 SHAWSWICK 16,WRITE-IN,,,ABSENTEE,0,HOUSE_precinct_general.csv,write-in or non-candidate ballot accounting row
2024,Indiana,IN,9,US House,Lawrence,18093,Lawrence,22 MARION 01,WRITE-IN,,,EARLY VOTING,0,HOUSE_precinct_general.csv,write-in or non-candidate ballot accounting row
2024,Indiana,IN,9,US House,Lawrence,18093,Lawrence,22 MARION 01,WRITE-IN,,,ELECTION DAY,0,HOUSE_precinct_general.csv,write-in or non-candidate ballot accounting row
2024,Indiana,IN,9,US House,Lawrence,18093,Lawrence,22 MARION 01,WRITE-IN,,,ABSENTEE,0,HOUSE_precinct_general.csv,write-in or non-candidate ballot accounting row
2024,Indiana,IN,9,US House,Lawrence,18093,Lawrence,23 MARION 02,WRITE-IN,,,EARLY VOTING,0,HOUSE_precinct_general.csv,write-in or non-candidate ballot accounting row
2024,Indiana,IN,9,US House,Lawrence,18093,Lawrence,23 MARION 02,WRITE-IN,,,ELECTION DAY,0,HOUSE_precinct_general.csv,write-in or non-candidate ballot accounting row
2024,Indiana,IN,9,US House,Lawrence,18093,Lawrence,23 MARION 02,WRITE-IN,,,ABSENTEE,0,HOUSE_precinct_general.csv,write-in or non-candidate ballot accounting row
2024,Indiana,IN,9,US House,Lawrence,18093,Lawrence,24 MARION 03,WRITE-IN,,,EARLY VOTING,0,HOUSE_precinct_general.csv,write-in or non-candidate ballot accounting row
2024,Indiana,IN,9,US House,Lawrence,18093,Lawrence,24 MARION 03,WRITE-IN,,,ELECTION DAY,0,HOUSE_precinct_general.csv,write-in or non-candidate ballot accounting row
2024,Indiana,IN,9,US House,Lawrence,18093,Lawrence,24 MARION 03,WRITE-IN,,,ABSENTEE,0,HOUSE_precinct_general.csv,write-in or non-candidate ballot accounting row
2024,Indiana,IN,9,US House,Lawrence,18093,Lawrence,25 MARION 04,WRITE-IN,,,EARLY VOTING,0,HOUSE_precinct_general.csv,write-in or non-candidate ballot accounting row
2024,Indiana,IN,9,US House,Lawrence,18093,Lawrence,25 MARION 04,WRITE-IN,,,ELECTION DAY,0,HOUSE_precinct_general.csv,write-in or non-candidate ballot accounting row
2024,Indiana,IN,9,US House,Lawrence,18093,Lawrence,25 MARION 04,WRITE-IN,,,ABSENTEE,0,HOUSE_precinct_general.csv,write-in or non-candidate ballot accounting row
2024,Indiana,IN,9,US House,Lawrence,18093,Lawrence,26 MARION 05A,WRITE-IN,,,EARLY VOTING,0,HOUSE_precinct_general.csv,write-in or non-candidate ballot accounting row
2024,Indiana,IN,9,US House,Lawrence,18093,Lawrence,26 MARION 05A,WRITE-IN,,,ELECTION DAY,0,HOUSE_precinct_general.csv,write-in or non-candidate ballot accounting row
2024,Indiana,IN,9,US House,Lawrence,18093,Lawrence,26 MARION 05A,WRITE-IN,,,ABSENTEE,0,HOUSE_precinct_general.csv,write-in or non-candidate ballot accounting row
2024,Indiana,IN,9,US House,Lawrence,18093,Lawrence,27 MARION 05B,WRITE-IN,,,EARLY VOTING,0,HOUSE_precinct_general.csv,write-in or non-candidate ballot accounting row
2024,Indiana,IN,9,US House,Lawrence,18093,Lawrence,27 MARION 05B,WRITE-IN,,,ELECTION DAY,0,HOUSE_precinct_general.csv,write-in or non-candidate ballot accounting row
2024,Indiana,IN,9,US House,Lawrence,18093,Lawrence,27 MARION 05B,WRITE-IN,,,ABSENTEE,0,HOUSE_precinct_general.csv,write-in or non-candidate ballot accounting row
2024,Indiana,IN,9,US House,Lawrence,18093,Lawrence,28 MARION 05C,WRITE-IN,,,EARLY VOTING,0,HOUSE_precinct_general.csv,write-in or non-candidate ballot accounting row
2024,Indiana,IN,9,US House,Lawrence,18093,Lawrence,28 MARION 05C,WRITE-IN,,,ELECTION DAY,0,HOUSE_precinct_general.csv,write-in or non-candidate ballot accounting row
2024,Indiana,IN,9,US House,Lawrence,18093,Lawrence,28 MARION 05C,WRITE-IN,,,ABSENTEE,0,HOUSE_precinct_general.csv,write-in or non-candidate ballot accounting row
2024,Indiana,IN,9,US House,Lawrence,18093,Lawrence,29 MARION 06,WRITE-IN,,,EARLY VOTING,0,HOUSE_precinct_general.csv,write-in or non-candidate ballot accounting row
2024,Indiana,IN,9,US House,Lawrence,18093,Lawrence,29 MARION 06,WRITE-IN,,,ELECTION DAY,0,HOUSE_precinct_general.csv,write-in or non-candidate ballot accounting row
2024,Indiana,IN,9,US House,Lawrence,18093,Lawrence,29 MARION 06,WRITE-IN,,,ABSENTEE,0,HOUSE_precinct_general.csv,write-in or non-candidate ballot accounting row
2024,Indiana,IN,9,US House,Lawrence,18093,Lawrence,30 BONO,WRITE-IN,,,ABSENTEE,0,HOUSE_precinct_general.csv,write-in or non-candidate ballot accounting row
2024,Indiana,IN,9,US House,Lawrence,18093,Lawrence,30 BONO,WRITE-IN,,,EARLY VOTING,0,HOUSE_precinct_general.csv,write-in or non-candidate ballot accounting row
2024,Indiana,IN,9,US House,Lawrence,18093,Lawrence,30 BONO,WRITE-IN,,,ELECTION DAY,0,HOUSE_precinct_general.csv,write-in or non-candidate ballot accounting row
2024,Indiana,IN,9,US House,Lawrence,18093,Lawrence,31 GUTHRIE,WRITE-IN,,,EARLY VOTING,0,HOUSE_precinct_general.csv,write-in or non-candidate ballot accounting row
2024,Indiana,IN,9,US House,Lawrence,18093,Lawrence,31 GUTHRIE,WRITE-IN,,,ELECTION DAY,0,HOUSE_precinct_general.csv,write-in or non-candidate ballot accounting row
2024,Indiana,IN,9,US House,Lawrence,18093,Lawrence,31 GUTHRIE,WRITE-IN,,,ABSENTEE,0,HOUSE_precinct_general.csv,write-in or non-candidate ballot accounting row
2024,Indiana,IN,9,US House,Lawrence,18093,Lawrence,32 INDIAN CREEK NORTH,WRITE-IN,,,EARLY VOTING,0,HOUSE_precinct_general.csv,write-in or non-candidate ballot accounting row
2024,Indiana,IN,9,US House,Lawrence,18093,Lawrence,32 INDIAN CREEK NORTH,WRITE-IN,,,ELECTION DAY,0,HOUSE_precinct_general.csv,write-in or non-candidate ballot accounting row
2024,Indiana,IN,9,US House,Lawrence,18093,Lawrence,32 INDIAN CREEK NORTH,WRITE-IN,,,ABSENTEE,0,HOUSE_precinct_general.csv,write-in or non-candidate ballot accounting row
2024,Indiana,IN,9,US House,Lawrence,18093,Lawrence,33 INDIAN CREEK SOUTH,WRITE-IN,,,EARLY VOTING,0,HOUSE_precinct_general.csv,write-in or non-candidate ballot accounting row
2024,Indiana,IN,9,US House,Lawrence,18093,Lawrence,33 INDIAN CREEK SOUTH,WRITE-IN,,,ELECTION DAY,0,HOUSE_precinct_general.csv,write-in or non-candidate ballot accounting row
2024,Indiana,IN,9,US House,Lawrence,18093,Lawrence,33 INDIAN CREEK SOUTH,WRITE-IN,,,ABSENTEE,0,HOUSE_precinct_general.csv,write-in or non-candidate ballot accounting row
2024,Indiana,IN,9,US House,Lawrence,18093,Lawrence,34 MARSHALL 01,WRITE-IN,,,EARLY VOTING,0,HOUSE_precinct_general.csv,write-in or non-candidate ballot accounting row
2024,Indiana,IN,9,US House,Lawrence,18093,Lawrence,34 MARSHALL 01,WRITE-IN,,,ELECTION DAY,1,HOUSE_precinct_general.csv,write-in or non-candidate ballot accounting row
2024,Indiana,IN,9,US House,Lawrence,18093,Lawrence,34 MARSHALL 01,WRITE-IN,,,ABSENTEE,0,HOUSE_precinct_general.csv,write-in or non-candidate ballot accounting row
2024,Indiana,IN,9,US House,Lawrence,18093,Lawrence,35 MARSHALL 02,WRITE-IN,,,EARLY VOTING,0,HOUSE_precinct_general.csv,write-in or non-candidate ballot accounting row
2024,Indiana,IN,9,US House,Lawrence,18093,Lawrence,35 MARSHALL 02,WRITE-IN,,,ELECTION DAY,0,HOUSE_precinct_general.csv,write-in or non-candidate ballot accounting row
2024,Indiana,IN,9,US House,Lawrence,18093,Lawrence,35 MARSHALL 02,WRITE-IN,,,ABSENTEE,0,HOUSE_precinct_general.csv,write-in or non-candidate ballot accounting row
2024,Indiana,IN,9,US House,Lawrence,18093,Lawrence,36 MARSHALL 03,WRITE-IN,,,EARLY VOTING,0,HOUSE_precinct_general.csv,write-in or non-candidate ballot accounting row
2024,Indiana,IN,9,US House,Lawrence,18093,Lawrence,36 MARSHALL 03,WRITE-IN,,,ELECTION DAY,1,HOUSE_precinct_general.csv,write-in or non-candidate ballot accounting row
2024,Indiana,IN,9,US House,Lawrence,18093,Lawrence,36 MARSHALL 03,WRITE-IN,,,ABSENTEE,0,HOUSE_precinct_general.csv,write-in or non-candidate ballot accounting row
2024,Indiana,IN,9,US House,Lawrence,18093,Lawrence,37 PERRY,WRITE-IN,,,EARLY VOTING,0,HOUSE_precinct_general.csv,write-in or non-candidate ballot accounting row
2024,Indiana,IN,9,US House,Lawrence,18093,Lawrence,37 PERRY,WRITE-IN,,,ELECTION DAY,0,HOUSE_precinct_general.csv,write-in or non-candidate ballot accounting row
2024,Indiana,IN,9,US House,Lawrence,18093,Lawrence,37 PERRY,WRITE-IN,,,ABSENTEE,0,HOUSE_precinct_general.csv,write-in or non-candidate ballot accounting row
2024,Indiana,IN,9,US House,Lawrence,18093,Lawrence,38 PLEASANT RUN,WRITE-IN,,,EARLY VOTING,0,HOUSE_precinct_general.csv,write-in or non-candidate ballot accounting row
2024,Indiana,IN,9,US House,Lawrence,18093,Lawrence,38 PLEASANT RUN,WRITE-IN,,,ELECTION DAY,0,HOUSE_precinct_general.csv,write-in or non-candidate ballot accounting row
2024,Indiana,IN,9,US House,Lawrence,18093,Lawrence,38 PLEASANT RUN,WRITE-IN,,,ABSENTEE,0,HOUSE_precinct_general.csv,write-in or non-candidate ballot accounting row
2024,Indiana,IN,9,US House,Lawrence,18093,Lawrence,39 SPICE VALLEY NORTH,WRITE-IN,,,EARLY VOTING,0,HOUSE_precinct_general.csv,write-in or non-candidate ballot accounting row
2024,Indiana,IN,9,US House,Lawrence,18093,Lawrence,39 SPICE VALLEY NORTH,WRITE-IN,,,ELECTION DAY,0,HOUSE_precinct_general.csv,write-in or non-candidate ballot accounting row
2024,Indiana,IN,9,US House,Lawrence,18093,Lawrence,39 SPICE VALLEY NORTH,WRITE-IN,,,ABSENTEE,0,HOUSE_precinct_general.csv,write-in or non-candidate ballot accounting row
2024,Indiana,IN,9,US House,Lawrence,18093,Lawrence,40 SPICE VALLEY SOUTH,WRITE-IN,,,EARLY VOTING,0,HOUSE_precinct_general.csv,write-in or non-candidate ballot accounting row
2024,Indiana,IN,9,US House,Lawrence,18093,Lawrence,40 SPICE VALLEY SOUTH,WRITE-IN,,,ELECTION DAY,0,HOUSE_precinct_general.csv,write-in or non-candidate ballot accounting row
2024,Indiana,IN,9,US House,Lawrence,18093,Lawrence,40 SPICE VALLEY SOUTH,WRITE-IN,,,ABSENTEE,0,HOUSE_precinct_general.csv,write-in or non-candidate ballot accounting row
2024,Indiana,IN,9,US House,Monroe,18105,Monroe,11-PERRY 09,OVERVOTES,,,EARLY VOTING,0,HOUSE_precinct_general.csv,write-in or non-candidate ballot accounting row
2024,Indiana,IN,9,US House,Monroe,18105,Monroe,11-PERRY 09,WRITE-IN,,,EARLY VOTING,1,HOUSE_precinct_general.csv,write-in or non-candidate ballot accounting row
2024,Indiana,IN,9,US House,Monroe,18105,Monroe,11-PERRY 09,WRITE-IN,,,ELECTION DAY,0,HOUSE_precinct_general.csv,write-in or non-candidate ballot accounting row
2024,Indiana,IN,9,US House,Monroe,18105,Monroe,11-PERRY 09,WRITE-IN,,,ABSENTEE,0,HOUSE_precinct_general.csv,write-in or non-candidate ballot accounting row
2024,Indiana,IN,9,US House,Monroe,18105,Monroe,11-PERRY 09,OVERVOTES,,,ELECTION DAY,0,HOUSE_precinct_general.csv,write-in or non-candidate ballot accounting row
2024,Indiana,IN,9,US House,Monroe,18105,Monroe,11-PERRY 09,OVERVOTES,,,ABSENTEE,0,HOUSE_precinct_general.csv,write-in or non-candidate ballot accounting row
2024,Indiana,IN,9,US House,Monroe,18105,Monroe,11-PERRY 09,UNDERVOTES,,,EARLY VOTING,9,HOUSE_precinct_general.csv,write-in or non-candidate ballot accounting row
2024,Indiana,IN,9,US House,Monroe,18105,Monroe,11-PERRY 09,UNDERVOTES,,,ELECTION DAY,4,HOUSE_precinct_general.csv,write-in or non-candidate ballot accounting row
2024,Indiana,IN,9,US House,Monroe,18105,Monroe,11-PERRY 09,UNDERVOTES,,,ABSENTEE,4,HOUSE_precinct_general.csv,write-in or non-candidate ballot accounting row
2024,Indiana,IN,9,US House,Monroe,18105,Monroe,12-RICHLAND 09,WRITE-IN,,,EARLY VOTING,0,HOUSE_precinct_general.csv,write-in or non-candidate ballot accounting row
2024,Indiana,IN,9,US House,Monroe,18105,Monroe,12-RICHLAND 09,WRITE-IN,,,ELECTION DAY,0,HOUSE_precinct_general.csv,write-in or non-candidate ballot accounting row
2024,Indiana,IN,9,US House,Monroe,18105,Monroe,12-RICHLAND 09,WRITE-IN,,,ABSENTEE,0,HOUSE_precinct_general.csv,write-in or non-candidate ballot accounting row
2024,Indiana,IN,9,US House,Monroe,18105,Monroe,12-RICHLAND 09,OVERVOTES,,,EARLY VOTING,0,HOUSE_precinct_general.csv,write-in or non-candidate ballot accounting row
2024,Indiana,IN,9,US House,Monroe,18105,Monroe,12-RICHLAND 09,OVERVOTES,,,ELECTION DAY,0,HOUSE_precinct_general.csv,write-in or non-candidate ballot accounting row
2024,Indiana,IN,9,US House,Monroe,18105,Monroe,12-RICHLAND 09,OVERVOTES,,,ABSENTEE,0,HOUSE_precinct_general.csv,write-in or non-candidate ballot accounting row
2024,Indiana,IN,9,US House,Monroe,18105,Monroe,12-RICHLAND 09,UNDERVOTES,,,EARLY VOTING,0,HOUSE_precinct_general.csv,write-in or non-candidate ballot accounting row
2024,Indiana,IN,9,US House,Monroe,18105,Monroe,12-RICHLAND 09,UNDERVOTES,,,ELECTION DAY,0,HOUSE_precinct_general.csv,write-in or non-candidate ballot accounting row
2024,Indiana,IN,9,US House,Monroe,18105,Monroe,12-RICHLAND 09,UNDERVOTES,,,ABSENTEE,0,HOUSE_precinct_general.csv,write-in or non-candidate ballot accounting row
2024,Indiana,IN,9,US House,Monroe,18105,Monroe,15-CLEAR CREEK 03,WRITE-IN,,,EARLY VOTING,0,HOUSE_precinct_general.csv,write-in or non-candidate ballot accounting row
2024,Indiana,IN,9,US House,Monroe,18105,Monroe,15-CLEAR CREEK 03,WRITE-IN,,,ELECTION DAY,2,HOUSE_precinct_general.csv,write-in or non-candidate ballot accounting row
2024,Indiana,IN,9,US House,Monroe,18105,Monroe,15-CLEAR CREEK 03,WRITE-IN,,,ABSENTEE,0,HOUSE_precinct_general.csv,write-in or non-candidate ballot accounting row
2024,Indiana,IN,9,US House,Monroe,18105,Monroe,15-CLEAR CREEK 03,OVERVOTES,,,EARLY VOTING,0,HOUSE_precinct_general.csv,write-in or non-candidate ballot accounting row
2024,Indiana,IN,9,US House,Monroe,18105,Monroe,15-CLEAR CREEK 03,OVERVOTES,,,ELECTION DAY,0,HOUSE_precinct_general.csv,write-in or non-candidate ballot accounting row
2024,Indiana,IN,9,US House,Monroe,18105,Monroe,15-CLEAR CREEK 03,OVERVOTES,,,ABSENTEE,0,HOUSE_precinct_general.csv,write-in or non-candidate ballot accounting row
2024,Indiana,IN,9,US House,Monroe,18105,Monroe,15-CLEAR CREEK 03,UNDERVOTES,,,EARLY VOTING,9,HOUSE_precinct_general.csv,write-in or non-candidate ballot accounting row
2024,Indiana,IN,9,US House,Monroe,18105,Monroe,15-CLEAR CREEK 03,UNDERVOTES,,,ELECTION DAY,15,HOUSE_precinct_general.csv,write-in or non-candidate ballot accounting row
2024,Indiana,IN,9,US House,Monroe,18105,Monroe,15-CLEAR CREEK 03,UNDERVOTES,,,ABSENTEE,1,HOUSE_precinct_general.csv,write-in or non-candidate ballot accounting row
2024,Indiana,IN,9,US House,Monroe,18105,Monroe,16-PERRY 24,WRITE-IN,,,EARLY VOTING,0,HOUSE_precinct_general.csv,write-in or non-candidate ballot accounting row
2024,Indiana,IN,9,US House,Monroe,18105,Monroe,16-PERRY 24,WRITE-IN,,,ELECTION DAY,1,HOUSE_precinct_general.csv,write-in or non-candidate ballot accounting row
2024,Indiana,IN,9,US House,Monroe,18105,Monroe,16-PERRY 24,WRITE-IN,,,ABSENTEE,0,HOUSE_precinct_general.csv,write-in or non-candidate ballot accounting row
2024,Indiana,IN,9,US House,Monroe,18105,Monroe,16-PERRY 24,OVERVOTES,,,EARLY VOTING,0,HOUSE_precinct_general.csv,write-in or non-candidate ballot accounting row
2024,Indiana,IN,9,US House,Monroe,18105,Monroe,16-PERRY 24,OVERVOTES,,,ELECTION DAY,0,HOUSE_precinct_general.csv,write-in or non-candidate ballot accounting row
2024,Indiana,IN,9,US House,Monroe,18105,Monroe,16-PERRY 24,OVERVOTES,,,ABSENTEE,0,HOUSE_precinct_general.csv,write-in or non-candidate ballot accounting row
2024,Indiana,IN,9,US House,Monroe,18105,Monroe,16-PERRY 24,UNDERVOTES,,,EARLY VOTING,24,HOUSE_precinct_general.csv,write-in or non-candidate ballot accounting row
2024,Indiana,IN,9,US House,Monroe,18105,Monroe,16-PERRY 24,UNDERVOTES,,,ELECTION DAY,13,HOUSE_precinct_general.csv,write-in or non-candidate ballot accounting row
2024,Indiana,IN,9,US House,Monroe,18105,Monroe,16-PERRY 24,UNDERVOTES,,,ABSENTEE,2,HOUSE_precinct_general.csv,write-in or non-candidate ballot accounting row
2024,Indiana,IN,9,US House,Monroe,18105,Monroe,172-PERRY 28,WRITE-IN,,,EARLY VOTING,0,HOUSE_precinct_general.csv,write-in or non-candidate ballot accounting row
2024,Indiana,IN,9,US House,Monroe,18105,Monroe,172-PERRY 28,WRITE-IN,,,ELECTION DAY,0,HOUSE_precinct_general.csv,write-in or non-candidate ballot accounting row
2024,Indiana,IN,9,US House,Monroe,18105,Monroe,172-PERRY 28,WRITE-IN,,,ABSENTEE,0,HOUSE_precinct_general.csv,write-in or non-candidate ballot accounting row
2024,Indiana,IN,9,US House,Monroe,18105,Monroe,172-PERRY 28,OVERVOTES,,,EARLY VOTING,0,HOUSE_precinct_general.csv,write-in or non-candidate ballot accounting row
2024,Indiana,IN,9,US House,Monroe,18105,Monroe,172-PERRY 28,OVERVOTES,,,ELECTION DAY,0,HOUSE_precinct_general.csv,write-in or non-candidate ballot accounting row
2024,Indiana,IN,9,US House,Monroe,18105,Monroe,172-PERRY 28,OVERVOTES,,,ABSENTEE,0,HOUSE_precinct_general.csv,write-in or non-candidate ballot accounting row
2024,Indiana,IN,9,US House,Monroe,18105,Monroe,172-PERRY 28,UNDERVOTES,,,EARLY VOTING,0,HOUSE_precinct_general.csv,write-in or non-candidate ballot accounting row
2024,Indiana,IN,9,US House,Monroe,18105,Monroe,172-PERRY 28,UNDERVOTES,,,ELECTION DAY,5,HOUSE_precinct_general.csv,write-in or non-candidate ballot accounting row
2024,Indiana,IN,9,US House,Monroe,18105,Monroe,172-PERRY 28,UNDERVOTES,,,ABSENTEE,0,HOUSE_precinct_general.csv,write-in or non-candidate ballot accounting row
2024,Indiana,IN,9,US House,Monroe,18105,Monroe,173-PERRY 05,WRITE-IN,,,EARLY VOTING,1,HOUSE_precinct_general.csv,write-in or non-candidate ballot accounting row
2024,Indiana,IN,9,US House,Monroe,18105,Monroe,173-PERRY 05,WRITE-IN,,,ELECTION DAY,0,HOUSE_precinct_general.csv,write-in or non-candidate ballot accounting row
2024,Indiana,IN,9,US House,Monroe,18105,Monroe,173-PERRY 05,WRITE-IN,,,ABSENTEE,0,HOUSE_precinct_general.csv,write-in or non-candidate ballot accounting row
2024,Indiana,IN,9,US House,Monroe,18105,Monroe,173-PERRY 05,OVERVOTES,,,EARLY VOTING,0,HOUSE_precinct_general.csv,write-in or non-candidate ballot accounting row
2024,Indiana,IN,9,US House,Monroe,18105,Monroe,173-PERRY 05,OVERVOTES,,,ELECTION DAY,0,HOUSE_precinct_general.csv,write-in or non-candidate ballot accounting row
2024,Indiana,IN,9,US House,Monroe,18105,Monroe,173-PERRY 05,OVERVOTES,,,ABSENTEE,0,HOUSE_precinct_general.csv,write-in or non-candidate ballot accounting row
2024,Indiana,IN,9,US House,Monroe,18105,Monroe,173-PERRY 05,UNDERVOTES,,,EARLY VOTING,12,HOUSE_precinct_general.csv,write-in or non-candidate ballot accounting row
2024,Indiana,IN,9,US House,Monroe,18105,Monroe,173-PERRY 05,UNDERVOTES,,,ELECTION DAY,13,HOUSE_precinct_general.csv,write-in or non-candidate ballot accounting row
2024,Indiana,IN,9,US House,Monroe,18105,Monroe,173-PERRY 05,UNDERVOTES,,,ABSENTEE,4,HOUSE_precinct_general.csv,write-in or non-candidate ballot accounting row
2024,Indiana,IN,9,US House,Monroe,18105,Monroe,19-PERRY 03,WRITE-IN,,,EARLY VOTING,0,HOUSE_precinct_general.csv,write-in or non-candidate ballot accounting row
2024,Indiana,IN,9,US House,Monroe,18105,Monroe,19-PERRY 03,WRITE-IN,,,ELECTION DAY,1,HOUSE_precinct_general.csv,write-in or non-candidate ballot accounting row
2024,Indiana,IN,9,US House,Monroe,18105,Monroe,19-PERRY 03,WRITE-IN,,,ABSENTEE,0,HOUSE_precinct_general.csv,write-in or non-candidate ballot accounting row
2024,Indiana,IN,9,US House,Monroe,18105,Monroe,19-PERRY 03,OVERVOTES,,,EARLY VOTING,0,HOUSE_precinct_general.csv,write-in or non-candidate ballot accounting row
2024,Indiana,IN,9,US House,Monroe,18105,Monroe,19-PERRY 03,OVERVOTES,,,ELECTION DAY,0,HOUSE_precinct_general.csv,write-in or non-candidate ballot accounting row
2024,Indiana,IN,9,US House,Monroe,18105,Monroe,19-PERRY 03,OVERVOTES,,,ABSENTEE,0,HOUSE_precinct_general.csv,write-in or non-candidate ballot accounting row
2024,Indiana,IN,9,US House,Monroe,18105,Monroe,19-PERRY 03,UNDERVOTES,,,EARLY VOTING,6,HOUSE_precinct_general.csv,write-in or non-candidate ballot accounting row
2024,Indiana,IN,9,US House,Monroe,18105,Monroe,19-PERRY 03,UNDERVOTES,,,ELECTION DAY,14,HOUSE_precinct_general.csv,write-in or non-candidate ballot accounting row
2024,Indiana,IN,9,US House,Monroe,18105,Monroe,19-PERRY 03,UNDERVOTES,,,ABSENTEE,0,HOUSE_precinct_general.csv,write-in or non-candidate ballot accounting row
2024,Indiana,IN,9,US House,Monroe,18105,Monroe,20-PERRY 08,WRITE-IN,,,EARLY VOTING,1,HOUSE_precinct_general.csv,write-in or non-candidate ballot accounting row
2024,Indiana,IN,9,US House,Monroe,18105,Monroe,20-PERRY 08,WRITE-IN,,,ELECTION DAY,1,HOUSE_precinct_general.csv,write-in or non-candidate ballot accounting row
2024,Indiana,IN,9,US House,Monroe,18105,Monroe,20-PERRY 08,WRITE-IN,,,ABSENTEE,0,HOUSE_precinct_general.csv,write-in or non-candidate ballot accounting row
2024,Indiana,IN,9,US House,Monroe,18105,Monroe,20-PERRY 08,OVERVOTES,,,EARLY VOTING,0,HOUSE_precinct_general.csv,write-in or non-candidate ballot accounting row
2024,Indiana,IN,9,US House,Monroe,18105,Monroe,20-PERRY 08,OVERVOTES,,,ELECTION DAY,0,HOUSE_precinct_general.csv,write-in or non-candidate ballot accounting row
2024,Indiana,IN,9,US House,Monroe,18105,Monroe,20-PERRY 08,OVERVOTES,,,ABSENTEE,0,HOUSE_precinct_general.csv,write-in or non-candidate ballot accounting row
2024,Indiana,IN,9,US House,Monroe,18105,Monroe,20-PERRY 08,UNDERVOTES,,,EARLY VOTING,7,HOUSE_precinct_general.csv,write-in or non-candidate ballot accounting row
2024,Indiana,IN,9,US House,Monroe,18105,Monroe,28-BLOOMINGTON 15,WRITE-IN,,,EARLY VOTING,0,HOUSE_precinct_general.csv,write-in or non-candidate ballot accounting row
2024,Indiana,IN,9,US House,Monroe,18105,Monroe,28-BLOOMINGTON 15,WRITE-IN,,,ELECTION DAY,0,HOUSE_precinct_general.csv,write-in or non-candidate ballot accounting row
2024,Indiana,IN,9,US House,Monroe,18105,Monroe,39-BENTON 02,WRITE-IN,,,EARLY VOTING,1,HOUSE_precinct_general.csv,write-in or non-candidate ballot accounting row
2024,Indiana,IN,9,US House,Monroe,18105,Monroe,39-BENTON 02,WRITE-IN,,,ELECTION DAY,0,HOUSE_precinct_general.csv,write-in or non-candidate ballot accounting row
2024,Indiana,IN,9,US House,Monroe,18105,Monroe,39-BENTON 02,WRITE-IN,,,ABSENTEE,0,HOUSE_precinct_general.csv,write-in or non-candidate ballot accounting row
2024,Indiana,IN,9,US House,Monroe,18105,Monroe,39-BENTON 02,OVERVOTES,,,EARLY VOTING,0,HOUSE_precinct_general.csv,write-in or non-candidate ballot accounting row
2024,Indiana,IN,9,US House,Monroe,18105,Monroe,39-BENTON 02,OVERVOTES,,,ELECTION DAY,0,HOUSE_precinct_general.csv,write-in or non-candidate ballot accounting row
2024,Indiana,IN,9,US House,Monroe,18105,Monroe,39-BENTON 02,OVERVOTES,,,ABSENTEE,0,HOUSE_precinct_general.csv,write-in or non-candidate ballot accounting row
2024,Indiana,IN,9,US House,Monroe,18105,Monroe,39-BENTON 02,UNDERVOTES,,,EARLY VOTING,5,HOUSE_precinct_general.csv,write-in or non-candidate ballot accounting row
2024,Indiana,IN,9,US House,Monroe,18105,Monroe,39-BENTON 02,UNDERVOTES,,,ELECTION DAY,7,HOUSE_precinct_general.csv,write-in or non-candidate ballot accounting row
2024,Indiana,IN,9,US House,Monroe,18105,Monroe,39-BENTON 02,UNDERVOTES,,,ABSENTEE,0,HOUSE_precinct_general.csv,write-in or non-candidate ballot accounting row
2024,Indiana,IN,9,US House,Monroe,18105,Monroe,42-PERRY 32,WRITE-IN,,,EARLY VOTING,0,HOUSE_precinct_general.csv,write-in or non-candidate ballot accounting row
2024,Indiana,IN,9,US House,Monroe,18105,Monroe,42-PERRY 32,WRITE-IN,,,ELECTION DAY,1,HOUSE_precinct_general.csv,write-in or non-candidate ballot accounting row
2024,Indiana,IN,9,US House,Monroe,18105,Monroe,42-PERRY 32,WRITE-IN,,,ABSENTEE,0,HOUSE_precinct_general.csv,write-in or non-candidate ballot accounting row
2024,Indiana,IN,9,US House,Monroe,18105,Monroe,42-PERRY 32,OVERVOTES,,,EARLY VOTING,0,HOUSE_precinct_general.csv,write-in or non-candidate ballot accounting row
2024,Indiana,IN,9,US House,Monroe,18105,Monroe,42-PERRY 32,OVERVOTES,,,ELECTION DAY,0,HOUSE_precinct_general.csv,write-in or non-candidate ballot accounting row
2024,Indiana,IN,9,US House,Monroe,18105,Monroe,42-PERRY 32,OVERVOTES,,,ABSENTEE,0,HOUSE_precinct_general.csv,write-in or non-candidate ballot accounting row
2024,Indiana,IN,9,US House,Monroe,18105,Monroe,42-PERRY 32,UNDERVOTES,,,EARLY VOTING,10,HOUSE_precinct_general.csv,write-in or non-candidate ballot accounting row
2024,Indiana,IN,9,US House,Monroe,18105,Monroe,43-BLOOMINGTON 11,WRITE-IN,,,ABSENTEE,0,HOUSE_precinct_general.csv,write-in or non-candidate ballot accounting row
2024,Indiana,IN,9,US House,Monroe,18105,Monroe,43-BLOOMINGTON 11,OVERVOTES,,,EARLY VOTING,0,HOUSE_precinct_general.csv,write-in or non-candidate ballot accounting row
2024,Indiana,IN,9,US House,Monroe,18105,Monroe,43-BLOOMINGTON 11,OVERVOTES,,,ELECTION DAY,1,HOUSE_precinct_general.csv,write-in or non-candidate ballot accounting row
2024,Indiana,IN,9,US House,Monroe,18105,Monroe,43-BLOOMINGTON 11,OVERVOTES,,,ABSENTEE,0,HOUSE_precinct_general.csv,write-in or non-candidate ballot accounting row
2024,Indiana,IN,9,US House,Monroe,18105,Monroe,43-BLOOMINGTON 11,UNDERVOTES,,,EARLY VOTING,13,HOUSE_precinct_general.csv,write-in or non-candidate ballot accounting row
2024,Indiana,IN,9,US House,Monroe,18105,Monroe,43-BLOOMINGTON 11,UNDERVOTES,,,ELECTION DAY,4,HOUSE_precinct_general.csv,write-in or non-candidate ballot accounting row
2024,Indiana,IN,9,US House,Monroe,18105,Monroe,43-BLOOMINGTON 11,UNDERVOTES,,,ABSENTEE,2,HOUSE_precinct_general.csv,write-in or non-candidate ballot accounting row
2024,Indiana,IN,9,US House,Monroe,18105,Monroe,67-VAN BUREN 03,WRITE-IN,,,EARLY VOTING,0,HOUSE_precinct_general.csv,write-in or non-candidate ballot accounting row
2024,Indiana,IN,9,US House,Monroe,18105,Monroe,67-VAN BUREN 03,WRITE-IN,,,ELECTION DAY,0,HOUSE_precinct_general.csv,write-in or non-candidate ballot accounting row
2024,Indiana,IN,9,US House,Monroe,18105,Monroe,67-VAN BUREN 03,WRITE-IN,,,ABSENTEE,0,HOUSE_precinct_general.csv,write-in or non-candidate ballot accounting row
2024,Indiana,IN,9,US House,Monroe,18105,Monroe,67-VAN BUREN 03,OVERVOTES,,,EARLY VOTING,0,HOUSE_precinct_general.csv,write-in or non-candidate ballot accounting row
2024,Indiana,IN,9,US House,Monroe,18105,Monroe,67-VAN BUREN 03,OVERVOTES,,,ELECTION DAY,0,HOUSE_precinct_general.csv,write-in or non-candidate ballot accounting row
2024,Indiana,IN,9,US House,Monroe,18105,Monroe,67-VAN BUREN 03,OVERVOTES,,,ABSENTEE,0,HOUSE_precinct_general.csv,write-in or non-candidate ballot accounting row
2024,Indiana,IN,9,US House,Monroe,18105,Monroe,67-VAN BUREN 03,UNDERVOTES,,,EARLY VOTING,8,HOUSE_precinct_general.csv,write-in or non-candidate ballot accounting row
2024,Indiana,IN,9,US House,Monroe,18105,Monroe,67-VAN BUREN 03,UNDERVOTES,,,ELECTION DAY,16,HOUSE_precinct_general.csv,write-in or non-candidate ballot accounting row
2024,Indiana,IN,9,US House,Monroe,18105,Monroe,67-VAN BUREN 03,UNDERVOTES,,,ABSENTEE,1,HOUSE_precinct_general.csv,write-in or non-candidate ballot accounting row
2024,Indiana,IN,9,US House,Monroe,18105,Monroe,70-BLOOMINGTON 19,UNDERVOTES,,,ABSENTEE,0,HOUSE_precinct_general.csv,write-in or non-candidate ballot accounting row
2024,Indiana,IN,9,US House,Monroe,18105,Monroe,70-BLOOMINGTON 19,WRITE-IN,,,EARLY VOTING,0,HOUSE_precinct_general.csv,write-in or non-candidate ballot accounting row
2024,Indiana,IN,9,US House,Monroe,18105,Monroe,70-BLOOMINGTON 19,WRITE-IN,,,ELECTION DAY,0,HOUSE_precinct_general.csv,write-in or non-candidate ballot accounting row
2024,Indiana,IN,9,US House,Monroe,18105,Monroe,70-BLOOMINGTON 19,WRITE-IN,,,ABSENTEE,0,HOUSE_precinct_general.csv,write-in or non-candidate ballot accounting row
2024,Indiana,IN,9,US House,Monroe,18105,Monroe,70-BLOOMINGTON 19,OVERVOTES,,,EARLY VOTING,0,HOUSE_precinct_general.csv,write-in or non-candidate ballot accounting row
2024,Indiana,IN,9,US House,Monroe,18105,Monroe,70-BLOOMINGTON 19,OVERVOTES,,,ELECTION DAY,0,HOUSE_precinct_general.csv,write-in or non-candidate ballot accounting row
2024,Indiana,IN,9,US House,Monroe,18105,Monroe,70-BLOOMINGTON 19,OVERVOTES,,,ABSENTEE,0,HOUSE_precinct_general.csv,write-in or non-candidate ballot accounting row
2024,Indiana,IN,9,US House,Monroe,18105,Monroe,70-BLOOMINGTON 19,UNDERVOTES,,,EARLY VOTING,1,HOUSE_precinct_general.csv,write-in or non-candidate ballot accounting row
2024,Indiana,IN,9,US House,Monroe,18105,Monroe,70-BLOOMINGTON 19,UNDERVOTES,,,ELECTION DAY,2,HOUSE_precinct_general.csv,write-in or non-candidate ballot accounting row
2024,Indiana,IN,9,US House,Monroe,18105,Monroe,73-PERRY 06,WRITE-IN,,,EARLY VOTING,0,HOUSE_precinct_general.csv,write-in or non-candidate ballot accounting row
2024,Indiana,IN,9,US House,Monroe,18105,Monroe,73-PERRY 06,WRITE-IN,,,ELECTION DAY,0,HOUSE_precinct_general.csv,write-in or non-candidate ballot accounting row
2024,Indiana,IN,9,US House,Monroe,18105,Monroe,73-PERRY 06,WRITE-IN,,,ABSENTEE,0,HOUSE_precinct_general.csv,write-in or non-candidate ballot accounting row
2024,Indiana,IN,9,US House,Monroe,18105,Monroe,73-PERRY 06,OVERVOTES,,,EARLY VOTING,0,HOUSE_precinct_general.csv,write-in or non-candidate ballot accounting row
2024,Indiana,IN,9,US House,Monroe,18105,Monroe,73-PERRY 06,OVERVOTES,,,ELECTION DAY,0,HOUSE_precinct_general.csv,write-in or non-candidate ballot accounting row
2024,Indiana,IN,9,US House,Monroe,18105,Monroe,73-PERRY 06,OVERVOTES,,,ABSENTEE,0,HOUSE_precinct_general.csv,write-in or non-candidate ballot accounting row
2024,Indiana,IN,9,US House,Monroe,18105,Monroe,73-PERRY 06,UNDERVOTES,,,EARLY VOTING,1,HOUSE_precinct_general.csv,write-in or non-candidate ballot accounting row
2024,Indiana,IN,9,US House,Monroe,18105,Monroe,73-PERRY 06,UNDERVOTES,,,ELECTION DAY,7,HOUSE_precinct_general.csv,write-in or non-candidate ballot accounting row
2024,Indiana,IN,9,US House,Monroe,18105,Monroe,73-PERRY 06,UNDERVOTES,,,ABSENTEE,1,HOUSE_precinct_general.csv,write-in or non-candidate ballot accounting row
2024,Indiana,IN,9,US House,Monroe,18105,Monroe,76-PERRY 07,WRITE-IN,,,EARLY VOTING,0,HOUSE_precinct_general.csv,write-in or non-candidate ballot accounting row
2024,Indiana,IN,9,US House,Monroe,18105,Monroe,76-PERRY 07,WRITE-IN,,,ELECTION DAY,0,HOUSE_precinct_general.csv,write-in or non-candidate ballot accounting row
2024,Indiana,IN,9,US House,Monroe,18105,Monroe,76-PERRY 07,WRITE-IN,,,ABSENTEE,0,HOUSE_precinct_general.csv,write-in or non-candidate ballot accounting row
2024,Indiana,IN,9,US House,Monroe,18105,Monroe,76-PERRY 07,OVERVOTES,,,EARLY VOTING,0,HOUSE_precinct_general.csv,write-in or non-candidate ballot accounting row
2024,Indiana,IN,9,US House,Monroe,18105,Monroe,76-PERRY 07,OVERVOTES,,,ELECTION DAY,0,HOUSE_precinct_general.csv,write-in or non-candidate ballot accounting row
2024,Indiana,IN,9,US House,Monroe,18105,Monroe,76-PERRY 07,OVERVOTES,,,ABSENTEE,0,HOUSE_precinct_general.csv,write-in or non-candidate ballot accounting row
2024,Indiana,IN,9,US House,Monroe,18105,Monroe,76-PERRY 07,UNDERVOTES,,,EARLY VOTING,2,HOUSE_precinct_general.csv,write-in or non-candidate ballot accounting row
2024,Indiana,IN,9,US House,Monroe,18105,Monroe,76-PERRY 07,UNDERVOTES,,,ELECTION DAY,2,HOUSE_precinct_general.csv,write-in or non-candidate ballot accounting row
2024,Indiana,IN,9,US House,Monroe,18105,Monroe,76-PERRY 07,UNDERVOTES,,,ABSENTEE,0,HOUSE_precinct_general.csv,write-in or non-candidate ballot accounting row
2024,Indiana,IN,9,US House,Monroe,18105,Monroe,79-PERRY 18,WRITE-IN,,,EARLY VOTING,1,HOUSE_precinct_general.csv,write-in or non-candidate ballot accounting row
2024,Indiana,IN,9,US House,Monroe,18105,Monroe,79-PERRY 18,WRITE-IN,,,ELECTION DAY,0,HOUSE_precinct_general.csv,write-in or non-candidate ballot accounting row
2024,Indiana,IN,9,US House,Monroe,18105,Monroe,79-PERRY 18,WRITE-IN,,,ABSENTEE,0,HOUSE_precinct_general.csv,write-in or non-candidate ballot accounting row
2024,Indiana,IN,9,US House,Monroe,18105,Monroe,79-PERRY 18,OVERVOTES,,,EARLY VOTING,0,HOUSE_precinct_general.csv,write-in or non-candidate ballot accounting row
2024,Indiana,IN,9,US House,Monroe,18105,Monroe,79-PERRY 18,OVERVOTES,,,ELECTION DAY,0,HOUSE_precinct_general.csv,write-in or non-candidate ballot accounting row
2024,Indiana,IN,9,US House,Monroe,18105,Monroe,79-PERRY 18,OVERVOTES,,,ABSENTEE,0,HOUSE_precinct_general.csv,write-in or non-candidate ballot accounting row
2024,Indiana,IN,9,US House,Monroe,18105,Monroe,79-PERRY 18,UNDERVOTES,,,EARLY VOTING,4,HOUSE_precinct_general.csv,write-in or non-candidate ballot accounting row
2024,Indiana,IN,9,US House,Monroe,18105,Monroe,79-PERRY 18,UNDERVOTES,,,ELECTION DAY,9,HOUSE_precinct_general.csv,write-in or non-candidate ballot accounting row
2024,Indiana,IN,9,US House,Monroe,18105,Monroe,79-PERRY 18,UNDERVOTES,,,ABSENTEE,2,HOUSE_precinct_general.csv,write-in or non-candidate ballot accounting row
2024,Indiana,IN,9,US House,Monroe,18105,Monroe,81-BLOOMINGTON 08,WRITE-IN,,,EARLY VOTING,0,HOUSE_precinct_general.csv,write-in or non-candidate ballot accounting row
2024,Indiana,IN,9,US House,Monroe,18105,Monroe,81-BLOOMINGTON 08,WRITE-IN,,,ELECTION DAY,0,HOUSE_precinct_general.csv,write-in or non-candidate ballot accounting row
2024,Indiana,IN,9,US House,Monroe,18105,Monroe,81-BLOOMINGTON 08,WRITE-IN,,,ABSENTEE,0,HOUSE_precinct_general.csv,write-in or non-candidate ballot accounting row
2024,Indiana,IN,9,US House,Monroe,18105,Monroe,81-BLOOMINGTON 08,OVERVOTES,,,EARLY VOTING,0,HOUSE_precinct_general.csv,write-in or non-candidate ballot accounting row
2024,Indiana,IN,9,US House,Monroe,18105,Monroe,81-BLOOMINGTON 08,OVERVOTES,,,ELECTION DAY,0,HOUSE_precinct_general.csv,write-in or non-candidate ballot accounting row
2024,Indiana,IN,9,US House,Monroe,18105,Monroe,81-BLOOMINGTON 08,OVERVOTES,,,ABSENTEE,0,HOUSE_precinct_general.csv,write-in or non-candidate ballot accounting row
2024,Indiana,IN,9,US House,Monroe,18105,Monroe,81-BLOOMINGTON 08,UNDERVOTES,,,EARLY VOTING,1,HOUSE_precinct_general.csv,write-in or non-candidate ballot accounting row
2024,Indiana,IN,9,US House,Monroe,18105,Monroe,81-BLOOMINGTON 08,UNDERVOTES,,,ELECTION DAY,3,HOUSE_precinct_general.csv,write-in or non-candidate ballot accounting row
2024,Indiana,IN,9,US House,Monroe,18105,Monroe,81-BLOOMINGTON 08,UNDERVOTES,,,ABSENTEE,2,HOUSE_precinct_general.csv,write-in or non-candidate ballot accounting row
2024,Indiana,IN,9,US House,Scott,18143,Scott,01-Finley 1,WRITE-IN,,,EARLY VOTING,0,HOUSE_precinct_general.csv,write-in or non-candidate ballot accounting row
2024,Indiana,IN,9,US House,Scott,18143,Scott,01-Finley 1,WRITE-IN,,,ELECTION DAY,0,HOUSE_precinct_general.csv,write-in or non-candidate ballot accounting row
2024,Indiana,IN,9,US House,Scott,18143,Scott,01-Finley 1,WRITE-IN,,,ABSENTEE,0,HOUSE_precinct_general.csv,write-in or non-candidate ballot accounting row
2024,Indiana,IN,9,US House,Scott,18143,Scott,02-Jennings 1,WRITE-IN,,,EARLY VOTING,0,HOUSE_precinct_general.csv,write-in or non-candidate ballot accounting row
2024,Indiana,IN,9,US House,Scott,18143,Scott,02-Jennings 1,WRITE-IN,,,ELECTION DAY,0,HOUSE_precinct_general.csv,write-in or non-candidate ballot accounting row
2024,Indiana,IN,9,US House,Scott,18143,Scott,02-Jennings 1,WRITE-IN,,,ABSENTEE,0,HOUSE_precinct_general.csv,write-in or non-candidate ballot accounting row
2024,Indiana,IN,9,US House,Scott,18143,Scott,03-Jennings 2,WRITE-IN,,,EARLY VOTING,0,HOUSE_precinct_general.csv,write-in or non-candidate ballot accounting row
2024,Indiana,IN,9,US House,Scott,18143,Scott,03-Jennings 2,WRITE-IN,,,ELECTION DAY,0,HOUSE_precinct_general.csv,write-in or non-candidate ballot accounting row
2024,Indiana,IN,9,US House,Scott,18143,Scott,03-Jennings 2,WRITE-IN,,,ABSENTEE,0,HOUSE_precinct_general.csv,write-in or non-candidate ballot accounting row
2024,Indiana,IN,9,US House,Scott,18143,Scott,04-Jennings 3,WRITE-IN,,,EARLY VOTING,0,HOUSE_precinct_general.csv,write-in or non-candidate ballot accounting row
2024,Indiana,IN,9,US House,Scott,18143,Scott,04-Jennings 3,WRITE-IN,,,ELECTION DAY,0,HOUSE_precinct_general.csv,write-in or non-candidate ballot accounting row
2024,Indiana,IN,9,US House,Scott,18143,Scott,04-Jennings 3,WRITE-IN,,,ABSENTEE,0,HOUSE_precinct_general.csv,write-in or non-candidate ballot accounting row
2024,Indiana,IN,9,US House,Scott,18143,Scott,05-Jennings 4,WRITE-IN,,,EARLY VOTING,0,HOUSE_precinct_general.csv,write-in or non-candidate ballot accounting row
2024,Indiana,IN,9,US House,Scott,18143,Scott,05-Jennings 4,WRITE-IN,,,ELECTION DAY,0,HOUSE_precinct_general.csv,write-in or non-candidate ballot accounting row
2024,Indiana,IN,9,US House,Scott,18143,Scott,05-Jennings 4,WRITE-IN,,,ABSENTEE,0,HOUSE_precinct_general.csv,write-in or non-candidate ballot accounting row
2024,Indiana,IN,9,US House,Scott,18143,Scott,06-Jennings 5,WRITE-IN,,,EARLY VOTING,0,HOUSE_precinct_general.csv,write-in or non-candidate ballot accounting row
2024,Indiana,IN,9,US House,Scott,18143,Scott,06-Jennings 5,WRITE-IN,,,ELECTION DAY,0,HOUSE_precinct_general.csv,write-in or non-candidate ballot accounting row
2024,Indiana,IN,9,US House,Scott,18143,Scott,06-Jennings 5,WRITE-IN,,,ABSENTEE,0,HOUSE_precinct_general.csv,write-in or non-candidate ballot accounting row
2024,Indiana,IN,9,US House,Scott,18143,Scott,07-Johnson 1,WRITE-IN,,,EARLY VOTING,0,HOUSE_precinct_general.csv,write-in or non-candidate ballot accounting row
2024,Indiana,IN,9,US House,Scott,18143,Scott,07-Johnson 1,WRITE-IN,,,ELECTION DAY,1,HOUSE_precinct_general.csv,write-in or non-candidate ballot accounting row
2024,Indiana,IN,9,US House,Scott,18143,Scott,07-Johnson 1,WRITE-IN,,,ABSENTEE,0,HOUSE_precinct_general.csv,write-in or non-candidate ballot accounting row
2024,Indiana,IN,9,US House,Scott,18143,Scott,08-Lexington 1,WRITE-IN,,,EARLY VOTING,0,HOUSE_precinct_general.csv,write-in or non-candidate ballot accounting row
2024,Indiana,IN,9,US House,Scott,18143,Scott,08-Lexington 1,WRITE-IN,,,ELECTION DAY,0,HOUSE_precinct_general.csv,write-in or non-candidate ballot accounting row
2024,Indiana,IN,9,US House,Scott,18143,Scott,08-Lexington 1,WRITE-IN,,,ABSENTEE,0,HOUSE_precinct_general.csv,write-in or non-candidate ballot accounting row
2024,Indiana,IN,9,US House,Scott,18143,Scott,09-Lexington 2,WRITE-IN,,,EARLY VOTING,0,HOUSE_precinct_general.csv,write-in or non-candidate ballot accounting row
2024,Indiana,IN,9,US House,Scott,18143,Scott,09-Lexington 2,WRITE-IN,,,ELECTION DAY,0,HOUSE_precinct_general.csv,write-in or non-candidate ballot accounting row
2024,Indiana,IN,9,US House,Scott,18143,Scott,09-Lexington 2,WRITE-IN,,,ABSENTEE,0,HOUSE_precinct_general.csv,write-in or non-candidate ballot accounting row
2024,Indiana,IN,9,US House,Scott,18143,Scott,10-Lexington 3,WRITE-IN,,,EARLY VOTING,0,HOUSE_precinct_general.csv,write-in or non-candidate ballot accounting row
2024,Indiana,IN,9,US House,Scott,18143,Scott,10-Lexington 3,WRITE-IN,,,ELECTION DAY,0,HOUSE_precinct_general.csv,write-in or non-candidate ballot accounting row
2024,Indiana,IN,9,US House,Scott,18143,Scott,10-Lexington 3,WRITE-IN,,,ABSENTEE,0,HOUSE_precinct_general.csv,write-in or non-candidate ballot accounting row
2024,Indiana,IN,9,US House,Scott,18143,Scott,11-Vienna 1,WRITE-IN,,,EARLY VOTING,0,HOUSE_precinct_general.csv,write-in or non-candidate ballot accounting row
2024,Indiana,IN,9,US House,Scott,18143,Scott,11-Vienna 1,WRITE-IN,,,ELECTION DAY,0,HOUSE_precinct_general.csv,write-in or non-candidate ballot accounting row
2024,Indiana,IN,9,US House,Scott,18143,Scott,11-Vienna 1,WRITE-IN,,,ABSENTEE,0,HOUSE_precinct_general.csv,write-in or non-candidate ballot accounting row
2024,Indiana,IN,9,US House,Scott,18143,Scott,12-Vienna 2,WRITE-IN,,,EARLY VOTING,0,HOUSE_precinct_general.csv,write-in or non-candidate ballot accounting row
2024,Indiana,IN,9,US House,Scott,18143,Scott,12-Vienna 2,WRITE-IN,,,ELECTION DAY,0,HOUSE_precinct_general.csv,write-in or non-candidate ballot accounting row
2024,Indiana,IN,9,US House,Scott,18143,Scott,12-Vienna 2,WRITE-IN,,,ABSENTEE,0,HOUSE_precinct_general.csv,write-in or non-candidate ballot accounting row
2024,Indiana,IN,9,US House,Scott,18143,Scott,13-Vienna 3,WRITE-IN,,,EARLY VOTING,0,HOUSE_precinct_general.csv,write-in or non-candidate ballot accounting row
2024,Indiana,IN,9,US House,Scott,18143,Scott,13-Vienna 3,WRITE-IN,,,ELECTION DAY,0,HOUSE_precinct_general.csv,write-in or non-candidate ballot accounting row
2024,Indiana,IN,9,US House,Scott,18143,Scott,13-Vienna 3,WRITE-IN,,,ABSENTEE,0,HOUSE_precinct_general.csv,write-in or non-candidate ballot accounting row
2024,Indiana,IN,9,US House,Scott,18143,Scott,14-Vienna 4,WRITE-IN,,,EARLY VOTING,0,HOUSE_precinct_general.csv,write-in or non-candidate ballot accounting row
2024,Indiana,IN,9,US House,Scott,18143,Scott,14-Vienna 4,WRITE-IN,,,ELECTION DAY,0,HOUSE_precinct_general.csv,write-in or non-candidate ballot accounting row
2024,Indiana,IN,9,US House,Scott,18143,Scott,14-Vienna 4,WRITE-IN,,,ABSENTEE,0,HOUSE_precinct_general.csv,write-in or non-candidate ballot accounting row
2024,Indiana,IN,9,US House,Scott,18143,Scott,15-Vienna 5,WRITE-IN,,,EARLY VOTING,1,HOUSE_precinct_general.csv,write-in or non-candidate ballot accounting row
2024,Indiana,IN,9,US House,Scott,18143,Scott,15-Vienna 5,WRITE-IN,,,ELECTION DAY,0,HOUSE_precinct_general.csv,write-in or non-candidate ballot accounting row
2024,Indiana,IN,9,US House,Scott,18143,Scott,15-Vienna 5,WRITE-IN,,,ABSENTEE,0,HOUSE_precinct_general.csv,write-in or non-candidate ballot accounting row
2024,Indiana,IN,9,US House,Scott,18143,Scott,16-Vienna 6,WRITE-IN,,,EARLY VOTING,0,HOUSE_precinct_general.csv,write-in or non-candidate ballot accounting row
2024,Indiana,IN,9,US House,Scott,18143,Scott,16-Vienna 6,WRITE-IN,,,ELECTION DAY,0,HOUSE_precinct_general.csv,write-in or non-candidate ballot accounting row
2024,Indiana,IN,9,US House,Scott,18143,Scott,16-Vienna 6,WRITE-IN,,,ABSENTEE,0,HOUSE_precinct_general.csv,write-in or non-candidate ballot accounting row
2024,Indiana,IN,9,US House,Monroe,18105,Monroe,13-PERRY 20,WRITE-IN,,,EARLY VOTING,1,HOUSE_precinct_general.csv,write-in or non-candidate ballot accounting row
2024,Indiana,IN,9,US House,Monroe,18105,Monroe,13-PERRY 20,WRITE-IN,,,ELECTION DAY,0,HOUSE_precinct_general.csv,write-in or non-candidate ballot accounting row
2024,Indiana,IN,9,US House,Monroe,18105,Monroe,13-PERRY 20,WRITE-IN,,,ABSENTEE,0,HOUSE_precinct_general.csv,write-in or non-candidate ballot accounting row
2024,Indiana,IN,9,US House,Monroe,18105,Monroe,13-PERRY 20,OVERVOTES,,,EARLY VOTING,0,HOUSE_precinct_general.csv,write-in or non-candidate ballot accounting row
2024,Indiana,IN,9,US House,Monroe,18105,Monroe,13-PERRY 20,OVERVOTES,,,ELECTION DAY,0,HOUSE_precinct_general.csv,write-in or non-candidate ballot accounting row
2024,Indiana,IN,9,US House,Monroe,18105,Monroe,13-PERRY 20,OVERVOTES,,,ABSENTEE,0,HOUSE_precinct_general.csv,write-in or non-candidate ballot accounting row
2024,Indiana,IN,9,US House,Monroe,18105,Monroe,13-PERRY 20,UNDERVOTES,,,EARLY VOTING,4,HOUSE_precinct_general.csv,write-in or non-candidate ballot accounting row
2024,Indiana,IN,9,US House,Monroe,18105,Monroe,13-PERRY 20,UNDERVOTES,,,ELECTION DAY,9,HOUSE_precinct_general.csv,write-in or non-candidate ballot accounting row
2024,Indiana,IN,9,US House,Monroe,18105,Monroe,13-PERRY 20,UNDERVOTES,,,ABSENTEE,1,HOUSE_precinct_general.csv,write-in or non-candidate ballot accounting row
2024,Indiana,IN,9,US House,Monroe,18105,Monroe,20-PERRY 08,UNDERVOTES,,,ELECTION DAY,3,HOUSE_precinct_general.csv,write-in or non-candidate ballot accounting row
2024,Indiana,IN,9,US House,Monroe,18105,Monroe,20-PERRY 08,UNDERVOTES,,,ABSENTEE,2,HOUSE_precinct_general.csv,write-in or non-candidate ballot accounting row
2024,Indiana,IN,9,US House,Monroe,18105,Monroe,28-BLOOMINGTON 15,WRITE-IN,,,ABSENTEE,0,HOUSE_precinct_general.csv,write-in or non-candidate ballot accounting row
2024,Indiana,IN,9,US House,Monroe,18105,Monroe,28-BLOOMINGTON 15,OVERVOTES,,,EARLY VOTING,0,HOUSE_precinct_general.csv,write-in or non-candidate ballot accounting row
2024,Indiana,IN,9,US House,Monroe,18105,Monroe,28-BLOOMINGTON 15,OVERVOTES,,,ELECTION DAY,0,HOUSE_precinct_general.csv,write-in or non-candidate ballot accounting row
2024,Indiana,IN,9,US House,Monroe,18105,Monroe,28-BLOOMINGTON 15,OVERVOTES,,,ABSENTEE,0,HOUSE_precinct_general.csv,write-in or non-candidate ballot accounting row
2024,Indiana,IN,9,US House,Monroe,18105,Monroe,28-BLOOMINGTON 15,UNDERVOTES,,,EARLY VOTING,6,HOUSE_precinct_general.csv,write-in or non-candidate ballot accounting row
2024,Indiana,IN,9,US House,Monroe,18105,Monroe,28-BLOOMINGTON 15,UNDERVOTES,,,ELECTION DAY,7,HOUSE_precinct_general.csv,write-in or non-candidate ballot accounting row
2024,Indiana,IN,9,US House,Monroe,18105,Monroe,28-BLOOMINGTON 15,UNDERVOTES,,,ABSENTEE,0,HOUSE_precinct_general.csv,write-in or non-candidate ballot accounting row
2024,Indiana,IN,9,US House,Monroe,18105,Monroe,30-BLOOMINGTON 01,WRITE-IN,,,EARLY VOTING,1,HOUSE_precinct_general.csv,write-in or non-candidate ballot accounting row
2024,Indiana,IN,9,US House,Monroe,18105,Monroe,30-BLOOMINGTON 01,WRITE-IN,,,ELECTION DAY,0,HOUSE_precinct_general.csv,write-in or non-candidate ballot accounting row
2024,Indiana,IN,9,US House,Monroe,18105,Monroe,30-BLOOMINGTON 01,WRITE-IN,,,ABSENTEE,0,HOUSE_precinct_general.csv,write-in or non-candidate ballot accounting row
2024,Indiana,IN,9,US House,Monroe,18105,Monroe,30-BLOOMINGTON 01,OVERVOTES,,,EARLY VOTING,0,HOUSE_precinct_general.csv,write-in or non-candidate ballot accounting row
2024,Indiana,IN,9,US House,Monroe,18105,Monroe,30-BLOOMINGTON 01,OVERVOTES,,,ELECTION DAY,0,HOUSE_precinct_general.csv,write-in or non-candidate ballot accounting row
2024,Indiana,IN,9,US House,Monroe,18105,Monroe,30-BLOOMINGTON 01,OVERVOTES,,,ABSENTEE,0,HOUSE_precinct_general.csv,write-in or non-candidate ballot accounting row
2024,Indiana,IN,9,US House,Monroe,18105,Monroe,30-BLOOMINGTON 01,UNDERVOTES,,,EARLY VOTING,2,HOUSE_precinct_general.csv,write-in or non-candidate ballot accounting row
2024,Indiana,IN,9,US House,Monroe,18105,Monroe,30-BLOOMINGTON 01,UNDERVOTES,,,ELECTION DAY,5,HOUSE_precinct_general.csv,write-in or non-candidate ballot accounting row
2024,Indiana,IN,9,US House,Monroe,18105,Monroe,30-BLOOMINGTON 01,UNDERVOTES,,,ABSENTEE,0,HOUSE_precinct_general.csv,write-in or non-candidate ballot accounting row
2024,Indiana,IN,9,US House,Monroe,18105,Monroe,34-PERRY 12,WRITE-IN,,,EARLY VOTING,0,HOUSE_precinct_general.csv,write-in or non-candidate ballot accounting row
2024,Indiana,IN,9,US House,Monroe,18105,Monroe,34-PERRY 12,WRITE-IN,,,ELECTION DAY,0,HOUSE_precinct_general.csv,write-in or non-candidate ballot accounting row
2024,Indiana,IN,9,US House,Monroe,18105,Monroe,34-PERRY 12,WRITE-IN,,,ABSENTEE,0,HOUSE_precinct_general.csv,write-in or non-candidate ballot accounting row
2024,Indiana,IN,9,US House,Monroe,18105,Monroe,34-PERRY 12,OVERVOTES,,,EARLY VOTING,0,HOUSE_precinct_general.csv,write-in or non-candidate ballot accounting row
2024,Indiana,IN,9,US House,Monroe,18105,Monroe,34-PERRY 12,OVERVOTES,,,ELECTION DAY,0,HOUSE_precinct_general.csv,write-in or non-candidate ballot accounting row
2024,Indiana,IN,9,US House,Monroe,18105,Monroe,34-PERRY 12,OVERVOTES,,,ABSENTEE,0,HOUSE_precinct_general.csv,write-in or non-candidate ballot accounting row
2024,Indiana,IN,9,US House,Monroe,18105,Monroe,34-PERRY 12,UNDERVOTES,,,EARLY VOTING,8,HOUSE_precinct_general.csv,write-in or non-candidate ballot accounting row
2024,Indiana,IN,9,US House,Monroe,18105,Monroe,34-PERRY 12,UNDERVOTES,,,ELECTION DAY,4,HOUSE_precinct_general.csv,write-in or non-candidate ballot accounting row
2024,Indiana,IN,9,US House,Monroe,18105,Monroe,34-PERRY 12,UNDERVOTES,,,ABSENTEE,2,HOUSE_precinct_general.csv,write-in or non-candidate ballot accounting row
2024,Indiana,IN,9,US House,Monroe,18105,Monroe,40-BEAN BLOSSOM 02,WRITE-IN,,,EARLY VOTING,0,HOUSE_precinct_general.csv,write-in or non-candidate ballot accounting row
2024,Indiana,IN,9,US House,Monroe,18105,Monroe,40-BEAN BLOSSOM 02,WRITE-IN,,,ELECTION DAY,0,HOUSE_precinct_general.csv,write-in or non-candidate ballot accounting row
2024,Indiana,IN,9,US House,Monroe,18105,Monroe,40-BEAN BLOSSOM 02,WRITE-IN,,,ABSENTEE,0,HOUSE_precinct_general.csv,write-in or non-candidate ballot accounting row
2024,Indiana,IN,9,US House,Monroe,18105,Monroe,40-BEAN BLOSSOM 02,OVERVOTES,,,EARLY VOTING,0,HOUSE_precinct_general.csv,write-in or non-candidate ballot accounting row
2024,Indiana,IN,9,US House,Monroe,18105,Monroe,40-BEAN BLOSSOM 02,OVERVOTES,,,ELECTION DAY,1,HOUSE_precinct_general.csv,write-in or non-candidate ballot accounting row
2024,Indiana,IN,9,US House,Monroe,18105,Monroe,40-BEAN BLOSSOM 02,OVERVOTES,,,ABSENTEE,0,HOUSE_precinct_general.csv,write-in or non-candidate ballot accounting row
2024,Indiana,IN,9,US House,Monroe,18105,Monroe,40-BEAN BLOSSOM 02,UNDERVOTES,,,EARLY VOTING,6,HOUSE_precinct_general.csv,write-in or non-candidate ballot accounting row
2024,Indiana,IN,9,US House,Monroe,18105,Monroe,40-BEAN BLOSSOM 02,UNDERVOTES,,,ELECTION DAY,16,HOUSE_precinct_general.csv,write-in or non-candidate ballot accounting row
2024,Indiana,IN,9,US House,Monroe,18105,Monroe,40-BEAN BLOSSOM 02,UNDERVOTES,,,ABSENTEE,1,HOUSE_precinct_general.csv,write-in or non-candidate ballot accounting row
2024,Indiana,IN,9,US House,Monroe,18105,Monroe,42-PERRY 32,UNDERVOTES,,,ELECTION DAY,6,HOUSE_precinct_general.csv,write-in or non-candidate ballot accounting row
2024,Indiana,IN,9,US House,Monroe,18105,Monroe,42-PERRY 32,UNDERVOTES,,,ABSENTEE,0,HOUSE_precinct_general.csv,write-in or non-candidate ballot accounting row
2024,Indiana,IN,9,US House,Monroe,18105,Monroe,43-BLOOMINGTON 11,WRITE-IN,,,EARLY VOTING,0,HOUSE_precinct_general.csv,write-in or non-candidate ballot accounting row
2024,Indiana,IN,9,US House,Monroe,18105,Monroe,43-BLOOMINGTON 11,WRITE-IN,,,ELECTION DAY,0,HOUSE_precinct_general.csv,write-in or non-candidate ballot accounting row
2024,Indiana,IN,9,US House,Monroe,18105,Monroe,47-PERRY 29,WRITE-IN,,,EARLY VOTING,0,HOUSE_precinct_general.csv,write-in or non-candidate ballot accounting row
2024,Indiana,IN,9,US House,Monroe,18105,Monroe,47-PERRY 29,WRITE-IN,,,ELECTION DAY,0,HOUSE_precinct_general.csv,write-in or non-candidate ballot accounting row
2024,Indiana,IN,9,US House,Monroe,18105,Monroe,47-PERRY 29,WRITE-IN,,,ABSENTEE,0,HOUSE_precinct_general.csv,write-in or non-candidate ballot accounting row
2024,Indiana,IN,9,US House,Monroe,18105,Monroe,47-PERRY 29,OVERVOTES,,,EARLY VOTING,0,HOUSE_precinct_general.csv,write-in or non-candidate ballot accounting row
2024,Indiana,IN,9,US House,Monroe,18105,Monroe,47-PERRY 29,OVERVOTES,,,ELECTION DAY,0,HOUSE_precinct_general.csv,write-in or non-candidate ballot accounting row
2024,Indiana,IN,9,US House,Monroe,18105,Monroe,47-PERRY 29,OVERVOTES,,,ABSENTEE,0,HOUSE_precinct_general.csv,write-in or non-candidate ballot accounting row
2024,Indiana,IN,9,US House,Monroe,18105,Monroe,47-PERRY 29,UNDERVOTES,,,EARLY VOTING,8,HOUSE_precinct_general.csv,write-in or non-candidate ballot accounting row
2024,Indiana,IN,9,US House,Monroe,18105,Monroe,47-PERRY 29,UNDERVOTES,,,ELECTION DAY,5,HOUSE_precinct_general.csv,write-in or non-candidate ballot accounting row
2024,Indiana,IN,9,US House,Monroe,18105,Monroe,47-PERRY 29,UNDERVOTES,,,ABSENTEE,2,HOUSE_precinct_general.csv,write-in or non-candidate ballot accounting row
2024,Indiana,IN,9,US House,Monroe,18105,Monroe,56-BLOOMINGTON 05,WRITE-IN,,,EARLY VOTING,0,HOUSE_precinct_general.csv,write-in or non-candidate ballot accounting row
2024,Indiana,IN,9,US House,Monroe,18105,Monroe,56-BLOOMINGTON 05,WRITE-IN,,,ELECTION DAY,0,HOUSE_precinct_general.csv,write-in or non-candidate ballot accounting row
2024,Indiana,IN,9,US House,Monroe,18105,Monroe,56-BLOOMINGTON 05,WRITE-IN,,,ABSENTEE,0,HOUSE_precinct_general.csv,write-in or non-candidate ballot accounting row
2024,Indiana,IN,9,US House,Monroe,18105,Monroe,56-BLOOMINGTON 05,OVERVOTES,,,EARLY VOTING,0,HOUSE_precinct_general.csv,write-in or non-candidate ballot accounting row
2024,Indiana,IN,9,US House,Monroe,18105,Monroe,56-BLOOMINGTON 05,OVERVOTES,,,ELECTION DAY,2,HOUSE_precinct_general.csv,write-in or non-candidate ballot accounting row
2024,Indiana,IN,9,US House,Monroe,18105,Monroe,56-BLOOMINGTON 05,OVERVOTES,,,ABSENTEE,0,HOUSE_precinct_general.csv,write-in or non-candidate ballot accounting row
2024,Indiana,IN,9,US House,Monroe,18105,Monroe,56-BLOOMINGTON 05,UNDERVOTES,,,EARLY VOTING,1,HOUSE_precinct_general.csv,write-in or non-candidate ballot accounting row
2024,Indiana,IN,9,US House,Monroe,18105,Monroe,56-BLOOMINGTON 05,UNDERVOTES,,,ELECTION DAY,11,HOUSE_precinct_general.csv,write-in or non-candidate ballot accounting row
2024,Indiana,IN,9,US House,Monroe,18105,Monroe,56-BLOOMINGTON 05,UNDERVOTES,,,ABSENTEE,0,HOUSE_precinct_general.csv,write-in or non-candidate ballot accounting row
2024,Indiana,IN,9,US House,Monroe,18105,Monroe,69-RICHLAND 05,WRITE-IN,,,EARLY VOTING,0,HOUSE_precinct_general.csv,write-in or non-candidate ballot accounting row
2024,Indiana,IN,9,US House,Monroe,18105,Monroe,69-RICHLAND 05,WRITE-IN,,,ELECTION DAY,0,HOUSE_precinct_general.csv,write-in or non-candidate ballot accounting row
2024,Indiana,IN,9,US House,Monroe,18105,Monroe,69-RICHLAND 05,WRITE-IN,,,ABSENTEE,0,HOUSE_precinct_general.csv,write-in or non-candidate ballot accounting row
2024,Indiana,IN,9,US House,Monroe,18105,Monroe,69-RICHLAND 05,OVERVOTES,,,EARLY VOTING,0,HOUSE_precinct_general.csv,write-in or non-candidate ballot accounting row
2024,Indiana,IN,9,US House,Monroe,18105,Monroe,69-RICHLAND 05,OVERVOTES,,,ELECTION DAY,0,HOUSE_precinct_general.csv,write-in or non-candidate ballot accounting row
2024,Indiana,IN,9,US House,Monroe,18105,Monroe,69-RICHLAND 05,OVERVOTES,,,ABSENTEE,0,HOUSE_precinct_general.csv,write-in or non-candidate ballot accounting row
2024,Indiana,IN,9,US House,Monroe,18105,Monroe,69-RICHLAND 05,UNDERVOTES,,,EARLY VOTING,13,HOUSE_precinct_general.csv,write-in or non-candidate ballot accounting row
2024,Indiana,IN,9,US House,Monroe,18105,Monroe,69-RICHLAND 05,UNDERVOTES,,,ELECTION DAY,8,HOUSE_precinct_general.csv,write-in or non-candidate ballot accounting row
2024,Indiana,IN,9,US House,Monroe,18105,Monroe,69-RICHLAND 05,UNDERVOTES,,,ABSENTEE,2,HOUSE_precinct_general.csv,write-in or non-candidate ballot accounting row
2024,Indiana,IN,9,US House,Monroe,18105,Monroe,85-BEAN BLOSSOM 03,WRITE-IN,,,EARLY VOTING,0,HOUSE_precinct_general.csv,write-in or non-candidate ballot accounting row
2024,Indiana,IN,9,US House,Monroe,18105,Monroe,85-BEAN BLOSSOM 03,WRITE-IN,,,ELECTION DAY,0,HOUSE_precinct_general.csv,write-in or non-candidate ballot accounting row
2024,Indiana,IN,9,US House,Monroe,18105,Monroe,85-BEAN BLOSSOM 03,WRITE-IN,,,ABSENTEE,0,HOUSE_precinct_general.csv,write-in or non-candidate ballot accounting row
2024,Indiana,IN,9,US House,Monroe,18105,Monroe,85-BEAN BLOSSOM 03,OVERVOTES,,,EARLY VOTING,0,HOUSE_precinct_general.csv,write-in or non-candidate ballot accounting row
2024,Indiana,IN,9,US House,Monroe,18105,Monroe,85-BEAN BLOSSOM 03,OVERVOTES,,,ELECTION DAY,0,HOUSE_precinct_general.csv,write-in or non-candidate ballot accounting row
2024,Indiana,IN,9,US House,Monroe,18105,Monroe,85-BEAN BLOSSOM 03,OVERVOTES,,,ABSENTEE,0,HOUSE_precinct_general.csv,write-in or non-candidate ballot accounting row
2024,Indiana,IN,9,US House,Monroe,18105,Monroe,85-BEAN BLOSSOM 03,UNDERVOTES,,,EARLY VOTING,0,HOUSE_precinct_general.csv,write-in or non-candidate ballot accounting row
2024,Indiana,IN,9,US House,Monroe,18105,Monroe,85-BEAN BLOSSOM 03,UNDERVOTES,,,ELECTION DAY,0,HOUSE_precinct_general.csv,write-in or non-candidate ballot accounting row
2024,Indiana,IN,9,US House,Monroe,18105,Monroe,85-BEAN BLOSSOM 03,UNDERVOTES,,,ABSENTEE,0,HOUSE_precinct_general.csv,write-in or non-candidate ballot accounting row
2024,Indiana,IN,9,US House,Switzerland,18155,Switzerland,1-Cotton 1,UNDERVOTES,,,EARLY VOTING,13,HOUSE_precinct_general.csv,write-in or non-candidate ballot accounting row
2024,Indiana,IN,9,US House,Switzerland,18155,Switzerland,1-Cotton 1,UNDERVOTES,,,ELECTION DAY,4,HOUSE_precinct_general.csv,write-in or non-candidate ballot accounting row
2024,Indiana,IN,9,US House,Switzerland,18155,Switzerland,1-Cotton 1,UNDERVOTES,,,ABSENTEE,4,HOUSE_precinct_general.csv,write-in or non-candidate ballot accounting row
2024,Indiana,IN,9,US House,Switzerland,18155,Switzerland,1-Cotton 1,OVERVOTES,,,EARLY VOTING,0,HOUSE_precinct_general.csv,write-in or non-candidate ballot accounting row
2024,Indiana,IN,9,US House,Switzerland,18155,Switzerland,1-Cotton 1,OVERVOTES,,,ELECTION DAY,0,HOUSE_precinct_general.csv,write-in or non-candidate ballot accounting row
2024,Indiana,IN,9,US House,Switzerland,18155,Switzerland,1-Cotton 1,OVERVOTES,,,ABSENTEE,0,HOUSE_precinct_general.csv,write-in or non-candidate ballot accounting row
2024,Indiana,IN,9,US House,Switzerland,18155,Switzerland,1-Cotton 1,INVALID VOTES,,,EARLY VOTING,0,HOUSE_precinct_general.csv,write-in or non-candidate ballot accounting row
2024,Indiana,IN,9,US House,Switzerland,18155,Switzerland,1-Cotton 1,INVALID VOTES,,,ELECTION DAY,0,HOUSE_precinct_general.csv,write-in or non-candidate ballot accounting row
2024,Indiana,IN,9,US House,Switzerland,18155,Switzerland,1-Cotton 1,INVALID VOTES,,,ABSENTEE,0,HOUSE_precinct_general.csv,write-in or non-candidate ballot accounting row
2024,Indiana,IN,9,US House,Switzerland,18155,Switzerland,2-Cotton 2,UNDERVOTES,,,EARLY VOTING,2,HOUSE_precinct_general.csv,write-in or non-candidate ballot accounting row
2024,Indiana,IN,9,US House,Switzerland,18155,Switzerland,2-Cotton 2,UNDERVOTES,,,ELECTION DAY,3,HOUSE_precinct_general.csv,write-in or non-candidate ballot accounting row
2024,Indiana,IN,9,US House,Switzerland,18155,Switzerland,2-Cotton 2,UNDERVOTES,,,ABSENTEE,1,HOUSE_precinct_general.csv,write-in or non-candidate ballot accounting row
2024,Indiana,IN,9,US House,Switzerland,18155,Switzerland,2-Cotton 2,OVERVOTES,,,EARLY VOTING,0,HOUSE_precinct_general.csv,write-in or non-candidate ballot accounting row
2024,Indiana,IN,9,US House,Switzerland,18155,Switzerland,2-Cotton 2,OVERVOTES,,,ELECTION DAY,0,HOUSE_precinct_general.csv,write-in or non-candidate ballot accounting row
2024,Indiana,IN,9,US House,Switzerland,18155,Switzerland,2-Cotton 2,OVERVOTES,,,ABSENTEE,0,HOUSE_precinct_general.csv,write-in or non-candidate ballot accounting row
2024,Indiana,IN,9,US House,Switzerland,18155,Switzerland,2-Cotton 2,INVALID VOTES,,,EARLY VOTING,0,HOUSE_precinct_general.csv,write-in or non-candidate ballot accounting row
2024,Indiana,IN,9,US House,Switzerland,18155,Switzerland,2-Cotton 2,INVALID VOTES,,,ELECTION DAY,0,HOUSE_precinct_general.csv,write-in or non-candidate ballot accounting row
2024,Indiana,IN,9,US House,Switzerland,18155,Switzerland,2-Cotton 2,INVALID VOTES,,,ABSENTEE,0,HOUSE_precinct_general.csv,write-in or non-candidate ballot accounting row
2024,Indiana,IN,9,US House,Switzerland,18155,Switzerland,3-Craig 1,UNDERVOTES,,,EARLY VOTING,6,HOUSE_precinct_general.csv,write-in or non-candidate ballot accounting row
2024,Indiana,IN,9,US House,Switzerland,18155,Switzerland,3-Craig 1,UNDERVOTES,,,ELECTION DAY,2,HOUSE_precinct_general.csv,write-in or non-candidate ballot accounting row
2024,Indiana,IN,9,US House,Switzerland,18155,Switzerland,3-Craig 1,UNDERVOTES,,,ABSENTEE,0,HOUSE_precinct_general.csv,write-in or non-candidate ballot accounting row
2024,Indiana,IN,9,US House,Switzerland,18155,Switzerland,3-Craig 1,OVERVOTES,,,EARLY VOTING,0,HOUSE_precinct_general.csv,write-in or non-candidate ballot accounting row
2024,Indiana,IN,9,US House,Switzerland,18155,Switzerland,3-Craig 1,OVERVOTES,,,ELECTION DAY,0,HOUSE_precinct_general.csv,write-in or non-candidate ballot accounting row
2024,Indiana,IN,9,US House,Switzerland,18155,Switzerland,3-Craig 1,OVERVOTES,,,ABSENTEE,0,HOUSE_precinct_general.csv,write-in or non-candidate ballot accounting row
2024,Indiana,IN,9,US House,Switzerland,18155,Switzerland,3-Craig 1,INVALID VOTES,,,EARLY VOTING,0,HOUSE_precinct_general.csv,write-in or non-candidate ballot accounting row
2024,Indiana,IN,9,US House,Switzerland,18155,Switzerland,3-Craig 1,INVALID VOTES,,,ELECTION DAY,0,HOUSE_precinct_general.csv,write-in or non-candidate ballot accounting row
2024,Indiana,IN,9,US House,Switzerland,18155,Switzerland,3-Craig 1,INVALID VOTES,,,ABSENTEE,0,HOUSE_precinct_general.csv,write-in or non-candidate ballot accounting row
2024,Indiana,IN,9,US House,Switzerland,18155,Switzerland,4-Craig 2,UNDERVOTES,,,EARLY VOTING,9,HOUSE_precinct_general.csv,write-in or non-candidate ballot accounting row
2024,Indiana,IN,9,US House,Switzerland,18155,Switzerland,4-Craig 2,UNDERVOTES,,,ELECTION DAY,3,HOUSE_precinct_general.csv,write-in or non-candidate ballot accounting row
2024,Indiana,IN,9,US House,Switzerland,18155,Switzerland,4-Craig 2,UNDERVOTES,,,ABSENTEE,1,HOUSE_precinct_general.csv,write-in or non-candidate ballot accounting row
2024,Indiana,IN,9,US House,Switzerland,18155,Switzerland,4-Craig 2,OVERVOTES,,,EARLY VOTING,0,HOUSE_precinct_general.csv,write-in or non-candidate ballot accounting row
2024,Indiana,IN,9,US House,Switzerland,18155,Switzerland,4-Craig 2,OVERVOTES,,,ELECTION DAY,0,HOUSE_precinct_general.csv,write-in or non-candidate ballot accounting row
2024,Indiana,IN,9,US House,Switzerland,18155,Switzerland,4-Craig 2,OVERVOTES,,,ABSENTEE,0,HOUSE_precinct_general.csv,write-in or non-candidate ballot accounting row
2024,Indiana,IN,9,US House,Switzerland,18155,Switzerland,4-Craig 2,INVALID VOTES,,,EARLY VOTING,0,HOUSE_precinct_general.csv,write-in or non-candidate ballot accounting row
2024,Indiana,IN,9,US House,Switzerland,18155,Switzerland,4-Craig 2,INVALID VOTES,,,ELECTION DAY,0,HOUSE_precinct_general.csv,write-in or non-candidate ballot accounting row
2024,Indiana,IN,9,US House,Switzerland,18155,Switzerland,4-Craig 2,INVALID VOTES,,,ABSENTEE,0,HOUSE_precinct_general.csv,write-in or non-candidate ballot accounting row
2024,Indiana,IN,9,US House,Switzerland,18155,Switzerland,5-Jefferson 1,UNDERVOTES,,,EARLY VOTING,12,HOUSE_precinct_general.csv,write-in or non-candidate ballot accounting row
2024,Indiana,IN,9,US House,Switzerland,18155,Switzerland,5-Jefferson 1,UNDERVOTES,,,ELECTION DAY,7,HOUSE_precinct_general.csv,write-in or non-candidate ballot accounting row
2024,Indiana,IN,9,US House,Switzerland,18155,Switzerland,5-Jefferson 1,UNDERVOTES,,,ABSENTEE,1,HOUSE_precinct_general.csv,write-in or non-candidate ballot accounting row
2024,Indiana,IN,9,US House,Switzerland,18155,Switzerland,5-Jefferson 1,OVERVOTES,,,EARLY VOTING,0,HOUSE_precinct_general.csv,write-in or non-candidate ballot accounting row
2024,Indiana,IN,9,US House,Switzerland,18155,Switzerland,5-Jefferson 1,OVERVOTES,,,ELECTION DAY,0,HOUSE_precinct_general.csv,write-in or non-candidate ballot accounting row
2024,Indiana,IN,9,US House,Switzerland,18155,Switzerland,5-Jefferson 1,OVERVOTES,,,ABSENTEE,0,HOUSE_precinct_general.csv,write-in or non-candidate ballot accounting row
2024,Indiana,IN,9,US House,Switzerland,18155,Switzerland,5-Jefferson 1,INVALID VOTES,,,EARLY VOTING,0,HOUSE_precinct_general.csv,write-in or non-candidate ballot accounting row
2024,Indiana,IN,9,US House,Switzerland,18155,Switzerland,5-Jefferson 1,INVALID VOTES,,,ELECTION DAY,0,HOUSE_precinct_general.csv,write-in or non-candidate ballot accounting row
2024,Indiana,IN,9,US House,Switzerland,18155,Switzerland,5-Jefferson 1,INVALID VOTES,,,ABSENTEE,0,HOUSE_precinct_general.csv,write-in or non-candidate ballot accounting row
2024,Indiana,IN,9,US House,Switzerland,18155,Switzerland,6-Jefferson 2,UNDERVOTES,,,EARLY VOTING,8,HOUSE_precinct_general.csv,write-in or non-candidate ballot accounting row
2024,Indiana,IN,9,US House,Switzerland,18155,Switzerland,6-Jefferson 2,UNDERVOTES,,,ELECTION DAY,8,HOUSE_precinct_general.csv,write-in or non-candidate ballot accounting row
2024,Indiana,IN,9,US House,Switzerland,18155,Switzerland,6-Jefferson 2,UNDERVOTES,,,ABSENTEE,1,HOUSE_precinct_general.csv,write-in or non-candidate ballot accounting row
2024,Indiana,IN,9,US House,Switzerland,18155,Switzerland,6-Jefferson 2,OVERVOTES,,,EARLY VOTING,0,HOUSE_precinct_general.csv,write-in or non-candidate ballot accounting row
2024,Indiana,IN,9,US House,Switzerland,18155,Switzerland,6-Jefferson 2,OVERVOTES,,,ELECTION DAY,0,HOUSE_precinct_general.csv,write-in or non-candidate ballot accounting row
2024,Indiana,IN,9,US House,Switzerland,18155,Switzerland,6-Jefferson 2,OVERVOTES,,,ABSENTEE,0,HOUSE_precinct_general.csv,write-in or non-candidate ballot accounting row
2024,Indiana,IN,9,US House,Switzerland,18155,Switzerland,6-Jefferson 2,INVALID VOTES,,,EARLY VOTING,0,HOUSE_precinct_general.csv,write-in or non-candidate ballot accounting row
2024,Indiana,IN,9,US House,Switzerland,18155,Switzerland,6-Jefferson 2,INVALID VOTES,,,ELECTION DAY,0,HOUSE_precinct_general.csv,write-in or non-candidate ballot accounting row
2024,Indiana,IN,9,US House,Switzerland,18155,Switzerland,6-Jefferson 2,INVALID VOTES,,,ABSENTEE,0,HOUSE_precinct_general.csv,write-in or non-candidate ballot accounting row
2024,Indiana,IN,9,US House,Switzerland,18155,Switzerland,7-Jefferson 3,UNDERVOTES,,,EARLY VOTING,4,HOUSE_precinct_general.csv,write-in or non-candidate ballot accounting row
2024,Indiana,IN,9,US House,Switzerland,18155,Switzerland,7-Jefferson 3,UNDERVOTES,,,ELECTION DAY,1,HOUSE_precinct_general.csv,write-in or non-candidate ballot accounting row
2024,Indiana,IN,9,US House,Switzerland,18155,Switzerland,7-Jefferson 3,UNDERVOTES,,,ABSENTEE,0,HOUSE_precinct_general.csv,write-in or non-candidate ballot accounting row
2024,Indiana,IN,9,US House,Switzerland,18155,Switzerland,7-Jefferson 3,OVERVOTES,,,EARLY VOTING,0,HOUSE_precinct_general.csv,write-in or non-candidate ballot accounting row
2024,Indiana,IN,9,US House,Switzerland,18155,Switzerland,7-Jefferson 3,OVERVOTES,,,ELECTION DAY,0,HOUSE_precinct_general.csv,write-in or non-candidate ballot accounting row
2024,Indiana,IN,9,US House,Switzerland,18155,Switzerland,7-Jefferson 3,OVERVOTES,,,ABSENTEE,0,HOUSE_precinct_general.csv,write-in or non-candidate ballot accounting row
2024,Indiana,IN,9,US House,Switzerland,18155,Switzerland,7-Jefferson 3,INVALID VOTES,,,EARLY VOTING,0,HOUSE_precinct_general.csv,write-in or non-candidate ballot accounting row
2024,Indiana,IN,9,US House,Switzerland,18155,Switzerland,7-Jefferson 3,INVALID VOTES,,,ELECTION DAY,0,HOUSE_precinct_general.csv,write-in or non-candidate ballot accounting row
2024,Indiana,IN,9,US House,Switzerland,18155,Switzerland,7-Jefferson 3,INVALID VOTES,,,ABSENTEE,0,HOUSE_precinct_general.csv,write-in or non-candidate ballot accounting row
2024,Indiana,IN,9,US House,Switzerland,18155,Switzerland,8-Pleasant 1,UNDERVOTES,,,EARLY VOTING,3,HOUSE_precinct_general.csv,write-in or non-candidate ballot accounting row
2024,Indiana,IN,9,US House,Switzerland,18155,Switzerland,8-Pleasant 1,UNDERVOTES,,,ELECTION DAY,1,HOUSE_precinct_general.csv,write-in or non-candidate ballot accounting row
2024,Indiana,IN,9,US House,Switzerland,18155,Switzerland,8-Pleasant 1,UNDERVOTES,,,ABSENTEE,0,HOUSE_precinct_general.csv,write-in or non-candidate ballot accounting row
2024,Indiana,IN,9,US House,Switzerland,18155,Switzerland,8-Pleasant 1,OVERVOTES,,,EARLY VOTING,0,HOUSE_precinct_general.csv,write-in or non-candidate ballot accounting row
2024,Indiana,IN,9,US House,Switzerland,18155,Switzerland,8-Pleasant 1,OVERVOTES,,,ELECTION DAY,0,HOUSE_precinct_general.csv,write-in or non-candidate ballot accounting row
2024,Indiana,IN,9,US House,Switzerland,18155,Switzerland,8-Pleasant 1,OVERVOTES,,,ABSENTEE,0,HOUSE_precinct_general.csv,write-in or non-candidate ballot accounting row
2024,Indiana,IN,9,US House,Switzerland,18155,Switzerland,8-Pleasant 1,INVALID VOTES,,,EARLY VOTING,0,HOUSE_precinct_general.csv,write-in or non-candidate ballot accounting row
2024,Indiana,IN,9,US House,Switzerland,18155,Switzerland,8-Pleasant 1,INVALID VOTES,,,ELECTION DAY,0,HOUSE_precinct_general.csv,write-in or non-candidate ballot accounting row
2024,Indiana,IN,9,US House,Switzerland,18155,Switzerland,8-Pleasant 1,INVALID VOTES,,,ABSENTEE,0,HOUSE_precinct_general.csv,write-in or non-candidate ballot accounting row
2024,Indiana,IN,9,US House,Switzerland,18155,Switzerland,9-Pleasant 2,UNDERVOTES,,,EARLY VOTING,12,HOUSE_precinct_general.csv,write-in or non-candidate ballot accounting row
2024,Indiana,IN,9,US House,Switzerland,18155,Switzerland,9-Pleasant 2,UNDERVOTES,,,ELECTION DAY,5,HOUSE_precinct_general.csv,write-in or non-candidate ballot accounting row
2024,Indiana,IN,9,US House,Switzerland,18155,Switzerland,9-Pleasant 2,UNDERVOTES,,,ABSENTEE,0,HOUSE_precinct_general.csv,write-in or non-candidate ballot accounting row
2024,Indiana,IN,9,US House,Switzerland,18155,Switzerland,9-Pleasant 2,OVERVOTES,,,EARLY VOTING,0,HOUSE_precinct_general.csv,write-in or non-candidate ballot accounting row
2024,Indiana,IN,9,US House,Switzerland,18155,Switzerland,9-Pleasant 2,OVERVOTES,,,ELECTION DAY,0,HOUSE_precinct_general.csv,write-in or non-candidate ballot accounting row
2024,Indiana,IN,9,US House,Switzerland,18155,Switzerland,9-Pleasant 2,OVERVOTES,,,ABSENTEE,0,HOUSE_precinct_general.csv,write-in or non-candidate ballot accounting row
2024,Indiana,IN,9,US House,Switzerland,18155,Switzerland,9-Pleasant 2,INVALID VOTES,,,EARLY VOTING,0,HOUSE_precinct_general.csv,write-in or non-candidate ballot accounting row
2024,Indiana,IN,9,US House,Switzerland,18155,Switzerland,9-Pleasant 2,INVALID VOTES,,,ELECTION DAY,0,HOUSE_precinct_general.csv,write-in or non-candidate ballot accounting row
2024,Indiana,IN,9,US House,Switzerland,18155,Switzerland,9-Pleasant 2,INVALID VOTES,,,ABSENTEE,0,HOUSE_precinct_general.csv,write-in or non-candidate ballot accounting row
2024,Indiana,IN,9,US House,Switzerland,18155,Switzerland,10-Posey 1,UNDERVOTES,,,EARLY VOTING,6,HOUSE_precinct_general.csv,write-in or non-candidate ballot accounting row
2024,Indiana,IN,9,US House,Switzerland,18155,Switzerland,10-Posey 1,UNDERVOTES,,,ELECTION DAY,4,HOUSE_precinct_general.csv,write-in or non-candidate ballot accounting row
2024,Indiana,IN,9,US House,Switzerland,18155,Switzerland,10-Posey 1,UNDERVOTES,,,ABSENTEE,1,HOUSE_precinct_general.csv,write-in or non-candidate ballot accounting row
2024,Indiana,IN,9,US House,Switzerland,18155,Switzerland,10-Posey 1,OVERVOTES,,,EARLY VOTING,0,HOUSE_precinct_general.csv,write-in or non-candidate ballot accounting row
2024,Indiana,IN,9,US House,Switzerland,18155,Switzerland,10-Posey 1,OVERVOTES,,,ELECTION DAY,0,HOUSE_precinct_general.csv,write-in or non-candidate ballot accounting row
2024,Indiana,IN,9,US House,Switzerland,18155,Switzerland,10-Posey 1,OVERVOTES,,,ABSENTEE,0,HOUSE_precinct_general.csv,write-in or non-candidate ballot accounting row
2024,Indiana,IN,9,US House,Switzerland,18155,Switzerland,10-Posey 1,INVALID VOTES,,,EARLY VOTING,0,HOUSE_precinct_general.csv,write-in or non-candidate ballot accounting row
2024,Indiana,IN,9,US House,Switzerland,18155,Switzerland,10-Posey 1,INVALID VOTES,,,ELECTION DAY,0,HOUSE_precinct_general.csv,write-in or non-candidate ballot accounting row
2024,Indiana,IN,9,US House,Switzerland,18155,Switzerland,10-Posey 1,INVALID VOTES,,,ABSENTEE,0,HOUSE_precinct_general.csv,write-in or non-candidate ballot accounting row
2024,Indiana,IN,9,US House,Switzerland,18155,Switzerland,11-Posey 2,UNDERVOTES,,,EARLY VOTING,11,HOUSE_precinct_general.csv,write-in or non-candidate ballot accounting row
2024,Indiana,IN,9,US House,Switzerland,18155,Switzerland,11-Posey 2,UNDERVOTES,,,ELECTION DAY,6,HOUSE_precinct_general.csv,write-in or non-candidate ballot accounting row
2024,Indiana,IN,9,US House,Switzerland,18155,Switzerland,11-Posey 2,UNDERVOTES,,,ABSENTEE,1,HOUSE_precinct_general.csv,write-in or non-candidate ballot accounting row
2024,Indiana,IN,9,US House,Switzerland,18155,Switzerland,11-Posey 2,OVERVOTES,,,EARLY VOTING,0,HOUSE_precinct_general.csv,write-in or non-candidate ballot accounting row
2024,Indiana,IN,9,US House,Switzerland,18155,Switzerland,11-Posey 2,OVERVOTES,,,ELECTION DAY,0,HOUSE_precinct_general.csv,write-in or non-candidate ballot accounting row
2024,Indiana,IN,9,US House,Switzerland,18155,Switzerland,11-Posey 2,OVERVOTES,,,ABSENTEE,0,HOUSE_precinct_general.csv,write-in or non-candidate ballot accounting row
2024,Indiana,IN,9,US House,Switzerland,18155,Switzerland,11-Posey 2,INVALID VOTES,,,EARLY VOTING,0,HOUSE_precinct_general.csv,write-in or non-candidate ballot accounting row
2024,Indiana,IN,9,US House,Switzerland,18155,Switzerland,11-Posey 2,INVALID VOTES,,,ELECTION DAY,0,HOUSE_precinct_general.csv,write-in or non-candidate ballot accounting row
2024,Indiana,IN,9,US House,Switzerland,18155,Switzerland,11-Posey 2,INVALID VOTES,,,ABSENTEE,0,HOUSE_precinct_general.csv,write-in or non-candidate ballot accounting row
2024,Indiana,IN,9,US House,Switzerland,18155,Switzerland,12-York,UNDERVOTES,,,EARLY VOTING,7,HOUSE_precinct_general.csv,write-in or non-candidate ballot accounting row
2024,Indiana,IN,9,US House,Switzerland,18155,Switzerland,12-York,UNDERVOTES,,,ELECTION DAY,7,HOUSE_precinct_general.csv,write-in or non-candidate ballot accounting row
2024,Indiana,IN,9,US House,Switzerland,18155,Switzerland,12-York,UNDERVOTES,,,ABSENTEE,4,HOUSE_precinct_general.csv,write-in or non-candidate ballot accounting row
2024,Indiana,IN,9,US House,Switzerland,18155,Switzerland,12-York,OVERVOTES,,,EARLY VOTING,0,HOUSE_precinct_general.csv,write-in or non-candidate ballot accounting row
2024,Indiana,IN,9,US House,Switzerland,18155,Switzerland,12-York,OVERVOTES,,,ELECTION DAY,0,HOUSE_precinct_general.csv,write-in or non-candidate ballot accounting row
2024,Indiana,IN,9,US House,Switzerland,18155,Switzerland,12-York,OVERVOTES,,,ABSENTEE,0,HOUSE_precinct_general.csv,write-in or non-candidate ballot accounting row
2024,Indiana,IN,9,US House,Switzerland,18155,Switzerland,12-York,INVALID VOTES,,,EARLY VOTING,0,HOUSE_precinct_general.csv,write-in or non-candidate ballot accounting row
2024,Indiana,IN,9,US House,Switzerland,18155,Switzerland,12-York,INVALID VOTES,,,ELECTION DAY,0,HOUSE_precinct_general.csv,write-in or non-candidate ballot accounting row
2024,Indiana,IN,9,US House,Switzerland,18155,Switzerland,12-York,INVALID VOTES,,,ABSENTEE,0,HOUSE_precinct_general.csv,write-in or non-candidate ballot accounting row
