year,state,district,office,county_name,county_fips,jurisdiction,precinct,dem_candidate,rep_candidate,lib_candidate,dem_votes,rep_votes,lib_votes,other_votes,total_votes,dem_share,rep_share,lib_share,two_party_dem_share,rep_margin,rep_margin_share,winner_party,county_registered_voters,county_voters_voting,county_turnout_pct_reported,county_turnout_rate,county_election_day_votes,county_absentee_votes,county_absentee_share_reported,county_absentee_share,county_source,districts_in_county,county_split_in_year
2016,Indiana,9,US House,Brown,18013,Brown,Hamblen 1,Shelli Yoder,Trey Hollingsworth,Russell Brooksbank,235,407,49,0,691,0.340087,0.589001,0.070912,0.366044,172,0.267913,Republican,12955,8229,0.64,0.635199,5192,3037,0.37,0.369061,https://www.in.gov/sos/elections/voter-information/files/2016_General_Election_Turnout.pdf,9,no
2016,Indiana,9,US House,Brown,18013,Brown,Hamblen 2,Shelli Yoder,Trey Hollingsworth,Russell Brooksbank,208,462,53,0,723,0.28769,0.639004,0.073306,0.310448,254,0.379104,Republican,12955,8229,0.64,0.635199,5192,3037,0.37,0.369061,https://www.in.gov/sos/elections/voter-information/files/2016_General_Election_Turnout.pdf,9,no
2016,Indiana,9,US House,Brown,18013,Brown,Hamblen 3,Shelli Yoder,Trey Hollingsworth,Russell Brooksbank,179,412,32,0,623,0.287319,0.661316,0.051364,0.302876,233,0.394247,Republican,12955,8229,0.64,0.635199,5192,3037,0.37,0.369061,https://www.in.gov/sos/elections/voter-information/files/2016_General_Election_Turnout.pdf,9,no
2016,Indiana,9,US House,Brown,18013,Brown,Jackson 1,Shelli Yoder,Trey Hollingsworth,Russell Brooksbank,206,426,28,0,660,0.312121,0.645455,0.042424,0.325949,220,0.348101,Republican,12955,8229,0.64,0.635199,5192,3037,0.37,0.369061,https://www.in.gov/sos/elections/voter-information/files/2016_General_Election_Turnout.pdf,9,no
2016,Indiana,9,US House,Brown,18013,Brown,Jackson 2,Shelli Yoder,Trey Hollingsworth,Russell Brooksbank,192,212,23,0,427,0.449649,0.496487,0.053864,0.475248,20,0.049505,Republican,12955,8229,0.64,0.635199,5192,3037,0.37,0.369061,https://www.in.gov/sos/elections/voter-information/files/2016_General_Election_Turnout.pdf,9,no
2016,Indiana,9,US House,Brown,18013,Brown,Jackson 3,Shelli Yoder,Trey Hollingsworth,Russell Brooksbank,188,318,21,0,527,0.356736,0.603416,0.039848,0.371542,130,0.256917,Republican,12955,8229,0.64,0.635199,5192,3037,0.37,0.369061,https://www.in.gov/sos/elections/voter-information/files/2016_General_Election_Turnout.pdf,9,no
2016,Indiana,9,US House,Brown,18013,Brown,Jackson 4,Shelli Yoder,Trey Hollingsworth,Russell Brooksbank,237,233,20,0,490,0.483673,0.47551,0.040816,0.504255,-4,-0.008511,Democratic,12955,8229,0.64,0.635199,5192,3037,0.37,0.369061,https://www.in.gov/sos/elections/voter-information/files/2016_General_Election_Turnout.pdf,9,no
2016,Indiana,9,US House,Brown,18013,Brown,Van Buren,Shelli Yoder,Trey Hollingsworth,Russell Brooksbank,360,572,74,0,1006,0.357853,0.568588,0.073559,0.386266,212,0.227468,Republican,12955,8229,0.64,0.635199,5192,3037,0.37,0.369061,https://www.in.gov/sos/elections/voter-information/files/2016_General_Election_Turnout.pdf,9,no
2016,Indiana,9,US House,Brown,18013,Brown,Washington 1,Shelli Yoder,Trey Hollingsworth,Russell Brooksbank,310,459,39,0,808,0.383663,0.568069,0.048267,0.403121,149,0.193758,Republican,12955,8229,0.64,0.635199,5192,3037,0.37,0.369061,https://www.in.gov/sos/elections/voter-information/files/2016_General_Election_Turnout.pdf,9,no
2016,Indiana,9,US House,Brown,18013,Brown,Washington 2,Shelli Yoder,Trey Hollingsworth,Russell Brooksbank,286,323,39,0,648,0.441358,0.498457,0.060185,0.469622,37,0.060755,Republican,12955,8229,0.64,0.635199,5192,3037,0.37,0.369061,https://www.in.gov/sos/elections/voter-information/files/2016_General_Election_Turnout.pdf,9,no
2016,Indiana,9,US House,Brown,18013,Brown,Washington 3,Shelli Yoder,Trey Hollingsworth,Russell Brooksbank,311,323,35,0,669,0.464873,0.48281,0.052317,0.490536,12,0.018927,Republican,12955,8229,0.64,0.635199,5192,3037,0.37,0.369061,https://www.in.gov/sos/elections/voter-information/files/2016_General_Election_Turnout.pdf,9,no
2016,Indiana,9,US House,Brown,18013,Brown,Washington 4,Shelli Yoder,Trey Hollingsworth,Russell Brooksbank,324,304,35,0,663,0.488688,0.458522,0.05279,0.515924,-20,-0.031847,Democratic,12955,8229,0.64,0.635199,5192,3037,0.37,0.369061,https://www.in.gov/sos/elections/voter-information/files/2016_General_Election_Turnout.pdf,9,no
2016,Indiana,9,US House,Clark,18019,Clark,Bethlehem 01,Shelli Yoder,Trey Hollingsworth,Russell Brooksbank,45,97,17,0,159,0.283019,0.610063,0.106918,0.316901,52,0.366197,Republican,94446,52204,0.55,0.552739,42620,9584,0.18,0.183587,https://www.in.gov/sos/elections/voter-information/files/2016_General_Election_Turnout.pdf,9,no
2016,Indiana,9,US House,Clark,18019,Clark,Carr 01,Shelli Yoder,Trey Hollingsworth,Russell Brooksbank,768,1458,99,0,2325,0.330323,0.627097,0.042581,0.345013,690,0.309973,Republican,94446,52204,0.55,0.552739,42620,9584,0.18,0.183587,https://www.in.gov/sos/elections/voter-information/files/2016_General_Election_Turnout.pdf,9,no
2016,Indiana,9,US House,Clark,18019,Clark,Charlestown 01,Shelli Yoder,Trey Hollingsworth,Russell Brooksbank,321,435,65,0,821,0.390987,0.529842,0.079172,0.424603,114,0.150794,Republican,94446,52204,0.55,0.552739,42620,9584,0.18,0.183587,https://www.in.gov/sos/elections/voter-information/files/2016_General_Election_Turnout.pdf,9,no
2016,Indiana,9,US House,Clark,18019,Clark,Charlestown 02,Shelli Yoder,Trey Hollingsworth,Russell Brooksbank,199,209,21,0,429,0.463869,0.487179,0.048951,0.487745,10,0.02451,Republican,94446,52204,0.55,0.552739,42620,9584,0.18,0.183587,https://www.in.gov/sos/elections/voter-information/files/2016_General_Election_Turnout.pdf,9,no
2016,Indiana,9,US House,Clark,18019,Clark,Charlestown 03,Shelli Yoder,Trey Hollingsworth,Russell Brooksbank,99,78,22,0,199,0.497487,0.39196,0.110553,0.559322,-21,-0.118644,Democratic,94446,52204,0.55,0.552739,42620,9584,0.18,0.183587,https://www.in.gov/sos/elections/voter-information/files/2016_General_Election_Turnout.pdf,9,no
2016,Indiana,9,US House,Clark,18019,Clark,Charlestown 04,Shelli Yoder,Trey Hollingsworth,Russell Brooksbank,134,142,22,0,298,0.449664,0.47651,0.073826,0.485507,8,0.028986,Republican,94446,52204,0.55,0.552739,42620,9584,0.18,0.183587,https://www.in.gov/sos/elections/voter-information/files/2016_General_Election_Turnout.pdf,9,no
2016,Indiana,9,US House,Clark,18019,Clark,Charlestown 05,Shelli Yoder,Trey Hollingsworth,Russell Brooksbank,171,249,24,0,444,0.385135,0.560811,0.054054,0.407143,78,0.185714,Republican,94446,52204,0.55,0.552739,42620,9584,0.18,0.183587,https://www.in.gov/sos/elections/voter-information/files/2016_General_Election_Turnout.pdf,9,no
2016,Indiana,9,US House,Clark,18019,Clark,Charlestown 06,Shelli Yoder,Trey Hollingsworth,Russell Brooksbank,550,1016,74,0,1640,0.335366,0.619512,0.045122,0.351213,466,0.297573,Republican,94446,52204,0.55,0.552739,42620,9584,0.18,0.183587,https://www.in.gov/sos/elections/voter-information/files/2016_General_Election_Turnout.pdf,9,no
2016,Indiana,9,US House,Clark,18019,Clark,Charlestown 07,Shelli Yoder,Trey Hollingsworth,Russell Brooksbank,617,1104,68,0,1789,0.344885,0.617105,0.03801,0.358512,487,0.282975,Republican,94446,52204,0.55,0.552739,42620,9584,0.18,0.183587,https://www.in.gov/sos/elections/voter-information/files/2016_General_Election_Turnout.pdf,9,no
2016,Indiana,9,US House,Clark,18019,Clark,Charlestown 08,Shelli Yoder,Trey Hollingsworth,Russell Brooksbank,224,387,35,0,646,0.346749,0.599071,0.05418,0.366612,163,0.266776,Republican,94446,52204,0.55,0.552739,42620,9584,0.18,0.183587,https://www.in.gov/sos/elections/voter-information/files/2016_General_Election_Turnout.pdf,9,no
2016,Indiana,9,US House,Clark,18019,Clark,Jeffersonville 01,Shelli Yoder,Trey Hollingsworth,Russell Brooksbank,171,132,8,0,311,0.549839,0.424437,0.025723,0.564356,-39,-0.128713,Democratic,94446,52204,0.55,0.552739,42620,9584,0.18,0.183587,https://www.in.gov/sos/elections/voter-information/files/2016_General_Election_Turnout.pdf,9,no
2016,Indiana,9,US House,Clark,18019,Clark,Jeffersonville 02,Shelli Yoder,Trey Hollingsworth,Russell Brooksbank,230,110,24,0,364,0.631868,0.302198,0.065934,0.676471,-120,-0.352941,Democratic,94446,52204,0.55,0.552739,42620,9584,0.18,0.183587,https://www.in.gov/sos/elections/voter-information/files/2016_General_Election_Turnout.pdf,9,no
2016,Indiana,9,US House,Clark,18019,Clark,Jeffersonville 03,Shelli Yoder,Trey Hollingsworth,Russell Brooksbank,430,122,33,0,585,0.735043,0.208547,0.05641,0.778986,-308,-0.557971,Democratic,94446,52204,0.55,0.552739,42620,9584,0.18,0.183587,https://www.in.gov/sos/elections/voter-information/files/2016_General_Election_Turnout.pdf,9,no
2016,Indiana,9,US House,Clark,18019,Clark,Jeffersonville 04,Shelli Yoder,Trey Hollingsworth,Russell Brooksbank,303,169,46,0,518,0.584942,0.326255,0.088803,0.641949,-134,-0.283898,Democratic,94446,52204,0.55,0.552739,42620,9584,0.18,0.183587,https://www.in.gov/sos/elections/voter-information/files/2016_General_Election_Turnout.pdf,9,no
2016,Indiana,9,US House,Clark,18019,Clark,Jeffersonville 05,Shelli Yoder,Trey Hollingsworth,Russell Brooksbank,282,161,34,0,477,0.591195,0.337526,0.071279,0.636569,-121,-0.273138,Democratic,94446,52204,0.55,0.552739,42620,9584,0.18,0.183587,https://www.in.gov/sos/elections/voter-information/files/2016_General_Election_Turnout.pdf,9,no
2016,Indiana,9,US House,Clark,18019,Clark,Jeffersonville 06,Shelli Yoder,Trey Hollingsworth,Russell Brooksbank,226,183,23,0,432,0.523148,0.423611,0.053241,0.552567,-43,-0.105134,Democratic,94446,52204,0.55,0.552739,42620,9584,0.18,0.183587,https://www.in.gov/sos/elections/voter-information/files/2016_General_Election_Turnout.pdf,9,no
2016,Indiana,9,US House,Clark,18019,Clark,Jeffersonville 07,Shelli Yoder,Trey Hollingsworth,Russell Brooksbank,358,275,38,0,671,0.533532,0.409836,0.056632,0.565561,-83,-0.131122,Democratic,94446,52204,0.55,0.552739,42620,9584,0.18,0.183587,https://www.in.gov/sos/elections/voter-information/files/2016_General_Election_Turnout.pdf,9,no
2016,Indiana,9,US House,Clark,18019,Clark,Jeffersonville 08,Shelli Yoder,Trey Hollingsworth,Russell Brooksbank,260,182,37,0,479,0.542797,0.379958,0.077244,0.588235,-78,-0.176471,Democratic,94446,52204,0.55,0.552739,42620,9584,0.18,0.183587,https://www.in.gov/sos/elections/voter-information/files/2016_General_Election_Turnout.pdf,9,no
2016,Indiana,9,US House,Clark,18019,Clark,Jeffersonville 09,Shelli Yoder,Trey Hollingsworth,Russell Brooksbank,362,236,43,0,641,0.564743,0.368175,0.067083,0.605351,-126,-0.210702,Democratic,94446,52204,0.55,0.552739,42620,9584,0.18,0.183587,https://www.in.gov/sos/elections/voter-information/files/2016_General_Election_Turnout.pdf,9,no
2016,Indiana,9,US House,Clark,18019,Clark,Jeffersonville 10,Shelli Yoder,Trey Hollingsworth,Russell Brooksbank,298,195,26,0,519,0.574181,0.375723,0.050096,0.604462,-103,-0.208925,Democratic,94446,52204,0.55,0.552739,42620,9584,0.18,0.183587,https://www.in.gov/sos/elections/voter-information/files/2016_General_Election_Turnout.pdf,9,no
2016,Indiana,9,US House,Clark,18019,Clark,Jeffersonville 11,Shelli Yoder,Trey Hollingsworth,Russell Brooksbank,329,258,34,0,621,0.529791,0.415459,0.05475,0.560477,-71,-0.120954,Democratic,94446,52204,0.55,0.552739,42620,9584,0.18,0.183587,https://www.in.gov/sos/elections/voter-information/files/2016_General_Election_Turnout.pdf,9,no
2016,Indiana,9,US House,Clark,18019,Clark,Jeffersonville 11A,Shelli Yoder,Trey Hollingsworth,Russell Brooksbank,128,123,8,0,259,0.494208,0.474903,0.030888,0.50996,-5,-0.01992,Democratic,94446,52204,0.55,0.552739,42620,9584,0.18,0.183587,https://www.in.gov/sos/elections/voter-information/files/2016_General_Election_Turnout.pdf,9,no
2016,Indiana,9,US House,Clark,18019,Clark,Jeffersonville 12,Shelli Yoder,Trey Hollingsworth,Russell Brooksbank,260,274,37,0,571,0.455342,0.47986,0.064799,0.486891,14,0.026217,Republican,94446,52204,0.55,0.552739,42620,9584,0.18,0.183587,https://www.in.gov/sos/elections/voter-information/files/2016_General_Election_Turnout.pdf,9,no
2016,Indiana,9,US House,Clark,18019,Clark,Jeffersonville 13,Shelli Yoder,Trey Hollingsworth,Russell Brooksbank,416,301,45,0,762,0.545932,0.395013,0.059055,0.580195,-115,-0.160391,Democratic,94446,52204,0.55,0.552739,42620,9584,0.18,0.183587,https://www.in.gov/sos/elections/voter-information/files/2016_General_Election_Turnout.pdf,9,no
2016,Indiana,9,US House,Clark,18019,Clark,Jeffersonville 14,Shelli Yoder,Trey Hollingsworth,Russell Brooksbank,216,213,45,0,474,0.455696,0.449367,0.094937,0.503497,-3,-0.006993,Democratic,94446,52204,0.55,0.552739,42620,9584,0.18,0.183587,https://www.in.gov/sos/elections/voter-information/files/2016_General_Election_Turnout.pdf,9,no
2016,Indiana,9,US House,Clark,18019,Clark,Jeffersonville 15,Shelli Yoder,Trey Hollingsworth,Russell Brooksbank,283,333,32,0,648,0.436728,0.513889,0.049383,0.459416,50,0.081169,Republican,94446,52204,0.55,0.552739,42620,9584,0.18,0.183587,https://www.in.gov/sos/elections/voter-information/files/2016_General_Election_Turnout.pdf,9,no
2016,Indiana,9,US House,Clark,18019,Clark,Jeffersonville 16,Shelli Yoder,Trey Hollingsworth,Russell Brooksbank,472,533,45,0,1050,0.449524,0.507619,0.042857,0.469652,61,0.060697,Republican,94446,52204,0.55,0.552739,42620,9584,0.18,0.183587,https://www.in.gov/sos/elections/voter-information/files/2016_General_Election_Turnout.pdf,9,no
2016,Indiana,9,US House,Clark,18019,Clark,Jeffersonville 17,Shelli Yoder,Trey Hollingsworth,Russell Brooksbank,471,485,65,0,1021,0.461312,0.475024,0.063663,0.492678,14,0.014644,Republican,94446,52204,0.55,0.552739,42620,9584,0.18,0.183587,https://www.in.gov/sos/elections/voter-information/files/2016_General_Election_Turnout.pdf,9,no
2016,Indiana,9,US House,Clark,18019,Clark,Jeffersonville 18,Shelli Yoder,Trey Hollingsworth,Russell Brooksbank,915,864,81,0,1860,0.491935,0.464516,0.043548,0.514334,-51,-0.028668,Democratic,94446,52204,0.55,0.552739,42620,9584,0.18,0.183587,https://www.in.gov/sos/elections/voter-information/files/2016_General_Election_Turnout.pdf,9,no
2016,Indiana,9,US House,Clark,18019,Clark,Jeffersonville 20,Shelli Yoder,Trey Hollingsworth,Russell Brooksbank,287,288,28,0,603,0.475954,0.477612,0.046434,0.49913,1,0.001739,Republican,94446,52204,0.55,0.552739,42620,9584,0.18,0.183587,https://www.in.gov/sos/elections/voter-information/files/2016_General_Election_Turnout.pdf,9,no
2016,Indiana,9,US House,Clark,18019,Clark,Jeffersonville 21,Shelli Yoder,Trey Hollingsworth,Russell Brooksbank,231,199,24,0,454,0.508811,0.438326,0.052863,0.537209,-32,-0.074419,Democratic,94446,52204,0.55,0.552739,42620,9584,0.18,0.183587,https://www.in.gov/sos/elections/voter-information/files/2016_General_Election_Turnout.pdf,9,no
2016,Indiana,9,US House,Clark,18019,Clark,Jeffersonville 22,Shelli Yoder,Trey Hollingsworth,Russell Brooksbank,401,301,49,0,751,0.533955,0.400799,0.065246,0.571225,-100,-0.14245,Democratic,94446,52204,0.55,0.552739,42620,9584,0.18,0.183587,https://www.in.gov/sos/elections/voter-information/files/2016_General_Election_Turnout.pdf,9,no
2016,Indiana,9,US House,Clark,18019,Clark,Jeffersonville 23,Shelli Yoder,Trey Hollingsworth,Russell Brooksbank,389,376,49,0,814,0.477887,0.461916,0.060197,0.508497,-13,-0.016993,Democratic,94446,52204,0.55,0.552739,42620,9584,0.18,0.183587,https://www.in.gov/sos/elections/voter-information/files/2016_General_Election_Turnout.pdf,9,no
2016,Indiana,9,US House,Clark,18019,Clark,Jeffersonville 24,Shelli Yoder,Trey Hollingsworth,Russell Brooksbank,759,625,87,0,1471,0.515976,0.424881,0.059143,0.54841,-134,-0.096821,Democratic,94446,52204,0.55,0.552739,42620,9584,0.18,0.183587,https://www.in.gov/sos/elections/voter-information/files/2016_General_Election_Turnout.pdf,9,no
2016,Indiana,9,US House,Clark,18019,Clark,Jeffersonville 25,Shelli Yoder,Trey Hollingsworth,Russell Brooksbank,400,525,63,0,988,0.404858,0.531377,0.063765,0.432432,125,0.135135,Republican,94446,52204,0.55,0.552739,42620,9584,0.18,0.183587,https://www.in.gov/sos/elections/voter-information/files/2016_General_Election_Turnout.pdf,9,no
2016,Indiana,9,US House,Clark,18019,Clark,Jeffersonville 27,Shelli Yoder,Trey Hollingsworth,Russell Brooksbank,110,103,18,0,231,0.47619,0.445887,0.077922,0.516432,-7,-0.032864,Democratic,94446,52204,0.55,0.552739,42620,9584,0.18,0.183587,https://www.in.gov/sos/elections/voter-information/files/2016_General_Election_Turnout.pdf,9,no
2016,Indiana,9,US House,Clark,18019,Clark,Jeffersonville 30,Shelli Yoder,Trey Hollingsworth,Russell Brooksbank,200,184,33,0,417,0.479616,0.441247,0.079137,0.520833,-16,-0.041667,Democratic,94446,52204,0.55,0.552739,42620,9584,0.18,0.183587,https://www.in.gov/sos/elections/voter-information/files/2016_General_Election_Turnout.pdf,9,no
2016,Indiana,9,US House,Clark,18019,Clark,Jeffersonville 31,Shelli Yoder,Trey Hollingsworth,Russell Brooksbank,203,190,28,0,421,0.482185,0.451306,0.066508,0.516539,-13,-0.033079,Democratic,94446,52204,0.55,0.552739,42620,9584,0.18,0.183587,https://www.in.gov/sos/elections/voter-information/files/2016_General_Election_Turnout.pdf,9,no
2016,Indiana,9,US House,Clark,18019,Clark,Jeffersonville 32,Shelli Yoder,Trey Hollingsworth,Russell Brooksbank,146,120,27,0,293,0.498294,0.409556,0.09215,0.548872,-26,-0.097744,Democratic,94446,52204,0.55,0.552739,42620,9584,0.18,0.183587,https://www.in.gov/sos/elections/voter-information/files/2016_General_Election_Turnout.pdf,9,no
2016,Indiana,9,US House,Clark,18019,Clark,Jeffersonville 33,Shelli Yoder,Trey Hollingsworth,Russell Brooksbank,231,223,42,0,496,0.465726,0.449597,0.084677,0.508811,-8,-0.017621,Democratic,94446,52204,0.55,0.552739,42620,9584,0.18,0.183587,https://www.in.gov/sos/elections/voter-information/files/2016_General_Election_Turnout.pdf,9,no
2016,Indiana,9,US House,Clark,18019,Clark,Jeffersonville 34,Shelli Yoder,Trey Hollingsworth,Russell Brooksbank,197,135,25,0,357,0.551821,0.378151,0.070028,0.593373,-62,-0.186747,Democratic,94446,52204,0.55,0.552739,42620,9584,0.18,0.183587,https://www.in.gov/sos/elections/voter-information/files/2016_General_Election_Turnout.pdf,9,no
2016,Indiana,9,US House,Clark,18019,Clark,Jeffersonville 35,Shelli Yoder,Trey Hollingsworth,Russell Brooksbank,270,207,47,0,524,0.515267,0.395038,0.089695,0.566038,-63,-0.132075,Democratic,94446,52204,0.55,0.552739,42620,9584,0.18,0.183587,https://www.in.gov/sos/elections/voter-information/files/2016_General_Election_Turnout.pdf,9,no
2016,Indiana,9,US House,Clark,18019,Clark,Jeffersonville 36,Shelli Yoder,Trey Hollingsworth,Russell Brooksbank,260,269,32,0,561,0.463458,0.479501,0.057041,0.491493,9,0.017013,Republican,94446,52204,0.55,0.552739,42620,9584,0.18,0.183587,https://www.in.gov/sos/elections/voter-information/files/2016_General_Election_Turnout.pdf,9,no
2016,Indiana,9,US House,Clark,18019,Clark,Jeffersonville 37,Shelli Yoder,Trey Hollingsworth,Russell Brooksbank,377,379,35,0,791,0.476612,0.47914,0.044248,0.498677,2,0.002646,Republican,94446,52204,0.55,0.552739,42620,9584,0.18,0.183587,https://www.in.gov/sos/elections/voter-information/files/2016_General_Election_Turnout.pdf,9,no
2016,Indiana,9,US House,Clark,18019,Clark,Jeffersonville 38,Shelli Yoder,Trey Hollingsworth,Russell Brooksbank,329,353,48,0,730,0.450685,0.483562,0.065753,0.482405,24,0.035191,Republican,94446,52204,0.55,0.552739,42620,9584,0.18,0.183587,https://www.in.gov/sos/elections/voter-information/files/2016_General_Election_Turnout.pdf,9,no
2016,Indiana,9,US House,Clark,18019,Clark,Jeffersonville 39,Shelli Yoder,Trey Hollingsworth,Russell Brooksbank,248,221,50,0,519,0.477842,0.425819,0.096339,0.528785,-27,-0.057569,Democratic,94446,52204,0.55,0.552739,42620,9584,0.18,0.183587,https://www.in.gov/sos/elections/voter-information/files/2016_General_Election_Turnout.pdf,9,no
2016,Indiana,9,US House,Clark,18019,Clark,Jeffersonville 40,Shelli Yoder,Trey Hollingsworth,Russell Brooksbank,366,363,57,0,786,0.465649,0.461832,0.072519,0.502058,-3,-0.004115,Democratic,94446,52204,0.55,0.552739,42620,9584,0.18,0.183587,https://www.in.gov/sos/elections/voter-information/files/2016_General_Election_Turnout.pdf,9,no
2016,Indiana,9,US House,Clark,18019,Clark,Jeffersonville 41,Shelli Yoder,Trey Hollingsworth,Russell Brooksbank,206,191,42,0,439,0.469248,0.43508,0.095672,0.518892,-15,-0.037783,Democratic,94446,52204,0.55,0.552739,42620,9584,0.18,0.183587,https://www.in.gov/sos/elections/voter-information/files/2016_General_Election_Turnout.pdf,9,no
2016,Indiana,9,US House,Clark,18019,Clark,Jeffersonville 42,Shelli Yoder,Trey Hollingsworth,Russell Brooksbank,255,299,50,0,604,0.422185,0.495033,0.082781,0.460289,44,0.079422,Republican,94446,52204,0.55,0.552739,42620,9584,0.18,0.183587,https://www.in.gov/sos/elections/voter-information/files/2016_General_Election_Turnout.pdf,9,no
2016,Indiana,9,US House,Clark,18019,Clark,Monroe 01,Shelli Yoder,Trey Hollingsworth,Russell Brooksbank,239,452,35,0,726,0.329201,0.62259,0.048209,0.345876,213,0.308249,Republican,94446,52204,0.55,0.552739,42620,9584,0.18,0.183587,https://www.in.gov/sos/elections/voter-information/files/2016_General_Election_Turnout.pdf,9,no
2016,Indiana,9,US House,Clark,18019,Clark,Monroe 02,Shelli Yoder,Trey Hollingsworth,Russell Brooksbank,266,655,64,0,985,0.270051,0.664975,0.064975,0.288817,389,0.422367,Republican,94446,52204,0.55,0.552739,42620,9584,0.18,0.183587,https://www.in.gov/sos/elections/voter-information/files/2016_General_Election_Turnout.pdf,9,no
2016,Indiana,9,US House,Clark,18019,Clark,Monroe 03,Shelli Yoder,Trey Hollingsworth,Russell Brooksbank,205,419,46,0,670,0.30597,0.625373,0.068657,0.328526,214,0.342949,Republican,94446,52204,0.55,0.552739,42620,9584,0.18,0.183587,https://www.in.gov/sos/elections/voter-information/files/2016_General_Election_Turnout.pdf,9,no
2016,Indiana,9,US House,Clark,18019,Clark,Oregon 01,Shelli Yoder,Trey Hollingsworth,Russell Brooksbank,254,483,58,0,795,0.319497,0.607547,0.072956,0.34464,229,0.310719,Republican,94446,52204,0.55,0.552739,42620,9584,0.18,0.183587,https://www.in.gov/sos/elections/voter-information/files/2016_General_Election_Turnout.pdf,9,no
2016,Indiana,9,US House,Clark,18019,Clark,Owen 01,Shelli Yoder,Trey Hollingsworth,Russell Brooksbank,142,253,24,0,419,0.338902,0.603819,0.057279,0.359494,111,0.281013,Republican,94446,52204,0.55,0.552739,42620,9584,0.18,0.183587,https://www.in.gov/sos/elections/voter-information/files/2016_General_Election_Turnout.pdf,9,no
2016,Indiana,9,US House,Clark,18019,Clark,Silver Ck / Cville 43,Shelli Yoder,Trey Hollingsworth,Russell Brooksbank,518,869,62,0,1449,0.357488,0.599724,0.042788,0.373468,351,0.253064,Republican,94446,52204,0.55,0.552739,42620,9584,0.18,0.183587,https://www.in.gov/sos/elections/voter-information/files/2016_General_Election_Turnout.pdf,9,no
2016,Indiana,9,US House,Clark,18019,Clark,Silver Creek 01,Shelli Yoder,Trey Hollingsworth,Russell Brooksbank,231,282,21,0,534,0.432584,0.52809,0.039326,0.450292,51,0.099415,Republican,94446,52204,0.55,0.552739,42620,9584,0.18,0.183587,https://www.in.gov/sos/elections/voter-information/files/2016_General_Election_Turnout.pdf,9,no
2016,Indiana,9,US House,Clark,18019,Clark,Silver Creek 02,Shelli Yoder,Trey Hollingsworth,Russell Brooksbank,181,233,36,0,450,0.402222,0.517778,0.08,0.437198,52,0.125604,Republican,94446,52204,0.55,0.552739,42620,9584,0.18,0.183587,https://www.in.gov/sos/elections/voter-information/files/2016_General_Election_Turnout.pdf,9,no
2016,Indiana,9,US House,Clark,18019,Clark,Silver Creek 03,Shelli Yoder,Trey Hollingsworth,Russell Brooksbank,199,319,26,0,544,0.365809,0.586397,0.047794,0.38417,120,0.23166,Republican,94446,52204,0.55,0.552739,42620,9584,0.18,0.183587,https://www.in.gov/sos/elections/voter-information/files/2016_General_Election_Turnout.pdf,9,no
2016,Indiana,9,US House,Clark,18019,Clark,Silver Creek 04,Shelli Yoder,Trey Hollingsworth,Russell Brooksbank,316,470,39,0,825,0.38303,0.569697,0.047273,0.402036,154,0.195929,Republican,94446,52204,0.55,0.552739,42620,9584,0.18,0.183587,https://www.in.gov/sos/elections/voter-information/files/2016_General_Election_Turnout.pdf,9,no
2016,Indiana,9,US House,Clark,18019,Clark,Silver Creek 05,Shelli Yoder,Trey Hollingsworth,Russell Brooksbank,166,240,25,0,431,0.385151,0.556845,0.058005,0.408867,74,0.182266,Republican,94446,52204,0.55,0.552739,42620,9584,0.18,0.183587,https://www.in.gov/sos/elections/voter-information/files/2016_General_Election_Turnout.pdf,9,no
2016,Indiana,9,US House,Clark,18019,Clark,Silver Creek 06,Shelli Yoder,Trey Hollingsworth,Russell Brooksbank,538,892,86,0,1516,0.354881,0.588391,0.056728,0.376224,354,0.247552,Republican,94446,52204,0.55,0.552739,42620,9584,0.18,0.183587,https://www.in.gov/sos/elections/voter-information/files/2016_General_Election_Turnout.pdf,9,no
2016,Indiana,9,US House,Clark,18019,Clark,Silver Creek 07,Shelli Yoder,Trey Hollingsworth,Russell Brooksbank,101,137,26,0,264,0.382576,0.518939,0.098485,0.42437,36,0.151261,Republican,94446,52204,0.55,0.552739,42620,9584,0.18,0.183587,https://www.in.gov/sos/elections/voter-information/files/2016_General_Election_Turnout.pdf,9,no
2016,Indiana,9,US House,Clark,18019,Clark,Union 01,Shelli Yoder,Trey Hollingsworth,Russell Brooksbank,556,1089,123,0,1768,0.31448,0.61595,0.06957,0.337994,533,0.324012,Republican,94446,52204,0.55,0.552739,42620,9584,0.18,0.183587,https://www.in.gov/sos/elections/voter-information/files/2016_General_Election_Turnout.pdf,9,no
2016,Indiana,9,US House,Clark,18019,Clark,Utica / Jeff City 19,Shelli Yoder,Trey Hollingsworth,Russell Brooksbank,7,14,2,0,23,0.304348,0.608696,0.086957,0.333333,7,0.333333,Republican,94446,52204,0.55,0.552739,42620,9584,0.18,0.183587,https://www.in.gov/sos/elections/voter-information/files/2016_General_Election_Turnout.pdf,9,no
2016,Indiana,9,US House,Clark,18019,Clark,Utica 01,Shelli Yoder,Trey Hollingsworth,Russell Brooksbank,151,172,24,0,347,0.435159,0.495677,0.069164,0.467492,21,0.065015,Republican,94446,52204,0.55,0.552739,42620,9584,0.18,0.183587,https://www.in.gov/sos/elections/voter-information/files/2016_General_Election_Turnout.pdf,9,no
2016,Indiana,9,US House,Clark,18019,Clark,Utica 02,Shelli Yoder,Trey Hollingsworth,Russell Brooksbank,435,515,52,0,1002,0.434132,0.513972,0.051896,0.457895,80,0.084211,Republican,94446,52204,0.55,0.552739,42620,9584,0.18,0.183587,https://www.in.gov/sos/elections/voter-information/files/2016_General_Election_Turnout.pdf,9,no
2016,Indiana,9,US House,Clark,18019,Clark,Utica 03,Shelli Yoder,Trey Hollingsworth,Russell Brooksbank,566,734,90,0,1390,0.407194,0.528058,0.064748,0.435385,168,0.129231,Republican,94446,52204,0.55,0.552739,42620,9584,0.18,0.183587,https://www.in.gov/sos/elections/voter-information/files/2016_General_Election_Turnout.pdf,9,no
2016,Indiana,9,US House,Clark,18019,Clark,Utica 04,Shelli Yoder,Trey Hollingsworth,Russell Brooksbank,396,427,33,0,856,0.462617,0.498832,0.038551,0.481166,31,0.037667,Republican,94446,52204,0.55,0.552739,42620,9584,0.18,0.183587,https://www.in.gov/sos/elections/voter-information/files/2016_General_Election_Turnout.pdf,9,no
2016,Indiana,9,US House,Clark,18019,Clark,Washington 01,Shelli Yoder,Trey Hollingsworth,Russell Brooksbank,283,500,37,0,820,0.345122,0.609756,0.045122,0.36143,217,0.277139,Republican,94446,52204,0.55,0.552739,42620,9584,0.18,0.183587,https://www.in.gov/sos/elections/voter-information/files/2016_General_Election_Turnout.pdf,9,no
2016,Indiana,9,US House,Clark,18019,Clark,Wood 01,Shelli Yoder,Trey Hollingsworth,Russell Brooksbank,112,204,16,0,332,0.337349,0.614458,0.048193,0.35443,92,0.291139,Republican,94446,52204,0.55,0.552739,42620,9584,0.18,0.183587,https://www.in.gov/sos/elections/voter-information/files/2016_General_Election_Turnout.pdf,9,no
2016,Indiana,9,US House,Clark,18019,Clark,Wood 02,Shelli Yoder,Trey Hollingsworth,Russell Brooksbank,241,390,46,0,677,0.355982,0.576071,0.067947,0.381933,149,0.236133,Republican,94446,52204,0.55,0.552739,42620,9584,0.18,0.183587,https://www.in.gov/sos/elections/voter-information/files/2016_General_Election_Turnout.pdf,9,no
2016,Indiana,9,US House,Clark,18019,Clark,Wood 03,Shelli Yoder,Trey Hollingsworth,Russell Brooksbank,93,178,7,0,278,0.334532,0.640288,0.02518,0.343173,85,0.313653,Republican,94446,52204,0.55,0.552739,42620,9584,0.18,0.183587,https://www.in.gov/sos/elections/voter-information/files/2016_General_Election_Turnout.pdf,9,no
2016,Indiana,9,US House,Crawford,18025,Crawford,01 Jennings 1,Shelli Yoder,Trey Hollingsworth,Russell Brooksbank,113,184,21,0,318,0.355346,0.578616,0.066038,0.380471,71,0.239057,Republican,9286,4766,0.51,0.513246,3893,873,0.18,0.183172,https://www.in.gov/sos/elections/voter-information/files/2016_General_Election_Turnout.pdf,8;9,yes
2016,Indiana,9,US House,Crawford,18025,Crawford,02 Jennings 2,Shelli Yoder,Trey Hollingsworth,Russell Brooksbank,116,170,14,0,300,0.386667,0.566667,0.046667,0.405594,54,0.188811,Republican,9286,4766,0.51,0.513246,3893,873,0.18,0.183172,https://www.in.gov/sos/elections/voter-information/files/2016_General_Election_Turnout.pdf,8;9,yes
2016,Indiana,9,US House,Crawford,18025,Crawford,03 Whiskey Run 1,Shelli Yoder,Trey Hollingsworth,Russell Brooksbank,192,229,31,0,452,0.424779,0.506637,0.068584,0.456057,37,0.087886,Republican,9286,4766,0.51,0.513246,3893,873,0.18,0.183172,https://www.in.gov/sos/elections/voter-information/files/2016_General_Election_Turnout.pdf,8;9,yes
2016,Indiana,9,US House,Crawford,18025,Crawford,04 Whiskey Run 2,Shelli Yoder,Trey Hollingsworth,Russell Brooksbank,170,224,23,0,417,0.407674,0.53717,0.055156,0.431472,54,0.137056,Republican,9286,4766,0.51,0.513246,3893,873,0.18,0.183172,https://www.in.gov/sos/elections/voter-information/files/2016_General_Election_Turnout.pdf,8;9,yes
2016,Indiana,9,US House,Crawford,18025,Crawford,05 Liberty 1,Shelli Yoder,Trey Hollingsworth,Russell Brooksbank,198,172,29,0,399,0.496241,0.431078,0.072682,0.535135,-26,-0.07027,Democratic,9286,4766,0.51,0.513246,3893,873,0.18,0.183172,https://www.in.gov/sos/elections/voter-information/files/2016_General_Election_Turnout.pdf,8;9,yes
2016,Indiana,9,US House,Crawford,18025,Crawford,06 Liberty 2,Shelli Yoder,Trey Hollingsworth,Russell Brooksbank,195,199,29,0,423,0.460993,0.470449,0.068558,0.494924,4,0.010152,Republican,9286,4766,0.51,0.513246,3893,873,0.18,0.183172,https://www.in.gov/sos/elections/voter-information/files/2016_General_Election_Turnout.pdf,8;9,yes
2016,Indiana,9,US House,Crawford,18025,Crawford,07 Sterling 1,Shelli Yoder,Trey Hollingsworth,Russell Brooksbank,62,73,18,0,153,0.405229,0.477124,0.117647,0.459259,11,0.081481,Republican,9286,4766,0.51,0.513246,3893,873,0.18,0.183172,https://www.in.gov/sos/elections/voter-information/files/2016_General_Election_Turnout.pdf,8;9,yes
2016,Indiana,9,US House,Crawford,18025,Crawford,08 Sterling 2,Shelli Yoder,Trey Hollingsworth,Russell Brooksbank,102,121,17,0,240,0.425,0.504167,0.070833,0.457399,19,0.085202,Republican,9286,4766,0.51,0.513246,3893,873,0.18,0.183172,https://www.in.gov/sos/elections/voter-information/files/2016_General_Election_Turnout.pdf,8;9,yes
2016,Indiana,9,US House,Crawford,18025,Crawford,09 Sterling 3,Shelli Yoder,Trey Hollingsworth,Russell Brooksbank,95,154,15,0,264,0.359848,0.583333,0.056818,0.381526,59,0.236948,Republican,9286,4766,0.51,0.513246,3893,873,0.18,0.183172,https://www.in.gov/sos/elections/voter-information/files/2016_General_Election_Turnout.pdf,8;9,yes
2016,Indiana,9,US House,Crawford,18025,Crawford,10 Patoka 1,Shelli Yoder,Trey Hollingsworth,Russell Brooksbank,225,224,21,0,470,0.478723,0.476596,0.044681,0.501114,-1,-0.002227,Democratic,9286,4766,0.51,0.513246,3893,873,0.18,0.183172,https://www.in.gov/sos/elections/voter-information/files/2016_General_Election_Turnout.pdf,8;9,yes
2016,Indiana,9,US House,Crawford,18025,Crawford,13 Johnson 2,Shelli Yoder,Trey Hollingsworth,Russell Brooksbank,0,0,0,0,0,,,,,0,,Tie,9286,4766,0.51,0.513246,3893,873,0.18,0.183172,https://www.in.gov/sos/elections/voter-information/files/2016_General_Election_Turnout.pdf,8;9,yes
2016,Indiana,9,US House,Crawford,18025,Crawford,14 Union 1,Shelli Yoder,Trey Hollingsworth,Russell Brooksbank,81,99,11,0,191,0.424084,0.518325,0.057592,0.45,18,0.1,Republican,9286,4766,0.51,0.513246,3893,873,0.18,0.183172,https://www.in.gov/sos/elections/voter-information/files/2016_General_Election_Turnout.pdf,8;9,yes
2016,Indiana,9,US House,Crawford,18025,Crawford,16 Ohio 1,Shelli Yoder,Trey Hollingsworth,Russell Brooksbank,74,99,10,0,183,0.404372,0.540984,0.054645,0.427746,25,0.144509,Republican,9286,4766,0.51,0.513246,3893,873,0.18,0.183172,https://www.in.gov/sos/elections/voter-information/files/2016_General_Election_Turnout.pdf,8;9,yes
2016,Indiana,9,US House,Floyd,18043,Floyd,FRANKLIN - 1,Shelli Yoder,Trey Hollingsworth,Russell Brooksbank,268,386,33,0,687,0.390102,0.561863,0.048035,0.409786,118,0.180428,Republican,61175,38266,0.63,0.625517,17616,20650,0.54,0.539644,https://www.in.gov/sos/elections/voter-information/files/2016_General_Election_Turnout.pdf,9,no
2016,Indiana,9,US House,Floyd,18043,Floyd,GEORGETOWN - 1,Shelli Yoder,Trey Hollingsworth,Russell Brooksbank,336,468,28,0,832,0.403846,0.5625,0.033654,0.41791,132,0.164179,Republican,61175,38266,0.63,0.625517,17616,20650,0.54,0.539644,https://www.in.gov/sos/elections/voter-information/files/2016_General_Election_Turnout.pdf,9,no
2016,Indiana,9,US House,Floyd,18043,Floyd,GEORGETOWN - 2,Shelli Yoder,Trey Hollingsworth,Russell Brooksbank,348,572,40,0,960,0.3625,0.595833,0.041667,0.378261,224,0.243478,Republican,61175,38266,0.63,0.625517,17616,20650,0.54,0.539644,https://www.in.gov/sos/elections/voter-information/files/2016_General_Election_Turnout.pdf,9,no
2016,Indiana,9,US House,Floyd,18043,Floyd,GEORGETOWN - 3,Shelli Yoder,Trey Hollingsworth,Russell Brooksbank,258,463,36,0,757,0.340819,0.611625,0.047556,0.357836,205,0.284327,Republican,61175,38266,0.63,0.625517,17616,20650,0.54,0.539644,https://www.in.gov/sos/elections/voter-information/files/2016_General_Election_Turnout.pdf,9,no
2016,Indiana,9,US House,Floyd,18043,Floyd,GEORGETOWN - 4,Shelli Yoder,Trey Hollingsworth,Russell Brooksbank,331,680,43,0,1054,0.314042,0.645161,0.040797,0.327399,349,0.345203,Republican,61175,38266,0.63,0.625517,17616,20650,0.54,0.539644,https://www.in.gov/sos/elections/voter-information/files/2016_General_Election_Turnout.pdf,9,no
2016,Indiana,9,US House,Floyd,18043,Floyd,GEORGETOWN - 5,Shelli Yoder,Trey Hollingsworth,Russell Brooksbank,383,586,49,0,1018,0.376228,0.575639,0.048134,0.395253,203,0.209494,Republican,61175,38266,0.63,0.625517,17616,20650,0.54,0.539644,https://www.in.gov/sos/elections/voter-information/files/2016_General_Election_Turnout.pdf,9,no
2016,Indiana,9,US House,Floyd,18043,Floyd,GEORGETOWN - 6,Shelli Yoder,Trey Hollingsworth,Russell Brooksbank,261,405,40,0,706,0.369688,0.573654,0.056657,0.391892,144,0.216216,Republican,61175,38266,0.63,0.625517,17616,20650,0.54,0.539644,https://www.in.gov/sos/elections/voter-information/files/2016_General_Election_Turnout.pdf,9,no
2016,Indiana,9,US House,Floyd,18043,Floyd,GEORGETOWN - 7,Shelli Yoder,Trey Hollingsworth,Russell Brooksbank,126,261,12,0,399,0.315789,0.654135,0.030075,0.325581,135,0.348837,Republican,61175,38266,0.63,0.625517,17616,20650,0.54,0.539644,https://www.in.gov/sos/elections/voter-information/files/2016_General_Election_Turnout.pdf,9,no
2016,Indiana,9,US House,Floyd,18043,Floyd,GREENVILLE - 1,Shelli Yoder,Trey Hollingsworth,Russell Brooksbank,303,535,41,0,879,0.34471,0.608646,0.046644,0.361575,232,0.27685,Republican,61175,38266,0.63,0.625517,17616,20650,0.54,0.539644,https://www.in.gov/sos/elections/voter-information/files/2016_General_Election_Turnout.pdf,9,no
2016,Indiana,9,US House,Floyd,18043,Floyd,GREENVILLE - 2,Shelli Yoder,Trey Hollingsworth,Russell Brooksbank,259,427,33,0,719,0.360223,0.59388,0.045897,0.377551,168,0.244898,Republican,61175,38266,0.63,0.625517,17616,20650,0.54,0.539644,https://www.in.gov/sos/elections/voter-information/files/2016_General_Election_Turnout.pdf,9,no
2016,Indiana,9,US House,Floyd,18043,Floyd,GREENVILLE - 3,Shelli Yoder,Trey Hollingsworth,Russell Brooksbank,163,329,25,0,517,0.31528,0.636364,0.048356,0.331301,166,0.337398,Republican,61175,38266,0.63,0.625517,17616,20650,0.54,0.539644,https://www.in.gov/sos/elections/voter-information/files/2016_General_Election_Turnout.pdf,9,no
2016,Indiana,9,US House,Floyd,18043,Floyd,GREENVILLE - 4,Shelli Yoder,Trey Hollingsworth,Russell Brooksbank,304,467,47,0,818,0.371638,0.570905,0.057457,0.394293,163,0.211414,Republican,61175,38266,0.63,0.625517,17616,20650,0.54,0.539644,https://www.in.gov/sos/elections/voter-information/files/2016_General_Election_Turnout.pdf,9,no
2016,Indiana,9,US House,Floyd,18043,Floyd,GREENVILLE - 5,Shelli Yoder,Trey Hollingsworth,Russell Brooksbank,250,458,34,0,742,0.336927,0.617251,0.045822,0.353107,208,0.293785,Republican,61175,38266,0.63,0.625517,17616,20650,0.54,0.539644,https://www.in.gov/sos/elections/voter-information/files/2016_General_Election_Turnout.pdf,9,no
2016,Indiana,9,US House,Floyd,18043,Floyd,GREENVILLE - 6,Shelli Yoder,Trey Hollingsworth,Russell Brooksbank,122,211,15,0,348,0.350575,0.606322,0.043103,0.366366,89,0.267267,Republican,61175,38266,0.63,0.625517,17616,20650,0.54,0.539644,https://www.in.gov/sos/elections/voter-information/files/2016_General_Election_Turnout.pdf,9,no
2016,Indiana,9,US House,Floyd,18043,Floyd,LAFAYETTE - 1,Shelli Yoder,Trey Hollingsworth,Russell Brooksbank,341,585,33,0,959,0.355579,0.61001,0.034411,0.368251,244,0.263499,Republican,61175,38266,0.63,0.625517,17616,20650,0.54,0.539644,https://www.in.gov/sos/elections/voter-information/files/2016_General_Election_Turnout.pdf,9,no
2016,Indiana,9,US House,Floyd,18043,Floyd,LAFAYETTE - 2,Shelli Yoder,Trey Hollingsworth,Russell Brooksbank,214,280,21,0,515,0.415534,0.543689,0.040777,0.433198,66,0.133603,Republican,61175,38266,0.63,0.625517,17616,20650,0.54,0.539644,https://www.in.gov/sos/elections/voter-information/files/2016_General_Election_Turnout.pdf,9,no
2016,Indiana,9,US House,Floyd,18043,Floyd,LAFAYETTE - 3,Shelli Yoder,Trey Hollingsworth,Russell Brooksbank,182,297,21,0,500,0.364,0.594,0.042,0.379958,115,0.240084,Republican,61175,38266,0.63,0.625517,17616,20650,0.54,0.539644,https://www.in.gov/sos/elections/voter-information/files/2016_General_Election_Turnout.pdf,9,no
2016,Indiana,9,US House,Floyd,18043,Floyd,LAFAYETTE - 4,Shelli Yoder,Trey Hollingsworth,Russell Brooksbank,253,405,39,0,697,0.362984,0.581062,0.055954,0.384498,152,0.231003,Republican,61175,38266,0.63,0.625517,17616,20650,0.54,0.539644,https://www.in.gov/sos/elections/voter-information/files/2016_General_Election_Turnout.pdf,9,no
2016,Indiana,9,US House,Floyd,18043,Floyd,LAFAYETTE - 5,Shelli Yoder,Trey Hollingsworth,Russell Brooksbank,371,518,33,0,922,0.402386,0.561822,0.035792,0.417323,147,0.165354,Republican,61175,38266,0.63,0.625517,17616,20650,0.54,0.539644,https://www.in.gov/sos/elections/voter-information/files/2016_General_Election_Turnout.pdf,9,no
2016,Indiana,9,US House,Floyd,18043,Floyd,LAFAYETTE - 6,Shelli Yoder,Trey Hollingsworth,Russell Brooksbank,231,332,32,0,595,0.388235,0.557983,0.053782,0.410302,101,0.179396,Republican,61175,38266,0.63,0.625517,17616,20650,0.54,0.539644,https://www.in.gov/sos/elections/voter-information/files/2016_General_Election_Turnout.pdf,9,no
2016,Indiana,9,US House,Floyd,18043,Floyd,LAFAYETTE - 7,Shelli Yoder,Trey Hollingsworth,Russell Brooksbank,199,317,18,0,534,0.372659,0.593633,0.033708,0.385659,118,0.228682,Republican,61175,38266,0.63,0.625517,17616,20650,0.54,0.539644,https://www.in.gov/sos/elections/voter-information/files/2016_General_Election_Turnout.pdf,9,no
2016,Indiana,9,US House,Floyd,18043,Floyd,NEW ALBANY - 01,Shelli Yoder,Trey Hollingsworth,Russell Brooksbank,378,288,40,0,706,0.535411,0.407932,0.056657,0.567568,-90,-0.135135,Democratic,61175,38266,0.63,0.625517,17616,20650,0.54,0.539644,https://www.in.gov/sos/elections/voter-information/files/2016_General_Election_Turnout.pdf,9,no
2016,Indiana,9,US House,Floyd,18043,Floyd,NEW ALBANY - 03,Shelli Yoder,Trey Hollingsworth,Russell Brooksbank,265,160,27,0,452,0.586283,0.353982,0.059735,0.623529,-105,-0.247059,Democratic,61175,38266,0.63,0.625517,17616,20650,0.54,0.539644,https://www.in.gov/sos/elections/voter-information/files/2016_General_Election_Turnout.pdf,9,no
2016,Indiana,9,US House,Floyd,18043,Floyd,NEW ALBANY - 05,Shelli Yoder,Trey Hollingsworth,Russell Brooksbank,342,188,41,0,571,0.598949,0.329247,0.071804,0.645283,-154,-0.290566,Democratic,61175,38266,0.63,0.625517,17616,20650,0.54,0.539644,https://www.in.gov/sos/elections/voter-information/files/2016_General_Election_Turnout.pdf,9,no
2016,Indiana,9,US House,Floyd,18043,Floyd,NEW ALBANY - 07,Shelli Yoder,Trey Hollingsworth,Russell Brooksbank,221,130,38,0,389,0.568123,0.33419,0.097686,0.62963,-91,-0.259259,Democratic,61175,38266,0.63,0.625517,17616,20650,0.54,0.539644,https://www.in.gov/sos/elections/voter-information/files/2016_General_Election_Turnout.pdf,9,no
2016,Indiana,9,US House,Floyd,18043,Floyd,NEW ALBANY - 09,Shelli Yoder,Trey Hollingsworth,Russell Brooksbank,331,272,41,0,644,0.513975,0.42236,0.063665,0.548922,-59,-0.097844,Democratic,61175,38266,0.63,0.625517,17616,20650,0.54,0.539644,https://www.in.gov/sos/elections/voter-information/files/2016_General_Election_Turnout.pdf,9,no
2016,Indiana,9,US House,Floyd,18043,Floyd,NEW ALBANY - 10,Shelli Yoder,Trey Hollingsworth,Russell Brooksbank,280,252,49,0,581,0.481928,0.433735,0.084337,0.526316,-28,-0.052632,Democratic,61175,38266,0.63,0.625517,17616,20650,0.54,0.539644,https://www.in.gov/sos/elections/voter-information/files/2016_General_Election_Turnout.pdf,9,no
2016,Indiana,9,US House,Floyd,18043,Floyd,NEW ALBANY - 11,Shelli Yoder,Trey Hollingsworth,Russell Brooksbank,424,226,44,0,694,0.610951,0.325648,0.063401,0.652308,-198,-0.304615,Democratic,61175,38266,0.63,0.625517,17616,20650,0.54,0.539644,https://www.in.gov/sos/elections/voter-information/files/2016_General_Election_Turnout.pdf,9,no
2016,Indiana,9,US House,Floyd,18043,Floyd,NEW ALBANY - 13,Shelli Yoder,Trey Hollingsworth,Russell Brooksbank,175,163,22,0,360,0.486111,0.452778,0.061111,0.517751,-12,-0.035503,Democratic,61175,38266,0.63,0.625517,17616,20650,0.54,0.539644,https://www.in.gov/sos/elections/voter-information/files/2016_General_Election_Turnout.pdf,9,no
2016,Indiana,9,US House,Floyd,18043,Floyd,NEW ALBANY - 14,Shelli Yoder,Trey Hollingsworth,Russell Brooksbank,329,254,31,0,614,0.535831,0.413681,0.050489,0.564322,-75,-0.128645,Democratic,61175,38266,0.63,0.625517,17616,20650,0.54,0.539644,https://www.in.gov/sos/elections/voter-information/files/2016_General_Election_Turnout.pdf,9,no
2016,Indiana,9,US House,Floyd,18043,Floyd,NEW ALBANY - 16,Shelli Yoder,Trey Hollingsworth,Russell Brooksbank,263,231,22,0,516,0.50969,0.447674,0.042636,0.532389,-32,-0.064777,Democratic,61175,38266,0.63,0.625517,17616,20650,0.54,0.539644,https://www.in.gov/sos/elections/voter-information/files/2016_General_Election_Turnout.pdf,9,no
2016,Indiana,9,US House,Floyd,18043,Floyd,NEW ALBANY - 18,Shelli Yoder,Trey Hollingsworth,Russell Brooksbank,303,226,27,0,556,0.544964,0.406475,0.048561,0.572779,-77,-0.145558,Democratic,61175,38266,0.63,0.625517,17616,20650,0.54,0.539644,https://www.in.gov/sos/elections/voter-information/files/2016_General_Election_Turnout.pdf,9,no
2016,Indiana,9,US House,Floyd,18043,Floyd,NEW ALBANY - 19,Shelli Yoder,Trey Hollingsworth,Russell Brooksbank,260,234,20,0,514,0.505837,0.455253,0.038911,0.526316,-26,-0.052632,Democratic,61175,38266,0.63,0.625517,17616,20650,0.54,0.539644,https://www.in.gov/sos/elections/voter-information/files/2016_General_Election_Turnout.pdf,9,no
2016,Indiana,9,US House,Floyd,18043,Floyd,NEW ALBANY - 20,Shelli Yoder,Trey Hollingsworth,Russell Brooksbank,325,352,29,0,706,0.46034,0.498584,0.041076,0.480059,27,0.039882,Republican,61175,38266,0.63,0.625517,17616,20650,0.54,0.539644,https://www.in.gov/sos/elections/voter-information/files/2016_General_Election_Turnout.pdf,9,no
2016,Indiana,9,US House,Floyd,18043,Floyd,NEW ALBANY - 21,Shelli Yoder,Trey Hollingsworth,Russell Brooksbank,265,140,20,0,425,0.623529,0.329412,0.047059,0.654321,-125,-0.308642,Democratic,61175,38266,0.63,0.625517,17616,20650,0.54,0.539644,https://www.in.gov/sos/elections/voter-information/files/2016_General_Election_Turnout.pdf,9,no
2016,Indiana,9,US House,Floyd,18043,Floyd,NEW ALBANY - 22,Shelli Yoder,Trey Hollingsworth,Russell Brooksbank,267,241,32,0,540,0.494444,0.446296,0.059259,0.525591,-26,-0.051181,Democratic,61175,38266,0.63,0.625517,17616,20650,0.54,0.539644,https://www.in.gov/sos/elections/voter-information/files/2016_General_Election_Turnout.pdf,9,no
2016,Indiana,9,US House,Floyd,18043,Floyd,NEW ALBANY - 23,Shelli Yoder,Trey Hollingsworth,Russell Brooksbank,347,204,36,0,587,0.591141,0.34753,0.061329,0.629764,-143,-0.259528,Democratic,61175,38266,0.63,0.625517,17616,20650,0.54,0.539644,https://www.in.gov/sos/elections/voter-information/files/2016_General_Election_Turnout.pdf,9,no
2016,Indiana,9,US House,Floyd,18043,Floyd,NEW ALBANY - 24,Shelli Yoder,Trey Hollingsworth,Russell Brooksbank,203,140,31,0,374,0.542781,0.374332,0.082888,0.591837,-63,-0.183673,Democratic,61175,38266,0.63,0.625517,17616,20650,0.54,0.539644,https://www.in.gov/sos/elections/voter-information/files/2016_General_Election_Turnout.pdf,9,no
2016,Indiana,9,US House,Floyd,18043,Floyd,NEW ALBANY - 25,Shelli Yoder,Trey Hollingsworth,Russell Brooksbank,107,122,16,0,245,0.436735,0.497959,0.065306,0.467249,15,0.065502,Republican,61175,38266,0.63,0.625517,17616,20650,0.54,0.539644,https://www.in.gov/sos/elections/voter-information/files/2016_General_Election_Turnout.pdf,9,no
2016,Indiana,9,US House,Floyd,18043,Floyd,NEW ALBANY - 26,Shelli Yoder,Trey Hollingsworth,Russell Brooksbank,288,298,37,0,623,0.462279,0.478331,0.05939,0.491468,10,0.017065,Republican,61175,38266,0.63,0.625517,17616,20650,0.54,0.539644,https://www.in.gov/sos/elections/voter-information/files/2016_General_Election_Turnout.pdf,9,no
2016,Indiana,9,US House,Floyd,18043,Floyd,NEW ALBANY - 27,Shelli Yoder,Trey Hollingsworth,Russell Brooksbank,310,215,27,0,552,0.561594,0.389493,0.048913,0.590476,-95,-0.180952,Democratic,61175,38266,0.63,0.625517,17616,20650,0.54,0.539644,https://www.in.gov/sos/elections/voter-information/files/2016_General_Election_Turnout.pdf,9,no
2016,Indiana,9,US House,Floyd,18043,Floyd,NEW ALBANY - 28,Shelli Yoder,Trey Hollingsworth,Russell Brooksbank,294,317,23,0,634,0.463722,0.5,0.036278,0.481178,23,0.037643,Republican,61175,38266,0.63,0.625517,17616,20650,0.54,0.539644,https://www.in.gov/sos/elections/voter-information/files/2016_General_Election_Turnout.pdf,9,no
2016,Indiana,9,US House,Floyd,18043,Floyd,NEW ALBANY - 29,Shelli Yoder,Trey Hollingsworth,Russell Brooksbank,275,283,26,0,584,0.47089,0.484589,0.044521,0.492832,8,0.014337,Republican,61175,38266,0.63,0.625517,17616,20650,0.54,0.539644,https://www.in.gov/sos/elections/voter-information/files/2016_General_Election_Turnout.pdf,9,no
2016,Indiana,9,US House,Floyd,18043,Floyd,NEW ALBANY - 30,Shelli Yoder,Trey Hollingsworth,Russell Brooksbank,212,281,17,0,510,0.415686,0.55098,0.033333,0.43002,69,0.139959,Republican,61175,38266,0.63,0.625517,17616,20650,0.54,0.539644,https://www.in.gov/sos/elections/voter-information/files/2016_General_Election_Turnout.pdf,9,no
2016,Indiana,9,US House,Floyd,18043,Floyd,NEW ALBANY - 31,Shelli Yoder,Trey Hollingsworth,Russell Brooksbank,241,436,23,0,700,0.344286,0.622857,0.032857,0.355982,195,0.288035,Republican,61175,38266,0.63,0.625517,17616,20650,0.54,0.539644,https://www.in.gov/sos/elections/voter-information/files/2016_General_Election_Turnout.pdf,9,no
2016,Indiana,9,US House,Floyd,18043,Floyd,NEW ALBANY - 32,Shelli Yoder,Trey Hollingsworth,Russell Brooksbank,240,362,27,0,629,0.381558,0.575517,0.042925,0.398671,122,0.202658,Republican,61175,38266,0.63,0.625517,17616,20650,0.54,0.539644,https://www.in.gov/sos/elections/voter-information/files/2016_General_Election_Turnout.pdf,9,no
2016,Indiana,9,US House,Floyd,18043,Floyd,NEW ALBANY - 33,Shelli Yoder,Trey Hollingsworth,Russell Brooksbank,191,301,18,0,510,0.37451,0.590196,0.035294,0.388211,110,0.223577,Republican,61175,38266,0.63,0.625517,17616,20650,0.54,0.539644,https://www.in.gov/sos/elections/voter-information/files/2016_General_Election_Turnout.pdf,9,no
2016,Indiana,9,US House,Floyd,18043,Floyd,NEW ALBANY - 34,Shelli Yoder,Trey Hollingsworth,Russell Brooksbank,260,368,29,0,657,0.395738,0.560122,0.04414,0.414013,108,0.171975,Republican,61175,38266,0.63,0.625517,17616,20650,0.54,0.539644,https://www.in.gov/sos/elections/voter-information/files/2016_General_Election_Turnout.pdf,9,no
2016,Indiana,9,US House,Floyd,18043,Floyd,NEW ALBANY - 35,Shelli Yoder,Trey Hollingsworth,Russell Brooksbank,329,394,37,0,760,0.432895,0.518421,0.048684,0.455048,65,0.089903,Republican,61175,38266,0.63,0.625517,17616,20650,0.54,0.539644,https://www.in.gov/sos/elections/voter-information/files/2016_General_Election_Turnout.pdf,9,no
2016,Indiana,9,US House,Floyd,18043,Floyd,NEW ALBANY - 36,Shelli Yoder,Trey Hollingsworth,Russell Brooksbank,263,306,24,0,593,0.443508,0.51602,0.040472,0.462214,43,0.075571,Republican,61175,38266,0.63,0.625517,17616,20650,0.54,0.539644,https://www.in.gov/sos/elections/voter-information/files/2016_General_Election_Turnout.pdf,9,no
2016,Indiana,9,US House,Floyd,18043,Floyd,NEW ALBANY - 37,Shelli Yoder,Trey Hollingsworth,Russell Brooksbank,313,363,24,0,700,0.447143,0.518571,0.034286,0.463018,50,0.073964,Republican,61175,38266,0.63,0.625517,17616,20650,0.54,0.539644,https://www.in.gov/sos/elections/voter-information/files/2016_General_Election_Turnout.pdf,9,no
2016,Indiana,9,US House,Floyd,18043,Floyd,NEW ALBANY - 38,Shelli Yoder,Trey Hollingsworth,Russell Brooksbank,263,438,24,0,725,0.362759,0.604138,0.033103,0.375178,175,0.249643,Republican,61175,38266,0.63,0.625517,17616,20650,0.54,0.539644,https://www.in.gov/sos/elections/voter-information/files/2016_General_Election_Turnout.pdf,9,no
2016,Indiana,9,US House,Floyd,18043,Floyd,NEW ALBANY - 39,Shelli Yoder,Trey Hollingsworth,Russell Brooksbank,243,427,17,0,687,0.353712,0.621543,0.024745,0.362687,184,0.274627,Republican,61175,38266,0.63,0.625517,17616,20650,0.54,0.539644,https://www.in.gov/sos/elections/voter-information/files/2016_General_Election_Turnout.pdf,9,no
2016,Indiana,9,US House,Floyd,18043,Floyd,NEW ALBANY - 40,Shelli Yoder,Trey Hollingsworth,Russell Brooksbank,292,251,25,0,568,0.514085,0.441901,0.044014,0.537753,-41,-0.075506,Democratic,61175,38266,0.63,0.625517,17616,20650,0.54,0.539644,https://www.in.gov/sos/elections/voter-information/files/2016_General_Election_Turnout.pdf,9,no
2016,Indiana,9,US House,Floyd,18043,Floyd,NEW ALBANY - 41,Shelli Yoder,Trey Hollingsworth,Russell Brooksbank,329,375,33,0,737,0.446404,0.50882,0.044776,0.46733,46,0.065341,Republican,61175,38266,0.63,0.625517,17616,20650,0.54,0.539644,https://www.in.gov/sos/elections/voter-information/files/2016_General_Election_Turnout.pdf,9,no
2016,Indiana,9,US House,Floyd,18043,Floyd,NEW ALBANY - 42,Shelli Yoder,Trey Hollingsworth,Russell Brooksbank,274,276,19,0,569,0.481547,0.485062,0.033392,0.498182,2,0.003636,Republican,61175,38266,0.63,0.625517,17616,20650,0.54,0.539644,https://www.in.gov/sos/elections/voter-information/files/2016_General_Election_Turnout.pdf,9,no
2016,Indiana,9,US House,Floyd,18043,Floyd,NEW ALBANY - 43,Shelli Yoder,Trey Hollingsworth,Russell Brooksbank,198,161,15,0,374,0.529412,0.430481,0.040107,0.551532,-37,-0.103064,Democratic,61175,38266,0.63,0.625517,17616,20650,0.54,0.539644,https://www.in.gov/sos/elections/voter-information/files/2016_General_Election_Turnout.pdf,9,no
2016,Indiana,9,US House,Floyd,18043,Floyd,NEW ALBANY - 44,Shelli Yoder,Trey Hollingsworth,Russell Brooksbank,331,364,28,0,723,0.457815,0.503458,0.038728,0.476259,33,0.047482,Republican,61175,38266,0.63,0.625517,17616,20650,0.54,0.539644,https://www.in.gov/sos/elections/voter-information/files/2016_General_Election_Turnout.pdf,9,no
2016,Indiana,9,US House,Floyd,18043,Floyd,NEW ALBANY - 45,Shelli Yoder,Trey Hollingsworth,Russell Brooksbank,144,171,21,0,336,0.428571,0.508929,0.0625,0.457143,27,0.085714,Republican,61175,38266,0.63,0.625517,17616,20650,0.54,0.539644,https://www.in.gov/sos/elections/voter-information/files/2016_General_Election_Turnout.pdf,9,no
2016,Indiana,9,US House,Floyd,18043,Floyd,NEW ALBANY - 46,Shelli Yoder,Trey Hollingsworth,Russell Brooksbank,119,214,3,0,336,0.354167,0.636905,0.008929,0.357357,95,0.285285,Republican,61175,38266,0.63,0.625517,17616,20650,0.54,0.539644,https://www.in.gov/sos/elections/voter-information/files/2016_General_Election_Turnout.pdf,9,no
2016,Indiana,9,US House,Harrison,18061,Harrison,1,Shelli Yoder,Trey Hollingsworth,Russell Brooksbank,159,266,23,0,448,0.354911,0.59375,0.051339,0.374118,107,0.251765,Republican,28754,18958,0.66,0.659317,14718,4240,0.22,0.223652,https://www.in.gov/sos/elections/voter-information/files/2016_General_Election_Turnout.pdf,9,no
2016,Indiana,9,US House,Harrison,18061,Harrison,10,Shelli Yoder,Trey Hollingsworth,Russell Brooksbank,201,379,20,0,600,0.335,0.631667,0.033333,0.346552,178,0.306897,Republican,28754,18958,0.66,0.659317,14718,4240,0.22,0.223652,https://www.in.gov/sos/elections/voter-information/files/2016_General_Election_Turnout.pdf,9,no
2016,Indiana,9,US House,Harrison,18061,Harrison,11,Shelli Yoder,Trey Hollingsworth,Russell Brooksbank,149,181,15,0,345,0.431884,0.524638,0.043478,0.451515,32,0.09697,Republican,28754,18958,0.66,0.659317,14718,4240,0.22,0.223652,https://www.in.gov/sos/elections/voter-information/files/2016_General_Election_Turnout.pdf,9,no
2016,Indiana,9,US House,Harrison,18061,Harrison,12,Shelli Yoder,Trey Hollingsworth,Russell Brooksbank,227,348,22,0,597,0.380235,0.582915,0.036851,0.394783,121,0.210435,Republican,28754,18958,0.66,0.659317,14718,4240,0.22,0.223652,https://www.in.gov/sos/elections/voter-information/files/2016_General_Election_Turnout.pdf,9,no
2016,Indiana,9,US House,Harrison,18061,Harrison,13,Shelli Yoder,Trey Hollingsworth,Russell Brooksbank,206,337,30,0,573,0.359511,0.588133,0.052356,0.379374,131,0.241252,Republican,28754,18958,0.66,0.659317,14718,4240,0.22,0.223652,https://www.in.gov/sos/elections/voter-information/files/2016_General_Election_Turnout.pdf,9,no
2016,Indiana,9,US House,Harrison,18061,Harrison,14,Shelli Yoder,Trey Hollingsworth,Russell Brooksbank,246,294,42,0,582,0.42268,0.505155,0.072165,0.455556,48,0.088889,Republican,28754,18958,0.66,0.659317,14718,4240,0.22,0.223652,https://www.in.gov/sos/elections/voter-information/files/2016_General_Election_Turnout.pdf,9,no
2016,Indiana,9,US House,Harrison,18061,Harrison,15,Shelli Yoder,Trey Hollingsworth,Russell Brooksbank,80,175,19,0,274,0.291971,0.638686,0.069343,0.313725,95,0.372549,Republican,28754,18958,0.66,0.659317,14718,4240,0.22,0.223652,https://www.in.gov/sos/elections/voter-information/files/2016_General_Election_Turnout.pdf,9,no
2016,Indiana,9,US House,Harrison,18061,Harrison,16,Shelli Yoder,Trey Hollingsworth,Russell Brooksbank,74,150,17,0,241,0.307054,0.622407,0.070539,0.330357,76,0.339286,Republican,28754,18958,0.66,0.659317,14718,4240,0.22,0.223652,https://www.in.gov/sos/elections/voter-information/files/2016_General_Election_Turnout.pdf,9,no
2016,Indiana,9,US House,Harrison,18061,Harrison,17,Shelli Yoder,Trey Hollingsworth,Russell Brooksbank,187,363,31,0,581,0.321859,0.624785,0.053356,0.34,176,0.32,Republican,28754,18958,0.66,0.659317,14718,4240,0.22,0.223652,https://www.in.gov/sos/elections/voter-information/files/2016_General_Election_Turnout.pdf,9,no
2016,Indiana,9,US House,Harrison,18061,Harrison,18,Shelli Yoder,Trey Hollingsworth,Russell Brooksbank,170,270,32,0,472,0.360169,0.572034,0.067797,0.386364,100,0.227273,Republican,28754,18958,0.66,0.659317,14718,4240,0.22,0.223652,https://www.in.gov/sos/elections/voter-information/files/2016_General_Election_Turnout.pdf,9,no
2016,Indiana,9,US House,Harrison,18061,Harrison,19,Shelli Yoder,Trey Hollingsworth,Russell Brooksbank,222,326,28,0,576,0.385417,0.565972,0.048611,0.405109,104,0.189781,Republican,28754,18958,0.66,0.659317,14718,4240,0.22,0.223652,https://www.in.gov/sos/elections/voter-information/files/2016_General_Election_Turnout.pdf,9,no
2016,Indiana,9,US House,Harrison,18061,Harrison,2,Shelli Yoder,Trey Hollingsworth,Russell Brooksbank,226,269,26,0,521,0.433781,0.516315,0.049904,0.456566,43,0.086869,Republican,28754,18958,0.66,0.659317,14718,4240,0.22,0.223652,https://www.in.gov/sos/elections/voter-information/files/2016_General_Election_Turnout.pdf,9,no
2016,Indiana,9,US House,Harrison,18061,Harrison,20,Shelli Yoder,Trey Hollingsworth,Russell Brooksbank,216,356,34,0,606,0.356436,0.587459,0.056106,0.377622,140,0.244755,Republican,28754,18958,0.66,0.659317,14718,4240,0.22,0.223652,https://www.in.gov/sos/elections/voter-information/files/2016_General_Election_Turnout.pdf,9,no
2016,Indiana,9,US House,Harrison,18061,Harrison,21,Shelli Yoder,Trey Hollingsworth,Russell Brooksbank,206,290,21,0,517,0.398453,0.560928,0.040619,0.415323,84,0.169355,Republican,28754,18958,0.66,0.659317,14718,4240,0.22,0.223652,https://www.in.gov/sos/elections/voter-information/files/2016_General_Election_Turnout.pdf,9,no
2016,Indiana,9,US House,Harrison,18061,Harrison,22,Shelli Yoder,Trey Hollingsworth,Russell Brooksbank,177,260,30,0,467,0.379015,0.556745,0.06424,0.405034,83,0.189931,Republican,28754,18958,0.66,0.659317,14718,4240,0.22,0.223652,https://www.in.gov/sos/elections/voter-information/files/2016_General_Election_Turnout.pdf,9,no
2016,Indiana,9,US House,Harrison,18061,Harrison,23,Shelli Yoder,Trey Hollingsworth,Russell Brooksbank,220,344,34,0,598,0.367893,0.575251,0.056856,0.390071,124,0.219858,Republican,28754,18958,0.66,0.659317,14718,4240,0.22,0.223652,https://www.in.gov/sos/elections/voter-information/files/2016_General_Election_Turnout.pdf,9,no
2016,Indiana,9,US House,Harrison,18061,Harrison,24,Shelli Yoder,Trey Hollingsworth,Russell Brooksbank,150,355,25,0,530,0.283019,0.669811,0.04717,0.29703,205,0.405941,Republican,28754,18958,0.66,0.659317,14718,4240,0.22,0.223652,https://www.in.gov/sos/elections/voter-information/files/2016_General_Election_Turnout.pdf,9,no
2016,Indiana,9,US House,Harrison,18061,Harrison,25,Shelli Yoder,Trey Hollingsworth,Russell Brooksbank,126,247,19,0,392,0.321429,0.630102,0.048469,0.337802,121,0.324397,Republican,28754,18958,0.66,0.659317,14718,4240,0.22,0.223652,https://www.in.gov/sos/elections/voter-information/files/2016_General_Election_Turnout.pdf,9,no
2016,Indiana,9,US House,Harrison,18061,Harrison,26,Shelli Yoder,Trey Hollingsworth,Russell Brooksbank,193,321,32,0,546,0.35348,0.587912,0.058608,0.375486,128,0.249027,Republican,28754,18958,0.66,0.659317,14718,4240,0.22,0.223652,https://www.in.gov/sos/elections/voter-information/files/2016_General_Election_Turnout.pdf,9,no
2016,Indiana,9,US House,Harrison,18061,Harrison,27,Shelli Yoder,Trey Hollingsworth,Russell Brooksbank,183,270,18,0,471,0.388535,0.573248,0.038217,0.403974,87,0.192053,Republican,28754,18958,0.66,0.659317,14718,4240,0.22,0.223652,https://www.in.gov/sos/elections/voter-information/files/2016_General_Election_Turnout.pdf,9,no
2016,Indiana,9,US House,Harrison,18061,Harrison,28,Shelli Yoder,Trey Hollingsworth,Russell Brooksbank,198,232,14,0,444,0.445946,0.522523,0.031532,0.460465,34,0.07907,Republican,28754,18958,0.66,0.659317,14718,4240,0.22,0.223652,https://www.in.gov/sos/elections/voter-information/files/2016_General_Election_Turnout.pdf,9,no
2016,Indiana,9,US House,Harrison,18061,Harrison,29,Shelli Yoder,Trey Hollingsworth,Russell Brooksbank,127,201,20,0,348,0.364943,0.577586,0.057471,0.387195,74,0.22561,Republican,28754,18958,0.66,0.659317,14718,4240,0.22,0.223652,https://www.in.gov/sos/elections/voter-information/files/2016_General_Election_Turnout.pdf,9,no
2016,Indiana,9,US House,Harrison,18061,Harrison,3,Shelli Yoder,Trey Hollingsworth,Russell Brooksbank,98,185,14,0,297,0.329966,0.622896,0.047138,0.34629,87,0.30742,Republican,28754,18958,0.66,0.659317,14718,4240,0.22,0.223652,https://www.in.gov/sos/elections/voter-information/files/2016_General_Election_Turnout.pdf,9,no
2016,Indiana,9,US House,Harrison,18061,Harrison,30,Shelli Yoder,Trey Hollingsworth,Russell Brooksbank,44,131,14,0,189,0.232804,0.693122,0.074074,0.251429,87,0.497143,Republican,28754,18958,0.66,0.659317,14718,4240,0.22,0.223652,https://www.in.gov/sos/elections/voter-information/files/2016_General_Election_Turnout.pdf,9,no
2016,Indiana,9,US House,Harrison,18061,Harrison,31,Shelli Yoder,Trey Hollingsworth,Russell Brooksbank,75,121,13,0,209,0.358852,0.578947,0.062201,0.382653,46,0.234694,Republican,28754,18958,0.66,0.659317,14718,4240,0.22,0.223652,https://www.in.gov/sos/elections/voter-information/files/2016_General_Election_Turnout.pdf,9,no
2016,Indiana,9,US House,Harrison,18061,Harrison,32,Shelli Yoder,Trey Hollingsworth,Russell Brooksbank,154,285,19,0,458,0.336245,0.622271,0.041485,0.350797,131,0.298405,Republican,28754,18958,0.66,0.659317,14718,4240,0.22,0.223652,https://www.in.gov/sos/elections/voter-information/files/2016_General_Election_Turnout.pdf,9,no
2016,Indiana,9,US House,Harrison,18061,Harrison,33,Shelli Yoder,Trey Hollingsworth,Russell Brooksbank,143,263,20,0,426,0.335681,0.617371,0.046948,0.352217,120,0.295567,Republican,28754,18958,0.66,0.659317,14718,4240,0.22,0.223652,https://www.in.gov/sos/elections/voter-information/files/2016_General_Election_Turnout.pdf,9,no
2016,Indiana,9,US House,Harrison,18061,Harrison,34,Shelli Yoder,Trey Hollingsworth,Russell Brooksbank,121,249,16,0,386,0.313472,0.645078,0.041451,0.327027,128,0.345946,Republican,28754,18958,0.66,0.659317,14718,4240,0.22,0.223652,https://www.in.gov/sos/elections/voter-information/files/2016_General_Election_Turnout.pdf,9,no
2016,Indiana,9,US House,Harrison,18061,Harrison,35,Shelli Yoder,Trey Hollingsworth,Russell Brooksbank,190,244,31,0,465,0.408602,0.524731,0.066667,0.437788,54,0.124424,Republican,28754,18958,0.66,0.659317,14718,4240,0.22,0.223652,https://www.in.gov/sos/elections/voter-information/files/2016_General_Election_Turnout.pdf,9,no
2016,Indiana,9,US House,Harrison,18061,Harrison,36,Shelli Yoder,Trey Hollingsworth,Russell Brooksbank,239,349,22,0,610,0.391803,0.572131,0.036066,0.406463,110,0.187075,Republican,28754,18958,0.66,0.659317,14718,4240,0.22,0.223652,https://www.in.gov/sos/elections/voter-information/files/2016_General_Election_Turnout.pdf,9,no
2016,Indiana,9,US House,Harrison,18061,Harrison,37,Shelli Yoder,Trey Hollingsworth,Russell Brooksbank,202,418,21,0,641,0.315133,0.652106,0.032761,0.325806,216,0.348387,Republican,28754,18958,0.66,0.659317,14718,4240,0.22,0.223652,https://www.in.gov/sos/elections/voter-information/files/2016_General_Election_Turnout.pdf,9,no
2016,Indiana,9,US House,Harrison,18061,Harrison,38,Shelli Yoder,Trey Hollingsworth,Russell Brooksbank,177,307,25,0,509,0.347741,0.603143,0.049116,0.365702,130,0.268595,Republican,28754,18958,0.66,0.659317,14718,4240,0.22,0.223652,https://www.in.gov/sos/elections/voter-information/files/2016_General_Election_Turnout.pdf,9,no
2016,Indiana,9,US House,Harrison,18061,Harrison,39,Shelli Yoder,Trey Hollingsworth,Russell Brooksbank,178,194,21,0,393,0.452926,0.493639,0.053435,0.478495,16,0.043011,Republican,28754,18958,0.66,0.659317,14718,4240,0.22,0.223652,https://www.in.gov/sos/elections/voter-information/files/2016_General_Election_Turnout.pdf,9,no
2016,Indiana,9,US House,Harrison,18061,Harrison,4,Shelli Yoder,Trey Hollingsworth,Russell Brooksbank,110,248,14,0,372,0.295699,0.666667,0.037634,0.307263,138,0.385475,Republican,28754,18958,0.66,0.659317,14718,4240,0.22,0.223652,https://www.in.gov/sos/elections/voter-information/files/2016_General_Election_Turnout.pdf,9,no
2016,Indiana,9,US House,Harrison,18061,Harrison,5,Shelli Yoder,Trey Hollingsworth,Russell Brooksbank,214,298,24,0,536,0.399254,0.55597,0.044776,0.417969,84,0.164062,Republican,28754,18958,0.66,0.659317,14718,4240,0.22,0.223652,https://www.in.gov/sos/elections/voter-information/files/2016_General_Election_Turnout.pdf,9,no
2016,Indiana,9,US House,Harrison,18061,Harrison,6,Shelli Yoder,Trey Hollingsworth,Russell Brooksbank,171,321,24,0,516,0.331395,0.622093,0.046512,0.347561,150,0.304878,Republican,28754,18958,0.66,0.659317,14718,4240,0.22,0.223652,https://www.in.gov/sos/elections/voter-information/files/2016_General_Election_Turnout.pdf,9,no
2016,Indiana,9,US House,Harrison,18061,Harrison,7,Shelli Yoder,Trey Hollingsworth,Russell Brooksbank,259,352,21,0,632,0.40981,0.556962,0.033228,0.423895,93,0.152209,Republican,28754,18958,0.66,0.659317,14718,4240,0.22,0.223652,https://www.in.gov/sos/elections/voter-information/files/2016_General_Election_Turnout.pdf,9,no
2016,Indiana,9,US House,Harrison,18061,Harrison,8,Shelli Yoder,Trey Hollingsworth,Russell Brooksbank,212,335,16,0,563,0.376554,0.595027,0.028419,0.387569,123,0.224863,Republican,28754,18958,0.66,0.659317,14718,4240,0.22,0.223652,https://www.in.gov/sos/elections/voter-information/files/2016_General_Election_Turnout.pdf,9,no
2016,Indiana,9,US House,Harrison,18061,Harrison,9,Shelli Yoder,Trey Hollingsworth,Russell Brooksbank,176,275,28,0,479,0.367432,0.574113,0.058455,0.390244,99,0.219512,Republican,28754,18958,0.66,0.659317,14718,4240,0.22,0.223652,https://www.in.gov/sos/elections/voter-information/files/2016_General_Election_Turnout.pdf,9,no
2016,Indiana,9,US House,Jackson,18071,Jackson,Brownstown 01,Shelli Yoder,Trey Hollingsworth,Russell Brooksbank,158,306,20,0,484,0.326446,0.632231,0.041322,0.340517,148,0.318966,Republican,30531,17976,0.59,0.588779,12922,5054,0.28,0.281153,https://www.in.gov/sos/elections/voter-information/files/2016_General_Election_Turnout.pdf,9,no
2016,Indiana,9,US House,Jackson,18071,Jackson,Brownstown 02,Shelli Yoder,Trey Hollingsworth,Russell Brooksbank,172,363,32,0,567,0.303351,0.640212,0.056437,0.321495,191,0.357009,Republican,30531,17976,0.59,0.588779,12922,5054,0.28,0.281153,https://www.in.gov/sos/elections/voter-information/files/2016_General_Election_Turnout.pdf,9,no
2016,Indiana,9,US House,Jackson,18071,Jackson,Brownstown 04,Shelli Yoder,Trey Hollingsworth,Russell Brooksbank,22,55,3,0,80,0.275,0.6875,0.0375,0.285714,33,0.428571,Republican,30531,17976,0.59,0.588779,12922,5054,0.28,0.281153,https://www.in.gov/sos/elections/voter-information/files/2016_General_Election_Turnout.pdf,9,no
2016,Indiana,9,US House,Jackson,18071,Jackson,Brownstown East,Shelli Yoder,Trey Hollingsworth,Russell Brooksbank,271,596,28,0,895,0.302793,0.665922,0.031285,0.312572,325,0.374856,Republican,30531,17976,0.59,0.588779,12922,5054,0.28,0.281153,https://www.in.gov/sos/elections/voter-information/files/2016_General_Election_Turnout.pdf,9,no
2016,Indiana,9,US House,Jackson,18071,Jackson,Brownstown West,Shelli Yoder,Trey Hollingsworth,Russell Brooksbank,131,226,31,0,388,0.337629,0.582474,0.079897,0.366947,95,0.266106,Republican,30531,17976,0.59,0.588779,12922,5054,0.28,0.281153,https://www.in.gov/sos/elections/voter-information/files/2016_General_Election_Turnout.pdf,9,no
2016,Indiana,9,US House,Jackson,18071,Jackson,Carr,Shelli Yoder,Trey Hollingsworth,Russell Brooksbank,181,332,41,0,554,0.326715,0.599278,0.074007,0.352827,151,0.294347,Republican,30531,17976,0.59,0.588779,12922,5054,0.28,0.281153,https://www.in.gov/sos/elections/voter-information/files/2016_General_Election_Turnout.pdf,9,no
2016,Indiana,9,US House,Jackson,18071,Jackson,Driftwood,Shelli Yoder,Trey Hollingsworth,Russell Brooksbank,151,274,27,0,452,0.334071,0.606195,0.059735,0.355294,123,0.289412,Republican,30531,17976,0.59,0.588779,12922,5054,0.28,0.281153,https://www.in.gov/sos/elections/voter-information/files/2016_General_Election_Turnout.pdf,9,no
2016,Indiana,9,US House,Jackson,18071,Jackson,Grassy Fork,Shelli Yoder,Trey Hollingsworth,Russell Brooksbank,96,215,12,0,323,0.297214,0.665635,0.037152,0.308682,119,0.382637,Republican,30531,17976,0.59,0.588779,12922,5054,0.28,0.281153,https://www.in.gov/sos/elections/voter-information/files/2016_General_Election_Turnout.pdf,9,no
2016,Indiana,9,US House,Jackson,18071,Jackson,Hamilton,Shelli Yoder,Trey Hollingsworth,Russell Brooksbank,251,532,58,0,841,0.298454,0.63258,0.068966,0.320562,281,0.358876,Republican,30531,17976,0.59,0.588779,12922,5054,0.28,0.281153,https://www.in.gov/sos/elections/voter-information/files/2016_General_Election_Turnout.pdf,9,no
2016,Indiana,9,US House,Jackson,18071,Jackson,Jackson 1 East,Shelli Yoder,Trey Hollingsworth,Russell Brooksbank,223,335,52,0,610,0.365574,0.54918,0.085246,0.399642,112,0.200717,Republican,30531,17976,0.59,0.588779,12922,5054,0.28,0.281153,https://www.in.gov/sos/elections/voter-information/files/2016_General_Election_Turnout.pdf,9,no
2016,Indiana,9,US House,Jackson,18071,Jackson,Jackson 2 East,Shelli Yoder,Trey Hollingsworth,Russell Brooksbank,222,275,36,0,533,0.41651,0.515947,0.067542,0.44668,53,0.10664,Republican,30531,17976,0.59,0.588779,12922,5054,0.28,0.281153,https://www.in.gov/sos/elections/voter-information/files/2016_General_Election_Turnout.pdf,9,no
2016,Indiana,9,US House,Jackson,18071,Jackson,Jackson 2 West,Shelli Yoder,Trey Hollingsworth,Russell Brooksbank,100,161,22,0,283,0.353357,0.568905,0.077739,0.383142,61,0.233716,Republican,30531,17976,0.59,0.588779,12922,5054,0.28,0.281153,https://www.in.gov/sos/elections/voter-information/files/2016_General_Election_Turnout.pdf,9,no
2016,Indiana,9,US House,Jackson,18071,Jackson,Jackson 3 North,Shelli Yoder,Trey Hollingsworth,Russell Brooksbank,146,266,46,0,458,0.318777,0.580786,0.100437,0.354369,120,0.291262,Republican,30531,17976,0.59,0.588779,12922,5054,0.28,0.281153,https://www.in.gov/sos/elections/voter-information/files/2016_General_Election_Turnout.pdf,9,no
2016,Indiana,9,US House,Jackson,18071,Jackson,Jackson 3 South,Shelli Yoder,Trey Hollingsworth,Russell Brooksbank,201,343,38,0,582,0.345361,0.589347,0.065292,0.369485,142,0.261029,Republican,30531,17976,0.59,0.588779,12922,5054,0.28,0.281153,https://www.in.gov/sos/elections/voter-information/files/2016_General_Election_Turnout.pdf,9,no
2016,Indiana,9,US House,Jackson,18071,Jackson,Jackson 4 North,Shelli Yoder,Trey Hollingsworth,Russell Brooksbank,390,622,30,0,1042,0.37428,0.596929,0.028791,0.385375,232,0.229249,Republican,30531,17976,0.59,0.588779,12922,5054,0.28,0.281153,https://www.in.gov/sos/elections/voter-information/files/2016_General_Election_Turnout.pdf,9,no
2016,Indiana,9,US House,Jackson,18071,Jackson,Jackson 4 South,Shelli Yoder,Trey Hollingsworth,Russell Brooksbank,212,361,31,0,604,0.350993,0.597682,0.051325,0.369983,149,0.260035,Republican,30531,17976,0.59,0.588779,12922,5054,0.28,0.281153,https://www.in.gov/sos/elections/voter-information/files/2016_General_Election_Turnout.pdf,9,no
2016,Indiana,9,US House,Jackson,18071,Jackson,Jackson 5 East,Shelli Yoder,Trey Hollingsworth,Russell Brooksbank,253,449,44,0,746,0.339142,0.601877,0.058981,0.360399,196,0.279202,Republican,30531,17976,0.59,0.588779,12922,5054,0.28,0.281153,https://www.in.gov/sos/elections/voter-information/files/2016_General_Election_Turnout.pdf,9,no
2016,Indiana,9,US House,Jackson,18071,Jackson,Jackson 5 North,Shelli Yoder,Trey Hollingsworth,Russell Brooksbank,315,524,37,0,876,0.359589,0.598174,0.042237,0.375447,209,0.249106,Republican,30531,17976,0.59,0.588779,12922,5054,0.28,0.281153,https://www.in.gov/sos/elections/voter-information/files/2016_General_Election_Turnout.pdf,9,no
2016,Indiana,9,US House,Jackson,18071,Jackson,Jackson 6,Shelli Yoder,Trey Hollingsworth,Russell Brooksbank,244,476,40,0,760,0.321053,0.626316,0.052632,0.338889,232,0.322222,Republican,30531,17976,0.59,0.588779,12922,5054,0.28,0.281153,https://www.in.gov/sos/elections/voter-information/files/2016_General_Election_Turnout.pdf,9,no
2016,Indiana,9,US House,Jackson,18071,Jackson,Jackson 7,Shelli Yoder,Trey Hollingsworth,Russell Brooksbank,232,513,23,0,768,0.302083,0.667969,0.029948,0.311409,281,0.377181,Republican,30531,17976,0.59,0.588779,12922,5054,0.28,0.281153,https://www.in.gov/sos/elections/voter-information/files/2016_General_Election_Turnout.pdf,9,no
2016,Indiana,9,US House,Jackson,18071,Jackson,Owen,Shelli Yoder,Trey Hollingsworth,Russell Brooksbank,192,453,42,0,687,0.279476,0.659389,0.061135,0.297674,261,0.404651,Republican,30531,17976,0.59,0.588779,12922,5054,0.28,0.281153,https://www.in.gov/sos/elections/voter-information/files/2016_General_Election_Turnout.pdf,9,no
2016,Indiana,9,US House,Jackson,18071,Jackson,Pershing,Shelli Yoder,Trey Hollingsworth,Russell Brooksbank,137,425,43,0,605,0.226446,0.702479,0.071074,0.243772,288,0.512456,Republican,30531,17976,0.59,0.588779,12922,5054,0.28,0.281153,https://www.in.gov/sos/elections/voter-information/files/2016_General_Election_Turnout.pdf,9,no
2016,Indiana,9,US House,Jackson,18071,Jackson,Redding East,Shelli Yoder,Trey Hollingsworth,Russell Brooksbank,229,551,47,0,827,0.276904,0.666264,0.056832,0.29359,322,0.412821,Republican,30531,17976,0.59,0.588779,12922,5054,0.28,0.281153,https://www.in.gov/sos/elections/voter-information/files/2016_General_Election_Turnout.pdf,9,no
2016,Indiana,9,US House,Jackson,18071,Jackson,Redding Seymour City,Shelli Yoder,Trey Hollingsworth,Russell Brooksbank,178,325,43,0,546,0.326007,0.595238,0.078755,0.353877,147,0.292247,Republican,30531,17976,0.59,0.588779,12922,5054,0.28,0.281153,https://www.in.gov/sos/elections/voter-information/files/2016_General_Election_Turnout.pdf,9,no
2016,Indiana,9,US House,Jackson,18071,Jackson,Redding West,Shelli Yoder,Trey Hollingsworth,Russell Brooksbank,200,506,44,0,750,0.266667,0.674667,0.058667,0.283286,306,0.433428,Republican,30531,17976,0.59,0.588779,12922,5054,0.28,0.281153,https://www.in.gov/sos/elections/voter-information/files/2016_General_Election_Turnout.pdf,9,no
2016,Indiana,9,US House,Jackson,18071,Jackson,Salt Creek,Shelli Yoder,Trey Hollingsworth,Russell Brooksbank,39,102,2,0,143,0.272727,0.713287,0.013986,0.276596,63,0.446809,Republican,30531,17976,0.59,0.588779,12922,5054,0.28,0.281153,https://www.in.gov/sos/elections/voter-information/files/2016_General_Election_Turnout.pdf,9,no
2016,Indiana,9,US House,Jackson,18071,Jackson,Vernon Crothersville,Shelli Yoder,Trey Hollingsworth,Russell Brooksbank,177,311,39,0,527,0.335863,0.590133,0.074004,0.362705,134,0.27459,Republican,30531,17976,0.59,0.588779,12922,5054,0.28,0.281153,https://www.in.gov/sos/elections/voter-information/files/2016_General_Election_Turnout.pdf,9,no
2016,Indiana,9,US House,Jackson,18071,Jackson,Vernon North,Shelli Yoder,Trey Hollingsworth,Russell Brooksbank,113,227,21,0,361,0.313019,0.628809,0.058172,0.332353,114,0.335294,Republican,30531,17976,0.59,0.588779,12922,5054,0.28,0.281153,https://www.in.gov/sos/elections/voter-information/files/2016_General_Election_Turnout.pdf,9,no
2016,Indiana,9,US House,Jackson,18071,Jackson,Vernon South,Shelli Yoder,Trey Hollingsworth,Russell Brooksbank,173,248,23,0,444,0.38964,0.558559,0.051802,0.410926,75,0.178147,Republican,30531,17976,0.59,0.588779,12922,5054,0.28,0.281153,https://www.in.gov/sos/elections/voter-information/files/2016_General_Election_Turnout.pdf,9,no
2016,Indiana,9,US House,Jackson,18071,Jackson,Washington,Shelli Yoder,Trey Hollingsworth,Russell Brooksbank,187,432,21,0,640,0.292187,0.675,0.032813,0.3021,245,0.3958,Republican,30531,17976,0.59,0.588779,12922,5054,0.28,0.281153,https://www.in.gov/sos/elections/voter-information/files/2016_General_Election_Turnout.pdf,9,no
2016,Indiana,9,US House,Johnson,18081,Johnson,0001 BLUE RIVER 1,Shelli Yoder,Trey Hollingsworth,Russell Brooksbank,50,179,11,0,240,0.208333,0.745833,0.045833,0.218341,129,0.563319,Republican,107546,67754,0.63,0.63,29499,38255,0.56,0.564616,https://www.in.gov/sos/elections/voter-information/files/2016_General_Election_Turnout.pdf,9,no
2016,Indiana,9,US House,Johnson,18081,Johnson,0002 BLUE RIVER 2,Shelli Yoder,Trey Hollingsworth,Russell Brooksbank,89,241,27,0,357,0.2493,0.67507,0.07563,0.269697,152,0.460606,Republican,107546,67754,0.63,0.63,29499,38255,0.56,0.564616,https://www.in.gov/sos/elections/voter-information/files/2016_General_Election_Turnout.pdf,9,no
2016,Indiana,9,US House,Johnson,18081,Johnson,0003 BLUE RIVER 3,Shelli Yoder,Trey Hollingsworth,Russell Brooksbank,83,313,29,0,425,0.195294,0.736471,0.068235,0.209596,230,0.580808,Republican,107546,67754,0.63,0.63,29499,38255,0.56,0.564616,https://www.in.gov/sos/elections/voter-information/files/2016_General_Election_Turnout.pdf,9,no
2016,Indiana,9,US House,Johnson,18081,Johnson,0004 BLUE RIVER 4,Shelli Yoder,Trey Hollingsworth,Russell Brooksbank,78,206,31,0,315,0.247619,0.653968,0.098413,0.274648,128,0.450704,Republican,107546,67754,0.63,0.63,29499,38255,0.56,0.564616,https://www.in.gov/sos/elections/voter-information/files/2016_General_Election_Turnout.pdf,9,no
2016,Indiana,9,US House,Johnson,18081,Johnson,0005 BLUE RIVER 5,Shelli Yoder,Trey Hollingsworth,Russell Brooksbank,75,209,19,0,303,0.247525,0.689769,0.062706,0.264085,134,0.471831,Republican,107546,67754,0.63,0.63,29499,38255,0.56,0.564616,https://www.in.gov/sos/elections/voter-information/files/2016_General_Election_Turnout.pdf,9,no
2016,Indiana,9,US House,Johnson,18081,Johnson,0006 CLARK 1,Shelli Yoder,Trey Hollingsworth,Russell Brooksbank,55,230,10,0,295,0.186441,0.779661,0.033898,0.192982,175,0.614035,Republican,107546,67754,0.63,0.63,29499,38255,0.56,0.564616,https://www.in.gov/sos/elections/voter-information/files/2016_General_Election_Turnout.pdf,9,no
2016,Indiana,9,US House,Johnson,18081,Johnson,0007 CLARK 2,Shelli Yoder,Trey Hollingsworth,Russell Brooksbank,126,403,28,0,557,0.226212,0.723519,0.050269,0.238185,277,0.523629,Republican,107546,67754,0.63,0.63,29499,38255,0.56,0.564616,https://www.in.gov/sos/elections/voter-information/files/2016_General_Election_Turnout.pdf,9,no
2016,Indiana,9,US House,Johnson,18081,Johnson,0008 CLARK 3,Shelli Yoder,Trey Hollingsworth,Russell Brooksbank,182,372,30,0,584,0.311644,0.636986,0.05137,0.32852,190,0.34296,Republican,107546,67754,0.63,0.63,29499,38255,0.56,0.564616,https://www.in.gov/sos/elections/voter-information/files/2016_General_Election_Turnout.pdf,9,no
2016,Indiana,9,US House,Johnson,18081,Johnson,0009 FRANKLIN 1,Shelli Yoder,Trey Hollingsworth,Russell Brooksbank,204,408,39,0,651,0.313364,0.626728,0.059908,0.333333,204,0.333333,Republican,107546,67754,0.63,0.63,29499,38255,0.56,0.564616,https://www.in.gov/sos/elections/voter-information/files/2016_General_Election_Turnout.pdf,9,no
2016,Indiana,9,US House,Johnson,18081,Johnson,0010 FRANKLIN 2,Shelli Yoder,Trey Hollingsworth,Russell Brooksbank,173,230,32,0,435,0.397701,0.528736,0.073563,0.42928,57,0.141439,Republican,107546,67754,0.63,0.63,29499,38255,0.56,0.564616,https://www.in.gov/sos/elections/voter-information/files/2016_General_Election_Turnout.pdf,9,no
2016,Indiana,9,US House,Johnson,18081,Johnson,0011 FRANKLIN 3,Shelli Yoder,Trey Hollingsworth,Russell Brooksbank,81,150,26,0,257,0.315175,0.583658,0.101167,0.350649,69,0.298701,Republican,107546,67754,0.63,0.63,29499,38255,0.56,0.564616,https://www.in.gov/sos/elections/voter-information/files/2016_General_Election_Turnout.pdf,9,no
2016,Indiana,9,US House,Johnson,18081,Johnson,0012 FRANKLIN 4,Shelli Yoder,Trey Hollingsworth,Russell Brooksbank,154,249,21,0,424,0.363208,0.587264,0.049528,0.382134,95,0.235732,Republican,107546,67754,0.63,0.63,29499,38255,0.56,0.564616,https://www.in.gov/sos/elections/voter-information/files/2016_General_Election_Turnout.pdf,9,no
2016,Indiana,9,US House,Johnson,18081,Johnson,0013 FRANKLIN 5,Shelli Yoder,Trey Hollingsworth,Russell Brooksbank,97,107,16,0,220,0.440909,0.486364,0.072727,0.47549,10,0.04902,Republican,107546,67754,0.63,0.63,29499,38255,0.56,0.564616,https://www.in.gov/sos/elections/voter-information/files/2016_General_Election_Turnout.pdf,9,no
2016,Indiana,9,US House,Johnson,18081,Johnson,0014 FRANKLIN 6,Shelli Yoder,Trey Hollingsworth,Russell Brooksbank,148,274,39,0,461,0.321041,0.59436,0.084599,0.350711,126,0.298578,Republican,107546,67754,0.63,0.63,29499,38255,0.56,0.564616,https://www.in.gov/sos/elections/voter-information/files/2016_General_Election_Turnout.pdf,9,no
2016,Indiana,9,US House,Johnson,18081,Johnson,0015 FRANKLIN 7,Shelli Yoder,Trey Hollingsworth,Russell Brooksbank,138,182,26,0,346,0.398844,0.526012,0.075145,0.43125,44,0.1375,Republican,107546,67754,0.63,0.63,29499,38255,0.56,0.564616,https://www.in.gov/sos/elections/voter-information/files/2016_General_Election_Turnout.pdf,9,no
2016,Indiana,9,US House,Johnson,18081,Johnson,0016 FRANKLIN 8,Shelli Yoder,Trey Hollingsworth,Russell Brooksbank,57,137,10,0,204,0.279412,0.671569,0.04902,0.293814,80,0.412371,Republican,107546,67754,0.63,0.63,29499,38255,0.56,0.564616,https://www.in.gov/sos/elections/voter-information/files/2016_General_Election_Turnout.pdf,9,no
2016,Indiana,9,US House,Johnson,18081,Johnson,0017 FRANKLIN 9,Shelli Yoder,Trey Hollingsworth,Russell Brooksbank,226,493,43,0,762,0.296588,0.646982,0.05643,0.314325,267,0.371349,Republican,107546,67754,0.63,0.63,29499,38255,0.56,0.564616,https://www.in.gov/sos/elections/voter-information/files/2016_General_Election_Turnout.pdf,9,no
2016,Indiana,9,US House,Johnson,18081,Johnson,0018 FRANKLIN 10,Shelli Yoder,Trey Hollingsworth,Russell Brooksbank,113,199,13,0,325,0.347692,0.612308,0.04,0.362179,86,0.275641,Republican,107546,67754,0.63,0.63,29499,38255,0.56,0.564616,https://www.in.gov/sos/elections/voter-information/files/2016_General_Election_Turnout.pdf,9,no
2016,Indiana,9,US House,Johnson,18081,Johnson,0019 FRANKLIN 11,Shelli Yoder,Trey Hollingsworth,Russell Brooksbank,86,203,24,0,313,0.27476,0.648562,0.076677,0.297578,117,0.404844,Republican,107546,67754,0.63,0.63,29499,38255,0.56,0.564616,https://www.in.gov/sos/elections/voter-information/files/2016_General_Election_Turnout.pdf,9,no
2016,Indiana,9,US House,Johnson,18081,Johnson,0020 FRANKLIN 12,Shelli Yoder,Trey Hollingsworth,Russell Brooksbank,54,122,20,0,196,0.27551,0.622449,0.102041,0.306818,68,0.386364,Republican,107546,67754,0.63,0.63,29499,38255,0.56,0.564616,https://www.in.gov/sos/elections/voter-information/files/2016_General_Election_Turnout.pdf,9,no
2016,Indiana,9,US House,Johnson,18081,Johnson,0021 FRANKLIN 13,Shelli Yoder,Trey Hollingsworth,Russell Brooksbank,70,174,10,0,254,0.275591,0.685039,0.03937,0.286885,104,0.42623,Republican,107546,67754,0.63,0.63,29499,38255,0.56,0.564616,https://www.in.gov/sos/elections/voter-information/files/2016_General_Election_Turnout.pdf,9,no
2016,Indiana,9,US House,Johnson,18081,Johnson,0022 FRANKLIN 14,Shelli Yoder,Trey Hollingsworth,Russell Brooksbank,97,137,8,0,242,0.400826,0.566116,0.033058,0.41453,40,0.17094,Republican,107546,67754,0.63,0.63,29499,38255,0.56,0.564616,https://www.in.gov/sos/elections/voter-information/files/2016_General_Election_Turnout.pdf,9,no
2016,Indiana,9,US House,Johnson,18081,Johnson,0023 FRANKLIN 15,Shelli Yoder,Trey Hollingsworth,Russell Brooksbank,127,379,34,0,540,0.235185,0.701852,0.062963,0.250988,252,0.498024,Republican,107546,67754,0.63,0.63,29499,38255,0.56,0.564616,https://www.in.gov/sos/elections/voter-information/files/2016_General_Election_Turnout.pdf,9,no
2016,Indiana,9,US House,Johnson,18081,Johnson,0024 FRANKLIN 16,Shelli Yoder,Trey Hollingsworth,Russell Brooksbank,198,404,51,0,653,0.303216,0.618683,0.078101,0.328904,206,0.342193,Republican,107546,67754,0.63,0.63,29499,38255,0.56,0.564616,https://www.in.gov/sos/elections/voter-information/files/2016_General_Election_Turnout.pdf,9,no
2016,Indiana,9,US House,Johnson,18081,Johnson,0025 FRANKLIN 17,Shelli Yoder,Trey Hollingsworth,Russell Brooksbank,152,269,24,0,445,0.341573,0.604494,0.053933,0.361045,117,0.27791,Republican,107546,67754,0.63,0.63,29499,38255,0.56,0.564616,https://www.in.gov/sos/elections/voter-information/files/2016_General_Election_Turnout.pdf,9,no
2016,Indiana,9,US House,Johnson,18081,Johnson,0026 FRANKLIN 18,Shelli Yoder,Trey Hollingsworth,Russell Brooksbank,112,223,25,0,360,0.311111,0.619444,0.069444,0.334328,111,0.331343,Republican,107546,67754,0.63,0.63,29499,38255,0.56,0.564616,https://www.in.gov/sos/elections/voter-information/files/2016_General_Election_Turnout.pdf,9,no
2016,Indiana,9,US House,Johnson,18081,Johnson,0027 FRANKLIN 19,Shelli Yoder,Trey Hollingsworth,Russell Brooksbank,161,360,50,0,571,0.281961,0.630473,0.087566,0.309021,199,0.381958,Republican,107546,67754,0.63,0.63,29499,38255,0.56,0.564616,https://www.in.gov/sos/elections/voter-information/files/2016_General_Election_Turnout.pdf,9,no
2016,Indiana,9,US House,Johnson,18081,Johnson,0028 FRANKLIN 20,Shelli Yoder,Trey Hollingsworth,Russell Brooksbank,119,189,20,0,328,0.362805,0.57622,0.060976,0.386364,70,0.227273,Republican,107546,67754,0.63,0.63,29499,38255,0.56,0.564616,https://www.in.gov/sos/elections/voter-information/files/2016_General_Election_Turnout.pdf,9,no
2016,Indiana,9,US House,Johnson,18081,Johnson,0029 HENSLEY 1,Shelli Yoder,Trey Hollingsworth,Russell Brooksbank,64,231,16,0,311,0.205788,0.742765,0.051447,0.216949,167,0.566102,Republican,107546,67754,0.63,0.63,29499,38255,0.56,0.564616,https://www.in.gov/sos/elections/voter-information/files/2016_General_Election_Turnout.pdf,9,no
2016,Indiana,9,US House,Johnson,18081,Johnson,0030 HENSLEY 2,Shelli Yoder,Trey Hollingsworth,Russell Brooksbank,197,540,46,0,783,0.251596,0.689655,0.058748,0.2673,343,0.4654,Republican,107546,67754,0.63,0.63,29499,38255,0.56,0.564616,https://www.in.gov/sos/elections/voter-information/files/2016_General_Election_Turnout.pdf,9,no
2016,Indiana,9,US House,Johnson,18081,Johnson,0031 HENSLEY 3,Shelli Yoder,Trey Hollingsworth,Russell Brooksbank,134,475,38,0,647,0.20711,0.734158,0.058733,0.220033,341,0.559934,Republican,107546,67754,0.63,0.63,29499,38255,0.56,0.564616,https://www.in.gov/sos/elections/voter-information/files/2016_General_Election_Turnout.pdf,9,no
2016,Indiana,9,US House,Johnson,18081,Johnson,0032 NEEDHAM 1,Shelli Yoder,Trey Hollingsworth,Russell Brooksbank,188,466,50,0,704,0.267045,0.661932,0.071023,0.287462,278,0.425076,Republican,107546,67754,0.63,0.63,29499,38255,0.56,0.564616,https://www.in.gov/sos/elections/voter-information/files/2016_General_Election_Turnout.pdf,9,no
2016,Indiana,9,US House,Johnson,18081,Johnson,0033 NEEDHAM 2,Shelli Yoder,Trey Hollingsworth,Russell Brooksbank,275,461,40,0,776,0.354381,0.594072,0.051546,0.373641,186,0.252717,Republican,107546,67754,0.63,0.63,29499,38255,0.56,0.564616,https://www.in.gov/sos/elections/voter-information/files/2016_General_Election_Turnout.pdf,9,no
2016,Indiana,9,US House,Johnson,18081,Johnson,0034 NEEDHAM 3,Shelli Yoder,Trey Hollingsworth,Russell Brooksbank,105,278,33,0,416,0.252404,0.668269,0.079327,0.274151,173,0.451697,Republican,107546,67754,0.63,0.63,29499,38255,0.56,0.564616,https://www.in.gov/sos/elections/voter-information/files/2016_General_Election_Turnout.pdf,9,no
2016,Indiana,9,US House,Johnson,18081,Johnson,0035 NEEDHAM 4,Shelli Yoder,Trey Hollingsworth,Russell Brooksbank,210,328,42,0,580,0.362069,0.565517,0.072414,0.390335,118,0.219331,Republican,107546,67754,0.63,0.63,29499,38255,0.56,0.564616,https://www.in.gov/sos/elections/voter-information/files/2016_General_Election_Turnout.pdf,9,no
2016,Indiana,9,US House,Johnson,18081,Johnson,0036 NEEDHAM 5,Shelli Yoder,Trey Hollingsworth,Russell Brooksbank,242,437,48,0,727,0.332875,0.6011,0.066025,0.356406,195,0.287187,Republican,107546,67754,0.63,0.63,29499,38255,0.56,0.564616,https://www.in.gov/sos/elections/voter-information/files/2016_General_Election_Turnout.pdf,9,no
2016,Indiana,9,US House,Johnson,18081,Johnson,0037 NINEVEH 1,Shelli Yoder,Trey Hollingsworth,Russell Brooksbank,192,655,39,0,886,0.216704,0.739278,0.044018,0.226682,463,0.546635,Republican,107546,67754,0.63,0.63,29499,38255,0.56,0.564616,https://www.in.gov/sos/elections/voter-information/files/2016_General_Election_Turnout.pdf,9,no
2016,Indiana,9,US House,Johnson,18081,Johnson,0038 NINEVEH 2,Shelli Yoder,Trey Hollingsworth,Russell Brooksbank,152,480,56,0,688,0.22093,0.697674,0.081395,0.240506,328,0.518987,Republican,107546,67754,0.63,0.63,29499,38255,0.56,0.564616,https://www.in.gov/sos/elections/voter-information/files/2016_General_Election_Turnout.pdf,9,no
2016,Indiana,9,US House,Johnson,18081,Johnson,0039 NINEVEH 3,Shelli Yoder,Trey Hollingsworth,Russell Brooksbank,74,242,17,0,333,0.222222,0.726727,0.051051,0.234177,168,0.531646,Republican,107546,67754,0.63,0.63,29499,38255,0.56,0.564616,https://www.in.gov/sos/elections/voter-information/files/2016_General_Election_Turnout.pdf,9,no
2016,Indiana,9,US House,Johnson,18081,Johnson,0040 PLEASANT 1,Shelli Yoder,Trey Hollingsworth,Russell Brooksbank,124,314,29,0,467,0.265525,0.672377,0.062099,0.283105,190,0.43379,Republican,107546,67754,0.63,0.63,29499,38255,0.56,0.564616,https://www.in.gov/sos/elections/voter-information/files/2016_General_Election_Turnout.pdf,9,no
2016,Indiana,9,US House,Johnson,18081,Johnson,0041 PLEASANT 2,Shelli Yoder,Trey Hollingsworth,Russell Brooksbank,136,256,33,0,425,0.32,0.602353,0.077647,0.346939,120,0.306122,Republican,107546,67754,0.63,0.63,29499,38255,0.56,0.564616,https://www.in.gov/sos/elections/voter-information/files/2016_General_Election_Turnout.pdf,9,no
2016,Indiana,9,US House,Johnson,18081,Johnson,0042 PLEASANT 3,Shelli Yoder,Trey Hollingsworth,Russell Brooksbank,180,328,35,0,543,0.331492,0.604052,0.064457,0.354331,148,0.291339,Republican,107546,67754,0.63,0.63,29499,38255,0.56,0.564616,https://www.in.gov/sos/elections/voter-information/files/2016_General_Election_Turnout.pdf,9,no
2016,Indiana,9,US House,Johnson,18081,Johnson,0043 PLEASANT 4,Shelli Yoder,Trey Hollingsworth,Russell Brooksbank,110,187,28,0,325,0.338462,0.575385,0.086154,0.37037,77,0.259259,Republican,107546,67754,0.63,0.63,29499,38255,0.56,0.564616,https://www.in.gov/sos/elections/voter-information/files/2016_General_Election_Turnout.pdf,9,no
2016,Indiana,9,US House,Johnson,18081,Johnson,0044 PLEASANT 5,Shelli Yoder,Trey Hollingsworth,Russell Brooksbank,91,127,17,0,235,0.387234,0.540426,0.07234,0.417431,36,0.165138,Republican,107546,67754,0.63,0.63,29499,38255,0.56,0.564616,https://www.in.gov/sos/elections/voter-information/files/2016_General_Election_Turnout.pdf,9,no
2016,Indiana,9,US House,Johnson,18081,Johnson,0045 PLEASANT 6,Shelli Yoder,Trey Hollingsworth,Russell Brooksbank,102,233,32,0,367,0.277929,0.634877,0.087193,0.304478,131,0.391045,Republican,107546,67754,0.63,0.63,29499,38255,0.56,0.564616,https://www.in.gov/sos/elections/voter-information/files/2016_General_Election_Turnout.pdf,9,no
2016,Indiana,9,US House,Johnson,18081,Johnson,0046 PLEASANT 7,Shelli Yoder,Trey Hollingsworth,Russell Brooksbank,141,324,45,0,510,0.276471,0.635294,0.088235,0.303226,183,0.393548,Republican,107546,67754,0.63,0.63,29499,38255,0.56,0.564616,https://www.in.gov/sos/elections/voter-information/files/2016_General_Election_Turnout.pdf,9,no
2016,Indiana,9,US House,Johnson,18081,Johnson,0047 PLEASANT 8,Shelli Yoder,Trey Hollingsworth,Russell Brooksbank,118,286,25,0,429,0.275058,0.666667,0.058275,0.292079,168,0.415842,Republican,107546,67754,0.63,0.63,29499,38255,0.56,0.564616,https://www.in.gov/sos/elections/voter-information/files/2016_General_Election_Turnout.pdf,9,no
2016,Indiana,9,US House,Johnson,18081,Johnson,0048 PLEASANT 9,Shelli Yoder,Trey Hollingsworth,Russell Brooksbank,134,278,38,0,450,0.297778,0.617778,0.084444,0.325243,144,0.349515,Republican,107546,67754,0.63,0.63,29499,38255,0.56,0.564616,https://www.in.gov/sos/elections/voter-information/files/2016_General_Election_Turnout.pdf,9,no
2016,Indiana,9,US House,Johnson,18081,Johnson,0049 PLEASANT 10,Shelli Yoder,Trey Hollingsworth,Russell Brooksbank,67,169,23,0,259,0.258687,0.65251,0.088803,0.283898,102,0.432203,Republican,107546,67754,0.63,0.63,29499,38255,0.56,0.564616,https://www.in.gov/sos/elections/voter-information/files/2016_General_Election_Turnout.pdf,9,no
2016,Indiana,9,US House,Johnson,18081,Johnson,0050 PLEASANT 11,Shelli Yoder,Trey Hollingsworth,Russell Brooksbank,241,510,38,0,789,0.30545,0.646388,0.048162,0.320905,269,0.358189,Republican,107546,67754,0.63,0.63,29499,38255,0.56,0.564616,https://www.in.gov/sos/elections/voter-information/files/2016_General_Election_Turnout.pdf,9,no
2016,Indiana,9,US House,Johnson,18081,Johnson,0051 PLEASANT 12,Shelli Yoder,Trey Hollingsworth,Russell Brooksbank,128,292,24,0,444,0.288288,0.657658,0.054054,0.304762,164,0.390476,Republican,107546,67754,0.63,0.63,29499,38255,0.56,0.564616,https://www.in.gov/sos/elections/voter-information/files/2016_General_Election_Turnout.pdf,9,no
2016,Indiana,9,US House,Johnson,18081,Johnson,0052 PLEASANT 13,Shelli Yoder,Trey Hollingsworth,Russell Brooksbank,279,258,30,0,567,0.492063,0.455026,0.05291,0.519553,-21,-0.039106,Democratic,107546,67754,0.63,0.63,29499,38255,0.56,0.564616,https://www.in.gov/sos/elections/voter-information/files/2016_General_Election_Turnout.pdf,9,no
2016,Indiana,9,US House,Johnson,18081,Johnson,0053 PLEASANT 14,Shelli Yoder,Trey Hollingsworth,Russell Brooksbank,188,477,37,0,702,0.267806,0.679487,0.052707,0.282707,289,0.434586,Republican,107546,67754,0.63,0.63,29499,38255,0.56,0.564616,https://www.in.gov/sos/elections/voter-information/files/2016_General_Election_Turnout.pdf,9,no
2016,Indiana,9,US House,Johnson,18081,Johnson,0054 PLEASANT 15,Shelli Yoder,Trey Hollingsworth,Russell Brooksbank,68,103,26,0,197,0.345178,0.522843,0.13198,0.397661,35,0.204678,Republican,107546,67754,0.63,0.63,29499,38255,0.56,0.564616,https://www.in.gov/sos/elections/voter-information/files/2016_General_Election_Turnout.pdf,9,no
2016,Indiana,9,US House,Johnson,18081,Johnson,0055 PLEASANT 16,Shelli Yoder,Trey Hollingsworth,Russell Brooksbank,145,322,22,0,489,0.296524,0.658487,0.04499,0.310493,177,0.379015,Republican,107546,67754,0.63,0.63,29499,38255,0.56,0.564616,https://www.in.gov/sos/elections/voter-information/files/2016_General_Election_Turnout.pdf,9,no
2016,Indiana,9,US House,Johnson,18081,Johnson,0056 PLEASANT 17,Shelli Yoder,Trey Hollingsworth,Russell Brooksbank,197,307,31,0,535,0.368224,0.573832,0.057944,0.390873,110,0.218254,Republican,107546,67754,0.63,0.63,29499,38255,0.56,0.564616,https://www.in.gov/sos/elections/voter-information/files/2016_General_Election_Turnout.pdf,9,no
2016,Indiana,9,US House,Johnson,18081,Johnson,0057 PLEASANT 18,Shelli Yoder,Trey Hollingsworth,Russell Brooksbank,106,212,12,0,330,0.321212,0.642424,0.036364,0.333333,106,0.333333,Republican,107546,67754,0.63,0.63,29499,38255,0.56,0.564616,https://www.in.gov/sos/elections/voter-information/files/2016_General_Election_Turnout.pdf,9,no
2016,Indiana,9,US House,Johnson,18081,Johnson,0058 PLEASANT 19,Shelli Yoder,Trey Hollingsworth,Russell Brooksbank,248,553,78,0,879,0.282139,0.629124,0.088737,0.309613,305,0.380774,Republican,107546,67754,0.63,0.63,29499,38255,0.56,0.564616,https://www.in.gov/sos/elections/voter-information/files/2016_General_Election_Turnout.pdf,9,no
2016,Indiana,9,US House,Johnson,18081,Johnson,0059 PLEASANT 20,Shelli Yoder,Trey Hollingsworth,Russell Brooksbank,79,155,15,0,249,0.317269,0.62249,0.060241,0.337607,76,0.324786,Republican,107546,67754,0.63,0.63,29499,38255,0.56,0.564616,https://www.in.gov/sos/elections/voter-information/files/2016_General_Election_Turnout.pdf,9,no
2016,Indiana,9,US House,Johnson,18081,Johnson,0060 PLEASANT 21,Shelli Yoder,Trey Hollingsworth,Russell Brooksbank,191,475,41,0,707,0.270156,0.671853,0.057992,0.286787,284,0.426426,Republican,107546,67754,0.63,0.63,29499,38255,0.56,0.564616,https://www.in.gov/sos/elections/voter-information/files/2016_General_Election_Turnout.pdf,9,no
2016,Indiana,9,US House,Johnson,18081,Johnson,0061 PLEASANT 22,Shelli Yoder,Trey Hollingsworth,Russell Brooksbank,408,858,84,0,1350,0.302222,0.635556,0.062222,0.322275,450,0.35545,Republican,107546,67754,0.63,0.63,29499,38255,0.56,0.564616,https://www.in.gov/sos/elections/voter-information/files/2016_General_Election_Turnout.pdf,9,no
2016,Indiana,9,US House,Johnson,18081,Johnson,0062 PLEASANT 23,Shelli Yoder,Trey Hollingsworth,Russell Brooksbank,53,113,6,0,172,0.30814,0.656977,0.034884,0.319277,60,0.361446,Republican,107546,67754,0.63,0.63,29499,38255,0.56,0.564616,https://www.in.gov/sos/elections/voter-information/files/2016_General_Election_Turnout.pdf,9,no
2016,Indiana,9,US House,Johnson,18081,Johnson,0063 PLEASANT 24,Shelli Yoder,Trey Hollingsworth,Russell Brooksbank,64,144,17,0,225,0.284444,0.64,0.075556,0.307692,80,0.384615,Republican,107546,67754,0.63,0.63,29499,38255,0.56,0.564616,https://www.in.gov/sos/elections/voter-information/files/2016_General_Election_Turnout.pdf,9,no
2016,Indiana,9,US House,Johnson,18081,Johnson,0064 PLEASANT 25,Shelli Yoder,Trey Hollingsworth,Russell Brooksbank,61,83,16,0,160,0.38125,0.51875,0.1,0.423611,22,0.152778,Republican,107546,67754,0.63,0.63,29499,38255,0.56,0.564616,https://www.in.gov/sos/elections/voter-information/files/2016_General_Election_Turnout.pdf,9,no
2016,Indiana,9,US House,Johnson,18081,Johnson,0065 PLEASANT 26,Shelli Yoder,Trey Hollingsworth,Russell Brooksbank,78,137,15,0,230,0.33913,0.595652,0.065217,0.362791,59,0.274419,Republican,107546,67754,0.63,0.63,29499,38255,0.56,0.564616,https://www.in.gov/sos/elections/voter-information/files/2016_General_Election_Turnout.pdf,9,no
2016,Indiana,9,US House,Johnson,18081,Johnson,0066 PLEASANT 27,Shelli Yoder,Trey Hollingsworth,Russell Brooksbank,84,149,18,0,251,0.334661,0.593625,0.071713,0.360515,65,0.27897,Republican,107546,67754,0.63,0.63,29499,38255,0.56,0.564616,https://www.in.gov/sos/elections/voter-information/files/2016_General_Election_Turnout.pdf,9,no
2016,Indiana,9,US House,Johnson,18081,Johnson,0067 PLEASANT 28,Shelli Yoder,Trey Hollingsworth,Russell Brooksbank,206,418,37,0,661,0.311649,0.632375,0.055976,0.330128,212,0.339744,Republican,107546,67754,0.63,0.63,29499,38255,0.56,0.564616,https://www.in.gov/sos/elections/voter-information/files/2016_General_Election_Turnout.pdf,9,no
2016,Indiana,9,US House,Johnson,18081,Johnson,0068 PLEASANT 29,Shelli Yoder,Trey Hollingsworth,Russell Brooksbank,116,200,26,0,342,0.339181,0.584795,0.076023,0.367089,84,0.265823,Republican,107546,67754,0.63,0.63,29499,38255,0.56,0.564616,https://www.in.gov/sos/elections/voter-information/files/2016_General_Election_Turnout.pdf,9,no
2016,Indiana,9,US House,Johnson,18081,Johnson,0069 PLEASANT 30,Shelli Yoder,Trey Hollingsworth,Russell Brooksbank,145,264,38,0,447,0.324385,0.590604,0.085011,0.354523,119,0.290954,Republican,107546,67754,0.63,0.63,29499,38255,0.56,0.564616,https://www.in.gov/sos/elections/voter-information/files/2016_General_Election_Turnout.pdf,9,no
2016,Indiana,9,US House,Johnson,18081,Johnson,0070 PLEASANT 31,Shelli Yoder,Trey Hollingsworth,Russell Brooksbank,145,461,45,0,651,0.222734,0.708141,0.069124,0.239274,316,0.521452,Republican,107546,67754,0.63,0.63,29499,38255,0.56,0.564616,https://www.in.gov/sos/elections/voter-information/files/2016_General_Election_Turnout.pdf,9,no
2016,Indiana,9,US House,Johnson,18081,Johnson,0071 PLEASANT 32,Shelli Yoder,Trey Hollingsworth,Russell Brooksbank,120,199,21,0,340,0.352941,0.585294,0.061765,0.376176,79,0.247649,Republican,107546,67754,0.63,0.63,29499,38255,0.56,0.564616,https://www.in.gov/sos/elections/voter-information/files/2016_General_Election_Turnout.pdf,9,no
2016,Indiana,9,US House,Johnson,18081,Johnson,0072 PLEASANT 33,Shelli Yoder,Trey Hollingsworth,Russell Brooksbank,205,473,56,0,734,0.279292,0.644414,0.076294,0.30236,268,0.39528,Republican,107546,67754,0.63,0.63,29499,38255,0.56,0.564616,https://www.in.gov/sos/elections/voter-information/files/2016_General_Election_Turnout.pdf,9,no
2016,Indiana,9,US House,Johnson,18081,Johnson,0073 PLEASANT 34,Shelli Yoder,Trey Hollingsworth,Russell Brooksbank,97,340,41,0,478,0.202929,0.711297,0.085774,0.221968,243,0.556064,Republican,107546,67754,0.63,0.63,29499,38255,0.56,0.564616,https://www.in.gov/sos/elections/voter-information/files/2016_General_Election_Turnout.pdf,9,no
2016,Indiana,9,US House,Johnson,18081,Johnson,0074 PLEASANT 35,Shelli Yoder,Trey Hollingsworth,Russell Brooksbank,144,294,18,0,456,0.315789,0.644737,0.039474,0.328767,150,0.342466,Republican,107546,67754,0.63,0.63,29499,38255,0.56,0.564616,https://www.in.gov/sos/elections/voter-information/files/2016_General_Election_Turnout.pdf,9,no
2016,Indiana,9,US House,Johnson,18081,Johnson,0075 PLEASANT 36,Shelli Yoder,Trey Hollingsworth,Russell Brooksbank,54,116,7,0,177,0.305085,0.655367,0.039548,0.317647,62,0.364706,Republican,107546,67754,0.63,0.63,29499,38255,0.56,0.564616,https://www.in.gov/sos/elections/voter-information/files/2016_General_Election_Turnout.pdf,9,no
2016,Indiana,9,US House,Johnson,18081,Johnson,0076 PLEASANT 37,Shelli Yoder,Trey Hollingsworth,Russell Brooksbank,83,125,18,0,226,0.367257,0.553097,0.079646,0.399038,42,0.201923,Republican,107546,67754,0.63,0.63,29499,38255,0.56,0.564616,https://www.in.gov/sos/elections/voter-information/files/2016_General_Election_Turnout.pdf,9,no
2016,Indiana,9,US House,Johnson,18081,Johnson,0077 PLEASANT 38,Shelli Yoder,Trey Hollingsworth,Russell Brooksbank,173,344,42,0,559,0.309481,0.615385,0.075134,0.334623,171,0.330754,Republican,107546,67754,0.63,0.63,29499,38255,0.56,0.564616,https://www.in.gov/sos/elections/voter-information/files/2016_General_Election_Turnout.pdf,9,no
2016,Indiana,9,US House,Johnson,18081,Johnson,0078 PLEASANT 39,Shelli Yoder,Trey Hollingsworth,Russell Brooksbank,221,430,38,0,689,0.320755,0.624093,0.055152,0.339478,209,0.321045,Republican,107546,67754,0.63,0.63,29499,38255,0.56,0.564616,https://www.in.gov/sos/elections/voter-information/files/2016_General_Election_Turnout.pdf,9,no
2016,Indiana,9,US House,Johnson,18081,Johnson,0079 PLEASANT 40,Shelli Yoder,Trey Hollingsworth,Russell Brooksbank,171,342,34,0,547,0.312614,0.625229,0.062157,0.333333,171,0.333333,Republican,107546,67754,0.63,0.63,29499,38255,0.56,0.564616,https://www.in.gov/sos/elections/voter-information/files/2016_General_Election_Turnout.pdf,9,no
2016,Indiana,9,US House,Johnson,18081,Johnson,0080 PLEASANT 41,Shelli Yoder,Trey Hollingsworth,Russell Brooksbank,29,82,9,0,120,0.241667,0.683333,0.075,0.261261,53,0.477477,Republican,107546,67754,0.63,0.63,29499,38255,0.56,0.564616,https://www.in.gov/sos/elections/voter-information/files/2016_General_Election_Turnout.pdf,9,no
2016,Indiana,9,US House,Johnson,18081,Johnson,0081 PLEASANT 42,Shelli Yoder,Trey Hollingsworth,Russell Brooksbank,265,500,47,0,812,0.326355,0.615764,0.057882,0.346405,235,0.30719,Republican,107546,67754,0.63,0.63,29499,38255,0.56,0.564616,https://www.in.gov/sos/elections/voter-information/files/2016_General_Election_Turnout.pdf,9,no
2016,Indiana,9,US House,Johnson,18081,Johnson,0082 PLEASANT 43,Shelli Yoder,Trey Hollingsworth,Russell Brooksbank,219,437,27,0,683,0.320644,0.639824,0.039531,0.333841,218,0.332317,Republican,107546,67754,0.63,0.63,29499,38255,0.56,0.564616,https://www.in.gov/sos/elections/voter-information/files/2016_General_Election_Turnout.pdf,9,no
2016,Indiana,9,US House,Johnson,18081,Johnson,0083 PLEASANT 44,Shelli Yoder,Trey Hollingsworth,Russell Brooksbank,120,184,26,0,330,0.363636,0.557576,0.078788,0.394737,64,0.210526,Republican,107546,67754,0.63,0.63,29499,38255,0.56,0.564616,https://www.in.gov/sos/elections/voter-information/files/2016_General_Election_Turnout.pdf,9,no
2016,Indiana,9,US House,Johnson,18081,Johnson,0084 PLEASANT 45,Shelli Yoder,Trey Hollingsworth,Russell Brooksbank,340,263,38,0,641,0.530421,0.410296,0.059282,0.563847,-77,-0.127695,Democratic,107546,67754,0.63,0.63,29499,38255,0.56,0.564616,https://www.in.gov/sos/elections/voter-information/files/2016_General_Election_Turnout.pdf,9,no
2016,Indiana,9,US House,Johnson,18081,Johnson,0085 PLEASANT 46,Shelli Yoder,Trey Hollingsworth,Russell Brooksbank,85,208,24,0,317,0.268139,0.656151,0.07571,0.290102,123,0.419795,Republican,107546,67754,0.63,0.63,29499,38255,0.56,0.564616,https://www.in.gov/sos/elections/voter-information/files/2016_General_Election_Turnout.pdf,9,no
2016,Indiana,9,US House,Johnson,18081,Johnson,0086 PLEASANT 47,Shelli Yoder,Trey Hollingsworth,Russell Brooksbank,212,312,36,0,560,0.378571,0.557143,0.064286,0.40458,100,0.19084,Republican,107546,67754,0.63,0.63,29499,38255,0.56,0.564616,https://www.in.gov/sos/elections/voter-information/files/2016_General_Election_Turnout.pdf,9,no
2016,Indiana,9,US House,Johnson,18081,Johnson,0087 PLEASANT 48,Shelli Yoder,Trey Hollingsworth,Russell Brooksbank,210,300,36,0,546,0.384615,0.549451,0.065934,0.411765,90,0.176471,Republican,107546,67754,0.63,0.63,29499,38255,0.56,0.564616,https://www.in.gov/sos/elections/voter-information/files/2016_General_Election_Turnout.pdf,9,no
2016,Indiana,9,US House,Johnson,18081,Johnson,0088 PLEASANT 49,Shelli Yoder,Trey Hollingsworth,Russell Brooksbank,128,252,19,0,399,0.320802,0.631579,0.047619,0.336842,124,0.326316,Republican,107546,67754,0.63,0.63,29499,38255,0.56,0.564616,https://www.in.gov/sos/elections/voter-information/files/2016_General_Election_Turnout.pdf,9,no
2016,Indiana,9,US House,Johnson,18081,Johnson,0089 UNION 1,Shelli Yoder,Trey Hollingsworth,Russell Brooksbank,147,386,31,0,564,0.260638,0.684397,0.054965,0.275797,239,0.448405,Republican,107546,67754,0.63,0.63,29499,38255,0.56,0.564616,https://www.in.gov/sos/elections/voter-information/files/2016_General_Election_Turnout.pdf,9,no
2016,Indiana,9,US House,Johnson,18081,Johnson,0090 UNION 2,Shelli Yoder,Trey Hollingsworth,Russell Brooksbank,112,310,29,0,451,0.248337,0.687361,0.064302,0.265403,198,0.469194,Republican,107546,67754,0.63,0.63,29499,38255,0.56,0.564616,https://www.in.gov/sos/elections/voter-information/files/2016_General_Election_Turnout.pdf,9,no
2016,Indiana,9,US House,Johnson,18081,Johnson,0091 UNION 3,Shelli Yoder,Trey Hollingsworth,Russell Brooksbank,91,225,19,0,335,0.271642,0.671642,0.056716,0.287975,134,0.424051,Republican,107546,67754,0.63,0.63,29499,38255,0.56,0.564616,https://www.in.gov/sos/elections/voter-information/files/2016_General_Election_Turnout.pdf,9,no
2016,Indiana,9,US House,Johnson,18081,Johnson,0092 WHITE RIVER 1,Shelli Yoder,Trey Hollingsworth,Russell Brooksbank,121,334,17,0,472,0.256356,0.707627,0.036017,0.265934,213,0.468132,Republican,107546,67754,0.63,0.63,29499,38255,0.56,0.564616,https://www.in.gov/sos/elections/voter-information/files/2016_General_Election_Turnout.pdf,9,no
2016,Indiana,9,US House,Johnson,18081,Johnson,0093 WHITE RIVER 2,Shelli Yoder,Trey Hollingsworth,Russell Brooksbank,70,151,13,0,234,0.299145,0.645299,0.055556,0.316742,81,0.366516,Republican,107546,67754,0.63,0.63,29499,38255,0.56,0.564616,https://www.in.gov/sos/elections/voter-information/files/2016_General_Election_Turnout.pdf,9,no
2016,Indiana,9,US House,Johnson,18081,Johnson,0094 WHITE RIVER 3,Shelli Yoder,Trey Hollingsworth,Russell Brooksbank,185,343,36,0,564,0.328014,0.608156,0.06383,0.350379,158,0.299242,Republican,107546,67754,0.63,0.63,29499,38255,0.56,0.564616,https://www.in.gov/sos/elections/voter-information/files/2016_General_Election_Turnout.pdf,9,no
2016,Indiana,9,US House,Johnson,18081,Johnson,0095 WHITE RIVER 4,Shelli Yoder,Trey Hollingsworth,Russell Brooksbank,138,330,17,0,485,0.284536,0.680412,0.035052,0.294872,192,0.410256,Republican,107546,67754,0.63,0.63,29499,38255,0.56,0.564616,https://www.in.gov/sos/elections/voter-information/files/2016_General_Election_Turnout.pdf,9,no
2016,Indiana,9,US House,Johnson,18081,Johnson,0096 WHITE RIVER 5,Shelli Yoder,Trey Hollingsworth,Russell Brooksbank,111,259,31,0,401,0.276808,0.645885,0.077307,0.3,148,0.4,Republican,107546,67754,0.63,0.63,29499,38255,0.56,0.564616,https://www.in.gov/sos/elections/voter-information/files/2016_General_Election_Turnout.pdf,9,no
2016,Indiana,9,US House,Johnson,18081,Johnson,0097 WHITE RIVER 6,Shelli Yoder,Trey Hollingsworth,Russell Brooksbank,142,305,28,0,475,0.298947,0.642105,0.058947,0.317673,163,0.364653,Republican,107546,67754,0.63,0.63,29499,38255,0.56,0.564616,https://www.in.gov/sos/elections/voter-information/files/2016_General_Election_Turnout.pdf,9,no
2016,Indiana,9,US House,Johnson,18081,Johnson,0098 WHITE RIVER 7,Shelli Yoder,Trey Hollingsworth,Russell Brooksbank,199,385,43,0,627,0.317384,0.614035,0.068581,0.340753,186,0.318493,Republican,107546,67754,0.63,0.63,29499,38255,0.56,0.564616,https://www.in.gov/sos/elections/voter-information/files/2016_General_Election_Turnout.pdf,9,no
2016,Indiana,9,US House,Johnson,18081,Johnson,0099 WHITE RIVER 8,Shelli Yoder,Trey Hollingsworth,Russell Brooksbank,186,439,37,0,662,0.280967,0.663142,0.055891,0.2976,253,0.4048,Republican,107546,67754,0.63,0.63,29499,38255,0.56,0.564616,https://www.in.gov/sos/elections/voter-information/files/2016_General_Election_Turnout.pdf,9,no
2016,Indiana,9,US House,Johnson,18081,Johnson,0100 WHITE RIVER 9,Shelli Yoder,Trey Hollingsworth,Russell Brooksbank,230,462,50,0,742,0.309973,0.622642,0.067385,0.33237,232,0.33526,Republican,107546,67754,0.63,0.63,29499,38255,0.56,0.564616,https://www.in.gov/sos/elections/voter-information/files/2016_General_Election_Turnout.pdf,9,no
2016,Indiana,9,US House,Johnson,18081,Johnson,0101 WHITE RIVER 10,Shelli Yoder,Trey Hollingsworth,Russell Brooksbank,116,279,7,0,402,0.288557,0.69403,0.017413,0.293671,163,0.412658,Republican,107546,67754,0.63,0.63,29499,38255,0.56,0.564616,https://www.in.gov/sos/elections/voter-information/files/2016_General_Election_Turnout.pdf,9,no
2016,Indiana,9,US House,Johnson,18081,Johnson,0102 WHITE RIVER 11,Shelli Yoder,Trey Hollingsworth,Russell Brooksbank,177,429,34,0,640,0.276562,0.670312,0.053125,0.292079,252,0.415842,Republican,107546,67754,0.63,0.63,29499,38255,0.56,0.564616,https://www.in.gov/sos/elections/voter-information/files/2016_General_Election_Turnout.pdf,9,no
2016,Indiana,9,US House,Johnson,18081,Johnson,0103 WHITE RIVER 12,Shelli Yoder,Trey Hollingsworth,Russell Brooksbank,183,373,21,0,577,0.317158,0.646447,0.036395,0.329137,190,0.341727,Republican,107546,67754,0.63,0.63,29499,38255,0.56,0.564616,https://www.in.gov/sos/elections/voter-information/files/2016_General_Election_Turnout.pdf,9,no
2016,Indiana,9,US House,Johnson,18081,Johnson,0104 WHITE RIVER 13,Shelli Yoder,Trey Hollingsworth,Russell Brooksbank,146,298,14,0,458,0.318777,0.650655,0.030568,0.328829,152,0.342342,Republican,107546,67754,0.63,0.63,29499,38255,0.56,0.564616,https://www.in.gov/sos/elections/voter-information/files/2016_General_Election_Turnout.pdf,9,no
2016,Indiana,9,US House,Johnson,18081,Johnson,0105 WHITE RIVER 14,Shelli Yoder,Trey Hollingsworth,Russell Brooksbank,244,472,33,0,749,0.325768,0.630174,0.044059,0.340782,228,0.318436,Republican,107546,67754,0.63,0.63,29499,38255,0.56,0.564616,https://www.in.gov/sos/elections/voter-information/files/2016_General_Election_Turnout.pdf,9,no
2016,Indiana,9,US House,Johnson,18081,Johnson,0106 WHITE RIVER 15,Shelli Yoder,Trey Hollingsworth,Russell Brooksbank,334,722,59,0,1115,0.299552,0.647534,0.052915,0.316288,388,0.367424,Republican,107546,67754,0.63,0.63,29499,38255,0.56,0.564616,https://www.in.gov/sos/elections/voter-information/files/2016_General_Election_Turnout.pdf,9,no
2016,Indiana,9,US House,Johnson,18081,Johnson,0107 WHITE RIVER 16,Shelli Yoder,Trey Hollingsworth,Russell Brooksbank,222,495,32,0,749,0.296395,0.660881,0.042724,0.309623,273,0.380753,Republican,107546,67754,0.63,0.63,29499,38255,0.56,0.564616,https://www.in.gov/sos/elections/voter-information/files/2016_General_Election_Turnout.pdf,9,no
2016,Indiana,9,US House,Johnson,18081,Johnson,0108 WHITE RIVER 17,Shelli Yoder,Trey Hollingsworth,Russell Brooksbank,131,273,26,0,430,0.304651,0.634884,0.060465,0.324257,142,0.351485,Republican,107546,67754,0.63,0.63,29499,38255,0.56,0.564616,https://www.in.gov/sos/elections/voter-information/files/2016_General_Election_Turnout.pdf,9,no
2016,Indiana,9,US House,Johnson,18081,Johnson,0109 WHITE RIVER 18,Shelli Yoder,Trey Hollingsworth,Russell Brooksbank,143,261,23,0,427,0.334895,0.611241,0.053864,0.35396,118,0.292079,Republican,107546,67754,0.63,0.63,29499,38255,0.56,0.564616,https://www.in.gov/sos/elections/voter-information/files/2016_General_Election_Turnout.pdf,9,no
2016,Indiana,9,US House,Johnson,18081,Johnson,0110 WHITE RIVER 19,Shelli Yoder,Trey Hollingsworth,Russell Brooksbank,151,275,38,0,464,0.325431,0.592672,0.081897,0.35446,124,0.29108,Republican,107546,67754,0.63,0.63,29499,38255,0.56,0.564616,https://www.in.gov/sos/elections/voter-information/files/2016_General_Election_Turnout.pdf,9,no
2016,Indiana,9,US House,Johnson,18081,Johnson,0111 WHITE RIVER 20,Shelli Yoder,Trey Hollingsworth,Russell Brooksbank,117,299,16,0,432,0.270833,0.69213,0.037037,0.28125,182,0.4375,Republican,107546,67754,0.63,0.63,29499,38255,0.56,0.564616,https://www.in.gov/sos/elections/voter-information/files/2016_General_Election_Turnout.pdf,9,no
2016,Indiana,9,US House,Johnson,18081,Johnson,0112 WHITE RIVER 21,Shelli Yoder,Trey Hollingsworth,Russell Brooksbank,246,526,24,0,796,0.309045,0.660804,0.030151,0.318653,280,0.362694,Republican,107546,67754,0.63,0.63,29499,38255,0.56,0.564616,https://www.in.gov/sos/elections/voter-information/files/2016_General_Election_Turnout.pdf,9,no
2016,Indiana,9,US House,Johnson,18081,Johnson,0113 WHITE RIVER 22,Shelli Yoder,Trey Hollingsworth,Russell Brooksbank,208,419,28,0,655,0.317557,0.639695,0.042748,0.331738,211,0.336523,Republican,107546,67754,0.63,0.63,29499,38255,0.56,0.564616,https://www.in.gov/sos/elections/voter-information/files/2016_General_Election_Turnout.pdf,9,no
2016,Indiana,9,US House,Johnson,18081,Johnson,0114 WHITE RIVER 23,Shelli Yoder,Trey Hollingsworth,Russell Brooksbank,89,200,11,0,300,0.296667,0.666667,0.036667,0.307958,111,0.384083,Republican,107546,67754,0.63,0.63,29499,38255,0.56,0.564616,https://www.in.gov/sos/elections/voter-information/files/2016_General_Election_Turnout.pdf,9,no
2016,Indiana,9,US House,Johnson,18081,Johnson,0115 WHITE RIVER 24,Shelli Yoder,Trey Hollingsworth,Russell Brooksbank,106,333,21,0,460,0.230435,0.723913,0.045652,0.241458,227,0.517084,Republican,107546,67754,0.63,0.63,29499,38255,0.56,0.564616,https://www.in.gov/sos/elections/voter-information/files/2016_General_Election_Turnout.pdf,9,no
2016,Indiana,9,US House,Johnson,18081,Johnson,0116 WHITE RIVER 25,Shelli Yoder,Trey Hollingsworth,Russell Brooksbank,197,307,39,0,543,0.362799,0.565378,0.071823,0.390873,110,0.218254,Republican,107546,67754,0.63,0.63,29499,38255,0.56,0.564616,https://www.in.gov/sos/elections/voter-information/files/2016_General_Election_Turnout.pdf,9,no
2016,Indiana,9,US House,Johnson,18081,Johnson,0117 WHITE RIVER 26,Shelli Yoder,Trey Hollingsworth,Russell Brooksbank,120,247,17,0,384,0.3125,0.643229,0.044271,0.326975,127,0.346049,Republican,107546,67754,0.63,0.63,29499,38255,0.56,0.564616,https://www.in.gov/sos/elections/voter-information/files/2016_General_Election_Turnout.pdf,9,no
2016,Indiana,9,US House,Johnson,18081,Johnson,0118 WHITE RIVER 27,Shelli Yoder,Trey Hollingsworth,Russell Brooksbank,123,320,37,0,480,0.25625,0.666667,0.077083,0.277652,197,0.444695,Republican,107546,67754,0.63,0.63,29499,38255,0.56,0.564616,https://www.in.gov/sos/elections/voter-information/files/2016_General_Election_Turnout.pdf,9,no
2016,Indiana,9,US House,Johnson,18081,Johnson,0119 WHITE RIVER 28,Shelli Yoder,Trey Hollingsworth,Russell Brooksbank,99,253,10,0,362,0.273481,0.698895,0.027624,0.28125,154,0.4375,Republican,107546,67754,0.63,0.63,29499,38255,0.56,0.564616,https://www.in.gov/sos/elections/voter-information/files/2016_General_Election_Turnout.pdf,9,no
2016,Indiana,9,US House,Johnson,18081,Johnson,0120 WHITE RIVER 29,Shelli Yoder,Trey Hollingsworth,Russell Brooksbank,262,519,45,0,826,0.317191,0.628329,0.054479,0.335467,257,0.329065,Republican,107546,67754,0.63,0.63,29499,38255,0.56,0.564616,https://www.in.gov/sos/elections/voter-information/files/2016_General_Election_Turnout.pdf,9,no
2016,Indiana,9,US House,Johnson,18081,Johnson,0121 WHITE RIVER 30,Shelli Yoder,Trey Hollingsworth,Russell Brooksbank,182,252,25,0,459,0.396514,0.54902,0.054466,0.419355,70,0.16129,Republican,107546,67754,0.63,0.63,29499,38255,0.56,0.564616,https://www.in.gov/sos/elections/voter-information/files/2016_General_Election_Turnout.pdf,9,no
2016,Indiana,9,US House,Johnson,18081,Johnson,0122 WHITE RIVER 31,Shelli Yoder,Trey Hollingsworth,Russell Brooksbank,137,219,25,0,381,0.35958,0.574803,0.065617,0.384831,82,0.230337,Republican,107546,67754,0.63,0.63,29499,38255,0.56,0.564616,https://www.in.gov/sos/elections/voter-information/files/2016_General_Election_Turnout.pdf,9,no
2016,Indiana,9,US House,Johnson,18081,Johnson,0123 WHITE RIVER 32,Shelli Yoder,Trey Hollingsworth,Russell Brooksbank,212,471,23,0,706,0.300283,0.667139,0.032578,0.310395,259,0.379209,Republican,107546,67754,0.63,0.63,29499,38255,0.56,0.564616,https://www.in.gov/sos/elections/voter-information/files/2016_General_Election_Turnout.pdf,9,no
2016,Indiana,9,US House,Johnson,18081,Johnson,0124 WHITE RIVER 33,Shelli Yoder,Trey Hollingsworth,Russell Brooksbank,123,295,22,0,440,0.279545,0.670455,0.05,0.294258,172,0.411483,Republican,107546,67754,0.63,0.63,29499,38255,0.56,0.564616,https://www.in.gov/sos/elections/voter-information/files/2016_General_Election_Turnout.pdf,9,no
2016,Indiana,9,US House,Johnson,18081,Johnson,0125 WHITE RIVER 34,Shelli Yoder,Trey Hollingsworth,Russell Brooksbank,164,407,17,0,588,0.278912,0.692177,0.028912,0.287215,243,0.425569,Republican,107546,67754,0.63,0.63,29499,38255,0.56,0.564616,https://www.in.gov/sos/elections/voter-information/files/2016_General_Election_Turnout.pdf,9,no
2016,Indiana,9,US House,Johnson,18081,Johnson,0126 WHITE RIVER 35,Shelli Yoder,Trey Hollingsworth,Russell Brooksbank,293,795,46,0,1134,0.258377,0.701058,0.040564,0.269301,502,0.461397,Republican,107546,67754,0.63,0.63,29499,38255,0.56,0.564616,https://www.in.gov/sos/elections/voter-information/files/2016_General_Election_Turnout.pdf,9,no
2016,Indiana,9,US House,Johnson,18081,Johnson,0127 WHITE RIVER 36,Shelli Yoder,Trey Hollingsworth,Russell Brooksbank,143,246,22,0,411,0.347932,0.59854,0.053528,0.367609,103,0.264781,Republican,107546,67754,0.63,0.63,29499,38255,0.56,0.564616,https://www.in.gov/sos/elections/voter-information/files/2016_General_Election_Turnout.pdf,9,no
2016,Indiana,9,US House,Johnson,18081,Johnson,0128 WHITE RIVER 37,Shelli Yoder,Trey Hollingsworth,Russell Brooksbank,363,600,61,0,1024,0.354492,0.585938,0.05957,0.376947,237,0.246106,Republican,107546,67754,0.63,0.63,29499,38255,0.56,0.564616,https://www.in.gov/sos/elections/voter-information/files/2016_General_Election_Turnout.pdf,9,no
2016,Indiana,9,US House,Johnson,18081,Johnson,0129 WHITE RIVER 38,Shelli Yoder,Trey Hollingsworth,Russell Brooksbank,124,301,11,0,436,0.284404,0.690367,0.025229,0.291765,177,0.416471,Republican,107546,67754,0.63,0.63,29499,38255,0.56,0.564616,https://www.in.gov/sos/elections/voter-information/files/2016_General_Election_Turnout.pdf,9,no
2016,Indiana,9,US House,Johnson,18081,Johnson,0130 WHITE RIVER 39,Shelli Yoder,Trey Hollingsworth,Russell Brooksbank,248,470,34,0,752,0.329787,0.625,0.045213,0.345404,222,0.309192,Republican,107546,67754,0.63,0.63,29499,38255,0.56,0.564616,https://www.in.gov/sos/elections/voter-information/files/2016_General_Election_Turnout.pdf,9,no
2016,Indiana,9,US House,Johnson,18081,Johnson,0131 WHITE RIVER 40,Shelli Yoder,Trey Hollingsworth,Russell Brooksbank,110,306,11,0,427,0.257611,0.716628,0.025761,0.264423,196,0.471154,Republican,107546,67754,0.63,0.63,29499,38255,0.56,0.564616,https://www.in.gov/sos/elections/voter-information/files/2016_General_Election_Turnout.pdf,9,no
2016,Indiana,9,US House,Johnson,18081,Johnson,0132 WHITE RIVER 41,Shelli Yoder,Trey Hollingsworth,Russell Brooksbank,136,288,29,0,453,0.300221,0.635762,0.064018,0.320755,152,0.358491,Republican,107546,67754,0.63,0.63,29499,38255,0.56,0.564616,https://www.in.gov/sos/elections/voter-information/files/2016_General_Election_Turnout.pdf,9,no
2016,Indiana,9,US House,Johnson,18081,Johnson,0133 WHITE RIVER 42,Shelli Yoder,Trey Hollingsworth,Russell Brooksbank,166,298,32,0,496,0.334677,0.600806,0.064516,0.357759,132,0.284483,Republican,107546,67754,0.63,0.63,29499,38255,0.56,0.564616,https://www.in.gov/sos/elections/voter-information/files/2016_General_Election_Turnout.pdf,9,no
2016,Indiana,9,US House,Johnson,18081,Johnson,0134 WHITE RIVER 43,Shelli Yoder,Trey Hollingsworth,Russell Brooksbank,74,201,17,0,292,0.253425,0.688356,0.058219,0.269091,127,0.461818,Republican,107546,67754,0.63,0.63,29499,38255,0.56,0.564616,https://www.in.gov/sos/elections/voter-information/files/2016_General_Election_Turnout.pdf,9,no
2016,Indiana,9,US House,Lawrence,18093,Lawrence,01-Shawswick 1A,Shelli Yoder,Trey Hollingsworth,Russell Brooksbank,67,136,12,0,215,0.311628,0.632558,0.055814,0.330049,69,0.339901,Republican,33367,19541,0.59,0.585639,12375,7166,0.37,0.366716,https://www.in.gov/sos/elections/voter-information/files/2016_General_Election_Turnout.pdf,9,no
2016,Indiana,9,US House,Lawrence,18093,Lawrence,02-Shawswick 1B,Shelli Yoder,Trey Hollingsworth,Russell Brooksbank,91,190,15,0,296,0.307432,0.641892,0.050676,0.323843,99,0.352313,Republican,33367,19541,0.59,0.585639,12375,7166,0.37,0.366716,https://www.in.gov/sos/elections/voter-information/files/2016_General_Election_Turnout.pdf,9,no
2016,Indiana,9,US House,Lawrence,18093,Lawrence,03-Shawswick 2,Shelli Yoder,Trey Hollingsworth,Russell Brooksbank,93,218,18,0,329,0.282675,0.662614,0.054711,0.299035,125,0.401929,Republican,33367,19541,0.59,0.585639,12375,7166,0.37,0.366716,https://www.in.gov/sos/elections/voter-information/files/2016_General_Election_Turnout.pdf,9,no
2016,Indiana,9,US House,Lawrence,18093,Lawrence,04-Shawswick 3,Shelli Yoder,Trey Hollingsworth,Russell Brooksbank,92,205,26,0,323,0.28483,0.634675,0.080495,0.309764,113,0.380471,Republican,33367,19541,0.59,0.585639,12375,7166,0.37,0.366716,https://www.in.gov/sos/elections/voter-information/files/2016_General_Election_Turnout.pdf,9,no
2016,Indiana,9,US House,Lawrence,18093,Lawrence,05-Shawswick 4,Shelli Yoder,Trey Hollingsworth,Russell Brooksbank,151,256,31,0,438,0.344749,0.584475,0.070776,0.371007,105,0.257985,Republican,33367,19541,0.59,0.585639,12375,7166,0.37,0.366716,https://www.in.gov/sos/elections/voter-information/files/2016_General_Election_Turnout.pdf,9,no
2016,Indiana,9,US House,Lawrence,18093,Lawrence,06-Shawswick 5A,Shelli Yoder,Trey Hollingsworth,Russell Brooksbank,148,230,31,0,409,0.361858,0.562347,0.075795,0.391534,82,0.216931,Republican,33367,19541,0.59,0.585639,12375,7166,0.37,0.366716,https://www.in.gov/sos/elections/voter-information/files/2016_General_Election_Turnout.pdf,9,no
2016,Indiana,9,US House,Lawrence,18093,Lawrence,07-Shawswick 5B,Shelli Yoder,Trey Hollingsworth,Russell Brooksbank,114,251,18,0,383,0.29765,0.655352,0.046997,0.312329,137,0.375342,Republican,33367,19541,0.59,0.585639,12375,7166,0.37,0.366716,https://www.in.gov/sos/elections/voter-information/files/2016_General_Election_Turnout.pdf,9,no
2016,Indiana,9,US House,Lawrence,18093,Lawrence,08-Shawswick 6,Shelli Yoder,Trey Hollingsworth,Russell Brooksbank,108,150,19,0,277,0.389892,0.541516,0.068592,0.418605,42,0.162791,Republican,33367,19541,0.59,0.585639,12375,7166,0.37,0.366716,https://www.in.gov/sos/elections/voter-information/files/2016_General_Election_Turnout.pdf,9,no
2016,Indiana,9,US House,Lawrence,18093,Lawrence,09-Shawswick 7A,Shelli Yoder,Trey Hollingsworth,Russell Brooksbank,70,168,12,0,250,0.28,0.672,0.048,0.294118,98,0.411765,Republican,33367,19541,0.59,0.585639,12375,7166,0.37,0.366716,https://www.in.gov/sos/elections/voter-information/files/2016_General_Election_Turnout.pdf,9,no
2016,Indiana,9,US House,Lawrence,18093,Lawrence,10-Shawswick 7B,Shelli Yoder,Trey Hollingsworth,Russell Brooksbank,154,282,24,0,460,0.334783,0.613043,0.052174,0.353211,128,0.293578,Republican,33367,19541,0.59,0.585639,12375,7166,0.37,0.366716,https://www.in.gov/sos/elections/voter-information/files/2016_General_Election_Turnout.pdf,9,no
2016,Indiana,9,US House,Lawrence,18093,Lawrence,11-Shawswick 8,Shelli Yoder,Trey Hollingsworth,Russell Brooksbank,162,230,17,0,409,0.396088,0.562347,0.041565,0.413265,68,0.173469,Republican,33367,19541,0.59,0.585639,12375,7166,0.37,0.366716,https://www.in.gov/sos/elections/voter-information/files/2016_General_Election_Turnout.pdf,9,no
2016,Indiana,9,US House,Lawrence,18093,Lawrence,12-Shawswick 9,Shelli Yoder,Trey Hollingsworth,Russell Brooksbank,102,171,21,0,294,0.346939,0.581633,0.071429,0.373626,69,0.252747,Republican,33367,19541,0.59,0.585639,12375,7166,0.37,0.366716,https://www.in.gov/sos/elections/voter-information/files/2016_General_Election_Turnout.pdf,9,no
2016,Indiana,9,US House,Lawrence,18093,Lawrence,13-Shawswick 10,Shelli Yoder,Trey Hollingsworth,Russell Brooksbank,121,198,19,0,338,0.357988,0.585799,0.056213,0.37931,77,0.241379,Republican,33367,19541,0.59,0.585639,12375,7166,0.37,0.366716,https://www.in.gov/sos/elections/voter-information/files/2016_General_Election_Turnout.pdf,9,no
2016,Indiana,9,US House,Lawrence,18093,Lawrence,14-Shawswick 11,Shelli Yoder,Trey Hollingsworth,Russell Brooksbank,65,172,14,0,251,0.258964,0.685259,0.055777,0.274262,107,0.451477,Republican,33367,19541,0.59,0.585639,12375,7166,0.37,0.366716,https://www.in.gov/sos/elections/voter-information/files/2016_General_Election_Turnout.pdf,9,no
2016,Indiana,9,US House,Lawrence,18093,Lawrence,15-Shawswick 12,Shelli Yoder,Trey Hollingsworth,Russell Brooksbank,160,344,27,0,531,0.301318,0.647834,0.050847,0.31746,184,0.365079,Republican,33367,19541,0.59,0.585639,12375,7166,0.37,0.366716,https://www.in.gov/sos/elections/voter-information/files/2016_General_Election_Turnout.pdf,9,no
2016,Indiana,9,US House,Lawrence,18093,Lawrence,16-Shawswick 13,Shelli Yoder,Trey Hollingsworth,Russell Brooksbank,144,299,31,0,474,0.303797,0.630802,0.065401,0.325056,155,0.349887,Republican,33367,19541,0.59,0.585639,12375,7166,0.37,0.366716,https://www.in.gov/sos/elections/voter-information/files/2016_General_Election_Turnout.pdf,9,no
2016,Indiana,9,US House,Lawrence,18093,Lawrence,17-Shawswick 14A,Shelli Yoder,Trey Hollingsworth,Russell Brooksbank,187,409,33,0,629,0.297297,0.650238,0.052464,0.313758,222,0.372483,Republican,33367,19541,0.59,0.585639,12375,7166,0.37,0.366716,https://www.in.gov/sos/elections/voter-information/files/2016_General_Election_Turnout.pdf,9,no
2016,Indiana,9,US House,Lawrence,18093,Lawrence,18-Shawswick 14B,Shelli Yoder,Trey Hollingsworth,Russell Brooksbank,211,433,28,0,672,0.313988,0.644345,0.041667,0.32764,222,0.34472,Republican,33367,19541,0.59,0.585639,12375,7166,0.37,0.366716,https://www.in.gov/sos/elections/voter-information/files/2016_General_Election_Turnout.pdf,9,no
2016,Indiana,9,US House,Lawrence,18093,Lawrence,19-Shawswick 15A,Shelli Yoder,Trey Hollingsworth,Russell Brooksbank,79,162,14,0,255,0.309804,0.635294,0.054902,0.327801,83,0.344398,Republican,33367,19541,0.59,0.585639,12375,7166,0.37,0.366716,https://www.in.gov/sos/elections/voter-information/files/2016_General_Election_Turnout.pdf,9,no
2016,Indiana,9,US House,Lawrence,18093,Lawrence,20-Shawswick 15B,Shelli Yoder,Trey Hollingsworth,Russell Brooksbank,185,359,36,0,580,0.318966,0.618966,0.062069,0.340074,174,0.319853,Republican,33367,19541,0.59,0.585639,12375,7166,0.37,0.366716,https://www.in.gov/sos/elections/voter-information/files/2016_General_Election_Turnout.pdf,9,no
2016,Indiana,9,US House,Lawrence,18093,Lawrence,21-Shawswick 16,Shelli Yoder,Trey Hollingsworth,Russell Brooksbank,186,380,31,0,597,0.311558,0.636516,0.051926,0.328622,194,0.342756,Republican,33367,19541,0.59,0.585639,12375,7166,0.37,0.366716,https://www.in.gov/sos/elections/voter-information/files/2016_General_Election_Turnout.pdf,9,no
2016,Indiana,9,US House,Lawrence,18093,Lawrence,22-Marion 1,Shelli Yoder,Trey Hollingsworth,Russell Brooksbank,129,184,17,0,330,0.390909,0.557576,0.051515,0.412141,55,0.175719,Republican,33367,19541,0.59,0.585639,12375,7166,0.37,0.366716,https://www.in.gov/sos/elections/voter-information/files/2016_General_Election_Turnout.pdf,9,no
2016,Indiana,9,US House,Lawrence,18093,Lawrence,23-Marion 2,Shelli Yoder,Trey Hollingsworth,Russell Brooksbank,179,274,27,0,480,0.372917,0.570833,0.05625,0.395143,95,0.209713,Republican,33367,19541,0.59,0.585639,12375,7166,0.37,0.366716,https://www.in.gov/sos/elections/voter-information/files/2016_General_Election_Turnout.pdf,9,no
2016,Indiana,9,US House,Lawrence,18093,Lawrence,24-Marion 3,Shelli Yoder,Trey Hollingsworth,Russell Brooksbank,110,188,18,0,316,0.348101,0.594937,0.056962,0.369128,78,0.261745,Republican,33367,19541,0.59,0.585639,12375,7166,0.37,0.366716,https://www.in.gov/sos/elections/voter-information/files/2016_General_Election_Turnout.pdf,9,no
2016,Indiana,9,US House,Lawrence,18093,Lawrence,25-Marion 4,Shelli Yoder,Trey Hollingsworth,Russell Brooksbank,90,149,18,0,257,0.350195,0.579767,0.070039,0.376569,59,0.246862,Republican,33367,19541,0.59,0.585639,12375,7166,0.37,0.366716,https://www.in.gov/sos/elections/voter-information/files/2016_General_Election_Turnout.pdf,9,no
2016,Indiana,9,US House,Lawrence,18093,Lawrence,26-Marion 5A,Shelli Yoder,Trey Hollingsworth,Russell Brooksbank,209,351,35,0,595,0.351261,0.589916,0.058824,0.373214,142,0.253571,Republican,33367,19541,0.59,0.585639,12375,7166,0.37,0.366716,https://www.in.gov/sos/elections/voter-information/files/2016_General_Election_Turnout.pdf,9,no
2016,Indiana,9,US House,Lawrence,18093,Lawrence,27-Marion 5B,Shelli Yoder,Trey Hollingsworth,Russell Brooksbank,197,437,31,0,665,0.296241,0.657143,0.046617,0.310726,240,0.378549,Republican,33367,19541,0.59,0.585639,12375,7166,0.37,0.366716,https://www.in.gov/sos/elections/voter-information/files/2016_General_Election_Turnout.pdf,9,no
2016,Indiana,9,US House,Lawrence,18093,Lawrence,28-Marion 5C,Shelli Yoder,Trey Hollingsworth,Russell Brooksbank,71,90,9,0,170,0.417647,0.529412,0.052941,0.440994,19,0.118012,Republican,33367,19541,0.59,0.585639,12375,7166,0.37,0.366716,https://www.in.gov/sos/elections/voter-information/files/2016_General_Election_Turnout.pdf,9,no
2016,Indiana,9,US House,Lawrence,18093,Lawrence,29-Marion 6,Shelli Yoder,Trey Hollingsworth,Russell Brooksbank,238,469,35,0,742,0.320755,0.632075,0.04717,0.336634,231,0.326733,Republican,33367,19541,0.59,0.585639,12375,7166,0.37,0.366716,https://www.in.gov/sos/elections/voter-information/files/2016_General_Election_Turnout.pdf,9,no
2016,Indiana,9,US House,Lawrence,18093,Lawrence,30-Bono,Shelli Yoder,Trey Hollingsworth,Russell Brooksbank,110,214,22,0,346,0.317919,0.618497,0.063584,0.339506,104,0.320988,Republican,33367,19541,0.59,0.585639,12375,7166,0.37,0.366716,https://www.in.gov/sos/elections/voter-information/files/2016_General_Election_Turnout.pdf,9,no
2016,Indiana,9,US House,Lawrence,18093,Lawrence,31-Guthrie,Shelli Yoder,Trey Hollingsworth,Russell Brooksbank,139,327,26,0,492,0.28252,0.664634,0.052846,0.298283,188,0.403433,Republican,33367,19541,0.59,0.585639,12375,7166,0.37,0.366716,https://www.in.gov/sos/elections/voter-information/files/2016_General_Election_Turnout.pdf,9,no
2016,Indiana,9,US House,Lawrence,18093,Lawrence,32-Indian Creek N,Shelli Yoder,Trey Hollingsworth,Russell Brooksbank,177,505,36,0,718,0.246518,0.703343,0.050139,0.259531,328,0.480938,Republican,33367,19541,0.59,0.585639,12375,7166,0.37,0.366716,https://www.in.gov/sos/elections/voter-information/files/2016_General_Election_Turnout.pdf,9,no
2016,Indiana,9,US House,Lawrence,18093,Lawrence,33-Indian Creek S,Shelli Yoder,Trey Hollingsworth,Russell Brooksbank,109,299,24,0,432,0.252315,0.69213,0.055556,0.267157,190,0.465686,Republican,33367,19541,0.59,0.585639,12375,7166,0.37,0.366716,https://www.in.gov/sos/elections/voter-information/files/2016_General_Election_Turnout.pdf,9,no
2016,Indiana,9,US House,Lawrence,18093,Lawrence,34-Marshall 1,Shelli Yoder,Trey Hollingsworth,Russell Brooksbank,229,564,35,0,828,0.27657,0.681159,0.042271,0.288777,335,0.422446,Republican,33367,19541,0.59,0.585639,12375,7166,0.37,0.366716,https://www.in.gov/sos/elections/voter-information/files/2016_General_Election_Turnout.pdf,9,no
2016,Indiana,9,US House,Lawrence,18093,Lawrence,35-Marshall 2,Shelli Yoder,Trey Hollingsworth,Russell Brooksbank,160,343,28,0,531,0.301318,0.645951,0.052731,0.318091,183,0.363817,Republican,33367,19541,0.59,0.585639,12375,7166,0.37,0.366716,https://www.in.gov/sos/elections/voter-information/files/2016_General_Election_Turnout.pdf,9,no
2016,Indiana,9,US House,Lawrence,18093,Lawrence,36-Marshall 3,Shelli Yoder,Trey Hollingsworth,Russell Brooksbank,228,494,21,0,743,0.306864,0.664872,0.028264,0.315789,266,0.368421,Republican,33367,19541,0.59,0.585639,12375,7166,0.37,0.366716,https://www.in.gov/sos/elections/voter-information/files/2016_General_Election_Turnout.pdf,9,no
2016,Indiana,9,US House,Lawrence,18093,Lawrence,37-Perry,Shelli Yoder,Trey Hollingsworth,Russell Brooksbank,201,703,49,0,953,0.210913,0.737671,0.051417,0.222345,502,0.55531,Republican,33367,19541,0.59,0.585639,12375,7166,0.37,0.366716,https://www.in.gov/sos/elections/voter-information/files/2016_General_Election_Turnout.pdf,9,no
2016,Indiana,9,US House,Lawrence,18093,Lawrence,38-Pleasant Run,Shelli Yoder,Trey Hollingsworth,Russell Brooksbank,207,510,29,0,746,0.27748,0.683646,0.038874,0.288703,303,0.422594,Republican,33367,19541,0.59,0.585639,12375,7166,0.37,0.366716,https://www.in.gov/sos/elections/voter-information/files/2016_General_Election_Turnout.pdf,9,no
2016,Indiana,9,US House,Lawrence,18093,Lawrence,39-Spice Valley N,Shelli Yoder,Trey Hollingsworth,Russell Brooksbank,65,195,21,0,281,0.231317,0.69395,0.074733,0.25,130,0.5,Republican,33367,19541,0.59,0.585639,12375,7166,0.37,0.366716,https://www.in.gov/sos/elections/voter-information/files/2016_General_Election_Turnout.pdf,9,no
2016,Indiana,9,US House,Lawrence,18093,Lawrence,40-Spice Valley S,Shelli Yoder,Trey Hollingsworth,Russell Brooksbank,182,407,30,0,619,0.294023,0.657512,0.048465,0.308998,225,0.382003,Republican,33367,19541,0.59,0.585639,12375,7166,0.37,0.366716,https://www.in.gov/sos/elections/voter-information/files/2016_General_Election_Turnout.pdf,9,no
2016,Indiana,9,US House,Monroe,18105,Monroe,Bean Blossom 01,Shelli Yoder,Trey Hollingsworth,Russell Brooksbank,259,422,51,0,732,0.353825,0.576503,0.069672,0.380323,163,0.239354,Republican,112228,59847,0.53,0.533263,28894,30953,0.52,0.517202,https://www.in.gov/sos/elections/voter-information/files/2016_General_Election_Turnout.pdf,9,no
2016,Indiana,9,US House,Monroe,18105,Monroe,Bean Blossom 02,Shelli Yoder,Trey Hollingsworth,Russell Brooksbank,251,363,32,0,646,0.388545,0.56192,0.049536,0.408795,112,0.18241,Republican,112228,59847,0.53,0.533263,28894,30953,0.52,0.517202,https://www.in.gov/sos/elections/voter-information/files/2016_General_Election_Turnout.pdf,9,no
2016,Indiana,9,US House,Monroe,18105,Monroe,Benton 01,Shelli Yoder,Trey Hollingsworth,Russell Brooksbank,492,398,40,0,930,0.529032,0.427957,0.043011,0.552809,-94,-0.105618,Democratic,112228,59847,0.53,0.533263,28894,30953,0.52,0.517202,https://www.in.gov/sos/elections/voter-information/files/2016_General_Election_Turnout.pdf,9,no
2016,Indiana,9,US House,Monroe,18105,Monroe,Benton 02,Shelli Yoder,Trey Hollingsworth,Russell Brooksbank,575,325,31,0,931,0.617615,0.349087,0.033298,0.638889,-250,-0.277778,Democratic,112228,59847,0.53,0.533263,28894,30953,0.52,0.517202,https://www.in.gov/sos/elections/voter-information/files/2016_General_Election_Turnout.pdf,9,no
2016,Indiana,9,US House,Monroe,18105,Monroe,Bloomington 01,Shelli Yoder,Trey Hollingsworth,Russell Brooksbank,203,42,7,0,252,0.805556,0.166667,0.027778,0.828571,-161,-0.657143,Democratic,112228,59847,0.53,0.533263,28894,30953,0.52,0.517202,https://www.in.gov/sos/elections/voter-information/files/2016_General_Election_Turnout.pdf,9,no
2016,Indiana,9,US House,Monroe,18105,Monroe,Bloomington 02,Shelli Yoder,Trey Hollingsworth,Russell Brooksbank,481,110,48,0,639,0.752739,0.172144,0.075117,0.813875,-371,-0.62775,Democratic,112228,59847,0.53,0.533263,28894,30953,0.52,0.517202,https://www.in.gov/sos/elections/voter-information/files/2016_General_Election_Turnout.pdf,9,no
2016,Indiana,9,US House,Monroe,18105,Monroe,Bloomington 03,Shelli Yoder,Trey Hollingsworth,Russell Brooksbank,421,159,27,0,607,0.693575,0.261944,0.044481,0.725862,-262,-0.451724,Democratic,112228,59847,0.53,0.533263,28894,30953,0.52,0.517202,https://www.in.gov/sos/elections/voter-information/files/2016_General_Election_Turnout.pdf,9,no
2016,Indiana,9,US House,Monroe,18105,Monroe,Bloomington 04,Shelli Yoder,Trey Hollingsworth,Russell Brooksbank,205,33,9,0,247,0.82996,0.133603,0.036437,0.861345,-172,-0.722689,Democratic,112228,59847,0.53,0.533263,28894,30953,0.52,0.517202,https://www.in.gov/sos/elections/voter-information/files/2016_General_Election_Turnout.pdf,9,no
2016,Indiana,9,US House,Monroe,18105,Monroe,Bloomington 05,Shelli Yoder,Trey Hollingsworth,Russell Brooksbank,762,159,54,0,975,0.781538,0.163077,0.055385,0.827362,-603,-0.654723,Democratic,112228,59847,0.53,0.533263,28894,30953,0.52,0.517202,https://www.in.gov/sos/elections/voter-information/files/2016_General_Election_Turnout.pdf,9,no
2016,Indiana,9,US House,Monroe,18105,Monroe,Bloomington 06,Shelli Yoder,Trey Hollingsworth,Russell Brooksbank,615,110,32,0,757,0.812417,0.14531,0.042272,0.848276,-505,-0.696552,Democratic,112228,59847,0.53,0.533263,28894,30953,0.52,0.517202,https://www.in.gov/sos/elections/voter-information/files/2016_General_Election_Turnout.pdf,9,no
2016,Indiana,9,US House,Monroe,18105,Monroe,Bloomington 07,Shelli Yoder,Trey Hollingsworth,Russell Brooksbank,181,151,13,0,345,0.524638,0.437681,0.037681,0.545181,-30,-0.090361,Democratic,112228,59847,0.53,0.533263,28894,30953,0.52,0.517202,https://www.in.gov/sos/elections/voter-information/files/2016_General_Election_Turnout.pdf,9,no
2016,Indiana,9,US House,Monroe,18105,Monroe,Bloomington 08,Shelli Yoder,Trey Hollingsworth,Russell Brooksbank,368,52,16,0,436,0.844037,0.119266,0.036697,0.87619,-316,-0.752381,Democratic,112228,59847,0.53,0.533263,28894,30953,0.52,0.517202,https://www.in.gov/sos/elections/voter-information/files/2016_General_Election_Turnout.pdf,9,no
2016,Indiana,9,US House,Monroe,18105,Monroe,Bloomington 09,Shelli Yoder,Trey Hollingsworth,Russell Brooksbank,573,143,27,0,743,0.771198,0.192463,0.036339,0.800279,-430,-0.600559,Democratic,112228,59847,0.53,0.533263,28894,30953,0.52,0.517202,https://www.in.gov/sos/elections/voter-information/files/2016_General_Election_Turnout.pdf,9,no
2016,Indiana,9,US House,Monroe,18105,Monroe,Bloomington 10,Shelli Yoder,Trey Hollingsworth,Russell Brooksbank,497,91,16,0,604,0.822848,0.150662,0.02649,0.845238,-406,-0.690476,Democratic,112228,59847,0.53,0.533263,28894,30953,0.52,0.517202,https://www.in.gov/sos/elections/voter-information/files/2016_General_Election_Turnout.pdf,9,no
2016,Indiana,9,US House,Monroe,18105,Monroe,Bloomington 11,Shelli Yoder,Trey Hollingsworth,Russell Brooksbank,419,256,16,0,691,0.606368,0.370478,0.023155,0.620741,-163,-0.241481,Democratic,112228,59847,0.53,0.533263,28894,30953,0.52,0.517202,https://www.in.gov/sos/elections/voter-information/files/2016_General_Election_Turnout.pdf,9,no
2016,Indiana,9,US House,Monroe,18105,Monroe,Bloomington 12,Shelli Yoder,Trey Hollingsworth,Russell Brooksbank,478,307,31,0,816,0.585784,0.376225,0.03799,0.608917,-171,-0.217834,Democratic,112228,59847,0.53,0.533263,28894,30953,0.52,0.517202,https://www.in.gov/sos/elections/voter-information/files/2016_General_Election_Turnout.pdf,9,no
2016,Indiana,9,US House,Monroe,18105,Monroe,Bloomington 13,Shelli Yoder,Trey Hollingsworth,Russell Brooksbank,543,176,34,0,753,0.721116,0.233732,0.045153,0.755216,-367,-0.510431,Democratic,112228,59847,0.53,0.533263,28894,30953,0.52,0.517202,https://www.in.gov/sos/elections/voter-information/files/2016_General_Election_Turnout.pdf,9,no
2016,Indiana,9,US House,Monroe,18105,Monroe,Bloomington 14,Shelli Yoder,Trey Hollingsworth,Russell Brooksbank,372,119,46,0,537,0.692737,0.221601,0.085661,0.757637,-253,-0.515275,Democratic,112228,59847,0.53,0.533263,28894,30953,0.52,0.517202,https://www.in.gov/sos/elections/voter-information/files/2016_General_Election_Turnout.pdf,9,no
2016,Indiana,9,US House,Monroe,18105,Monroe,Bloomington 15,Shelli Yoder,Trey Hollingsworth,Russell Brooksbank,432,337,29,0,798,0.541353,0.422306,0.036341,0.561769,-95,-0.123537,Democratic,112228,59847,0.53,0.533263,28894,30953,0.52,0.517202,https://www.in.gov/sos/elections/voter-information/files/2016_General_Election_Turnout.pdf,9,no
2016,Indiana,9,US House,Monroe,18105,Monroe,Bloomington 16,Shelli Yoder,Trey Hollingsworth,Russell Brooksbank,439,93,33,0,565,0.776991,0.164602,0.058407,0.825188,-346,-0.650376,Democratic,112228,59847,0.53,0.533263,28894,30953,0.52,0.517202,https://www.in.gov/sos/elections/voter-information/files/2016_General_Election_Turnout.pdf,9,no
2016,Indiana,9,US House,Monroe,18105,Monroe,Bloomington 17,Shelli Yoder,Trey Hollingsworth,Russell Brooksbank,508,199,39,0,746,0.680965,0.266756,0.052279,0.718529,-309,-0.437058,Democratic,112228,59847,0.53,0.533263,28894,30953,0.52,0.517202,https://www.in.gov/sos/elections/voter-information/files/2016_General_Election_Turnout.pdf,9,no
2016,Indiana,9,US House,Monroe,18105,Monroe,Bloomington 18,Shelli Yoder,Trey Hollingsworth,Russell Brooksbank,417,105,19,0,541,0.770795,0.194085,0.03512,0.798851,-312,-0.597701,Democratic,112228,59847,0.53,0.533263,28894,30953,0.52,0.517202,https://www.in.gov/sos/elections/voter-information/files/2016_General_Election_Turnout.pdf,9,no
2016,Indiana,9,US House,Monroe,18105,Monroe,Bloomington 19,Shelli Yoder,Trey Hollingsworth,Russell Brooksbank,219,49,15,0,283,0.773852,0.173145,0.053004,0.817164,-170,-0.634328,Democratic,112228,59847,0.53,0.533263,28894,30953,0.52,0.517202,https://www.in.gov/sos/elections/voter-information/files/2016_General_Election_Turnout.pdf,9,no
2016,Indiana,9,US House,Monroe,18105,Monroe,Bloomington 20,Shelli Yoder,Trey Hollingsworth,Russell Brooksbank,374,67,26,0,467,0.800857,0.143469,0.055675,0.848073,-307,-0.696145,Democratic,112228,59847,0.53,0.533263,28894,30953,0.52,0.517202,https://www.in.gov/sos/elections/voter-information/files/2016_General_Election_Turnout.pdf,9,no
2016,Indiana,9,US House,Monroe,18105,Monroe,Bloomington 21,Shelli Yoder,Trey Hollingsworth,Russell Brooksbank,552,131,27,0,710,0.777465,0.184507,0.038028,0.808199,-421,-0.616398,Democratic,112228,59847,0.53,0.533263,28894,30953,0.52,0.517202,https://www.in.gov/sos/elections/voter-information/files/2016_General_Election_Turnout.pdf,9,no
2016,Indiana,9,US House,Monroe,18105,Monroe,Bloomington 22,Shelli Yoder,Trey Hollingsworth,Russell Brooksbank,378,114,6,0,498,0.759036,0.228916,0.012048,0.768293,-264,-0.536585,Democratic,112228,59847,0.53,0.533263,28894,30953,0.52,0.517202,https://www.in.gov/sos/elections/voter-information/files/2016_General_Election_Turnout.pdf,9,no
2016,Indiana,9,US House,Monroe,18105,Monroe,Bloomington 23,Shelli Yoder,Trey Hollingsworth,Russell Brooksbank,391,107,30,0,528,0.74053,0.202652,0.056818,0.785141,-284,-0.570281,Democratic,112228,59847,0.53,0.533263,28894,30953,0.52,0.517202,https://www.in.gov/sos/elections/voter-information/files/2016_General_Election_Turnout.pdf,9,no
2016,Indiana,9,US House,Monroe,18105,Monroe,Bloomington 24,Shelli Yoder,Trey Hollingsworth,Russell Brooksbank,92,57,12,0,161,0.571429,0.354037,0.074534,0.61745,-35,-0.234899,Democratic,112228,59847,0.53,0.533263,28894,30953,0.52,0.517202,https://www.in.gov/sos/elections/voter-information/files/2016_General_Election_Turnout.pdf,9,no
2016,Indiana,9,US House,Monroe,18105,Monroe,Clear Creek 01,Shelli Yoder,Trey Hollingsworth,Russell Brooksbank,432,514,63,0,1009,0.428147,0.509415,0.062438,0.45666,82,0.086681,Republican,112228,59847,0.53,0.533263,28894,30953,0.52,0.517202,https://www.in.gov/sos/elections/voter-information/files/2016_General_Election_Turnout.pdf,9,no
2016,Indiana,9,US House,Monroe,18105,Monroe,Clear Creek 02,Shelli Yoder,Trey Hollingsworth,Russell Brooksbank,288,315,30,0,633,0.454976,0.49763,0.047393,0.477612,27,0.044776,Republican,112228,59847,0.53,0.533263,28894,30953,0.52,0.517202,https://www.in.gov/sos/elections/voter-information/files/2016_General_Election_Turnout.pdf,9,no
2016,Indiana,9,US House,Monroe,18105,Monroe,Clear Creek 03,Shelli Yoder,Trey Hollingsworth,Russell Brooksbank,430,424,56,0,910,0.472527,0.465934,0.061538,0.503513,-6,-0.007026,Democratic,112228,59847,0.53,0.533263,28894,30953,0.52,0.517202,https://www.in.gov/sos/elections/voter-information/files/2016_General_Election_Turnout.pdf,9,no
2016,Indiana,9,US House,Monroe,18105,Monroe,Indian Creek,Shelli Yoder,Trey Hollingsworth,Russell Brooksbank,314,372,35,0,721,0.435506,0.51595,0.048544,0.457726,58,0.084548,Republican,112228,59847,0.53,0.533263,28894,30953,0.52,0.517202,https://www.in.gov/sos/elections/voter-information/files/2016_General_Election_Turnout.pdf,9,no
2016,Indiana,9,US House,Monroe,18105,Monroe,Perry 01,Shelli Yoder,Trey Hollingsworth,Russell Brooksbank,538,104,26,0,668,0.805389,0.155689,0.038922,0.838006,-434,-0.676012,Democratic,112228,59847,0.53,0.533263,28894,30953,0.52,0.517202,https://www.in.gov/sos/elections/voter-information/files/2016_General_Election_Turnout.pdf,9,no
2016,Indiana,9,US House,Monroe,18105,Monroe,Perry 02,Shelli Yoder,Trey Hollingsworth,Russell Brooksbank,412,219,41,0,672,0.613095,0.325893,0.061012,0.652932,-193,-0.305864,Democratic,112228,59847,0.53,0.533263,28894,30953,0.52,0.517202,https://www.in.gov/sos/elections/voter-information/files/2016_General_Election_Turnout.pdf,9,no
2016,Indiana,9,US House,Monroe,18105,Monroe,Perry 03,Shelli Yoder,Trey Hollingsworth,Russell Brooksbank,534,202,40,0,776,0.688144,0.260309,0.051546,0.725543,-332,-0.451087,Democratic,112228,59847,0.53,0.533263,28894,30953,0.52,0.517202,https://www.in.gov/sos/elections/voter-information/files/2016_General_Election_Turnout.pdf,9,no
2016,Indiana,9,US House,Monroe,18105,Monroe,Perry 04,Shelli Yoder,Trey Hollingsworth,Russell Brooksbank,486,320,41,0,847,0.57379,0.377804,0.048406,0.602978,-166,-0.205955,Democratic,112228,59847,0.53,0.533263,28894,30953,0.52,0.517202,https://www.in.gov/sos/elections/voter-information/files/2016_General_Election_Turnout.pdf,9,no
2016,Indiana,9,US House,Monroe,18105,Monroe,Perry 05,Shelli Yoder,Trey Hollingsworth,Russell Brooksbank,625,329,65,0,1019,0.613346,0.322866,0.063788,0.655136,-296,-0.310273,Democratic,112228,59847,0.53,0.533263,28894,30953,0.52,0.517202,https://www.in.gov/sos/elections/voter-information/files/2016_General_Election_Turnout.pdf,9,no
2016,Indiana,9,US House,Monroe,18105,Monroe,Perry 06,Shelli Yoder,Trey Hollingsworth,Russell Brooksbank,442,75,26,0,543,0.813996,0.138122,0.047882,0.854932,-367,-0.709865,Democratic,112228,59847,0.53,0.533263,28894,30953,0.52,0.517202,https://www.in.gov/sos/elections/voter-information/files/2016_General_Election_Turnout.pdf,9,no
2016,Indiana,9,US House,Monroe,18105,Monroe,Perry 08,Shelli Yoder,Trey Hollingsworth,Russell Brooksbank,668,57,23,0,748,0.893048,0.076203,0.030749,0.921379,-611,-0.842759,Democratic,112228,59847,0.53,0.533263,28894,30953,0.52,0.517202,https://www.in.gov/sos/elections/voter-information/files/2016_General_Election_Turnout.pdf,9,no
2016,Indiana,9,US House,Monroe,18105,Monroe,Perry 09,Shelli Yoder,Trey Hollingsworth,Russell Brooksbank,519,145,31,0,695,0.746763,0.208633,0.044604,0.781627,-374,-0.563253,Democratic,112228,59847,0.53,0.533263,28894,30953,0.52,0.517202,https://www.in.gov/sos/elections/voter-information/files/2016_General_Election_Turnout.pdf,9,no
2016,Indiana,9,US House,Monroe,18105,Monroe,Perry 10,Shelli Yoder,Trey Hollingsworth,Russell Brooksbank,474,222,20,0,716,0.662011,0.310056,0.027933,0.681034,-252,-0.362069,Democratic,112228,59847,0.53,0.533263,28894,30953,0.52,0.517202,https://www.in.gov/sos/elections/voter-information/files/2016_General_Election_Turnout.pdf,9,no
2016,Indiana,9,US House,Monroe,18105,Monroe,Perry 11,Shelli Yoder,Trey Hollingsworth,Russell Brooksbank,541,223,16,0,780,0.69359,0.285897,0.020513,0.708115,-318,-0.41623,Democratic,112228,59847,0.53,0.533263,28894,30953,0.52,0.517202,https://www.in.gov/sos/elections/voter-information/files/2016_General_Election_Turnout.pdf,9,no
2016,Indiana,9,US House,Monroe,18105,Monroe,Perry 12,Shelli Yoder,Trey Hollingsworth,Russell Brooksbank,541,218,25,0,784,0.690051,0.278061,0.031888,0.71278,-323,-0.42556,Democratic,112228,59847,0.53,0.533263,28894,30953,0.52,0.517202,https://www.in.gov/sos/elections/voter-information/files/2016_General_Election_Turnout.pdf,9,no
2016,Indiana,9,US House,Monroe,18105,Monroe,Perry 13,Shelli Yoder,Trey Hollingsworth,Russell Brooksbank,438,181,36,0,655,0.668702,0.276336,0.054962,0.707593,-257,-0.415186,Democratic,112228,59847,0.53,0.533263,28894,30953,0.52,0.517202,https://www.in.gov/sos/elections/voter-information/files/2016_General_Election_Turnout.pdf,9,no
2016,Indiana,9,US House,Monroe,18105,Monroe,Perry 14,Shelli Yoder,Trey Hollingsworth,Russell Brooksbank,601,133,23,0,757,0.793923,0.175694,0.030383,0.818801,-468,-0.637602,Democratic,112228,59847,0.53,0.533263,28894,30953,0.52,0.517202,https://www.in.gov/sos/elections/voter-information/files/2016_General_Election_Turnout.pdf,9,no
2016,Indiana,9,US House,Monroe,18105,Monroe,Perry 15,Shelli Yoder,Trey Hollingsworth,Russell Brooksbank,489,45,15,0,549,0.89071,0.081967,0.027322,0.91573,-444,-0.831461,Democratic,112228,59847,0.53,0.533263,28894,30953,0.52,0.517202,https://www.in.gov/sos/elections/voter-information/files/2016_General_Election_Turnout.pdf,9,no
2016,Indiana,9,US House,Monroe,18105,Monroe,Perry 16,Shelli Yoder,Trey Hollingsworth,Russell Brooksbank,692,71,16,0,779,0.888318,0.091142,0.020539,0.906946,-621,-0.813893,Democratic,112228,59847,0.53,0.533263,28894,30953,0.52,0.517202,https://www.in.gov/sos/elections/voter-information/files/2016_General_Election_Turnout.pdf,9,no
2016,Indiana,9,US House,Monroe,18105,Monroe,Perry 17,Shelli Yoder,Trey Hollingsworth,Russell Brooksbank,559,156,21,0,736,0.759511,0.211957,0.028533,0.781818,-403,-0.563636,Democratic,112228,59847,0.53,0.533263,28894,30953,0.52,0.517202,https://www.in.gov/sos/elections/voter-information/files/2016_General_Election_Turnout.pdf,9,no
2016,Indiana,9,US House,Monroe,18105,Monroe,Perry 18,Shelli Yoder,Trey Hollingsworth,Russell Brooksbank,643,136,35,0,814,0.789926,0.167076,0.042998,0.825417,-507,-0.650834,Democratic,112228,59847,0.53,0.533263,28894,30953,0.52,0.517202,https://www.in.gov/sos/elections/voter-information/files/2016_General_Election_Turnout.pdf,9,no
2016,Indiana,9,US House,Monroe,18105,Monroe,Perry 19,Shelli Yoder,Trey Hollingsworth,Russell Brooksbank,524,256,8,0,788,0.664975,0.324873,0.010152,0.671795,-268,-0.34359,Democratic,112228,59847,0.53,0.533263,28894,30953,0.52,0.517202,https://www.in.gov/sos/elections/voter-information/files/2016_General_Election_Turnout.pdf,9,no
2016,Indiana,9,US House,Monroe,18105,Monroe,Perry 20,Shelli Yoder,Trey Hollingsworth,Russell Brooksbank,391,96,33,0,520,0.751923,0.184615,0.063462,0.802875,-295,-0.605749,Democratic,112228,59847,0.53,0.533263,28894,30953,0.52,0.517202,https://www.in.gov/sos/elections/voter-information/files/2016_General_Election_Turnout.pdf,9,no
2016,Indiana,9,US House,Monroe,18105,Monroe,Perry 21,Shelli Yoder,Trey Hollingsworth,Russell Brooksbank,826,330,31,0,1187,0.695872,0.278012,0.026116,0.714533,-496,-0.429066,Democratic,112228,59847,0.53,0.533263,28894,30953,0.52,0.517202,https://www.in.gov/sos/elections/voter-information/files/2016_General_Election_Turnout.pdf,9,no
2016,Indiana,9,US House,Monroe,18105,Monroe,Perry 22,Shelli Yoder,Trey Hollingsworth,Russell Brooksbank,508,241,18,0,767,0.662321,0.314211,0.023468,0.678238,-267,-0.356475,Democratic,112228,59847,0.53,0.533263,28894,30953,0.52,0.517202,https://www.in.gov/sos/elections/voter-information/files/2016_General_Election_Turnout.pdf,9,no
2016,Indiana,9,US House,Monroe,18105,Monroe,Perry 23,Shelli Yoder,Trey Hollingsworth,Russell Brooksbank,583,563,29,0,1175,0.49617,0.479149,0.024681,0.508726,-20,-0.017452,Democratic,112228,59847,0.53,0.533263,28894,30953,0.52,0.517202,https://www.in.gov/sos/elections/voter-information/files/2016_General_Election_Turnout.pdf,9,no
2016,Indiana,9,US House,Monroe,18105,Monroe,Perry 24,Shelli Yoder,Trey Hollingsworth,Russell Brooksbank,434,488,41,0,963,0.450675,0.50675,0.042575,0.470716,54,0.058568,Republican,112228,59847,0.53,0.533263,28894,30953,0.52,0.517202,https://www.in.gov/sos/elections/voter-information/files/2016_General_Election_Turnout.pdf,9,no
2016,Indiana,9,US House,Monroe,18105,Monroe,Perry 25,Shelli Yoder,Trey Hollingsworth,Russell Brooksbank,348,367,52,0,767,0.453716,0.478488,0.067797,0.486713,19,0.026573,Republican,112228,59847,0.53,0.533263,28894,30953,0.52,0.517202,https://www.in.gov/sos/elections/voter-information/files/2016_General_Election_Turnout.pdf,9,no
2016,Indiana,9,US House,Monroe,18105,Monroe,Perry 26,Shelli Yoder,Trey Hollingsworth,Russell Brooksbank,541,217,21,0,779,0.69448,0.278562,0.026958,0.71372,-324,-0.427441,Democratic,112228,59847,0.53,0.533263,28894,30953,0.52,0.517202,https://www.in.gov/sos/elections/voter-information/files/2016_General_Election_Turnout.pdf,9,no
2016,Indiana,9,US House,Monroe,18105,Monroe,Perry 27,Shelli Yoder,Trey Hollingsworth,Russell Brooksbank,597,465,60,0,1122,0.532086,0.414439,0.053476,0.562147,-132,-0.124294,Democratic,112228,59847,0.53,0.533263,28894,30953,0.52,0.517202,https://www.in.gov/sos/elections/voter-information/files/2016_General_Election_Turnout.pdf,9,no
2016,Indiana,9,US House,Monroe,18105,Monroe,Perry 28,Shelli Yoder,Trey Hollingsworth,Russell Brooksbank,74,25,4,0,103,0.718447,0.242718,0.038835,0.747475,-49,-0.494949,Democratic,112228,59847,0.53,0.533263,28894,30953,0.52,0.517202,https://www.in.gov/sos/elections/voter-information/files/2016_General_Election_Turnout.pdf,9,no
2016,Indiana,9,US House,Monroe,18105,Monroe,Perry 29,Shelli Yoder,Trey Hollingsworth,Russell Brooksbank,422,141,49,0,612,0.689542,0.230392,0.080065,0.749556,-281,-0.499112,Democratic,112228,59847,0.53,0.533263,28894,30953,0.52,0.517202,https://www.in.gov/sos/elections/voter-information/files/2016_General_Election_Turnout.pdf,9,no
2016,Indiana,9,US House,Monroe,18105,Monroe,Perry 30,Shelli Yoder,Trey Hollingsworth,Russell Brooksbank,419,71,24,0,514,0.815175,0.138132,0.046693,0.855102,-348,-0.710204,Democratic,112228,59847,0.53,0.533263,28894,30953,0.52,0.517202,https://www.in.gov/sos/elections/voter-information/files/2016_General_Election_Turnout.pdf,9,no
2016,Indiana,9,US House,Monroe,18105,Monroe,Perry 31,Shelli Yoder,Trey Hollingsworth,Russell Brooksbank,615,87,31,0,733,0.839018,0.11869,0.042292,0.876068,-528,-0.752137,Democratic,112228,59847,0.53,0.533263,28894,30953,0.52,0.517202,https://www.in.gov/sos/elections/voter-information/files/2016_General_Election_Turnout.pdf,9,no
2016,Indiana,9,US House,Monroe,18105,Monroe,Perry 32,Shelli Yoder,Trey Hollingsworth,Russell Brooksbank,534,98,30,0,662,0.806647,0.148036,0.045317,0.844937,-436,-0.689873,Democratic,112228,59847,0.53,0.533263,28894,30953,0.52,0.517202,https://www.in.gov/sos/elections/voter-information/files/2016_General_Election_Turnout.pdf,9,no
2016,Indiana,9,US House,Monroe,18105,Monroe,Perry07,Shelli Yoder,Trey Hollingsworth,Russell Brooksbank,319,41,11,0,371,0.859838,0.110512,0.02965,0.886111,-278,-0.772222,Democratic,112228,59847,0.53,0.533263,28894,30953,0.52,0.517202,https://www.in.gov/sos/elections/voter-information/files/2016_General_Election_Turnout.pdf,9,no
2016,Indiana,9,US House,Monroe,18105,Monroe,Polk,Shelli Yoder,Trey Hollingsworth,Russell Brooksbank,61,64,7,0,132,0.462121,0.484848,0.05303,0.488,3,0.024,Republican,112228,59847,0.53,0.533263,28894,30953,0.52,0.517202,https://www.in.gov/sos/elections/voter-information/files/2016_General_Election_Turnout.pdf,9,no
2016,Indiana,9,US House,Monroe,18105,Monroe,Richland 01,Shelli Yoder,Trey Hollingsworth,Russell Brooksbank,397,400,55,0,852,0.465962,0.469484,0.064554,0.498118,3,0.003764,Republican,112228,59847,0.53,0.533263,28894,30953,0.52,0.517202,https://www.in.gov/sos/elections/voter-information/files/2016_General_Election_Turnout.pdf,9,no
2016,Indiana,9,US House,Monroe,18105,Monroe,Richland 02,Shelli Yoder,Trey Hollingsworth,Russell Brooksbank,304,354,51,0,709,0.428773,0.499295,0.071932,0.462006,50,0.075988,Republican,112228,59847,0.53,0.533263,28894,30953,0.52,0.517202,https://www.in.gov/sos/elections/voter-information/files/2016_General_Election_Turnout.pdf,9,no
2016,Indiana,9,US House,Monroe,18105,Monroe,Richland 03,Shelli Yoder,Trey Hollingsworth,Russell Brooksbank,215,307,38,0,560,0.383929,0.548214,0.067857,0.411877,92,0.176245,Republican,112228,59847,0.53,0.533263,28894,30953,0.52,0.517202,https://www.in.gov/sos/elections/voter-information/files/2016_General_Election_Turnout.pdf,9,no
2016,Indiana,9,US House,Monroe,18105,Monroe,Richland 04,Shelli Yoder,Trey Hollingsworth,Russell Brooksbank,468,502,62,0,1032,0.453488,0.486434,0.060078,0.482474,34,0.035052,Republican,112228,59847,0.53,0.533263,28894,30953,0.52,0.517202,https://www.in.gov/sos/elections/voter-information/files/2016_General_Election_Turnout.pdf,9,no
2016,Indiana,9,US House,Monroe,18105,Monroe,Richland 05,Shelli Yoder,Trey Hollingsworth,Russell Brooksbank,296,361,46,0,703,0.421053,0.513514,0.065434,0.450533,65,0.098935,Republican,112228,59847,0.53,0.533263,28894,30953,0.52,0.517202,https://www.in.gov/sos/elections/voter-information/files/2016_General_Election_Turnout.pdf,9,no
2016,Indiana,9,US House,Monroe,18105,Monroe,Richland 06,Shelli Yoder,Trey Hollingsworth,Russell Brooksbank,241,438,39,0,718,0.335655,0.610028,0.054318,0.354934,197,0.290133,Republican,112228,59847,0.53,0.533263,28894,30953,0.52,0.517202,https://www.in.gov/sos/elections/voter-information/files/2016_General_Election_Turnout.pdf,9,no
2016,Indiana,9,US House,Monroe,18105,Monroe,Richland 07,Shelli Yoder,Trey Hollingsworth,Russell Brooksbank,519,459,36,0,1014,0.511834,0.452663,0.035503,0.530675,-60,-0.06135,Democratic,112228,59847,0.53,0.533263,28894,30953,0.52,0.517202,https://www.in.gov/sos/elections/voter-information/files/2016_General_Election_Turnout.pdf,9,no
2016,Indiana,9,US House,Monroe,18105,Monroe,Richland 08,Shelli Yoder,Trey Hollingsworth,Russell Brooksbank,445,497,80,0,1022,0.435421,0.486301,0.078278,0.472399,52,0.055202,Republican,112228,59847,0.53,0.533263,28894,30953,0.52,0.517202,https://www.in.gov/sos/elections/voter-information/files/2016_General_Election_Turnout.pdf,9,no
2016,Indiana,9,US House,Monroe,18105,Monroe,Richland 09,Shelli Yoder,Trey Hollingsworth,Russell Brooksbank,1,1,0,0,2,0.5,0.5,0.0,0.5,0,0.0,Tie,112228,59847,0.53,0.533263,28894,30953,0.52,0.517202,https://www.in.gov/sos/elections/voter-information/files/2016_General_Election_Turnout.pdf,9,no
2016,Indiana,9,US House,Monroe,18105,Monroe,Salt Creek,Shelli Yoder,Trey Hollingsworth,Russell Brooksbank,594,293,45,0,932,0.637339,0.314378,0.048283,0.669673,-301,-0.339346,Democratic,112228,59847,0.53,0.533263,28894,30953,0.52,0.517202,https://www.in.gov/sos/elections/voter-information/files/2016_General_Election_Turnout.pdf,9,no
2016,Indiana,9,US House,Monroe,18105,Monroe,Van Buren 01,Shelli Yoder,Trey Hollingsworth,Russell Brooksbank,636,553,80,0,1269,0.501182,0.435776,0.063042,0.534903,-83,-0.069807,Democratic,112228,59847,0.53,0.533263,28894,30953,0.52,0.517202,https://www.in.gov/sos/elections/voter-information/files/2016_General_Election_Turnout.pdf,9,no
2016,Indiana,9,US House,Monroe,18105,Monroe,Van Buren 02,Shelli Yoder,Trey Hollingsworth,Russell Brooksbank,288,210,37,0,535,0.538318,0.392523,0.069159,0.578313,-78,-0.156627,Democratic,112228,59847,0.53,0.533263,28894,30953,0.52,0.517202,https://www.in.gov/sos/elections/voter-information/files/2016_General_Election_Turnout.pdf,9,no
2016,Indiana,9,US House,Monroe,18105,Monroe,Van Buren 03,Shelli Yoder,Trey Hollingsworth,Russell Brooksbank,508,386,70,0,964,0.526971,0.400415,0.072614,0.568233,-122,-0.136465,Democratic,112228,59847,0.53,0.533263,28894,30953,0.52,0.517202,https://www.in.gov/sos/elections/voter-information/files/2016_General_Election_Turnout.pdf,9,no
2016,Indiana,9,US House,Monroe,18105,Monroe,Van Buren 04,Shelli Yoder,Trey Hollingsworth,Russell Brooksbank,337,510,40,0,887,0.379932,0.574972,0.045096,0.397875,173,0.20425,Republican,112228,59847,0.53,0.533263,28894,30953,0.52,0.517202,https://www.in.gov/sos/elections/voter-information/files/2016_General_Election_Turnout.pdf,9,no
2016,Indiana,9,US House,Monroe,18105,Monroe,Van Buren 05,Shelli Yoder,Trey Hollingsworth,Russell Brooksbank,325,432,42,0,799,0.406758,0.540676,0.052566,0.429326,107,0.141347,Republican,112228,59847,0.53,0.533263,28894,30953,0.52,0.517202,https://www.in.gov/sos/elections/voter-information/files/2016_General_Election_Turnout.pdf,9,no
2016,Indiana,9,US House,Monroe,18105,Monroe,Van Buren 06,Shelli Yoder,Trey Hollingsworth,Russell Brooksbank,463,422,61,0,946,0.489429,0.446089,0.064482,0.523164,-41,-0.046328,Democratic,112228,59847,0.53,0.533263,28894,30953,0.52,0.517202,https://www.in.gov/sos/elections/voter-information/files/2016_General_Election_Turnout.pdf,9,no
2016,Indiana,9,US House,Monroe,18105,Monroe,Washington,Shelli Yoder,Trey Hollingsworth,Russell Brooksbank,501,547,48,0,1096,0.457117,0.499088,0.043796,0.478053,46,0.043893,Republican,112228,59847,0.53,0.533263,28894,30953,0.52,0.517202,https://www.in.gov/sos/elections/voter-information/files/2016_General_Election_Turnout.pdf,9,no
2016,Indiana,9,US House,Monroe,18105,Monroe,ZZ Federal,Shelli Yoder,Trey Hollingsworth,Russell Brooksbank,218,13,3,0,234,0.931624,0.055556,0.012821,0.943723,-205,-0.887446,Democratic,112228,59847,0.53,0.533263,28894,30953,0.52,0.517202,https://www.in.gov/sos/elections/voter-information/files/2016_General_Election_Turnout.pdf,9,no
2016,Indiana,9,US House,Morgan,18109,Morgan,03-Ashland 2,Shelli Yoder,Trey Hollingsworth,Russell Brooksbank,58,233,31,0,322,0.180124,0.723602,0.096273,0.199313,175,0.601375,Republican,51542,31898,0.62,0.618874,15970,15928,0.5,0.499342,https://www.in.gov/sos/elections/voter-information/files/2016_General_Election_Turnout.pdf,4;9,yes
2016,Indiana,9,US House,Morgan,18109,Morgan,04-Baker,Shelli Yoder,Trey Hollingsworth,Russell Brooksbank,79,256,19,0,354,0.223164,0.723164,0.053672,0.235821,177,0.528358,Republican,51542,31898,0.62,0.618874,15970,15928,0.5,0.499342,https://www.in.gov/sos/elections/voter-information/files/2016_General_Election_Turnout.pdf,4;9,yes
2016,Indiana,9,US House,Morgan,18109,Morgan,16-Clay 1,Shelli Yoder,Trey Hollingsworth,Russell Brooksbank,140,436,50,0,626,0.223642,0.696486,0.079872,0.243056,296,0.513889,Republican,51542,31898,0.62,0.618874,15970,15928,0.5,0.499342,https://www.in.gov/sos/elections/voter-information/files/2016_General_Election_Turnout.pdf,4;9,yes
2016,Indiana,9,US House,Morgan,18109,Morgan,17-Clay 2,Shelli Yoder,Trey Hollingsworth,Russell Brooksbank,137,376,46,0,559,0.245081,0.67263,0.08229,0.267057,239,0.465887,Republican,51542,31898,0.62,0.618874,15970,15928,0.5,0.499342,https://www.in.gov/sos/elections/voter-information/files/2016_General_Election_Turnout.pdf,4;9,yes
2016,Indiana,9,US House,Morgan,18109,Morgan,18-Clay 3,Shelli Yoder,Trey Hollingsworth,Russell Brooksbank,152,370,45,0,567,0.268078,0.652557,0.079365,0.291188,218,0.417625,Republican,51542,31898,0.62,0.618874,15970,15928,0.5,0.499342,https://www.in.gov/sos/elections/voter-information/files/2016_General_Election_Turnout.pdf,4;9,yes
2016,Indiana,9,US House,Morgan,18109,Morgan,19-Green 1,Shelli Yoder,Trey Hollingsworth,Russell Brooksbank,209,561,44,0,814,0.256757,0.689189,0.054054,0.271429,352,0.457143,Republican,51542,31898,0.62,0.618874,15970,15928,0.5,0.499342,https://www.in.gov/sos/elections/voter-information/files/2016_General_Election_Turnout.pdf,4;9,yes
2016,Indiana,9,US House,Morgan,18109,Morgan,20-Green 2,Shelli Yoder,Trey Hollingsworth,Russell Brooksbank,224,636,58,0,918,0.244009,0.69281,0.063181,0.260465,412,0.47907,Republican,51542,31898,0.62,0.618874,15970,15928,0.5,0.499342,https://www.in.gov/sos/elections/voter-information/files/2016_General_Election_Turnout.pdf,4;9,yes
2016,Indiana,9,US House,Morgan,18109,Morgan,23-Harrison,Shelli Yoder,Trey Hollingsworth,Russell Brooksbank,190,530,41,0,761,0.249671,0.696452,0.053876,0.263889,340,0.472222,Republican,51542,31898,0.62,0.618874,15970,15928,0.5,0.499342,https://www.in.gov/sos/elections/voter-information/files/2016_General_Election_Turnout.pdf,4;9,yes
2016,Indiana,9,US House,Morgan,18109,Morgan,24-Jackson 1,Shelli Yoder,Trey Hollingsworth,Russell Brooksbank,137,445,26,0,608,0.225329,0.731908,0.042763,0.235395,308,0.52921,Republican,51542,31898,0.62,0.618874,15970,15928,0.5,0.499342,https://www.in.gov/sos/elections/voter-information/files/2016_General_Election_Turnout.pdf,4;9,yes
2016,Indiana,9,US House,Morgan,18109,Morgan,25-Jackson 2,Shelli Yoder,Trey Hollingsworth,Russell Brooksbank,142,527,35,0,704,0.201705,0.74858,0.049716,0.212257,385,0.575486,Republican,51542,31898,0.62,0.618874,15970,15928,0.5,0.499342,https://www.in.gov/sos/elections/voter-information/files/2016_General_Election_Turnout.pdf,4;9,yes
2016,Indiana,9,US House,Morgan,18109,Morgan,26-Jackson 3,Shelli Yoder,Trey Hollingsworth,Russell Brooksbank,102,274,23,0,399,0.255639,0.686717,0.057644,0.271277,172,0.457447,Republican,51542,31898,0.62,0.618874,15970,15928,0.5,0.499342,https://www.in.gov/sos/elections/voter-information/files/2016_General_Election_Turnout.pdf,4;9,yes
2016,Indiana,9,US House,Morgan,18109,Morgan,27-Jefferson 1,Shelli Yoder,Trey Hollingsworth,Russell Brooksbank,143,340,41,0,524,0.272901,0.648855,0.078244,0.296066,197,0.407867,Republican,51542,31898,0.62,0.618874,15970,15928,0.5,0.499342,https://www.in.gov/sos/elections/voter-information/files/2016_General_Election_Turnout.pdf,4;9,yes
2016,Indiana,9,US House,Morgan,18109,Morgan,28-Jefferson 2,Shelli Yoder,Trey Hollingsworth,Russell Brooksbank,133,353,25,0,511,0.260274,0.690802,0.048924,0.273663,220,0.452675,Republican,51542,31898,0.62,0.618874,15970,15928,0.5,0.499342,https://www.in.gov/sos/elections/voter-information/files/2016_General_Election_Turnout.pdf,4;9,yes
2016,Indiana,9,US House,Morgan,18109,Morgan,29-Jefferson 3,Shelli Yoder,Trey Hollingsworth,Russell Brooksbank,145,373,39,0,557,0.260323,0.669659,0.070018,0.279923,228,0.440154,Republican,51542,31898,0.62,0.618874,15970,15928,0.5,0.499342,https://www.in.gov/sos/elections/voter-information/files/2016_General_Election_Turnout.pdf,4;9,yes
2016,Indiana,9,US House,Morgan,18109,Morgan,30-Madison 1,Shelli Yoder,Trey Hollingsworth,Russell Brooksbank,207,586,49,0,842,0.245843,0.695962,0.058195,0.261034,379,0.477932,Republican,51542,31898,0.62,0.618874,15970,15928,0.5,0.499342,https://www.in.gov/sos/elections/voter-information/files/2016_General_Election_Turnout.pdf,4;9,yes
2016,Indiana,9,US House,Morgan,18109,Morgan,31-Madison 2,Shelli Yoder,Trey Hollingsworth,Russell Brooksbank,185,602,44,0,831,0.222623,0.724428,0.052948,0.23507,417,0.52986,Republican,51542,31898,0.62,0.618874,15970,15928,0.5,0.499342,https://www.in.gov/sos/elections/voter-information/files/2016_General_Election_Turnout.pdf,4;9,yes
2016,Indiana,9,US House,Morgan,18109,Morgan,32-Madison 3,Shelli Yoder,Trey Hollingsworth,Russell Brooksbank,180,475,36,0,691,0.260492,0.68741,0.052098,0.274809,295,0.450382,Republican,51542,31898,0.62,0.618874,15970,15928,0.5,0.499342,https://www.in.gov/sos/elections/voter-information/files/2016_General_Election_Turnout.pdf,4;9,yes
2016,Indiana,9,US House,Morgan,18109,Morgan,33-Madison 4,Shelli Yoder,Trey Hollingsworth,Russell Brooksbank,206,526,46,0,778,0.264781,0.676093,0.059126,0.281421,320,0.437158,Republican,51542,31898,0.62,0.618874,15970,15928,0.5,0.499342,https://www.in.gov/sos/elections/voter-information/files/2016_General_Election_Turnout.pdf,4;9,yes
2016,Indiana,9,US House,Morgan,18109,Morgan,34-Madison 5,Shelli Yoder,Trey Hollingsworth,Russell Brooksbank,123,327,33,0,483,0.254658,0.677019,0.068323,0.273333,204,0.453333,Republican,51542,31898,0.62,0.618874,15970,15928,0.5,0.499342,https://www.in.gov/sos/elections/voter-information/files/2016_General_Election_Turnout.pdf,4;9,yes
2016,Indiana,9,US House,Morgan,18109,Morgan,35-Madison 6,Shelli Yoder,Trey Hollingsworth,Russell Brooksbank,266,529,64,0,859,0.309662,0.615832,0.074505,0.334591,263,0.330818,Republican,51542,31898,0.62,0.618874,15970,15928,0.5,0.499342,https://www.in.gov/sos/elections/voter-information/files/2016_General_Election_Turnout.pdf,4;9,yes
2016,Indiana,9,US House,Morgan,18109,Morgan,39-Ray 1,Shelli Yoder,Trey Hollingsworth,Russell Brooksbank,67,248,19,0,334,0.200599,0.742515,0.056886,0.212698,181,0.574603,Republican,51542,31898,0.62,0.618874,15970,15928,0.5,0.499342,https://www.in.gov/sos/elections/voter-information/files/2016_General_Election_Turnout.pdf,4;9,yes
2016,Indiana,9,US House,Morgan,18109,Morgan,40-Ray,Shelli Yoder,Trey Hollingsworth,Russell Brooksbank,50,217,17,0,284,0.176056,0.764085,0.059859,0.187266,167,0.625468,Republican,51542,31898,0.62,0.618874,15970,15928,0.5,0.499342,https://www.in.gov/sos/elections/voter-information/files/2016_General_Election_Turnout.pdf,4;9,yes
2016,Indiana,9,US House,Morgan,18109,Morgan,41-Washington 1,Shelli Yoder,Trey Hollingsworth,Russell Brooksbank,94,295,31,0,420,0.22381,0.702381,0.07381,0.241645,201,0.51671,Republican,51542,31898,0.62,0.618874,15970,15928,0.5,0.499342,https://www.in.gov/sos/elections/voter-information/files/2016_General_Election_Turnout.pdf,4;9,yes
2016,Indiana,9,US House,Morgan,18109,Morgan,42-Washington 2,Shelli Yoder,Trey Hollingsworth,Russell Brooksbank,121,435,30,0,586,0.206485,0.742321,0.051195,0.217626,314,0.564748,Republican,51542,31898,0.62,0.618874,15970,15928,0.5,0.499342,https://www.in.gov/sos/elections/voter-information/files/2016_General_Election_Turnout.pdf,4;9,yes
2016,Indiana,9,US House,Morgan,18109,Morgan,43-Washington 3,Shelli Yoder,Trey Hollingsworth,Russell Brooksbank,70,180,21,0,271,0.258303,0.664207,0.077491,0.28,110,0.44,Republican,51542,31898,0.62,0.618874,15970,15928,0.5,0.499342,https://www.in.gov/sos/elections/voter-information/files/2016_General_Election_Turnout.pdf,4;9,yes
2016,Indiana,9,US House,Morgan,18109,Morgan,44-Washington 4,Shelli Yoder,Trey Hollingsworth,Russell Brooksbank,116,281,34,0,431,0.269142,0.651972,0.078886,0.292191,165,0.415617,Republican,51542,31898,0.62,0.618874,15970,15928,0.5,0.499342,https://www.in.gov/sos/elections/voter-information/files/2016_General_Election_Turnout.pdf,4;9,yes
2016,Indiana,9,US House,Morgan,18109,Morgan,45-Washington 5,Shelli Yoder,Trey Hollingsworth,Russell Brooksbank,102,340,27,0,469,0.217484,0.724947,0.057569,0.230769,238,0.538462,Republican,51542,31898,0.62,0.618874,15970,15928,0.5,0.499342,https://www.in.gov/sos/elections/voter-information/files/2016_General_Election_Turnout.pdf,4;9,yes
2016,Indiana,9,US House,Morgan,18109,Morgan,46-Washington 6,Shelli Yoder,Trey Hollingsworth,Russell Brooksbank,142,367,44,0,553,0.256781,0.663653,0.079566,0.278978,225,0.442043,Republican,51542,31898,0.62,0.618874,15970,15928,0.5,0.499342,https://www.in.gov/sos/elections/voter-information/files/2016_General_Election_Turnout.pdf,4;9,yes
2016,Indiana,9,US House,Morgan,18109,Morgan,47-Washington 7,Shelli Yoder,Trey Hollingsworth,Russell Brooksbank,174,455,37,0,666,0.261261,0.683183,0.055556,0.27663,281,0.446741,Republican,51542,31898,0.62,0.618874,15970,15928,0.5,0.499342,https://www.in.gov/sos/elections/voter-information/files/2016_General_Election_Turnout.pdf,4;9,yes
2016,Indiana,9,US House,Morgan,18109,Morgan,48-Washington 8,Shelli Yoder,Trey Hollingsworth,Russell Brooksbank,201,557,44,0,802,0.250623,0.694514,0.054863,0.265172,356,0.469657,Republican,51542,31898,0.62,0.618874,15970,15928,0.5,0.499342,https://www.in.gov/sos/elections/voter-information/files/2016_General_Election_Turnout.pdf,4;9,yes
2016,Indiana,9,US House,Morgan,18109,Morgan,49-Washington 9,Shelli Yoder,Trey Hollingsworth,Russell Brooksbank,152,389,17,0,558,0.272401,0.697133,0.030466,0.280961,237,0.438078,Republican,51542,31898,0.62,0.618874,15970,15928,0.5,0.499342,https://www.in.gov/sos/elections/voter-information/files/2016_General_Election_Turnout.pdf,4;9,yes
2016,Indiana,9,US House,Morgan,18109,Morgan,50-Washington 10,Shelli Yoder,Trey Hollingsworth,Russell Brooksbank,122,289,24,0,435,0.28046,0.664368,0.055172,0.296837,167,0.406326,Republican,51542,31898,0.62,0.618874,15970,15928,0.5,0.499342,https://www.in.gov/sos/elections/voter-information/files/2016_General_Election_Turnout.pdf,4;9,yes
2016,Indiana,9,US House,Morgan,18109,Morgan,51-Washington 11,Shelli Yoder,Trey Hollingsworth,Russell Brooksbank,156,365,31,0,552,0.282609,0.661232,0.056159,0.299424,209,0.401152,Republican,51542,31898,0.62,0.618874,15970,15928,0.5,0.499342,https://www.in.gov/sos/elections/voter-information/files/2016_General_Election_Turnout.pdf,4;9,yes
2016,Indiana,9,US House,Morgan,18109,Morgan,52-Washington 12,Shelli Yoder,Trey Hollingsworth,Russell Brooksbank,119,306,28,0,453,0.262693,0.675497,0.06181,0.28,187,0.44,Republican,51542,31898,0.62,0.618874,15970,15928,0.5,0.499342,https://www.in.gov/sos/elections/voter-information/files/2016_General_Election_Turnout.pdf,4;9,yes
2016,Indiana,9,US House,Morgan,18109,Morgan,53-Washington 13,Shelli Yoder,Trey Hollingsworth,Russell Brooksbank,138,348,23,0,509,0.27112,0.683694,0.045187,0.283951,210,0.432099,Republican,51542,31898,0.62,0.618874,15970,15928,0.5,0.499342,https://www.in.gov/sos/elections/voter-information/files/2016_General_Election_Turnout.pdf,4;9,yes
2016,Indiana,9,US House,Morgan,18109,Morgan,54-Washington 14,Shelli Yoder,Trey Hollingsworth,Russell Brooksbank,158,403,31,0,592,0.266892,0.680743,0.052365,0.28164,245,0.43672,Republican,51542,31898,0.62,0.618874,15970,15928,0.5,0.499342,https://www.in.gov/sos/elections/voter-information/files/2016_General_Election_Turnout.pdf,4;9,yes
2016,Indiana,9,US House,Orange,18117,Orange,01-French Lick 1,Shelli Yoder,Trey Hollingsworth,Russell Brooksbank,95,103,14,0,212,0.448113,0.485849,0.066038,0.479798,8,0.040404,Republican,15736,8473,0.54,0.538447,6640,1833,0.22,0.216334,https://www.in.gov/sos/elections/voter-information/files/2016_General_Election_Turnout.pdf,9,no
2016,Indiana,9,US House,Orange,18117,Orange,02-FLE West Baden,Shelli Yoder,Trey Hollingsworth,Russell Brooksbank,176,247,25,0,448,0.392857,0.551339,0.055804,0.416076,71,0.167849,Republican,15736,8473,0.54,0.538447,6640,1833,0.22,0.216334,https://www.in.gov/sos/elections/voter-information/files/2016_General_Election_Turnout.pdf,9,no
2016,Indiana,9,US House,Orange,18117,Orange,03-French Lick N,Shelli Yoder,Trey Hollingsworth,Russell Brooksbank,140,261,21,0,422,0.331754,0.618483,0.049763,0.349127,121,0.301746,Republican,15736,8473,0.54,0.538447,6640,1833,0.22,0.216334,https://www.in.gov/sos/elections/voter-information/files/2016_General_Election_Turnout.pdf,9,no
2016,Indiana,9,US House,Orange,18117,Orange,04-French Lick S,Shelli Yoder,Trey Hollingsworth,Russell Brooksbank,176,214,22,0,412,0.427184,0.519417,0.053398,0.451282,38,0.097436,Republican,15736,8473,0.54,0.538447,6640,1833,0.22,0.216334,https://www.in.gov/sos/elections/voter-information/files/2016_General_Election_Turnout.pdf,9,no
2016,Indiana,9,US House,Orange,18117,Orange,05-French Lick W,Shelli Yoder,Trey Hollingsworth,Russell Brooksbank,132,190,21,0,343,0.38484,0.553936,0.061224,0.409938,58,0.180124,Republican,15736,8473,0.54,0.538447,6640,1833,0.22,0.216334,https://www.in.gov/sos/elections/voter-information/files/2016_General_Election_Turnout.pdf,9,no
2016,Indiana,9,US House,Orange,18117,Orange,06-FLW-West Baden,Shelli Yoder,Trey Hollingsworth,Russell Brooksbank,61,87,10,0,158,0.386076,0.550633,0.063291,0.412162,26,0.175676,Republican,15736,8473,0.54,0.538447,6640,1833,0.22,0.216334,https://www.in.gov/sos/elections/voter-information/files/2016_General_Election_Turnout.pdf,9,no
2016,Indiana,9,US House,Orange,18117,Orange,07-Greenfield,Shelli Yoder,Trey Hollingsworth,Russell Brooksbank,110,188,13,0,311,0.353698,0.604502,0.041801,0.369128,78,0.261745,Republican,15736,8473,0.54,0.538447,6640,1833,0.22,0.216334,https://www.in.gov/sos/elections/voter-information/files/2016_General_Election_Turnout.pdf,9,no
2016,Indiana,9,US House,Orange,18117,Orange,08-Jackson,Shelli Yoder,Trey Hollingsworth,Russell Brooksbank,143,217,20,0,380,0.376316,0.571053,0.052632,0.397222,74,0.205556,Republican,15736,8473,0.54,0.538447,6640,1833,0.22,0.216334,https://www.in.gov/sos/elections/voter-information/files/2016_General_Election_Turnout.pdf,9,no
2016,Indiana,9,US House,Orange,18117,Orange,09-Northeast Only,Shelli Yoder,Trey Hollingsworth,Russell Brooksbank,73,172,17,0,262,0.278626,0.656489,0.064885,0.297959,99,0.404082,Republican,15736,8473,0.54,0.538447,6640,1833,0.22,0.216334,https://www.in.gov/sos/elections/voter-information/files/2016_General_Election_Turnout.pdf,9,no
2016,Indiana,9,US House,Orange,18117,Orange,10-Northwest Only,Shelli Yoder,Trey Hollingsworth,Russell Brooksbank,52,90,6,0,148,0.351351,0.608108,0.040541,0.366197,38,0.267606,Republican,15736,8473,0.54,0.538447,6640,1833,0.22,0.216334,https://www.in.gov/sos/elections/voter-information/files/2016_General_Election_Turnout.pdf,9,no
2016,Indiana,9,US House,Orange,18117,Orange,11-Orangeville,Shelli Yoder,Trey Hollingsworth,Russell Brooksbank,96,192,17,0,305,0.314754,0.629508,0.055738,0.333333,96,0.333333,Republican,15736,8473,0.54,0.538447,6640,1833,0.22,0.216334,https://www.in.gov/sos/elections/voter-information/files/2016_General_Election_Turnout.pdf,9,no
2016,Indiana,9,US House,Orange,18117,Orange,12-Orleans E,Shelli Yoder,Trey Hollingsworth,Russell Brooksbank,153,295,14,0,462,0.331169,0.638528,0.030303,0.341518,142,0.316964,Republican,15736,8473,0.54,0.538447,6640,1833,0.22,0.216334,https://www.in.gov/sos/elections/voter-information/files/2016_General_Election_Turnout.pdf,9,no
2016,Indiana,9,US House,Orange,18117,Orange,13-Orleans NW,Shelli Yoder,Trey Hollingsworth,Russell Brooksbank,140,280,20,0,440,0.318182,0.636364,0.045455,0.333333,140,0.333333,Republican,15736,8473,0.54,0.538447,6640,1833,0.22,0.216334,https://www.in.gov/sos/elections/voter-information/files/2016_General_Election_Turnout.pdf,9,no
2016,Indiana,9,US House,Orange,18117,Orange,14-Orleans SW,Shelli Yoder,Trey Hollingsworth,Russell Brooksbank,194,328,24,0,546,0.355311,0.600733,0.043956,0.371648,134,0.256705,Republican,15736,8473,0.54,0.538447,6640,1833,0.22,0.216334,https://www.in.gov/sos/elections/voter-information/files/2016_General_Election_Turnout.pdf,9,no
2016,Indiana,9,US House,Orange,18117,Orange,15-Paoli N,Shelli Yoder,Trey Hollingsworth,Russell Brooksbank,59,70,17,0,146,0.40411,0.479452,0.116438,0.457364,11,0.085271,Republican,15736,8473,0.54,0.538447,6640,1833,0.22,0.216334,https://www.in.gov/sos/elections/voter-information/files/2016_General_Election_Turnout.pdf,9,no
2016,Indiana,9,US House,Orange,18117,Orange,16-Paoli NE,Shelli Yoder,Trey Hollingsworth,Russell Brooksbank,162,246,29,0,437,0.370709,0.562929,0.066362,0.397059,84,0.205882,Republican,15736,8473,0.54,0.538447,6640,1833,0.22,0.216334,https://www.in.gov/sos/elections/voter-information/files/2016_General_Election_Turnout.pdf,9,no
2016,Indiana,9,US House,Orange,18117,Orange,17-Paoli NW,Shelli Yoder,Trey Hollingsworth,Russell Brooksbank,207,300,23,0,530,0.390566,0.566038,0.043396,0.408284,93,0.183432,Republican,15736,8473,0.54,0.538447,6640,1833,0.22,0.216334,https://www.in.gov/sos/elections/voter-information/files/2016_General_Election_Turnout.pdf,9,no
2016,Indiana,9,US House,Orange,18117,Orange,18-Paoli S,Shelli Yoder,Trey Hollingsworth,Russell Brooksbank,48,64,12,0,124,0.387097,0.516129,0.096774,0.428571,16,0.142857,Republican,15736,8473,0.54,0.538447,6640,1833,0.22,0.216334,https://www.in.gov/sos/elections/voter-information/files/2016_General_Election_Turnout.pdf,9,no
2016,Indiana,9,US House,Orange,18117,Orange,19-Paoli SE,Shelli Yoder,Trey Hollingsworth,Russell Brooksbank,241,349,24,0,614,0.392508,0.568404,0.039088,0.408475,108,0.183051,Republican,15736,8473,0.54,0.538447,6640,1833,0.22,0.216334,https://www.in.gov/sos/elections/voter-information/files/2016_General_Election_Turnout.pdf,9,no
2016,Indiana,9,US House,Orange,18117,Orange,20-Paoli SW,Shelli Yoder,Trey Hollingsworth,Russell Brooksbank,210,264,23,0,497,0.422535,0.531187,0.046278,0.443038,54,0.113924,Republican,15736,8473,0.54,0.538447,6640,1833,0.22,0.216334,https://www.in.gov/sos/elections/voter-information/files/2016_General_Election_Turnout.pdf,9,no
2016,Indiana,9,US House,Orange,18117,Orange,21-Southeast Only,Shelli Yoder,Trey Hollingsworth,Russell Brooksbank,226,372,20,0,618,0.365696,0.601942,0.032362,0.377926,146,0.244147,Republican,15736,8473,0.54,0.538447,6640,1833,0.22,0.216334,https://www.in.gov/sos/elections/voter-information/files/2016_General_Election_Turnout.pdf,9,no
2016,Indiana,9,US House,Orange,18117,Orange,22-Stampers Ck,Shelli Yoder,Trey Hollingsworth,Russell Brooksbank,113,204,8,0,325,0.347692,0.627692,0.024615,0.356467,91,0.287066,Republican,15736,8473,0.54,0.538447,6640,1833,0.22,0.216334,https://www.in.gov/sos/elections/voter-information/files/2016_General_Election_Turnout.pdf,9,no
2016,Indiana,9,US House,Scott,18143,Scott,01-Finley,Shelli Yoder,Trey Hollingsworth,Russell Brooksbank,272,428,31,0,731,0.372093,0.585499,0.042408,0.388571,156,0.222857,Republican,19757,9268,0.47,0.4691,7043,2225,0.24,0.240073,https://www.in.gov/sos/elections/voter-information/files/2016_General_Election_Turnout.pdf,6;9,yes
2016,Indiana,9,US House,Scott,18143,Scott,10-Lexington 3,Shelli Yoder,Trey Hollingsworth,Russell Brooksbank,43,56,8,0,107,0.401869,0.523364,0.074766,0.434343,13,0.131313,Republican,19757,9268,0.47,0.4691,7043,2225,0.24,0.240073,https://www.in.gov/sos/elections/voter-information/files/2016_General_Election_Turnout.pdf,6;9,yes
2016,Indiana,9,US House,Scott,18143,Scott,11-Vienna 1,Shelli Yoder,Trey Hollingsworth,Russell Brooksbank,327,468,38,0,833,0.392557,0.561825,0.045618,0.411321,141,0.177358,Republican,19757,9268,0.47,0.4691,7043,2225,0.24,0.240073,https://www.in.gov/sos/elections/voter-information/files/2016_General_Election_Turnout.pdf,6;9,yes
2016,Indiana,9,US House,Scott,18143,Scott,12-Vienna 2,Shelli Yoder,Trey Hollingsworth,Russell Brooksbank,260,273,20,0,553,0.470163,0.493671,0.036166,0.487805,13,0.02439,Republican,19757,9268,0.47,0.4691,7043,2225,0.24,0.240073,https://www.in.gov/sos/elections/voter-information/files/2016_General_Election_Turnout.pdf,6;9,yes
2016,Indiana,9,US House,Scott,18143,Scott,13-Vienna 3,Shelli Yoder,Trey Hollingsworth,Russell Brooksbank,212,235,29,0,476,0.445378,0.493697,0.060924,0.474273,23,0.051454,Republican,19757,9268,0.47,0.4691,7043,2225,0.24,0.240073,https://www.in.gov/sos/elections/voter-information/files/2016_General_Election_Turnout.pdf,6;9,yes
2016,Indiana,9,US House,Scott,18143,Scott,14-Vienna 4,Shelli Yoder,Trey Hollingsworth,Russell Brooksbank,322,294,35,0,651,0.494624,0.451613,0.053763,0.522727,-28,-0.045455,Democratic,19757,9268,0.47,0.4691,7043,2225,0.24,0.240073,https://www.in.gov/sos/elections/voter-information/files/2016_General_Election_Turnout.pdf,6;9,yes
2016,Indiana,9,US House,Scott,18143,Scott,15-Vienna 5,Shelli Yoder,Trey Hollingsworth,Russell Brooksbank,342,380,33,0,755,0.45298,0.503311,0.043709,0.473684,38,0.052632,Republican,19757,9268,0.47,0.4691,7043,2225,0.24,0.240073,https://www.in.gov/sos/elections/voter-information/files/2016_General_Election_Turnout.pdf,6;9,yes
2016,Indiana,9,US House,Washington,18175,Washington,BROWN,Shelli Yoder,Trey Hollingsworth,Russell Brooksbank,161,261,37,0,459,0.350763,0.568627,0.08061,0.381517,100,0.236967,Republican,19986,11578,0.58,0.579306,9375,2203,0.19,0.190275,https://www.in.gov/sos/elections/voter-information/files/2016_General_Election_Turnout.pdf,9,no
2016,Indiana,9,US House,Washington,18175,Washington,FRANKLIN,Shelli Yoder,Trey Hollingsworth,Russell Brooksbank,224,548,55,0,827,0.270859,0.662636,0.066505,0.290155,324,0.419689,Republican,19986,11578,0.58,0.579306,9375,2203,0.19,0.190275,https://www.in.gov/sos/elections/voter-information/files/2016_General_Election_Turnout.pdf,9,no
2016,Indiana,9,US House,Washington,18175,Washington,GIBSON,Shelli Yoder,Trey Hollingsworth,Russell Brooksbank,203,239,18,0,460,0.441304,0.519565,0.03913,0.459276,36,0.081448,Republican,19986,11578,0.58,0.579306,9375,2203,0.19,0.190275,https://www.in.gov/sos/elections/voter-information/files/2016_General_Election_Turnout.pdf,9,no
2016,Indiana,9,US House,Washington,18175,Washington,HOWARD,Shelli Yoder,Trey Hollingsworth,Russell Brooksbank,148,273,42,0,463,0.319654,0.589633,0.090713,0.351544,125,0.296912,Republican,19986,11578,0.58,0.579306,9375,2203,0.19,0.190275,https://www.in.gov/sos/elections/voter-information/files/2016_General_Election_Turnout.pdf,9,no
2016,Indiana,9,US House,Washington,18175,Washington,JACKSON,Shelli Yoder,Trey Hollingsworth,Russell Brooksbank,272,541,60,0,873,0.311569,0.619702,0.068729,0.334563,269,0.330873,Republican,19986,11578,0.58,0.579306,9375,2203,0.19,0.190275,https://www.in.gov/sos/elections/voter-information/files/2016_General_Election_Turnout.pdf,9,no
2016,Indiana,9,US House,Washington,18175,Washington,JEFFERSON,Shelli Yoder,Trey Hollingsworth,Russell Brooksbank,89,225,25,0,339,0.262537,0.663717,0.073746,0.283439,136,0.433121,Republican,19986,11578,0.58,0.579306,9375,2203,0.19,0.190275,https://www.in.gov/sos/elections/voter-information/files/2016_General_Election_Turnout.pdf,9,no
2016,Indiana,9,US House,Washington,18175,Washington,MADISON,Shelli Yoder,Trey Hollingsworth,Russell Brooksbank,86,124,17,0,227,0.378855,0.546256,0.07489,0.409524,38,0.180952,Republican,19986,11578,0.58,0.579306,9375,2203,0.19,0.190275,https://www.in.gov/sos/elections/voter-information/files/2016_General_Election_Turnout.pdf,9,no
2016,Indiana,9,US House,Washington,18175,Washington,MONROE,Shelli Yoder,Trey Hollingsworth,Russell Brooksbank,74,179,20,0,273,0.271062,0.655678,0.07326,0.29249,105,0.41502,Republican,19986,11578,0.58,0.579306,9375,2203,0.19,0.190275,https://www.in.gov/sos/elections/voter-information/files/2016_General_Election_Turnout.pdf,9,no
2016,Indiana,9,US House,Washington,18175,Washington,PIERCE,Shelli Yoder,Trey Hollingsworth,Russell Brooksbank,306,641,62,0,1009,0.303271,0.635282,0.061447,0.323126,335,0.353749,Republican,19986,11578,0.58,0.579306,9375,2203,0.19,0.190275,https://www.in.gov/sos/elections/voter-information/files/2016_General_Election_Turnout.pdf,9,no
2016,Indiana,9,US House,Washington,18175,Washington,POLK,Shelli Yoder,Trey Hollingsworth,Russell Brooksbank,379,576,62,0,1017,0.372665,0.566372,0.060964,0.396859,197,0.206283,Republican,19986,11578,0.58,0.579306,9375,2203,0.19,0.190275,https://www.in.gov/sos/elections/voter-information/files/2016_General_Election_Turnout.pdf,9,no
2016,Indiana,9,US House,Washington,18175,Washington,POSEY,Shelli Yoder,Trey Hollingsworth,Russell Brooksbank,267,419,47,0,733,0.364256,0.571623,0.06412,0.389213,152,0.221574,Republican,19986,11578,0.58,0.579306,9375,2203,0.19,0.190275,https://www.in.gov/sos/elections/voter-information/files/2016_General_Election_Turnout.pdf,9,no
2016,Indiana,9,US House,Washington,18175,Washington,SALEM 1,Shelli Yoder,Trey Hollingsworth,Russell Brooksbank,206,287,34,0,527,0.390892,0.544592,0.064516,0.41785,81,0.1643,Republican,19986,11578,0.58,0.579306,9375,2203,0.19,0.190275,https://www.in.gov/sos/elections/voter-information/files/2016_General_Election_Turnout.pdf,9,no
2016,Indiana,9,US House,Washington,18175,Washington,SALEM 2,Shelli Yoder,Trey Hollingsworth,Russell Brooksbank,208,295,25,0,528,0.393939,0.558712,0.047348,0.413519,87,0.172962,Republican,19986,11578,0.58,0.579306,9375,2203,0.19,0.190275,https://www.in.gov/sos/elections/voter-information/files/2016_General_Election_Turnout.pdf,9,no
2016,Indiana,9,US House,Washington,18175,Washington,SALEM 3,Shelli Yoder,Trey Hollingsworth,Russell Brooksbank,290,333,35,0,658,0.440729,0.506079,0.053191,0.46549,43,0.069021,Republican,19986,11578,0.58,0.579306,9375,2203,0.19,0.190275,https://www.in.gov/sos/elections/voter-information/files/2016_General_Election_Turnout.pdf,9,no
2016,Indiana,9,US House,Washington,18175,Washington,SALEM 4,Shelli Yoder,Trey Hollingsworth,Russell Brooksbank,256,343,32,0,631,0.405705,0.543582,0.050713,0.427379,87,0.145242,Republican,19986,11578,0.58,0.579306,9375,2203,0.19,0.190275,https://www.in.gov/sos/elections/voter-information/files/2016_General_Election_Turnout.pdf,9,no
2016,Indiana,9,US House,Washington,18175,Washington,VERNON,Shelli Yoder,Trey Hollingsworth,Russell Brooksbank,121,172,13,0,306,0.395425,0.562092,0.042484,0.412969,51,0.174061,Republican,19986,11578,0.58,0.579306,9375,2203,0.19,0.190275,https://www.in.gov/sos/elections/voter-information/files/2016_General_Election_Turnout.pdf,9,no
2016,Indiana,9,US House,Washington,18175,Washington,WASHINGTON 1,Shelli Yoder,Trey Hollingsworth,Russell Brooksbank,158,194,10,0,362,0.436464,0.535912,0.027624,0.448864,36,0.102273,Republican,19986,11578,0.58,0.579306,9375,2203,0.19,0.190275,https://www.in.gov/sos/elections/voter-information/files/2016_General_Election_Turnout.pdf,9,no
2016,Indiana,9,US House,Washington,18175,Washington,WASHINGTON 2,Shelli Yoder,Trey Hollingsworth,Russell Brooksbank,105,157,10,0,272,0.386029,0.577206,0.036765,0.400763,52,0.198473,Republican,19986,11578,0.58,0.579306,9375,2203,0.19,0.190275,https://www.in.gov/sos/elections/voter-information/files/2016_General_Election_Turnout.pdf,9,no
2016,Indiana,9,US House,Washington,18175,Washington,WASHINGTON 3,Shelli Yoder,Trey Hollingsworth,Russell Brooksbank,282,471,37,0,790,0.356962,0.596203,0.046835,0.374502,189,0.250996,Republican,19986,11578,0.58,0.579306,9375,2203,0.19,0.190275,https://www.in.gov/sos/elections/voter-information/files/2016_General_Election_Turnout.pdf,9,no
2016,Indiana,9,US House,Washington,18175,Washington,WASHINGTON 4,Shelli Yoder,Trey Hollingsworth,Russell Brooksbank,156,299,16,0,471,0.33121,0.63482,0.03397,0.342857,143,0.314286,Republican,19986,11578,0.58,0.579306,9375,2203,0.19,0.190275,https://www.in.gov/sos/elections/voter-information/files/2016_General_Election_Turnout.pdf,9,no
2018,Indiana,9,US House,Brown,18013,Brown,Hamblen 1,Liz Watson,Trey Hollingsworth,,235,366,0,0,601,0.391015,0.608985,0.0,0.391015,131,0.21797,Republican,11953,7340,0.61,0.614072,4506,2834,0.39,0.386104,https://www.in.gov/sos/elections/voter-information/files/2018-General-Election-Turnout-from-the-ENR-page.pdf,9,no
2018,Indiana,9,US House,Brown,18013,Brown,Hamblen 2,Liz Watson,Trey Hollingsworth,,215,427,0,0,642,0.334891,0.665109,0.0,0.334891,212,0.330218,Republican,11953,7340,0.61,0.614072,4506,2834,0.39,0.386104,https://www.in.gov/sos/elections/voter-information/files/2018-General-Election-Turnout-from-the-ENR-page.pdf,9,no
2018,Indiana,9,US House,Brown,18013,Brown,Hamblen 3,Liz Watson,Trey Hollingsworth,,177,407,0,0,584,0.303082,0.696918,0.0,0.303082,230,0.393836,Republican,11953,7340,0.61,0.614072,4506,2834,0.39,0.386104,https://www.in.gov/sos/elections/voter-information/files/2018-General-Election-Turnout-from-the-ENR-page.pdf,9,no
2018,Indiana,9,US House,Brown,18013,Brown,Jackson 1,Liz Watson,Trey Hollingsworth,,197,375,0,0,572,0.344406,0.655594,0.0,0.344406,178,0.311189,Republican,11953,7340,0.61,0.614072,4506,2834,0.39,0.386104,https://www.in.gov/sos/elections/voter-information/files/2018-General-Election-Turnout-from-the-ENR-page.pdf,9,no
2018,Indiana,9,US House,Brown,18013,Brown,Jackson 2,Liz Watson,Trey Hollingsworth,,206,209,0,0,415,0.496386,0.503614,0.0,0.496386,3,0.007229,Republican,11953,7340,0.61,0.614072,4506,2834,0.39,0.386104,https://www.in.gov/sos/elections/voter-information/files/2018-General-Election-Turnout-from-the-ENR-page.pdf,9,no
2018,Indiana,9,US House,Brown,18013,Brown,Jackson 3,Liz Watson,Trey Hollingsworth,,193,293,0,0,486,0.397119,0.602881,0.0,0.397119,100,0.205761,Republican,11953,7340,0.61,0.614072,4506,2834,0.39,0.386104,https://www.in.gov/sos/elections/voter-information/files/2018-General-Election-Turnout-from-the-ENR-page.pdf,9,no
2018,Indiana,9,US House,Brown,18013,Brown,Jackson 4,Liz Watson,Trey Hollingsworth,,238,198,0,0,436,0.545872,0.454128,0.0,0.545872,-40,-0.091743,Democratic,11953,7340,0.61,0.614072,4506,2834,0.39,0.386104,https://www.in.gov/sos/elections/voter-information/files/2018-General-Election-Turnout-from-the-ENR-page.pdf,9,no
2018,Indiana,9,US House,Brown,18013,Brown,Van Buren,Liz Watson,Trey Hollingsworth,,335,534,0,0,869,0.385501,0.614499,0.0,0.385501,199,0.228999,Republican,11953,7340,0.61,0.614072,4506,2834,0.39,0.386104,https://www.in.gov/sos/elections/voter-information/files/2018-General-Election-Turnout-from-the-ENR-page.pdf,9,no
2018,Indiana,9,US House,Brown,18013,Brown,Washington 1,Liz Watson,Trey Hollingsworth,,268,434,0,0,702,0.381766,0.618234,0.0,0.381766,166,0.236467,Republican,11953,7340,0.61,0.614072,4506,2834,0.39,0.386104,https://www.in.gov/sos/elections/voter-information/files/2018-General-Election-Turnout-from-the-ENR-page.pdf,9,no
2018,Indiana,9,US House,Brown,18013,Brown,Washington 2,Liz Watson,Trey Hollingsworth,,280,324,0,0,604,0.463576,0.536424,0.0,0.463576,44,0.072848,Republican,11953,7340,0.61,0.614072,4506,2834,0.39,0.386104,https://www.in.gov/sos/elections/voter-information/files/2018-General-Election-Turnout-from-the-ENR-page.pdf,9,no
2018,Indiana,9,US House,Brown,18013,Brown,Washington 3,Liz Watson,Trey Hollingsworth,,324,329,0,0,653,0.496172,0.503828,0.0,0.496172,5,0.007657,Republican,11953,7340,0.61,0.614072,4506,2834,0.39,0.386104,https://www.in.gov/sos/elections/voter-information/files/2018-General-Election-Turnout-from-the-ENR-page.pdf,9,no
2018,Indiana,9,US House,Brown,18013,Brown,Washington 4,Liz Watson,Trey Hollingsworth,,334,273,0,0,607,0.550247,0.449753,0.0,0.550247,-61,-0.100494,Democratic,11953,7340,0.61,0.614072,4506,2834,0.39,0.386104,https://www.in.gov/sos/elections/voter-information/files/2018-General-Election-Turnout-from-the-ENR-page.pdf,9,no
2018,Indiana,9,US House,Clark,18019,Clark,0001 BETHLEHEM 01,Liz Watson,Trey Hollingsworth,,42,102,0,0,144,0.291667,0.708333,0.0,0.291667,60,0.416667,Republican,89470,49383,0.55,0.55195,40678,8705,0.18,0.176275,https://www.in.gov/sos/elections/voter-information/files/2018-General-Election-Turnout-from-the-ENR-page.pdf,9,no
2018,Indiana,9,US House,Clark,18019,Clark,0002 CARR 01,Liz Watson,Trey Hollingsworth,,671,1481,0,0,2152,0.311803,0.688197,0.0,0.311803,810,0.376394,Republican,89470,49383,0.55,0.55195,40678,8705,0.18,0.176275,https://www.in.gov/sos/elections/voter-information/files/2018-General-Election-Turnout-from-the-ENR-page.pdf,9,no
2018,Indiana,9,US House,Clark,18019,Clark,0003 CHARLESTOWN 01,Liz Watson,Trey Hollingsworth,,249,391,0,0,640,0.389062,0.610938,0.0,0.389062,142,0.221875,Republican,89470,49383,0.55,0.55195,40678,8705,0.18,0.176275,https://www.in.gov/sos/elections/voter-information/files/2018-General-Election-Turnout-from-the-ENR-page.pdf,9,no
2018,Indiana,9,US House,Clark,18019,Clark,0004 CHARLESTOWN 02,Liz Watson,Trey Hollingsworth,,130,196,0,0,326,0.398773,0.601227,0.0,0.398773,66,0.202454,Republican,89470,49383,0.55,0.55195,40678,8705,0.18,0.176275,https://www.in.gov/sos/elections/voter-information/files/2018-General-Election-Turnout-from-the-ENR-page.pdf,9,no
2018,Indiana,9,US House,Clark,18019,Clark,0005 CHARLESTOWN 03,Liz Watson,Trey Hollingsworth,,62,42,0,0,104,0.596154,0.403846,0.0,0.596154,-20,-0.192308,Democratic,89470,49383,0.55,0.55195,40678,8705,0.18,0.176275,https://www.in.gov/sos/elections/voter-information/files/2018-General-Election-Turnout-from-the-ENR-page.pdf,9,no
2018,Indiana,9,US House,Clark,18019,Clark,0006 CHARLESTOWN 04,Liz Watson,Trey Hollingsworth,,120,107,0,0,227,0.528634,0.471366,0.0,0.528634,-13,-0.057269,Democratic,89470,49383,0.55,0.55195,40678,8705,0.18,0.176275,https://www.in.gov/sos/elections/voter-information/files/2018-General-Election-Turnout-from-the-ENR-page.pdf,9,no
2018,Indiana,9,US House,Clark,18019,Clark,0007 CHARLESTOWN 05,Liz Watson,Trey Hollingsworth,,131,233,0,0,364,0.35989,0.64011,0.0,0.35989,102,0.28022,Republican,89470,49383,0.55,0.55195,40678,8705,0.18,0.176275,https://www.in.gov/sos/elections/voter-information/files/2018-General-Election-Turnout-from-the-ENR-page.pdf,9,no
2018,Indiana,9,US House,Clark,18019,Clark,0008 CHARLESTOWN 06,Liz Watson,Trey Hollingsworth,,506,1022,0,0,1528,0.331152,0.668848,0.0,0.331152,516,0.337696,Republican,89470,49383,0.55,0.55195,40678,8705,0.18,0.176275,https://www.in.gov/sos/elections/voter-information/files/2018-General-Election-Turnout-from-the-ENR-page.pdf,9,no
2018,Indiana,9,US House,Clark,18019,Clark,0009 CHARLESTOWN 07,Liz Watson,Trey Hollingsworth,,535,1085,0,0,1620,0.330247,0.669753,0.0,0.330247,550,0.339506,Republican,89470,49383,0.55,0.55195,40678,8705,0.18,0.176275,https://www.in.gov/sos/elections/voter-information/files/2018-General-Election-Turnout-from-the-ENR-page.pdf,9,no
2018,Indiana,9,US House,Clark,18019,Clark,0010 CHARLESTOWN 08,Liz Watson,Trey Hollingsworth,,185,357,0,0,542,0.341328,0.658672,0.0,0.341328,172,0.317343,Republican,89470,49383,0.55,0.55195,40678,8705,0.18,0.176275,https://www.in.gov/sos/elections/voter-information/files/2018-General-Election-Turnout-from-the-ENR-page.pdf,9,no
2018,Indiana,9,US House,Clark,18019,Clark,0011 JEFFERSONVILLE 01,Liz Watson,Trey Hollingsworth,,154,129,0,0,283,0.54417,0.45583,0.0,0.54417,-25,-0.088339,Democratic,89470,49383,0.55,0.55195,40678,8705,0.18,0.176275,https://www.in.gov/sos/elections/voter-information/files/2018-General-Election-Turnout-from-the-ENR-page.pdf,9,no
2018,Indiana,9,US House,Clark,18019,Clark,0012 JEFFERSONVILLE 02,Liz Watson,Trey Hollingsworth,,195,95,0,0,290,0.672414,0.327586,0.0,0.672414,-100,-0.344828,Democratic,89470,49383,0.55,0.55195,40678,8705,0.18,0.176275,https://www.in.gov/sos/elections/voter-information/files/2018-General-Election-Turnout-from-the-ENR-page.pdf,9,no
2018,Indiana,9,US House,Clark,18019,Clark,0013 JEFFERSONVILLE 03,Liz Watson,Trey Hollingsworth,,375,81,0,0,456,0.822368,0.177632,0.0,0.822368,-294,-0.644737,Democratic,89470,49383,0.55,0.55195,40678,8705,0.18,0.176275,https://www.in.gov/sos/elections/voter-information/files/2018-General-Election-Turnout-from-the-ENR-page.pdf,9,no
2018,Indiana,9,US House,Clark,18019,Clark,0014 JEFFERSONVILLE 04,Liz Watson,Trey Hollingsworth,,323,151,0,0,474,0.681435,0.318565,0.0,0.681435,-172,-0.362869,Democratic,89470,49383,0.55,0.55195,40678,8705,0.18,0.176275,https://www.in.gov/sos/elections/voter-information/files/2018-General-Election-Turnout-from-the-ENR-page.pdf,9,no
2018,Indiana,9,US House,Clark,18019,Clark,0015 JEFFERSONVILLE 05,Liz Watson,Trey Hollingsworth,,245,138,0,0,383,0.639687,0.360313,0.0,0.639687,-107,-0.279373,Democratic,89470,49383,0.55,0.55195,40678,8705,0.18,0.176275,https://www.in.gov/sos/elections/voter-information/files/2018-General-Election-Turnout-from-the-ENR-page.pdf,9,no
2018,Indiana,9,US House,Clark,18019,Clark,0016 JEFFERSONVILLE 06,Liz Watson,Trey Hollingsworth,,222,140,0,0,362,0.61326,0.38674,0.0,0.61326,-82,-0.226519,Democratic,89470,49383,0.55,0.55195,40678,8705,0.18,0.176275,https://www.in.gov/sos/elections/voter-information/files/2018-General-Election-Turnout-from-the-ENR-page.pdf,9,no
2018,Indiana,9,US House,Clark,18019,Clark,0017 JEFFERSONVILLE 07,Liz Watson,Trey Hollingsworth,,315,250,0,0,565,0.557522,0.442478,0.0,0.557522,-65,-0.115044,Democratic,89470,49383,0.55,0.55195,40678,8705,0.18,0.176275,https://www.in.gov/sos/elections/voter-information/files/2018-General-Election-Turnout-from-the-ENR-page.pdf,9,no
2018,Indiana,9,US House,Clark,18019,Clark,0018 JEFFERSONVILLE 08,Liz Watson,Trey Hollingsworth,,215,177,0,0,392,0.548469,0.451531,0.0,0.548469,-38,-0.096939,Democratic,89470,49383,0.55,0.55195,40678,8705,0.18,0.176275,https://www.in.gov/sos/elections/voter-information/files/2018-General-Election-Turnout-from-the-ENR-page.pdf,9,no
2018,Indiana,9,US House,Clark,18019,Clark,0019 JEFFERSONVILLE 09,Liz Watson,Trey Hollingsworth,,325,226,0,0,551,0.589837,0.410163,0.0,0.589837,-99,-0.179673,Democratic,89470,49383,0.55,0.55195,40678,8705,0.18,0.176275,https://www.in.gov/sos/elections/voter-information/files/2018-General-Election-Turnout-from-the-ENR-page.pdf,9,no
2018,Indiana,9,US House,Clark,18019,Clark,0020 JEFFERSONVILLE 10,Liz Watson,Trey Hollingsworth,,248,158,0,0,406,0.610837,0.389163,0.0,0.610837,-90,-0.221675,Democratic,89470,49383,0.55,0.55195,40678,8705,0.18,0.176275,https://www.in.gov/sos/elections/voter-information/files/2018-General-Election-Turnout-from-the-ENR-page.pdf,9,no
2018,Indiana,9,US House,Clark,18019,Clark,0021 JEFFERSONVILLE 11,Liz Watson,Trey Hollingsworth,,287,219,0,0,506,0.567194,0.432806,0.0,0.567194,-68,-0.134387,Democratic,89470,49383,0.55,0.55195,40678,8705,0.18,0.176275,https://www.in.gov/sos/elections/voter-information/files/2018-General-Election-Turnout-from-the-ENR-page.pdf,9,no
2018,Indiana,9,US House,Clark,18019,Clark,0022 JEFFERSONVILLE 11A,Liz Watson,Trey Hollingsworth,,114,122,0,0,236,0.483051,0.516949,0.0,0.483051,8,0.033898,Republican,89470,49383,0.55,0.55195,40678,8705,0.18,0.176275,https://www.in.gov/sos/elections/voter-information/files/2018-General-Election-Turnout-from-the-ENR-page.pdf,9,no
2018,Indiana,9,US House,Clark,18019,Clark,0023 JEFFERSONVILLE 12,Liz Watson,Trey Hollingsworth,,251,220,0,0,471,0.532909,0.467091,0.0,0.532909,-31,-0.065817,Democratic,89470,49383,0.55,0.55195,40678,8705,0.18,0.176275,https://www.in.gov/sos/elections/voter-information/files/2018-General-Election-Turnout-from-the-ENR-page.pdf,9,no
2018,Indiana,9,US House,Clark,18019,Clark,0024 JEFFERSONVILLE 13,Liz Watson,Trey Hollingsworth,,369,258,0,0,627,0.588517,0.411483,0.0,0.588517,-111,-0.177033,Democratic,89470,49383,0.55,0.55195,40678,8705,0.18,0.176275,https://www.in.gov/sos/elections/voter-information/files/2018-General-Election-Turnout-from-the-ENR-page.pdf,9,no
2018,Indiana,9,US House,Clark,18019,Clark,0025 JEFFERSONVILLE 14,Liz Watson,Trey Hollingsworth,,180,185,0,0,365,0.493151,0.506849,0.0,0.493151,5,0.013699,Republican,89470,49383,0.55,0.55195,40678,8705,0.18,0.176275,https://www.in.gov/sos/elections/voter-information/files/2018-General-Election-Turnout-from-the-ENR-page.pdf,9,no
2018,Indiana,9,US House,Clark,18019,Clark,0026 JEFFERSONVILLE 15,Liz Watson,Trey Hollingsworth,,275,302,0,0,577,0.476603,0.523397,0.0,0.476603,27,0.046794,Republican,89470,49383,0.55,0.55195,40678,8705,0.18,0.176275,https://www.in.gov/sos/elections/voter-information/files/2018-General-Election-Turnout-from-the-ENR-page.pdf,9,no
2018,Indiana,9,US House,Clark,18019,Clark,0027 JEFFERSONVILLE 16,Liz Watson,Trey Hollingsworth,,414,504,0,0,918,0.45098,0.54902,0.0,0.45098,90,0.098039,Republican,89470,49383,0.55,0.55195,40678,8705,0.18,0.176275,https://www.in.gov/sos/elections/voter-information/files/2018-General-Election-Turnout-from-the-ENR-page.pdf,9,no
2018,Indiana,9,US House,Clark,18019,Clark,0028 JEFFERSONVILLE 17,Liz Watson,Trey Hollingsworth,,455,420,0,0,875,0.52,0.48,0.0,0.52,-35,-0.04,Democratic,89470,49383,0.55,0.55195,40678,8705,0.18,0.176275,https://www.in.gov/sos/elections/voter-information/files/2018-General-Election-Turnout-from-the-ENR-page.pdf,9,no
2018,Indiana,9,US House,Clark,18019,Clark,0029 JEFFERSONVILLE 18,Liz Watson,Trey Hollingsworth,,840,726,0,0,1566,0.536398,0.463602,0.0,0.536398,-114,-0.072797,Democratic,89470,49383,0.55,0.55195,40678,8705,0.18,0.176275,https://www.in.gov/sos/elections/voter-information/files/2018-General-Election-Turnout-from-the-ENR-page.pdf,9,no
2018,Indiana,9,US House,Clark,18019,Clark,0030 JEFFERSONVILLE 20,Liz Watson,Trey Hollingsworth,,268,280,0,0,548,0.489051,0.510949,0.0,0.489051,12,0.021898,Republican,89470,49383,0.55,0.55195,40678,8705,0.18,0.176275,https://www.in.gov/sos/elections/voter-information/files/2018-General-Election-Turnout-from-the-ENR-page.pdf,9,no
2018,Indiana,9,US House,Clark,18019,Clark,0031 JEFFERSONVILLE 21,Liz Watson,Trey Hollingsworth,,221,172,0,0,393,0.562341,0.437659,0.0,0.562341,-49,-0.124682,Democratic,89470,49383,0.55,0.55195,40678,8705,0.18,0.176275,https://www.in.gov/sos/elections/voter-information/files/2018-General-Election-Turnout-from-the-ENR-page.pdf,9,no
2018,Indiana,9,US House,Clark,18019,Clark,0032 JEFFERSONVILLE 22,Liz Watson,Trey Hollingsworth,,359,266,0,0,625,0.5744,0.4256,0.0,0.5744,-93,-0.1488,Democratic,89470,49383,0.55,0.55195,40678,8705,0.18,0.176275,https://www.in.gov/sos/elections/voter-information/files/2018-General-Election-Turnout-from-the-ENR-page.pdf,9,no
2018,Indiana,9,US House,Clark,18019,Clark,0033 JEFFERSONVILLE 23,Liz Watson,Trey Hollingsworth,,366,289,0,0,655,0.558779,0.441221,0.0,0.558779,-77,-0.117557,Democratic,89470,49383,0.55,0.55195,40678,8705,0.18,0.176275,https://www.in.gov/sos/elections/voter-information/files/2018-General-Election-Turnout-from-the-ENR-page.pdf,9,no
2018,Indiana,9,US House,Clark,18019,Clark,0034 JEFFERSONVILLE 24,Liz Watson,Trey Hollingsworth,,662,513,0,0,1175,0.563404,0.436596,0.0,0.563404,-149,-0.126809,Democratic,89470,49383,0.55,0.55195,40678,8705,0.18,0.176275,https://www.in.gov/sos/elections/voter-information/files/2018-General-Election-Turnout-from-the-ENR-page.pdf,9,no
2018,Indiana,9,US House,Clark,18019,Clark,0035 JEFFERSONVILLE 25,Liz Watson,Trey Hollingsworth,,361,498,0,0,859,0.420256,0.579744,0.0,0.420256,137,0.159488,Republican,89470,49383,0.55,0.55195,40678,8705,0.18,0.176275,https://www.in.gov/sos/elections/voter-information/files/2018-General-Election-Turnout-from-the-ENR-page.pdf,9,no
2018,Indiana,9,US House,Clark,18019,Clark,0036 JEFFERSONVILLE 27,Liz Watson,Trey Hollingsworth,,83,88,0,0,171,0.48538,0.51462,0.0,0.48538,5,0.02924,Republican,89470,49383,0.55,0.55195,40678,8705,0.18,0.176275,https://www.in.gov/sos/elections/voter-information/files/2018-General-Election-Turnout-from-the-ENR-page.pdf,9,no
2018,Indiana,9,US House,Clark,18019,Clark,0037 JEFFERSONVILLE 30,Liz Watson,Trey Hollingsworth,,165,141,0,0,306,0.539216,0.460784,0.0,0.539216,-24,-0.078431,Democratic,89470,49383,0.55,0.55195,40678,8705,0.18,0.176275,https://www.in.gov/sos/elections/voter-information/files/2018-General-Election-Turnout-from-the-ENR-page.pdf,9,no
2018,Indiana,9,US House,Clark,18019,Clark,0038 JEFFERSONVILLE 31,Liz Watson,Trey Hollingsworth,,166,155,0,0,321,0.517134,0.482866,0.0,0.517134,-11,-0.034268,Democratic,89470,49383,0.55,0.55195,40678,8705,0.18,0.176275,https://www.in.gov/sos/elections/voter-information/files/2018-General-Election-Turnout-from-the-ENR-page.pdf,9,no
2018,Indiana,9,US House,Clark,18019,Clark,0039 JEFFERSONVILLE 32,Liz Watson,Trey Hollingsworth,,134,117,0,0,251,0.533865,0.466135,0.0,0.533865,-17,-0.067729,Democratic,89470,49383,0.55,0.55195,40678,8705,0.18,0.176275,https://www.in.gov/sos/elections/voter-information/files/2018-General-Election-Turnout-from-the-ENR-page.pdf,9,no
2018,Indiana,9,US House,Clark,18019,Clark,0040 JEFFERSONVILLE 33,Liz Watson,Trey Hollingsworth,,203,188,0,0,391,0.519182,0.480818,0.0,0.519182,-15,-0.038363,Democratic,89470,49383,0.55,0.55195,40678,8705,0.18,0.176275,https://www.in.gov/sos/elections/voter-information/files/2018-General-Election-Turnout-from-the-ENR-page.pdf,9,no
2018,Indiana,9,US House,Clark,18019,Clark,0041 JEFFERSONVILLE 34,Liz Watson,Trey Hollingsworth,,161,130,0,0,291,0.553265,0.446735,0.0,0.553265,-31,-0.106529,Democratic,89470,49383,0.55,0.55195,40678,8705,0.18,0.176275,https://www.in.gov/sos/elections/voter-information/files/2018-General-Election-Turnout-from-the-ENR-page.pdf,9,no
2018,Indiana,9,US House,Clark,18019,Clark,0042 JEFFERSONVILLE 35,Liz Watson,Trey Hollingsworth,,227,149,0,0,376,0.603723,0.396277,0.0,0.603723,-78,-0.207447,Democratic,89470,49383,0.55,0.55195,40678,8705,0.18,0.176275,https://www.in.gov/sos/elections/voter-information/files/2018-General-Election-Turnout-from-the-ENR-page.pdf,9,no
2018,Indiana,9,US House,Clark,18019,Clark,0043 JEFFERSONVILLE 36,Liz Watson,Trey Hollingsworth,,198,239,0,0,437,0.453089,0.546911,0.0,0.453089,41,0.093822,Republican,89470,49383,0.55,0.55195,40678,8705,0.18,0.176275,https://www.in.gov/sos/elections/voter-information/files/2018-General-Election-Turnout-from-the-ENR-page.pdf,9,no
2018,Indiana,9,US House,Clark,18019,Clark,0044 JEFFERSONVILLE 37,Liz Watson,Trey Hollingsworth,,319,359,0,0,678,0.470501,0.529499,0.0,0.470501,40,0.058997,Republican,89470,49383,0.55,0.55195,40678,8705,0.18,0.176275,https://www.in.gov/sos/elections/voter-information/files/2018-General-Election-Turnout-from-the-ENR-page.pdf,9,no
2018,Indiana,9,US House,Clark,18019,Clark,0045 JEFFERSONVILLE 38,Liz Watson,Trey Hollingsworth,,314,336,0,0,650,0.483077,0.516923,0.0,0.483077,22,0.033846,Republican,89470,49383,0.55,0.55195,40678,8705,0.18,0.176275,https://www.in.gov/sos/elections/voter-information/files/2018-General-Election-Turnout-from-the-ENR-page.pdf,9,no
2018,Indiana,9,US House,Clark,18019,Clark,0046 JEFFERSONVILLE 39,Liz Watson,Trey Hollingsworth,,240,174,0,0,414,0.57971,0.42029,0.0,0.57971,-66,-0.15942,Democratic,89470,49383,0.55,0.55195,40678,8705,0.18,0.176275,https://www.in.gov/sos/elections/voter-information/files/2018-General-Election-Turnout-from-the-ENR-page.pdf,9,no
2018,Indiana,9,US House,Clark,18019,Clark,0047 JEFFERSONVILLE 40,Liz Watson,Trey Hollingsworth,,335,331,0,0,666,0.503003,0.496997,0.0,0.503003,-4,-0.006006,Democratic,89470,49383,0.55,0.55195,40678,8705,0.18,0.176275,https://www.in.gov/sos/elections/voter-information/files/2018-General-Election-Turnout-from-the-ENR-page.pdf,9,no
2018,Indiana,9,US House,Clark,18019,Clark,0048 JEFFERSONVILLE 41,Liz Watson,Trey Hollingsworth,,185,175,0,0,360,0.513889,0.486111,0.0,0.513889,-10,-0.027778,Democratic,89470,49383,0.55,0.55195,40678,8705,0.18,0.176275,https://www.in.gov/sos/elections/voter-information/files/2018-General-Election-Turnout-from-the-ENR-page.pdf,9,no
2018,Indiana,9,US House,Clark,18019,Clark,0049 JEFFERSONVILLE 42,Liz Watson,Trey Hollingsworth,,204,247,0,0,451,0.452328,0.547672,0.0,0.452328,43,0.095344,Republican,89470,49383,0.55,0.55195,40678,8705,0.18,0.176275,https://www.in.gov/sos/elections/voter-information/files/2018-General-Election-Turnout-from-the-ENR-page.pdf,9,no
2018,Indiana,9,US House,Clark,18019,Clark,0050 MONROE 01,Liz Watson,Trey Hollingsworth,,219,457,0,0,676,0.323964,0.676036,0.0,0.323964,238,0.352071,Republican,89470,49383,0.55,0.55195,40678,8705,0.18,0.176275,https://www.in.gov/sos/elections/voter-information/files/2018-General-Election-Turnout-from-the-ENR-page.pdf,9,no
2018,Indiana,9,US House,Clark,18019,Clark,0051 MONROE 02,Liz Watson,Trey Hollingsworth,,248,657,0,0,905,0.274033,0.725967,0.0,0.274033,409,0.451934,Republican,89470,49383,0.55,0.55195,40678,8705,0.18,0.176275,https://www.in.gov/sos/elections/voter-information/files/2018-General-Election-Turnout-from-the-ENR-page.pdf,9,no
2018,Indiana,9,US House,Clark,18019,Clark,0052 MONROE 03,Liz Watson,Trey Hollingsworth,,168,399,0,0,567,0.296296,0.703704,0.0,0.296296,231,0.407407,Republican,89470,49383,0.55,0.55195,40678,8705,0.18,0.176275,https://www.in.gov/sos/elections/voter-information/files/2018-General-Election-Turnout-from-the-ENR-page.pdf,9,no
2018,Indiana,9,US House,Clark,18019,Clark,0053 OREGON 01,Liz Watson,Trey Hollingsworth,,210,460,0,0,670,0.313433,0.686567,0.0,0.313433,250,0.373134,Republican,89470,49383,0.55,0.55195,40678,8705,0.18,0.176275,https://www.in.gov/sos/elections/voter-information/files/2018-General-Election-Turnout-from-the-ENR-page.pdf,9,no
2018,Indiana,9,US House,Clark,18019,Clark,0054 OWEN 01,Liz Watson,Trey Hollingsworth,,96,241,0,0,337,0.284866,0.715134,0.0,0.284866,145,0.430267,Republican,89470,49383,0.55,0.55195,40678,8705,0.18,0.176275,https://www.in.gov/sos/elections/voter-information/files/2018-General-Election-Turnout-from-the-ENR-page.pdf,9,no
2018,Indiana,9,US House,Clark,18019,Clark,0055 SILVER CREEK/CVILLE 43,Liz Watson,Trey Hollingsworth,,514,850,0,0,1364,0.376833,0.623167,0.0,0.376833,336,0.246334,Republican,89470,49383,0.55,0.55195,40678,8705,0.18,0.176275,https://www.in.gov/sos/elections/voter-information/files/2018-General-Election-Turnout-from-the-ENR-page.pdf,9,no
2018,Indiana,9,US House,Clark,18019,Clark,0056 SILVER CREEK 01,Liz Watson,Trey Hollingsworth,,197,270,0,0,467,0.421842,0.578158,0.0,0.421842,73,0.156317,Republican,89470,49383,0.55,0.55195,40678,8705,0.18,0.176275,https://www.in.gov/sos/elections/voter-information/files/2018-General-Election-Turnout-from-the-ENR-page.pdf,9,no
2018,Indiana,9,US House,Clark,18019,Clark,0057 SILVER CREEK 02,Liz Watson,Trey Hollingsworth,,155,215,0,0,370,0.418919,0.581081,0.0,0.418919,60,0.162162,Republican,89470,49383,0.55,0.55195,40678,8705,0.18,0.176275,https://www.in.gov/sos/elections/voter-information/files/2018-General-Election-Turnout-from-the-ENR-page.pdf,9,no
2018,Indiana,9,US House,Clark,18019,Clark,0058 SILVER CREEK 03,Liz Watson,Trey Hollingsworth,,147,289,0,0,436,0.337156,0.662844,0.0,0.337156,142,0.325688,Republican,89470,49383,0.55,0.55195,40678,8705,0.18,0.176275,https://www.in.gov/sos/elections/voter-information/files/2018-General-Election-Turnout-from-the-ENR-page.pdf,9,no
2018,Indiana,9,US House,Clark,18019,Clark,0059 SILVER CREEK 04,Liz Watson,Trey Hollingsworth,,277,422,0,0,699,0.39628,0.60372,0.0,0.39628,145,0.207439,Republican,89470,49383,0.55,0.55195,40678,8705,0.18,0.176275,https://www.in.gov/sos/elections/voter-information/files/2018-General-Election-Turnout-from-the-ENR-page.pdf,9,no
2018,Indiana,9,US House,Clark,18019,Clark,0060 SILVER CREEK 05,Liz Watson,Trey Hollingsworth,,139,195,0,0,334,0.416168,0.583832,0.0,0.416168,56,0.167665,Republican,89470,49383,0.55,0.55195,40678,8705,0.18,0.176275,https://www.in.gov/sos/elections/voter-information/files/2018-General-Election-Turnout-from-the-ENR-page.pdf,9,no
2018,Indiana,9,US House,Clark,18019,Clark,0061 SILVER CREEK 06,Liz Watson,Trey Hollingsworth,,493,812,0,0,1305,0.377778,0.622222,0.0,0.377778,319,0.244444,Republican,89470,49383,0.55,0.55195,40678,8705,0.18,0.176275,https://www.in.gov/sos/elections/voter-information/files/2018-General-Election-Turnout-from-the-ENR-page.pdf,9,no
2018,Indiana,9,US House,Clark,18019,Clark,0062 SILVER CREEK 07,Liz Watson,Trey Hollingsworth,,88,120,0,0,208,0.423077,0.576923,0.0,0.423077,32,0.153846,Republican,89470,49383,0.55,0.55195,40678,8705,0.18,0.176275,https://www.in.gov/sos/elections/voter-information/files/2018-General-Election-Turnout-from-the-ENR-page.pdf,9,no
2018,Indiana,9,US House,Clark,18019,Clark,0063 UTICA/ JEFF CITY 19,Liz Watson,Trey Hollingsworth,,9,5,0,0,14,0.642857,0.357143,0.0,0.642857,-4,-0.285714,Democratic,89470,49383,0.55,0.55195,40678,8705,0.18,0.176275,https://www.in.gov/sos/elections/voter-information/files/2018-General-Election-Turnout-from-the-ENR-page.pdf,9,no
2018,Indiana,9,US House,Clark,18019,Clark,0064 UNION 01,Liz Watson,Trey Hollingsworth,,514,988,0,0,1502,0.34221,0.65779,0.0,0.34221,474,0.315579,Republican,89470,49383,0.55,0.55195,40678,8705,0.18,0.176275,https://www.in.gov/sos/elections/voter-information/files/2018-General-Election-Turnout-from-the-ENR-page.pdf,9,no
2018,Indiana,9,US House,Clark,18019,Clark,0065 UTICA 01,Liz Watson,Trey Hollingsworth,,137,184,0,0,321,0.426791,0.573209,0.0,0.426791,47,0.146417,Republican,89470,49383,0.55,0.55195,40678,8705,0.18,0.176275,https://www.in.gov/sos/elections/voter-information/files/2018-General-Election-Turnout-from-the-ENR-page.pdf,9,no
2018,Indiana,9,US House,Clark,18019,Clark,0066 UTICA 02,Liz Watson,Trey Hollingsworth,,444,500,0,0,944,0.470339,0.529661,0.0,0.470339,56,0.059322,Republican,89470,49383,0.55,0.55195,40678,8705,0.18,0.176275,https://www.in.gov/sos/elections/voter-information/files/2018-General-Election-Turnout-from-the-ENR-page.pdf,9,no
2018,Indiana,9,US House,Clark,18019,Clark,0067 UTICA 03,Liz Watson,Trey Hollingsworth,,527,657,0,0,1184,0.445101,0.554899,0.0,0.445101,130,0.109797,Republican,89470,49383,0.55,0.55195,40678,8705,0.18,0.176275,https://www.in.gov/sos/elections/voter-information/files/2018-General-Election-Turnout-from-the-ENR-page.pdf,9,no
2018,Indiana,9,US House,Clark,18019,Clark,0068 UTICA 04,Liz Watson,Trey Hollingsworth,,447,397,0,0,844,0.529621,0.470379,0.0,0.529621,-50,-0.059242,Democratic,89470,49383,0.55,0.55195,40678,8705,0.18,0.176275,https://www.in.gov/sos/elections/voter-information/files/2018-General-Election-Turnout-from-the-ENR-page.pdf,9,no
2018,Indiana,9,US House,Clark,18019,Clark,0069 WASHINGTON 01,Liz Watson,Trey Hollingsworth,,202,490,0,0,692,0.291908,0.708092,0.0,0.291908,288,0.416185,Republican,89470,49383,0.55,0.55195,40678,8705,0.18,0.176275,https://www.in.gov/sos/elections/voter-information/files/2018-General-Election-Turnout-from-the-ENR-page.pdf,9,no
2018,Indiana,9,US House,Clark,18019,Clark,0070 WOOD 01,Liz Watson,Trey Hollingsworth,,101,183,0,0,284,0.355634,0.644366,0.0,0.355634,82,0.288732,Republican,89470,49383,0.55,0.55195,40678,8705,0.18,0.176275,https://www.in.gov/sos/elections/voter-information/files/2018-General-Election-Turnout-from-the-ENR-page.pdf,9,no
2018,Indiana,9,US House,Clark,18019,Clark,0071 WOOD 02,Liz Watson,Trey Hollingsworth,,198,387,0,0,585,0.338462,0.661538,0.0,0.338462,189,0.323077,Republican,89470,49383,0.55,0.55195,40678,8705,0.18,0.176275,https://www.in.gov/sos/elections/voter-information/files/2018-General-Election-Turnout-from-the-ENR-page.pdf,9,no
2018,Indiana,9,US House,Clark,18019,Clark,0072 WOOD 03,Liz Watson,Trey Hollingsworth,,74,180,0,0,254,0.291339,0.708661,0.0,0.291339,106,0.417323,Republican,89470,49383,0.55,0.55195,40678,8705,0.18,0.176275,https://www.in.gov/sos/elections/voter-information/files/2018-General-Election-Turnout-from-the-ENR-page.pdf,9,no
2018,Indiana,9,US House,Crawford,18025,Crawford,0001 JENNINGS 1,Liz Watson,Trey Hollingsworth,,117,168,0,0,285,0.410526,0.589474,0.0,0.410526,51,0.178947,Republican,7707,4073,0.53,0.528481,3279,794,0.19,0.194942,https://www.in.gov/sos/elections/voter-information/files/2018-General-Election-Turnout-from-the-ENR-page.pdf,8;9,yes
2018,Indiana,9,US House,Crawford,18025,Crawford,0002 JENNINGS 2,Liz Watson,Trey Hollingsworth,,104,190,0,0,294,0.353741,0.646259,0.0,0.353741,86,0.292517,Republican,7707,4073,0.53,0.528481,3279,794,0.19,0.194942,https://www.in.gov/sos/elections/voter-information/files/2018-General-Election-Turnout-from-the-ENR-page.pdf,8;9,yes
2018,Indiana,9,US House,Crawford,18025,Crawford,0003 WHISKEY RUN 1,Liz Watson,Trey Hollingsworth,,114,194,0,0,308,0.37013,0.62987,0.0,0.37013,80,0.25974,Republican,7707,4073,0.53,0.528481,3279,794,0.19,0.194942,https://www.in.gov/sos/elections/voter-information/files/2018-General-Election-Turnout-from-the-ENR-page.pdf,8;9,yes
2018,Indiana,9,US House,Crawford,18025,Crawford,0004 WHISKEY RUN 2,Liz Watson,Trey Hollingsworth,,160,272,0,0,432,0.37037,0.62963,0.0,0.37037,112,0.259259,Republican,7707,4073,0.53,0.528481,3279,794,0.19,0.194942,https://www.in.gov/sos/elections/voter-information/files/2018-General-Election-Turnout-from-the-ENR-page.pdf,8;9,yes
2018,Indiana,9,US House,Crawford,18025,Crawford,0005 LIBERTY 1,Liz Watson,Trey Hollingsworth,,159,190,0,0,349,0.455587,0.544413,0.0,0.455587,31,0.088825,Republican,7707,4073,0.53,0.528481,3279,794,0.19,0.194942,https://www.in.gov/sos/elections/voter-information/files/2018-General-Election-Turnout-from-the-ENR-page.pdf,8;9,yes
2018,Indiana,9,US House,Crawford,18025,Crawford,0006 LIBERTY 2,Liz Watson,Trey Hollingsworth,,161,197,0,0,358,0.449721,0.550279,0.0,0.449721,36,0.100559,Republican,7707,4073,0.53,0.528481,3279,794,0.19,0.194942,https://www.in.gov/sos/elections/voter-information/files/2018-General-Election-Turnout-from-the-ENR-page.pdf,8;9,yes
2018,Indiana,9,US House,Crawford,18025,Crawford,0007 STERLING 1,Liz Watson,Trey Hollingsworth,,60,58,0,0,118,0.508475,0.491525,0.0,0.508475,-2,-0.016949,Democratic,7707,4073,0.53,0.528481,3279,794,0.19,0.194942,https://www.in.gov/sos/elections/voter-information/files/2018-General-Election-Turnout-from-the-ENR-page.pdf,8;9,yes
2018,Indiana,9,US House,Crawford,18025,Crawford,0008 STERLING 2,Liz Watson,Trey Hollingsworth,,105,134,0,0,239,0.439331,0.560669,0.0,0.439331,29,0.121339,Republican,7707,4073,0.53,0.528481,3279,794,0.19,0.194942,https://www.in.gov/sos/elections/voter-information/files/2018-General-Election-Turnout-from-the-ENR-page.pdf,8;9,yes
2018,Indiana,9,US House,Crawford,18025,Crawford,0009 STERLING 3,Liz Watson,Trey Hollingsworth,,95,149,0,0,244,0.389344,0.610656,0.0,0.389344,54,0.221311,Republican,7707,4073,0.53,0.528481,3279,794,0.19,0.194942,https://www.in.gov/sos/elections/voter-information/files/2018-General-Election-Turnout-from-the-ENR-page.pdf,8;9,yes
2018,Indiana,9,US House,Crawford,18025,Crawford,0010 PATNA 1,Liz Watson,Trey Hollingsworth,,177,231,0,0,408,0.433824,0.566176,0.0,0.433824,54,0.132353,Republican,7707,4073,0.53,0.528481,3279,794,0.19,0.194942,https://www.in.gov/sos/elections/voter-information/files/2018-General-Election-Turnout-from-the-ENR-page.pdf,8;9,yes
2018,Indiana,9,US House,Crawford,18025,Crawford,0013 JOHNSON 2,Liz Watson,Trey Hollingsworth,,0,1,0,0,1,0.0,1.0,0.0,0.0,1,1.0,Republican,7707,4073,0.53,0.528481,3279,794,0.19,0.194942,https://www.in.gov/sos/elections/voter-information/files/2018-General-Election-Turnout-from-the-ENR-page.pdf,8;9,yes
2018,Indiana,9,US House,Crawford,18025,Crawford,0014 UNION 1,Liz Watson,Trey Hollingsworth,,72,98,0,0,170,0.423529,0.576471,0.0,0.423529,26,0.152941,Republican,7707,4073,0.53,0.528481,3279,794,0.19,0.194942,https://www.in.gov/sos/elections/voter-information/files/2018-General-Election-Turnout-from-the-ENR-page.pdf,8;9,yes
2018,Indiana,9,US House,Crawford,18025,Crawford,0016 OHIO 1,Liz Watson,Trey Hollingsworth,,71,90,0,0,161,0.440994,0.559006,0.0,0.440994,19,0.118012,Republican,7707,4073,0.53,0.528481,3279,794,0.19,0.194942,https://www.in.gov/sos/elections/voter-information/files/2018-General-Election-Turnout-from-the-ENR-page.pdf,8;9,yes
2018,Indiana,9,US House,Floyd,18043,Floyd,FRANKLIN 1,Liz Watson,Trey Hollingsworth,,210,361,0,0,571,0.367776,0.632224,0.0,0.367776,151,0.264448,Republican,58320,32191,0.55,0.551972,17175,15016,0.47,0.466466,https://www.in.gov/sos/elections/voter-information/files/2018-General-Election-Turnout-from-the-ENR-page.pdf,9,no
2018,Indiana,9,US House,Floyd,18043,Floyd,GEORGETOWN 1,Liz Watson,Trey Hollingsworth,,278,446,0,0,724,0.383978,0.616022,0.0,0.383978,168,0.232044,Republican,58320,32191,0.55,0.551972,17175,15016,0.47,0.466466,https://www.in.gov/sos/elections/voter-information/files/2018-General-Election-Turnout-from-the-ENR-page.pdf,9,no
2018,Indiana,9,US House,Floyd,18043,Floyd,GEORGETOWN 2,Liz Watson,Trey Hollingsworth,,316,509,0,0,825,0.38303,0.61697,0.0,0.38303,193,0.233939,Republican,58320,32191,0.55,0.551972,17175,15016,0.47,0.466466,https://www.in.gov/sos/elections/voter-information/files/2018-General-Election-Turnout-from-the-ENR-page.pdf,9,no
2018,Indiana,9,US House,Floyd,18043,Floyd,GEORGETOWN 3,Liz Watson,Trey Hollingsworth,,235,458,0,0,693,0.339105,0.660895,0.0,0.339105,223,0.321789,Republican,58320,32191,0.55,0.551972,17175,15016,0.47,0.466466,https://www.in.gov/sos/elections/voter-information/files/2018-General-Election-Turnout-from-the-ENR-page.pdf,9,no
2018,Indiana,9,US House,Floyd,18043,Floyd,GEORGETOWN 4,Liz Watson,Trey Hollingsworth,,278,632,0,0,910,0.305495,0.694505,0.0,0.305495,354,0.389011,Republican,58320,32191,0.55,0.551972,17175,15016,0.47,0.466466,https://www.in.gov/sos/elections/voter-information/files/2018-General-Election-Turnout-from-the-ENR-page.pdf,9,no
2018,Indiana,9,US House,Floyd,18043,Floyd,GEORGETOWN 5,Liz Watson,Trey Hollingsworth,,366,484,0,0,850,0.430588,0.569412,0.0,0.430588,118,0.138824,Republican,58320,32191,0.55,0.551972,17175,15016,0.47,0.466466,https://www.in.gov/sos/elections/voter-information/files/2018-General-Election-Turnout-from-the-ENR-page.pdf,9,no
2018,Indiana,9,US House,Floyd,18043,Floyd,GEORGETOWN 6,Liz Watson,Trey Hollingsworth,,252,339,0,0,591,0.426396,0.573604,0.0,0.426396,87,0.147208,Republican,58320,32191,0.55,0.551972,17175,15016,0.47,0.466466,https://www.in.gov/sos/elections/voter-information/files/2018-General-Election-Turnout-from-the-ENR-page.pdf,9,no
2018,Indiana,9,US House,Floyd,18043,Floyd,GEORGETOWN 7,Liz Watson,Trey Hollingsworth,,119,256,0,0,375,0.317333,0.682667,0.0,0.317333,137,0.365333,Republican,58320,32191,0.55,0.551972,17175,15016,0.47,0.466466,https://www.in.gov/sos/elections/voter-information/files/2018-General-Election-Turnout-from-the-ENR-page.pdf,9,no
2018,Indiana,9,US House,Floyd,18043,Floyd,GREENVILLE 1,Liz Watson,Trey Hollingsworth,,246,499,0,0,745,0.330201,0.669799,0.0,0.330201,253,0.339597,Republican,58320,32191,0.55,0.551972,17175,15016,0.47,0.466466,https://www.in.gov/sos/elections/voter-information/files/2018-General-Election-Turnout-from-the-ENR-page.pdf,9,no
2018,Indiana,9,US House,Floyd,18043,Floyd,GREENVILLE 2,Liz Watson,Trey Hollingsworth,,238,369,0,0,607,0.392092,0.607908,0.0,0.392092,131,0.215815,Republican,58320,32191,0.55,0.551972,17175,15016,0.47,0.466466,https://www.in.gov/sos/elections/voter-information/files/2018-General-Election-Turnout-from-the-ENR-page.pdf,9,no
2018,Indiana,9,US House,Floyd,18043,Floyd,GREENVILLE 3,Liz Watson,Trey Hollingsworth,,168,330,0,0,498,0.337349,0.662651,0.0,0.337349,162,0.325301,Republican,58320,32191,0.55,0.551972,17175,15016,0.47,0.466466,https://www.in.gov/sos/elections/voter-information/files/2018-General-Election-Turnout-from-the-ENR-page.pdf,9,no
2018,Indiana,9,US House,Floyd,18043,Floyd,GREENVILLE 4,Liz Watson,Trey Hollingsworth,,265,419,0,0,684,0.387427,0.612573,0.0,0.387427,154,0.225146,Republican,58320,32191,0.55,0.551972,17175,15016,0.47,0.466466,https://www.in.gov/sos/elections/voter-information/files/2018-General-Election-Turnout-from-the-ENR-page.pdf,9,no
2018,Indiana,9,US House,Floyd,18043,Floyd,GREENVILLE 5,Liz Watson,Trey Hollingsworth,,237,401,0,0,638,0.371473,0.628527,0.0,0.371473,164,0.257053,Republican,58320,32191,0.55,0.551972,17175,15016,0.47,0.466466,https://www.in.gov/sos/elections/voter-information/files/2018-General-Election-Turnout-from-the-ENR-page.pdf,9,no
2018,Indiana,9,US House,Floyd,18043,Floyd,GREENVILLE 6,Liz Watson,Trey Hollingsworth,,96,192,0,0,288,0.333333,0.666667,0.0,0.333333,96,0.333333,Republican,58320,32191,0.55,0.551972,17175,15016,0.47,0.466466,https://www.in.gov/sos/elections/voter-information/files/2018-General-Election-Turnout-from-the-ENR-page.pdf,9,no
2018,Indiana,9,US House,Floyd,18043,Floyd,LAFAYETTE 1,Liz Watson,Trey Hollingsworth,,319,516,0,0,835,0.382036,0.617964,0.0,0.382036,197,0.235928,Republican,58320,32191,0.55,0.551972,17175,15016,0.47,0.466466,https://www.in.gov/sos/elections/voter-information/files/2018-General-Election-Turnout-from-the-ENR-page.pdf,9,no
2018,Indiana,9,US House,Floyd,18043,Floyd,LAFAYETTE 2,Liz Watson,Trey Hollingsworth,,183,283,0,0,466,0.392704,0.607296,0.0,0.392704,100,0.214592,Republican,58320,32191,0.55,0.551972,17175,15016,0.47,0.466466,https://www.in.gov/sos/elections/voter-information/files/2018-General-Election-Turnout-from-the-ENR-page.pdf,9,no
2018,Indiana,9,US House,Floyd,18043,Floyd,LAFAYETTE 3,Liz Watson,Trey Hollingsworth,,168,264,0,0,432,0.388889,0.611111,0.0,0.388889,96,0.222222,Republican,58320,32191,0.55,0.551972,17175,15016,0.47,0.466466,https://www.in.gov/sos/elections/voter-information/files/2018-General-Election-Turnout-from-the-ENR-page.pdf,9,no
2018,Indiana,9,US House,Floyd,18043,Floyd,LAFAYETTE 4,Liz Watson,Trey Hollingsworth,,252,367,0,0,619,0.407108,0.592892,0.0,0.407108,115,0.185784,Republican,58320,32191,0.55,0.551972,17175,15016,0.47,0.466466,https://www.in.gov/sos/elections/voter-information/files/2018-General-Election-Turnout-from-the-ENR-page.pdf,9,no
2018,Indiana,9,US House,Floyd,18043,Floyd,LAFAYETTE 5,Liz Watson,Trey Hollingsworth,,355,520,0,0,875,0.405714,0.594286,0.0,0.405714,165,0.188571,Republican,58320,32191,0.55,0.551972,17175,15016,0.47,0.466466,https://www.in.gov/sos/elections/voter-information/files/2018-General-Election-Turnout-from-the-ENR-page.pdf,9,no
2018,Indiana,9,US House,Floyd,18043,Floyd,LAFAYETTE 6,Liz Watson,Trey Hollingsworth,,214,294,0,0,508,0.42126,0.57874,0.0,0.42126,80,0.15748,Republican,58320,32191,0.55,0.551972,17175,15016,0.47,0.466466,https://www.in.gov/sos/elections/voter-information/files/2018-General-Election-Turnout-from-the-ENR-page.pdf,9,no
2018,Indiana,9,US House,Floyd,18043,Floyd,LAFAYETTE 7,Liz Watson,Trey Hollingsworth,,164,283,0,0,447,0.36689,0.63311,0.0,0.36689,119,0.266219,Republican,58320,32191,0.55,0.551972,17175,15016,0.47,0.466466,https://www.in.gov/sos/elections/voter-information/files/2018-General-Election-Turnout-from-the-ENR-page.pdf,9,no
2018,Indiana,9,US House,Floyd,18043,Floyd,NEW ALBANY 01,Liz Watson,Trey Hollingsworth,,324,236,0,0,560,0.578571,0.421429,0.0,0.578571,-88,-0.157143,Democratic,58320,32191,0.55,0.551972,17175,15016,0.47,0.466466,https://www.in.gov/sos/elections/voter-information/files/2018-General-Election-Turnout-from-the-ENR-page.pdf,9,no
2018,Indiana,9,US House,Floyd,18043,Floyd,NEW ALBANY 03,Liz Watson,Trey Hollingsworth,,292,131,0,0,423,0.690307,0.309693,0.0,0.690307,-161,-0.380615,Democratic,58320,32191,0.55,0.551972,17175,15016,0.47,0.466466,https://www.in.gov/sos/elections/voter-information/files/2018-General-Election-Turnout-from-the-ENR-page.pdf,9,no
2018,Indiana,9,US House,Floyd,18043,Floyd,NEW ALBANY 05,Liz Watson,Trey Hollingsworth,,361,151,0,0,512,0.705078,0.294922,0.0,0.705078,-210,-0.410156,Democratic,58320,32191,0.55,0.551972,17175,15016,0.47,0.466466,https://www.in.gov/sos/elections/voter-information/files/2018-General-Election-Turnout-from-the-ENR-page.pdf,9,no
2018,Indiana,9,US House,Floyd,18043,Floyd,NEW ALBANY 07,Liz Watson,Trey Hollingsworth,,189,106,0,0,295,0.640678,0.359322,0.0,0.640678,-83,-0.281356,Democratic,58320,32191,0.55,0.551972,17175,15016,0.47,0.466466,https://www.in.gov/sos/elections/voter-information/files/2018-General-Election-Turnout-from-the-ENR-page.pdf,9,no
2018,Indiana,9,US House,Floyd,18043,Floyd,NEW ALBANY 09,Liz Watson,Trey Hollingsworth,,295,253,0,0,548,0.538321,0.461679,0.0,0.538321,-42,-0.076642,Democratic,58320,32191,0.55,0.551972,17175,15016,0.47,0.466466,https://www.in.gov/sos/elections/voter-information/files/2018-General-Election-Turnout-from-the-ENR-page.pdf,9,no
2018,Indiana,9,US House,Floyd,18043,Floyd,NEW ALBANY 10,Liz Watson,Trey Hollingsworth,,274,176,0,0,450,0.608889,0.391111,0.0,0.608889,-98,-0.217778,Democratic,58320,32191,0.55,0.551972,17175,15016,0.47,0.466466,https://www.in.gov/sos/elections/voter-information/files/2018-General-Election-Turnout-from-the-ENR-page.pdf,9,no
2018,Indiana,9,US House,Floyd,18043,Floyd,NEW ALBANY 11,Liz Watson,Trey Hollingsworth,,408,188,0,0,596,0.684564,0.315436,0.0,0.684564,-220,-0.369128,Democratic,58320,32191,0.55,0.551972,17175,15016,0.47,0.466466,https://www.in.gov/sos/elections/voter-information/files/2018-General-Election-Turnout-from-the-ENR-page.pdf,9,no
2018,Indiana,9,US House,Floyd,18043,Floyd,NEW ALBANY 13,Liz Watson,Trey Hollingsworth,,155,147,0,0,302,0.513245,0.486755,0.0,0.513245,-8,-0.02649,Democratic,58320,32191,0.55,0.551972,17175,15016,0.47,0.466466,https://www.in.gov/sos/elections/voter-information/files/2018-General-Election-Turnout-from-the-ENR-page.pdf,9,no
2018,Indiana,9,US House,Floyd,18043,Floyd,NEW ALBANY 14,Liz Watson,Trey Hollingsworth,,305,216,0,0,521,0.585413,0.414587,0.0,0.585413,-89,-0.170825,Democratic,58320,32191,0.55,0.551972,17175,15016,0.47,0.466466,https://www.in.gov/sos/elections/voter-information/files/2018-General-Election-Turnout-from-the-ENR-page.pdf,9,no
2018,Indiana,9,US House,Floyd,18043,Floyd,NEW ALBANY 16,Liz Watson,Trey Hollingsworth,,236,210,0,0,446,0.529148,0.470852,0.0,0.529148,-26,-0.058296,Democratic,58320,32191,0.55,0.551972,17175,15016,0.47,0.466466,https://www.in.gov/sos/elections/voter-information/files/2018-General-Election-Turnout-from-the-ENR-page.pdf,9,no
2018,Indiana,9,US House,Floyd,18043,Floyd,NEW ALBANY 18,Liz Watson,Trey Hollingsworth,,283,200,0,0,483,0.585921,0.414079,0.0,0.585921,-83,-0.171843,Democratic,58320,32191,0.55,0.551972,17175,15016,0.47,0.466466,https://www.in.gov/sos/elections/voter-information/files/2018-General-Election-Turnout-from-the-ENR-page.pdf,9,no
2018,Indiana,9,US House,Floyd,18043,Floyd,NEW ALBANY 19,Liz Watson,Trey Hollingsworth,,229,190,0,0,419,0.546539,0.453461,0.0,0.546539,-39,-0.093079,Democratic,58320,32191,0.55,0.551972,17175,15016,0.47,0.466466,https://www.in.gov/sos/elections/voter-information/files/2018-General-Election-Turnout-from-the-ENR-page.pdf,9,no
2018,Indiana,9,US House,Floyd,18043,Floyd,NEW ALBANY 20,Liz Watson,Trey Hollingsworth,,295,296,0,0,591,0.499154,0.500846,0.0,0.499154,1,0.001692,Republican,58320,32191,0.55,0.551972,17175,15016,0.47,0.466466,https://www.in.gov/sos/elections/voter-information/files/2018-General-Election-Turnout-from-the-ENR-page.pdf,9,no
2018,Indiana,9,US House,Floyd,18043,Floyd,NEW ALBANY 21,Liz Watson,Trey Hollingsworth,,201,102,0,0,303,0.663366,0.336634,0.0,0.663366,-99,-0.326733,Democratic,58320,32191,0.55,0.551972,17175,15016,0.47,0.466466,https://www.in.gov/sos/elections/voter-information/files/2018-General-Election-Turnout-from-the-ENR-page.pdf,9,no
2018,Indiana,9,US House,Floyd,18043,Floyd,NEW ALBANY 22,Liz Watson,Trey Hollingsworth,,249,186,0,0,435,0.572414,0.427586,0.0,0.572414,-63,-0.144828,Democratic,58320,32191,0.55,0.551972,17175,15016,0.47,0.466466,https://www.in.gov/sos/elections/voter-information/files/2018-General-Election-Turnout-from-the-ENR-page.pdf,9,no
2018,Indiana,9,US House,Floyd,18043,Floyd,NEW ALBANY 23,Liz Watson,Trey Hollingsworth,,297,172,0,0,469,0.633262,0.366738,0.0,0.633262,-125,-0.266525,Democratic,58320,32191,0.55,0.551972,17175,15016,0.47,0.466466,https://www.in.gov/sos/elections/voter-information/files/2018-General-Election-Turnout-from-the-ENR-page.pdf,9,no
2018,Indiana,9,US House,Floyd,18043,Floyd,NEW ALBANY 24,Liz Watson,Trey Hollingsworth,,165,110,0,0,275,0.6,0.4,0.0,0.6,-55,-0.2,Democratic,58320,32191,0.55,0.551972,17175,15016,0.47,0.466466,https://www.in.gov/sos/elections/voter-information/files/2018-General-Election-Turnout-from-the-ENR-page.pdf,9,no
2018,Indiana,9,US House,Floyd,18043,Floyd,NEW ALBANY 25,Liz Watson,Trey Hollingsworth,,109,67,0,0,176,0.619318,0.380682,0.0,0.619318,-42,-0.238636,Democratic,58320,32191,0.55,0.551972,17175,15016,0.47,0.466466,https://www.in.gov/sos/elections/voter-information/files/2018-General-Election-Turnout-from-the-ENR-page.pdf,9,no
2018,Indiana,9,US House,Floyd,18043,Floyd,NEW ALBANY 26,Liz Watson,Trey Hollingsworth,,254,258,0,0,512,0.496094,0.503906,0.0,0.496094,4,0.007812,Republican,58320,32191,0.55,0.551972,17175,15016,0.47,0.466466,https://www.in.gov/sos/elections/voter-information/files/2018-General-Election-Turnout-from-the-ENR-page.pdf,9,no
2018,Indiana,9,US House,Floyd,18043,Floyd,NEW ALBANY 27,Liz Watson,Trey Hollingsworth,,272,184,0,0,456,0.596491,0.403509,0.0,0.596491,-88,-0.192982,Democratic,58320,32191,0.55,0.551972,17175,15016,0.47,0.466466,https://www.in.gov/sos/elections/voter-information/files/2018-General-Election-Turnout-from-the-ENR-page.pdf,9,no
2018,Indiana,9,US House,Floyd,18043,Floyd,NEW ALBANY 28,Liz Watson,Trey Hollingsworth,,270,321,0,0,591,0.456853,0.543147,0.0,0.456853,51,0.086294,Republican,58320,32191,0.55,0.551972,17175,15016,0.47,0.466466,https://www.in.gov/sos/elections/voter-information/files/2018-General-Election-Turnout-from-the-ENR-page.pdf,9,no
2018,Indiana,9,US House,Floyd,18043,Floyd,NEW ALBANY 29,Liz Watson,Trey Hollingsworth,,262,223,0,0,485,0.540206,0.459794,0.0,0.540206,-39,-0.080412,Democratic,58320,32191,0.55,0.551972,17175,15016,0.47,0.466466,https://www.in.gov/sos/elections/voter-information/files/2018-General-Election-Turnout-from-the-ENR-page.pdf,9,no
2018,Indiana,9,US House,Floyd,18043,Floyd,NEW ALBANY 30,Liz Watson,Trey Hollingsworth,,187,286,0,0,473,0.395349,0.604651,0.0,0.395349,99,0.209302,Republican,58320,32191,0.55,0.551972,17175,15016,0.47,0.466466,https://www.in.gov/sos/elections/voter-information/files/2018-General-Election-Turnout-from-the-ENR-page.pdf,9,no
2018,Indiana,9,US House,Floyd,18043,Floyd,NEW ALBANY 31,Liz Watson,Trey Hollingsworth,,233,428,0,0,661,0.352496,0.647504,0.0,0.352496,195,0.295008,Republican,58320,32191,0.55,0.551972,17175,15016,0.47,0.466466,https://www.in.gov/sos/elections/voter-information/files/2018-General-Election-Turnout-from-the-ENR-page.pdf,9,no
2018,Indiana,9,US House,Floyd,18043,Floyd,NEW ALBANY 32,Liz Watson,Trey Hollingsworth,,217,296,0,0,513,0.423002,0.576998,0.0,0.423002,79,0.153996,Republican,58320,32191,0.55,0.551972,17175,15016,0.47,0.466466,https://www.in.gov/sos/elections/voter-information/files/2018-General-Election-Turnout-from-the-ENR-page.pdf,9,no
2018,Indiana,9,US House,Floyd,18043,Floyd,NEW ALBANY 33,Liz Watson,Trey Hollingsworth,,197,250,0,0,447,0.440716,0.559284,0.0,0.440716,53,0.118568,Republican,58320,32191,0.55,0.551972,17175,15016,0.47,0.466466,https://www.in.gov/sos/elections/voter-information/files/2018-General-Election-Turnout-from-the-ENR-page.pdf,9,no
2018,Indiana,9,US House,Floyd,18043,Floyd,NEW ALBANY 34,Liz Watson,Trey Hollingsworth,,253,357,0,0,610,0.414754,0.585246,0.0,0.414754,104,0.170492,Republican,58320,32191,0.55,0.551972,17175,15016,0.47,0.466466,https://www.in.gov/sos/elections/voter-information/files/2018-General-Election-Turnout-from-the-ENR-page.pdf,9,no
2018,Indiana,9,US House,Floyd,18043,Floyd,NEW ALBANY 35,Liz Watson,Trey Hollingsworth,,311,360,0,0,671,0.463487,0.536513,0.0,0.463487,49,0.073025,Republican,58320,32191,0.55,0.551972,17175,15016,0.47,0.466466,https://www.in.gov/sos/elections/voter-information/files/2018-General-Election-Turnout-from-the-ENR-page.pdf,9,no
2018,Indiana,9,US House,Floyd,18043,Floyd,NEW ALBANY 36,Liz Watson,Trey Hollingsworth,,222,230,0,0,452,0.49115,0.50885,0.0,0.49115,8,0.017699,Republican,58320,32191,0.55,0.551972,17175,15016,0.47,0.466466,https://www.in.gov/sos/elections/voter-information/files/2018-General-Election-Turnout-from-the-ENR-page.pdf,9,no
2018,Indiana,9,US House,Floyd,18043,Floyd,NEW ALBANY 37,Liz Watson,Trey Hollingsworth,,246,286,0,0,532,0.462406,0.537594,0.0,0.462406,40,0.075188,Republican,58320,32191,0.55,0.551972,17175,15016,0.47,0.466466,https://www.in.gov/sos/elections/voter-information/files/2018-General-Election-Turnout-from-the-ENR-page.pdf,9,no
2018,Indiana,9,US House,Floyd,18043,Floyd,NEW ALBANY 38,Liz Watson,Trey Hollingsworth,,266,381,0,0,647,0.411128,0.588872,0.0,0.411128,115,0.177743,Republican,58320,32191,0.55,0.551972,17175,15016,0.47,0.466466,https://www.in.gov/sos/elections/voter-information/files/2018-General-Election-Turnout-from-the-ENR-page.pdf,9,no
2018,Indiana,9,US House,Floyd,18043,Floyd,NEW ALBANY 39,Liz Watson,Trey Hollingsworth,,206,407,0,0,613,0.336052,0.663948,0.0,0.336052,201,0.327896,Republican,58320,32191,0.55,0.551972,17175,15016,0.47,0.466466,https://www.in.gov/sos/elections/voter-information/files/2018-General-Election-Turnout-from-the-ENR-page.pdf,9,no
2018,Indiana,9,US House,Floyd,18043,Floyd,NEW ALBANY 40,Liz Watson,Trey Hollingsworth,,239,227,0,0,466,0.512876,0.487124,0.0,0.512876,-12,-0.025751,Democratic,58320,32191,0.55,0.551972,17175,15016,0.47,0.466466,https://www.in.gov/sos/elections/voter-information/files/2018-General-Election-Turnout-from-the-ENR-page.pdf,9,no
2018,Indiana,9,US House,Floyd,18043,Floyd,NEW ALBANY 41,Liz Watson,Trey Hollingsworth,,291,326,0,0,617,0.471637,0.528363,0.0,0.471637,35,0.056726,Republican,58320,32191,0.55,0.551972,17175,15016,0.47,0.466466,https://www.in.gov/sos/elections/voter-information/files/2018-General-Election-Turnout-from-the-ENR-page.pdf,9,no
2018,Indiana,9,US House,Floyd,18043,Floyd,NEW ALBANY 42,Liz Watson,Trey Hollingsworth,,234,259,0,0,493,0.474645,0.525355,0.0,0.474645,25,0.05071,Republican,58320,32191,0.55,0.551972,17175,15016,0.47,0.466466,https://www.in.gov/sos/elections/voter-information/files/2018-General-Election-Turnout-from-the-ENR-page.pdf,9,no
2018,Indiana,9,US House,Floyd,18043,Floyd,NEW ALBANY 43,Liz Watson,Trey Hollingsworth,,193,159,0,0,352,0.548295,0.451705,0.0,0.548295,-34,-0.096591,Democratic,58320,32191,0.55,0.551972,17175,15016,0.47,0.466466,https://www.in.gov/sos/elections/voter-information/files/2018-General-Election-Turnout-from-the-ENR-page.pdf,9,no
2018,Indiana,9,US House,Floyd,18043,Floyd,NEW ALBANY 44,Liz Watson,Trey Hollingsworth,,305,321,0,0,626,0.48722,0.51278,0.0,0.48722,16,0.025559,Republican,58320,32191,0.55,0.551972,17175,15016,0.47,0.466466,https://www.in.gov/sos/elections/voter-information/files/2018-General-Election-Turnout-from-the-ENR-page.pdf,9,no
2018,Indiana,9,US House,Floyd,18043,Floyd,NEW ALBANY 45,Liz Watson,Trey Hollingsworth,,123,168,0,0,291,0.42268,0.57732,0.0,0.42268,45,0.154639,Republican,58320,32191,0.55,0.551972,17175,15016,0.47,0.466466,https://www.in.gov/sos/elections/voter-information/files/2018-General-Election-Turnout-from-the-ENR-page.pdf,9,no
2018,Indiana,9,US House,Floyd,18043,Floyd,NEW ALBANY 46,Liz Watson,Trey Hollingsworth,,101,225,0,0,326,0.309816,0.690184,0.0,0.309816,124,0.380368,Republican,58320,32191,0.55,0.551972,17175,15016,0.47,0.466466,https://www.in.gov/sos/elections/voter-information/files/2018-General-Election-Turnout-from-the-ENR-page.pdf,9,no
2018,Indiana,9,US House,Harrison,18061,Harrison,1,Liz Watson,Trey Hollingsworth,,132,250,0,0,382,0.34555,0.65445,0.0,0.34555,118,0.308901,Republican,28336,15825,0.56,0.558477,12176,3649,0.23,0.230585,https://www.in.gov/sos/elections/voter-information/files/2018-General-Election-Turnout-from-the-ENR-page.pdf,9,no
2018,Indiana,9,US House,Harrison,18061,Harrison,10,Liz Watson,Trey Hollingsworth,,181,353,0,0,534,0.338951,0.661049,0.0,0.338951,172,0.322097,Republican,28336,15825,0.56,0.558477,12176,3649,0.23,0.230585,https://www.in.gov/sos/elections/voter-information/files/2018-General-Election-Turnout-from-the-ENR-page.pdf,9,no
2018,Indiana,9,US House,Harrison,18061,Harrison,11,Liz Watson,Trey Hollingsworth,,117,155,0,0,272,0.430147,0.569853,0.0,0.430147,38,0.139706,Republican,28336,15825,0.56,0.558477,12176,3649,0.23,0.230585,https://www.in.gov/sos/elections/voter-information/files/2018-General-Election-Turnout-from-the-ENR-page.pdf,9,no
2018,Indiana,9,US House,Harrison,18061,Harrison,12,Liz Watson,Trey Hollingsworth,,181,337,0,0,518,0.349421,0.650579,0.0,0.349421,156,0.301158,Republican,28336,15825,0.56,0.558477,12176,3649,0.23,0.230585,https://www.in.gov/sos/elections/voter-information/files/2018-General-Election-Turnout-from-the-ENR-page.pdf,9,no
2018,Indiana,9,US House,Harrison,18061,Harrison,13,Liz Watson,Trey Hollingsworth,,184,304,0,0,488,0.377049,0.622951,0.0,0.377049,120,0.245902,Republican,28336,15825,0.56,0.558477,12176,3649,0.23,0.230585,https://www.in.gov/sos/elections/voter-information/files/2018-General-Election-Turnout-from-the-ENR-page.pdf,9,no
2018,Indiana,9,US House,Harrison,18061,Harrison,14,Liz Watson,Trey Hollingsworth,,175,278,0,0,453,0.386313,0.613687,0.0,0.386313,103,0.227373,Republican,28336,15825,0.56,0.558477,12176,3649,0.23,0.230585,https://www.in.gov/sos/elections/voter-information/files/2018-General-Election-Turnout-from-the-ENR-page.pdf,9,no
2018,Indiana,9,US House,Harrison,18061,Harrison,15,Liz Watson,Trey Hollingsworth,,60,161,0,0,221,0.271493,0.728507,0.0,0.271493,101,0.457014,Republican,28336,15825,0.56,0.558477,12176,3649,0.23,0.230585,https://www.in.gov/sos/elections/voter-information/files/2018-General-Election-Turnout-from-the-ENR-page.pdf,9,no
2018,Indiana,9,US House,Harrison,18061,Harrison,16,Liz Watson,Trey Hollingsworth,,58,134,0,0,192,0.302083,0.697917,0.0,0.302083,76,0.395833,Republican,28336,15825,0.56,0.558477,12176,3649,0.23,0.230585,https://www.in.gov/sos/elections/voter-information/files/2018-General-Election-Turnout-from-the-ENR-page.pdf,9,no
2018,Indiana,9,US House,Harrison,18061,Harrison,17,Liz Watson,Trey Hollingsworth,,187,321,0,0,508,0.36811,0.63189,0.0,0.36811,134,0.26378,Republican,28336,15825,0.56,0.558477,12176,3649,0.23,0.230585,https://www.in.gov/sos/elections/voter-information/files/2018-General-Election-Turnout-from-the-ENR-page.pdf,9,no
2018,Indiana,9,US House,Harrison,18061,Harrison,18,Liz Watson,Trey Hollingsworth,,129,253,0,0,382,0.337696,0.662304,0.0,0.337696,124,0.324607,Republican,28336,15825,0.56,0.558477,12176,3649,0.23,0.230585,https://www.in.gov/sos/elections/voter-information/files/2018-General-Election-Turnout-from-the-ENR-page.pdf,9,no
2018,Indiana,9,US House,Harrison,18061,Harrison,19,Liz Watson,Trey Hollingsworth,,182,307,0,0,489,0.372188,0.627812,0.0,0.372188,125,0.255624,Republican,28336,15825,0.56,0.558477,12176,3649,0.23,0.230585,https://www.in.gov/sos/elections/voter-information/files/2018-General-Election-Turnout-from-the-ENR-page.pdf,9,no
2018,Indiana,9,US House,Harrison,18061,Harrison,2,Liz Watson,Trey Hollingsworth,,172,276,0,0,448,0.383929,0.616071,0.0,0.383929,104,0.232143,Republican,28336,15825,0.56,0.558477,12176,3649,0.23,0.230585,https://www.in.gov/sos/elections/voter-information/files/2018-General-Election-Turnout-from-the-ENR-page.pdf,9,no
2018,Indiana,9,US House,Harrison,18061,Harrison,20,Liz Watson,Trey Hollingsworth,,206,364,0,0,570,0.361404,0.638596,0.0,0.361404,158,0.277193,Republican,28336,15825,0.56,0.558477,12176,3649,0.23,0.230585,https://www.in.gov/sos/elections/voter-information/files/2018-General-Election-Turnout-from-the-ENR-page.pdf,9,no
2018,Indiana,9,US House,Harrison,18061,Harrison,21,Liz Watson,Trey Hollingsworth,,159,256,0,0,415,0.383133,0.616867,0.0,0.383133,97,0.233735,Republican,28336,15825,0.56,0.558477,12176,3649,0.23,0.230585,https://www.in.gov/sos/elections/voter-information/files/2018-General-Election-Turnout-from-the-ENR-page.pdf,9,no
2018,Indiana,9,US House,Harrison,18061,Harrison,22,Liz Watson,Trey Hollingsworth,,134,229,0,0,363,0.369146,0.630854,0.0,0.369146,95,0.261708,Republican,28336,15825,0.56,0.558477,12176,3649,0.23,0.230585,https://www.in.gov/sos/elections/voter-information/files/2018-General-Election-Turnout-from-the-ENR-page.pdf,9,no
2018,Indiana,9,US House,Harrison,18061,Harrison,23,Liz Watson,Trey Hollingsworth,,176,316,0,0,492,0.357724,0.642276,0.0,0.357724,140,0.284553,Republican,28336,15825,0.56,0.558477,12176,3649,0.23,0.230585,https://www.in.gov/sos/elections/voter-information/files/2018-General-Election-Turnout-from-the-ENR-page.pdf,9,no
2018,Indiana,9,US House,Harrison,18061,Harrison,24,Liz Watson,Trey Hollingsworth,,91,343,0,0,434,0.209677,0.790323,0.0,0.209677,252,0.580645,Republican,28336,15825,0.56,0.558477,12176,3649,0.23,0.230585,https://www.in.gov/sos/elections/voter-information/files/2018-General-Election-Turnout-from-the-ENR-page.pdf,9,no
2018,Indiana,9,US House,Harrison,18061,Harrison,25,Liz Watson,Trey Hollingsworth,,99,231,0,0,330,0.3,0.7,0.0,0.3,132,0.4,Republican,28336,15825,0.56,0.558477,12176,3649,0.23,0.230585,https://www.in.gov/sos/elections/voter-information/files/2018-General-Election-Turnout-from-the-ENR-page.pdf,9,no
2018,Indiana,9,US House,Harrison,18061,Harrison,26,Liz Watson,Trey Hollingsworth,,163,315,0,0,478,0.341004,0.658996,0.0,0.341004,152,0.317992,Republican,28336,15825,0.56,0.558477,12176,3649,0.23,0.230585,https://www.in.gov/sos/elections/voter-information/files/2018-General-Election-Turnout-from-the-ENR-page.pdf,9,no
2018,Indiana,9,US House,Harrison,18061,Harrison,27,Liz Watson,Trey Hollingsworth,,150,249,0,0,399,0.37594,0.62406,0.0,0.37594,99,0.24812,Republican,28336,15825,0.56,0.558477,12176,3649,0.23,0.230585,https://www.in.gov/sos/elections/voter-information/files/2018-General-Election-Turnout-from-the-ENR-page.pdf,9,no
2018,Indiana,9,US House,Harrison,18061,Harrison,28,Liz Watson,Trey Hollingsworth,,167,240,0,0,407,0.410319,0.589681,0.0,0.410319,73,0.179361,Republican,28336,15825,0.56,0.558477,12176,3649,0.23,0.230585,https://www.in.gov/sos/elections/voter-information/files/2018-General-Election-Turnout-from-the-ENR-page.pdf,9,no
2018,Indiana,9,US House,Harrison,18061,Harrison,29,Liz Watson,Trey Hollingsworth,,110,185,0,0,295,0.372881,0.627119,0.0,0.372881,75,0.254237,Republican,28336,15825,0.56,0.558477,12176,3649,0.23,0.230585,https://www.in.gov/sos/elections/voter-information/files/2018-General-Election-Turnout-from-the-ENR-page.pdf,9,no
2018,Indiana,9,US House,Harrison,18061,Harrison,3,Liz Watson,Trey Hollingsworth,,71,193,0,0,264,0.268939,0.731061,0.0,0.268939,122,0.462121,Republican,28336,15825,0.56,0.558477,12176,3649,0.23,0.230585,https://www.in.gov/sos/elections/voter-information/files/2018-General-Election-Turnout-from-the-ENR-page.pdf,9,no
2018,Indiana,9,US House,Harrison,18061,Harrison,30,Liz Watson,Trey Hollingsworth,,40,110,0,0,150,0.266667,0.733333,0.0,0.266667,70,0.466667,Republican,28336,15825,0.56,0.558477,12176,3649,0.23,0.230585,https://www.in.gov/sos/elections/voter-information/files/2018-General-Election-Turnout-from-the-ENR-page.pdf,9,no
2018,Indiana,9,US House,Harrison,18061,Harrison,31,Liz Watson,Trey Hollingsworth,,56,119,0,0,175,0.32,0.68,0.0,0.32,63,0.36,Republican,28336,15825,0.56,0.558477,12176,3649,0.23,0.230585,https://www.in.gov/sos/elections/voter-information/files/2018-General-Election-Turnout-from-the-ENR-page.pdf,9,no
2018,Indiana,9,US House,Harrison,18061,Harrison,32,Liz Watson,Trey Hollingsworth,,139,268,0,0,407,0.341523,0.658477,0.0,0.341523,129,0.316953,Republican,28336,15825,0.56,0.558477,12176,3649,0.23,0.230585,https://www.in.gov/sos/elections/voter-information/files/2018-General-Election-Turnout-from-the-ENR-page.pdf,9,no
2018,Indiana,9,US House,Harrison,18061,Harrison,33,Liz Watson,Trey Hollingsworth,,114,258,0,0,372,0.306452,0.693548,0.0,0.306452,144,0.387097,Republican,28336,15825,0.56,0.558477,12176,3649,0.23,0.230585,https://www.in.gov/sos/elections/voter-information/files/2018-General-Election-Turnout-from-the-ENR-page.pdf,9,no
2018,Indiana,9,US House,Harrison,18061,Harrison,34,Liz Watson,Trey Hollingsworth,,112,229,0,0,341,0.328446,0.671554,0.0,0.328446,117,0.343109,Republican,28336,15825,0.56,0.558477,12176,3649,0.23,0.230585,https://www.in.gov/sos/elections/voter-information/files/2018-General-Election-Turnout-from-the-ENR-page.pdf,9,no
2018,Indiana,9,US House,Harrison,18061,Harrison,35,Liz Watson,Trey Hollingsworth,,161,234,0,0,395,0.407595,0.592405,0.0,0.407595,73,0.18481,Republican,28336,15825,0.56,0.558477,12176,3649,0.23,0.230585,https://www.in.gov/sos/elections/voter-information/files/2018-General-Election-Turnout-from-the-ENR-page.pdf,9,no
2018,Indiana,9,US House,Harrison,18061,Harrison,36,Liz Watson,Trey Hollingsworth,,199,333,0,0,532,0.37406,0.62594,0.0,0.37406,134,0.25188,Republican,28336,15825,0.56,0.558477,12176,3649,0.23,0.230585,https://www.in.gov/sos/elections/voter-information/files/2018-General-Election-Turnout-from-the-ENR-page.pdf,9,no
2018,Indiana,9,US House,Harrison,18061,Harrison,37,Liz Watson,Trey Hollingsworth,,154,332,0,0,486,0.316872,0.683128,0.0,0.316872,178,0.366255,Republican,28336,15825,0.56,0.558477,12176,3649,0.23,0.230585,https://www.in.gov/sos/elections/voter-information/files/2018-General-Election-Turnout-from-the-ENR-page.pdf,9,no
2018,Indiana,9,US House,Harrison,18061,Harrison,38,Liz Watson,Trey Hollingsworth,,143,311,0,0,454,0.314978,0.685022,0.0,0.314978,168,0.370044,Republican,28336,15825,0.56,0.558477,12176,3649,0.23,0.230585,https://www.in.gov/sos/elections/voter-information/files/2018-General-Election-Turnout-from-the-ENR-page.pdf,9,no
2018,Indiana,9,US House,Harrison,18061,Harrison,39,Liz Watson,Trey Hollingsworth,,123,188,0,0,311,0.395498,0.604502,0.0,0.395498,65,0.209003,Republican,28336,15825,0.56,0.558477,12176,3649,0.23,0.230585,https://www.in.gov/sos/elections/voter-information/files/2018-General-Election-Turnout-from-the-ENR-page.pdf,9,no
2018,Indiana,9,US House,Harrison,18061,Harrison,4,Liz Watson,Trey Hollingsworth,,79,222,0,0,301,0.262458,0.737542,0.0,0.262458,143,0.475083,Republican,28336,15825,0.56,0.558477,12176,3649,0.23,0.230585,https://www.in.gov/sos/elections/voter-information/files/2018-General-Election-Turnout-from-the-ENR-page.pdf,9,no
2018,Indiana,9,US House,Harrison,18061,Harrison,5,Liz Watson,Trey Hollingsworth,,165,302,0,0,467,0.353319,0.646681,0.0,0.353319,137,0.293362,Republican,28336,15825,0.56,0.558477,12176,3649,0.23,0.230585,https://www.in.gov/sos/elections/voter-information/files/2018-General-Election-Turnout-from-the-ENR-page.pdf,9,no
2018,Indiana,9,US House,Harrison,18061,Harrison,6,Liz Watson,Trey Hollingsworth,,121,272,0,0,393,0.307888,0.692112,0.0,0.307888,151,0.384224,Republican,28336,15825,0.56,0.558477,12176,3649,0.23,0.230585,https://www.in.gov/sos/elections/voter-information/files/2018-General-Election-Turnout-from-the-ENR-page.pdf,9,no
2018,Indiana,9,US House,Harrison,18061,Harrison,7,Liz Watson,Trey Hollingsworth,,204,348,0,0,552,0.369565,0.630435,0.0,0.369565,144,0.26087,Republican,28336,15825,0.56,0.558477,12176,3649,0.23,0.230585,https://www.in.gov/sos/elections/voter-information/files/2018-General-Election-Turnout-from-the-ENR-page.pdf,9,no
2018,Indiana,9,US House,Harrison,18061,Harrison,8,Liz Watson,Trey Hollingsworth,,181,304,0,0,485,0.373196,0.626804,0.0,0.373196,123,0.253608,Republican,28336,15825,0.56,0.558477,12176,3649,0.23,0.230585,https://www.in.gov/sos/elections/voter-information/files/2018-General-Election-Turnout-from-the-ENR-page.pdf,9,no
2018,Indiana,9,US House,Harrison,18061,Harrison,9,Liz Watson,Trey Hollingsworth,,140,241,0,0,381,0.367454,0.632546,0.0,0.367454,101,0.265092,Republican,28336,15825,0.56,0.558477,12176,3649,0.23,0.230585,https://www.in.gov/sos/elections/voter-information/files/2018-General-Election-Turnout-from-the-ENR-page.pdf,9,no
2018,Indiana,9,US House,Harrison,18061,Harrison,FEDERAL,Liz Watson,Trey Hollingsworth,,0,0,0,0,0,,,,,0,,Tie,28336,15825,0.56,0.558477,12176,3649,0.23,0.230585,https://www.in.gov/sos/elections/voter-information/files/2018-General-Election-Turnout-from-the-ENR-page.pdf,9,no
2018,Indiana,9,US House,Jackson,18071,Jackson,Brownstown 1,Liz Watson,Trey Hollingsworth,,112,253,0,0,365,0.306849,0.693151,0.0,0.306849,141,0.386301,Republican,27976,14828,0.53,0.530026,10238,4590,0.31,0.30955,https://www.in.gov/sos/elections/voter-information/files/2018-General-Election-Turnout-from-the-ENR-page.pdf,9,no
2018,Indiana,9,US House,Jackson,18071,Jackson,Brownstown 2,Liz Watson,Trey Hollingsworth,,144,363,0,0,507,0.284024,0.715976,0.0,0.284024,219,0.431953,Republican,27976,14828,0.53,0.530026,10238,4590,0.31,0.30955,https://www.in.gov/sos/elections/voter-information/files/2018-General-Election-Turnout-from-the-ENR-page.pdf,9,no
2018,Indiana,9,US House,Jackson,18071,Jackson,Brownstown 4,Liz Watson,Trey Hollingsworth,,27,62,0,0,89,0.303371,0.696629,0.0,0.303371,35,0.393258,Republican,27976,14828,0.53,0.530026,10238,4590,0.31,0.30955,https://www.in.gov/sos/elections/voter-information/files/2018-General-Election-Turnout-from-the-ENR-page.pdf,9,no
2018,Indiana,9,US House,Jackson,18071,Jackson,Brownstown East,Liz Watson,Trey Hollingsworth,,204,587,0,0,791,0.257901,0.742099,0.0,0.257901,383,0.484197,Republican,27976,14828,0.53,0.530026,10238,4590,0.31,0.30955,https://www.in.gov/sos/elections/voter-information/files/2018-General-Election-Turnout-from-the-ENR-page.pdf,9,no
2018,Indiana,9,US House,Jackson,18071,Jackson,Brownstown West,Liz Watson,Trey Hollingsworth,,92,226,0,0,318,0.289308,0.710692,0.0,0.289308,134,0.421384,Republican,27976,14828,0.53,0.530026,10238,4590,0.31,0.30955,https://www.in.gov/sos/elections/voter-information/files/2018-General-Election-Turnout-from-the-ENR-page.pdf,9,no
2018,Indiana,9,US House,Jackson,18071,Jackson,Carr,Liz Watson,Trey Hollingsworth,,136,320,0,0,456,0.298246,0.701754,0.0,0.298246,184,0.403509,Republican,27976,14828,0.53,0.530026,10238,4590,0.31,0.30955,https://www.in.gov/sos/elections/voter-information/files/2018-General-Election-Turnout-from-the-ENR-page.pdf,9,no
2018,Indiana,9,US House,Jackson,18071,Jackson,Driftwood,Liz Watson,Trey Hollingsworth,,135,282,0,0,417,0.323741,0.676259,0.0,0.323741,147,0.352518,Republican,27976,14828,0.53,0.530026,10238,4590,0.31,0.30955,https://www.in.gov/sos/elections/voter-information/files/2018-General-Election-Turnout-from-the-ENR-page.pdf,9,no
2018,Indiana,9,US House,Jackson,18071,Jackson,Grassy Fork,Liz Watson,Trey Hollingsworth,,65,227,0,0,292,0.222603,0.777397,0.0,0.222603,162,0.554795,Republican,27976,14828,0.53,0.530026,10238,4590,0.31,0.30955,https://www.in.gov/sos/elections/voter-information/files/2018-General-Election-Turnout-from-the-ENR-page.pdf,9,no
2018,Indiana,9,US House,Jackson,18071,Jackson,Hamilton,Liz Watson,Trey Hollingsworth,,202,502,0,0,704,0.286932,0.713068,0.0,0.286932,300,0.426136,Republican,27976,14828,0.53,0.530026,10238,4590,0.31,0.30955,https://www.in.gov/sos/elections/voter-information/files/2018-General-Election-Turnout-from-the-ENR-page.pdf,9,no
2018,Indiana,9,US House,Jackson,18071,Jackson,Jackson 1 East,Liz Watson,Trey Hollingsworth,,194,285,0,0,479,0.40501,0.59499,0.0,0.40501,91,0.189979,Republican,27976,14828,0.53,0.530026,10238,4590,0.31,0.30955,https://www.in.gov/sos/elections/voter-information/files/2018-General-Election-Turnout-from-the-ENR-page.pdf,9,no
2018,Indiana,9,US House,Jackson,18071,Jackson,Jackson 2 East,Liz Watson,Trey Hollingsworth,,145,230,0,0,375,0.386667,0.613333,0.0,0.386667,85,0.226667,Republican,27976,14828,0.53,0.530026,10238,4590,0.31,0.30955,https://www.in.gov/sos/elections/voter-information/files/2018-General-Election-Turnout-from-the-ENR-page.pdf,9,no
2018,Indiana,9,US House,Jackson,18071,Jackson,Jackson 2 West,Liz Watson,Trey Hollingsworth,,66,112,0,0,178,0.370787,0.629213,0.0,0.370787,46,0.258427,Republican,27976,14828,0.53,0.530026,10238,4590,0.31,0.30955,https://www.in.gov/sos/elections/voter-information/files/2018-General-Election-Turnout-from-the-ENR-page.pdf,9,no
2018,Indiana,9,US House,Jackson,18071,Jackson,Jackson 3 North,Liz Watson,Trey Hollingsworth,,105,215,0,0,320,0.328125,0.671875,0.0,0.328125,110,0.34375,Republican,27976,14828,0.53,0.530026,10238,4590,0.31,0.30955,https://www.in.gov/sos/elections/voter-information/files/2018-General-Election-Turnout-from-the-ENR-page.pdf,9,no
2018,Indiana,9,US House,Jackson,18071,Jackson,Jackson 3 South,Liz Watson,Trey Hollingsworth,,154,288,0,0,442,0.348416,0.651584,0.0,0.348416,134,0.303167,Republican,27976,14828,0.53,0.530026,10238,4590,0.31,0.30955,https://www.in.gov/sos/elections/voter-information/files/2018-General-Election-Turnout-from-the-ENR-page.pdf,9,no
2018,Indiana,9,US House,Jackson,18071,Jackson,Jackson 4 North,Liz Watson,Trey Hollingsworth,,311,594,0,0,905,0.343646,0.656354,0.0,0.343646,283,0.312707,Republican,27976,14828,0.53,0.530026,10238,4590,0.31,0.30955,https://www.in.gov/sos/elections/voter-information/files/2018-General-Election-Turnout-from-the-ENR-page.pdf,9,no
2018,Indiana,9,US House,Jackson,18071,Jackson,Jackson 4 South,Liz Watson,Trey Hollingsworth,,158,345,0,0,503,0.314115,0.685885,0.0,0.314115,187,0.371769,Republican,27976,14828,0.53,0.530026,10238,4590,0.31,0.30955,https://www.in.gov/sos/elections/voter-information/files/2018-General-Election-Turnout-from-the-ENR-page.pdf,9,no
2018,Indiana,9,US House,Jackson,18071,Jackson,Jackson 5 East,Liz Watson,Trey Hollingsworth,,229,335,0,0,564,0.406028,0.593972,0.0,0.406028,106,0.187943,Republican,27976,14828,0.53,0.530026,10238,4590,0.31,0.30955,https://www.in.gov/sos/elections/voter-information/files/2018-General-Election-Turnout-from-the-ENR-page.pdf,9,no
2018,Indiana,9,US House,Jackson,18071,Jackson,Jackson 5 North,Liz Watson,Trey Hollingsworth,,278,509,0,0,787,0.35324,0.64676,0.0,0.35324,231,0.29352,Republican,27976,14828,0.53,0.530026,10238,4590,0.31,0.30955,https://www.in.gov/sos/elections/voter-information/files/2018-General-Election-Turnout-from-the-ENR-page.pdf,9,no
2018,Indiana,9,US House,Jackson,18071,Jackson,Jackson 6,Liz Watson,Trey Hollingsworth,,196,382,0,0,578,0.3391,0.6609,0.0,0.3391,186,0.321799,Republican,27976,14828,0.53,0.530026,10238,4590,0.31,0.30955,https://www.in.gov/sos/elections/voter-information/files/2018-General-Election-Turnout-from-the-ENR-page.pdf,9,no
2018,Indiana,9,US House,Jackson,18071,Jackson,Jackson 7,Liz Watson,Trey Hollingsworth,,198,481,0,0,679,0.291605,0.708395,0.0,0.291605,283,0.416789,Republican,27976,14828,0.53,0.530026,10238,4590,0.31,0.30955,https://www.in.gov/sos/elections/voter-information/files/2018-General-Election-Turnout-from-the-ENR-page.pdf,9,no
2018,Indiana,9,US House,Jackson,18071,Jackson,Owen,Liz Watson,Trey Hollingsworth,,169,409,0,0,578,0.292388,0.707612,0.0,0.292388,240,0.415225,Republican,27976,14828,0.53,0.530026,10238,4590,0.31,0.30955,https://www.in.gov/sos/elections/voter-information/files/2018-General-Election-Turnout-from-the-ENR-page.pdf,9,no
2018,Indiana,9,US House,Jackson,18071,Jackson,Pershing,Liz Watson,Trey Hollingsworth,,136,382,0,0,518,0.262548,0.737452,0.0,0.262548,246,0.474903,Republican,27976,14828,0.53,0.530026,10238,4590,0.31,0.30955,https://www.in.gov/sos/elections/voter-information/files/2018-General-Election-Turnout-from-the-ENR-page.pdf,9,no
2018,Indiana,9,US House,Jackson,18071,Jackson,Redding East,Liz Watson,Trey Hollingsworth,,162,542,0,0,704,0.230114,0.769886,0.0,0.230114,380,0.539773,Republican,27976,14828,0.53,0.530026,10238,4590,0.31,0.30955,https://www.in.gov/sos/elections/voter-information/files/2018-General-Election-Turnout-from-the-ENR-page.pdf,9,no
2018,Indiana,9,US House,Jackson,18071,Jackson,Redding Seymour City,Liz Watson,Trey Hollingsworth,,138,282,0,0,420,0.328571,0.671429,0.0,0.328571,144,0.342857,Republican,27976,14828,0.53,0.530026,10238,4590,0.31,0.30955,https://www.in.gov/sos/elections/voter-information/files/2018-General-Election-Turnout-from-the-ENR-page.pdf,9,no
2018,Indiana,9,US House,Jackson,18071,Jackson,Redding West,Liz Watson,Trey Hollingsworth,,209,466,0,0,675,0.30963,0.69037,0.0,0.30963,257,0.380741,Republican,27976,14828,0.53,0.530026,10238,4590,0.31,0.30955,https://www.in.gov/sos/elections/voter-information/files/2018-General-Election-Turnout-from-the-ENR-page.pdf,9,no
2018,Indiana,9,US House,Jackson,18071,Jackson,Salt Creek,Liz Watson,Trey Hollingsworth,,32,98,0,0,130,0.246154,0.753846,0.0,0.246154,66,0.507692,Republican,27976,14828,0.53,0.530026,10238,4590,0.31,0.30955,https://www.in.gov/sos/elections/voter-information/files/2018-General-Election-Turnout-from-the-ENR-page.pdf,9,no
2018,Indiana,9,US House,Jackson,18071,Jackson,Vernon Crothersville,Liz Watson,Trey Hollingsworth,,171,341,0,0,512,0.333984,0.666016,0.0,0.333984,170,0.332031,Republican,27976,14828,0.53,0.530026,10238,4590,0.31,0.30955,https://www.in.gov/sos/elections/voter-information/files/2018-General-Election-Turnout-from-the-ENR-page.pdf,9,no
2018,Indiana,9,US House,Jackson,18071,Jackson,Vernon North,Liz Watson,Trey Hollingsworth,,83,216,0,0,299,0.277592,0.722408,0.0,0.277592,133,0.444816,Republican,27976,14828,0.53,0.530026,10238,4590,0.31,0.30955,https://www.in.gov/sos/elections/voter-information/files/2018-General-Election-Turnout-from-the-ENR-page.pdf,9,no
2018,Indiana,9,US House,Jackson,18071,Jackson,Vernon South,Liz Watson,Trey Hollingsworth,,89,175,0,0,264,0.337121,0.662879,0.0,0.337121,86,0.325758,Republican,27976,14828,0.53,0.530026,10238,4590,0.31,0.30955,https://www.in.gov/sos/elections/voter-information/files/2018-General-Election-Turnout-from-the-ENR-page.pdf,9,no
2018,Indiana,9,US House,Jackson,18071,Jackson,Washington,Liz Watson,Trey Hollingsworth,,141,426,0,0,567,0.248677,0.751323,0.0,0.248677,285,0.502646,Republican,27976,14828,0.53,0.530026,10238,4590,0.31,0.30955,https://www.in.gov/sos/elections/voter-information/files/2018-General-Election-Turnout-from-the-ENR-page.pdf,9,no
2018,Indiana,9,US House,Johnson,18081,Johnson,0001 BLUE RIVER 1,Liz Watson,Trey Hollingsworth,,56,142,0,0,198,0.282828,0.717172,0.0,0.282828,86,0.434343,Republican,103953,52220,0.5,0.502342,27998,24222,0.46,0.463845,https://www.in.gov/sos/elections/voter-information/files/2018-General-Election-Turnout-from-the-ENR-page.pdf,9,no
2018,Indiana,9,US House,Johnson,18081,Johnson,0002 BLUE RIVER 2,Liz Watson,Trey Hollingsworth,,93,179,0,0,272,0.341912,0.658088,0.0,0.341912,86,0.316176,Republican,103953,52220,0.5,0.502342,27998,24222,0.46,0.463845,https://www.in.gov/sos/elections/voter-information/files/2018-General-Election-Turnout-from-the-ENR-page.pdf,9,no
2018,Indiana,9,US House,Johnson,18081,Johnson,0003 BLUE RIVER 3,Liz Watson,Trey Hollingsworth,,71,262,0,0,333,0.213213,0.786787,0.0,0.213213,191,0.573574,Republican,103953,52220,0.5,0.502342,27998,24222,0.46,0.463845,https://www.in.gov/sos/elections/voter-information/files/2018-General-Election-Turnout-from-the-ENR-page.pdf,9,no
2018,Indiana,9,US House,Johnson,18081,Johnson,0004 BLUE RIVER 4,Liz Watson,Trey Hollingsworth,,74,148,0,0,222,0.333333,0.666667,0.0,0.333333,74,0.333333,Republican,103953,52220,0.5,0.502342,27998,24222,0.46,0.463845,https://www.in.gov/sos/elections/voter-information/files/2018-General-Election-Turnout-from-the-ENR-page.pdf,9,no
2018,Indiana,9,US House,Johnson,18081,Johnson,0005 BLUE RIVER 5,Liz Watson,Trey Hollingsworth,,61,173,0,0,234,0.260684,0.739316,0.0,0.260684,112,0.478632,Republican,103953,52220,0.5,0.502342,27998,24222,0.46,0.463845,https://www.in.gov/sos/elections/voter-information/files/2018-General-Election-Turnout-from-the-ENR-page.pdf,9,no
2018,Indiana,9,US House,Johnson,18081,Johnson,0006 CLARK 1,Liz Watson,Trey Hollingsworth,,51,202,0,0,253,0.201581,0.798419,0.0,0.201581,151,0.596838,Republican,103953,52220,0.5,0.502342,27998,24222,0.46,0.463845,https://www.in.gov/sos/elections/voter-information/files/2018-General-Election-Turnout-from-the-ENR-page.pdf,9,no
2018,Indiana,9,US House,Johnson,18081,Johnson,0007 CLARK 2,Liz Watson,Trey Hollingsworth,,97,355,0,0,452,0.214602,0.785398,0.0,0.214602,258,0.570796,Republican,103953,52220,0.5,0.502342,27998,24222,0.46,0.463845,https://www.in.gov/sos/elections/voter-information/files/2018-General-Election-Turnout-from-the-ENR-page.pdf,9,no
2018,Indiana,9,US House,Johnson,18081,Johnson,0008 CLARK 3,Liz Watson,Trey Hollingsworth,,132,333,0,0,465,0.283871,0.716129,0.0,0.283871,201,0.432258,Republican,103953,52220,0.5,0.502342,27998,24222,0.46,0.463845,https://www.in.gov/sos/elections/voter-information/files/2018-General-Election-Turnout-from-the-ENR-page.pdf,9,no
2018,Indiana,9,US House,Johnson,18081,Johnson,0009 FRANKLIN 1,Liz Watson,Trey Hollingsworth,,162,385,0,0,547,0.296161,0.703839,0.0,0.296161,223,0.407678,Republican,103953,52220,0.5,0.502342,27998,24222,0.46,0.463845,https://www.in.gov/sos/elections/voter-information/files/2018-General-Election-Turnout-from-the-ENR-page.pdf,9,no
2018,Indiana,9,US House,Johnson,18081,Johnson,0010 FRANKLIN 2,Liz Watson,Trey Hollingsworth,,180,179,0,0,359,0.501393,0.498607,0.0,0.501393,-1,-0.002786,Democratic,103953,52220,0.5,0.502342,27998,24222,0.46,0.463845,https://www.in.gov/sos/elections/voter-information/files/2018-General-Election-Turnout-from-the-ENR-page.pdf,9,no
2018,Indiana,9,US House,Johnson,18081,Johnson,0011 FRANKLIN 3,Liz Watson,Trey Hollingsworth,,73,112,0,0,185,0.394595,0.605405,0.0,0.394595,39,0.210811,Republican,103953,52220,0.5,0.502342,27998,24222,0.46,0.463845,https://www.in.gov/sos/elections/voter-information/files/2018-General-Election-Turnout-from-the-ENR-page.pdf,9,no
2018,Indiana,9,US House,Johnson,18081,Johnson,0012 FRANKLIN 4,Liz Watson,Trey Hollingsworth,,156,190,0,0,346,0.450867,0.549133,0.0,0.450867,34,0.098266,Republican,103953,52220,0.5,0.502342,27998,24222,0.46,0.463845,https://www.in.gov/sos/elections/voter-information/files/2018-General-Election-Turnout-from-the-ENR-page.pdf,9,no
2018,Indiana,9,US House,Johnson,18081,Johnson,0013 FRANKLIN 5,Liz Watson,Trey Hollingsworth,,85,89,0,0,174,0.488506,0.511494,0.0,0.488506,4,0.022989,Republican,103953,52220,0.5,0.502342,27998,24222,0.46,0.463845,https://www.in.gov/sos/elections/voter-information/files/2018-General-Election-Turnout-from-the-ENR-page.pdf,9,no
2018,Indiana,9,US House,Johnson,18081,Johnson,0014 FRANKLIN 6,Liz Watson,Trey Hollingsworth,,122,189,0,0,311,0.392283,0.607717,0.0,0.392283,67,0.215434,Republican,103953,52220,0.5,0.502342,27998,24222,0.46,0.463845,https://www.in.gov/sos/elections/voter-information/files/2018-General-Election-Turnout-from-the-ENR-page.pdf,9,no
2018,Indiana,9,US House,Johnson,18081,Johnson,0015 FRANKLIN 7,Liz Watson,Trey Hollingsworth,,158,150,0,0,308,0.512987,0.487013,0.0,0.512987,-8,-0.025974,Democratic,103953,52220,0.5,0.502342,27998,24222,0.46,0.463845,https://www.in.gov/sos/elections/voter-information/files/2018-General-Election-Turnout-from-the-ENR-page.pdf,9,no
2018,Indiana,9,US House,Johnson,18081,Johnson,0016 FRANKLIN 8,Liz Watson,Trey Hollingsworth,,50,123,0,0,173,0.289017,0.710983,0.0,0.289017,73,0.421965,Republican,103953,52220,0.5,0.502342,27998,24222,0.46,0.463845,https://www.in.gov/sos/elections/voter-information/files/2018-General-Election-Turnout-from-the-ENR-page.pdf,9,no
2018,Indiana,9,US House,Johnson,18081,Johnson,0017 FRANKLIN 9,Liz Watson,Trey Hollingsworth,,220,400,0,0,620,0.354839,0.645161,0.0,0.354839,180,0.290323,Republican,103953,52220,0.5,0.502342,27998,24222,0.46,0.463845,https://www.in.gov/sos/elections/voter-information/files/2018-General-Election-Turnout-from-the-ENR-page.pdf,9,no
2018,Indiana,9,US House,Johnson,18081,Johnson,0018 FRANKLIN 10,Liz Watson,Trey Hollingsworth,,94,191,0,0,285,0.329825,0.670175,0.0,0.329825,97,0.340351,Republican,103953,52220,0.5,0.502342,27998,24222,0.46,0.463845,https://www.in.gov/sos/elections/voter-information/files/2018-General-Election-Turnout-from-the-ENR-page.pdf,9,no
2018,Indiana,9,US House,Johnson,18081,Johnson,0019 FRANKLIN 11,Liz Watson,Trey Hollingsworth,,92,141,0,0,233,0.39485,0.60515,0.0,0.39485,49,0.2103,Republican,103953,52220,0.5,0.502342,27998,24222,0.46,0.463845,https://www.in.gov/sos/elections/voter-information/files/2018-General-Election-Turnout-from-the-ENR-page.pdf,9,no
2018,Indiana,9,US House,Johnson,18081,Johnson,0020 FRANKLIN 12,Liz Watson,Trey Hollingsworth,,44,78,0,0,122,0.360656,0.639344,0.0,0.360656,34,0.278689,Republican,103953,52220,0.5,0.502342,27998,24222,0.46,0.463845,https://www.in.gov/sos/elections/voter-information/files/2018-General-Election-Turnout-from-the-ENR-page.pdf,9,no
2018,Indiana,9,US House,Johnson,18081,Johnson,0021 FRANKLIN 13,Liz Watson,Trey Hollingsworth,,64,137,0,0,201,0.318408,0.681592,0.0,0.318408,73,0.363184,Republican,103953,52220,0.5,0.502342,27998,24222,0.46,0.463845,https://www.in.gov/sos/elections/voter-information/files/2018-General-Election-Turnout-from-the-ENR-page.pdf,9,no
2018,Indiana,9,US House,Johnson,18081,Johnson,0022 FRANKLIN 14,Liz Watson,Trey Hollingsworth,,68,121,0,0,189,0.359788,0.640212,0.0,0.359788,53,0.280423,Republican,103953,52220,0.5,0.502342,27998,24222,0.46,0.463845,https://www.in.gov/sos/elections/voter-information/files/2018-General-Election-Turnout-from-the-ENR-page.pdf,9,no
2018,Indiana,9,US House,Johnson,18081,Johnson,0023 FRANKLIN 15,Liz Watson,Trey Hollingsworth,,128,265,0,0,393,0.3257,0.6743,0.0,0.3257,137,0.348601,Republican,103953,52220,0.5,0.502342,27998,24222,0.46,0.463845,https://www.in.gov/sos/elections/voter-information/files/2018-General-Election-Turnout-from-the-ENR-page.pdf,9,no
2018,Indiana,9,US House,Johnson,18081,Johnson,0024 FRANKLIN 16,Liz Watson,Trey Hollingsworth,,183,349,0,0,532,0.343985,0.656015,0.0,0.343985,166,0.31203,Republican,103953,52220,0.5,0.502342,27998,24222,0.46,0.463845,https://www.in.gov/sos/elections/voter-information/files/2018-General-Election-Turnout-from-the-ENR-page.pdf,9,no
2018,Indiana,9,US House,Johnson,18081,Johnson,0025 FRANKLIN 17,Liz Watson,Trey Hollingsworth,,142,233,0,0,375,0.378667,0.621333,0.0,0.378667,91,0.242667,Republican,103953,52220,0.5,0.502342,27998,24222,0.46,0.463845,https://www.in.gov/sos/elections/voter-information/files/2018-General-Election-Turnout-from-the-ENR-page.pdf,9,no
2018,Indiana,9,US House,Johnson,18081,Johnson,0026 FRANKLIN 18,Liz Watson,Trey Hollingsworth,,113,149,0,0,262,0.431298,0.568702,0.0,0.431298,36,0.137405,Republican,103953,52220,0.5,0.502342,27998,24222,0.46,0.463845,https://www.in.gov/sos/elections/voter-information/files/2018-General-Election-Turnout-from-the-ENR-page.pdf,9,no
2018,Indiana,9,US House,Johnson,18081,Johnson,0027 FRANKLIN 19,Liz Watson,Trey Hollingsworth,,155,270,0,0,425,0.364706,0.635294,0.0,0.364706,115,0.270588,Republican,103953,52220,0.5,0.502342,27998,24222,0.46,0.463845,https://www.in.gov/sos/elections/voter-information/files/2018-General-Election-Turnout-from-the-ENR-page.pdf,9,no
2018,Indiana,9,US House,Johnson,18081,Johnson,0028 FRANKLIN 20,Liz Watson,Trey Hollingsworth,,90,121,0,0,211,0.42654,0.57346,0.0,0.42654,31,0.146919,Republican,103953,52220,0.5,0.502342,27998,24222,0.46,0.463845,https://www.in.gov/sos/elections/voter-information/files/2018-General-Election-Turnout-from-the-ENR-page.pdf,9,no
2018,Indiana,9,US House,Johnson,18081,Johnson,0029 HENSLEY 1,Liz Watson,Trey Hollingsworth,,42,173,0,0,215,0.195349,0.804651,0.0,0.195349,131,0.609302,Republican,103953,52220,0.5,0.502342,27998,24222,0.46,0.463845,https://www.in.gov/sos/elections/voter-information/files/2018-General-Election-Turnout-from-the-ENR-page.pdf,9,no
2018,Indiana,9,US House,Johnson,18081,Johnson,0030 HENSLEY 2,Liz Watson,Trey Hollingsworth,,186,477,0,0,663,0.280543,0.719457,0.0,0.280543,291,0.438914,Republican,103953,52220,0.5,0.502342,27998,24222,0.46,0.463845,https://www.in.gov/sos/elections/voter-information/files/2018-General-Election-Turnout-from-the-ENR-page.pdf,9,no
2018,Indiana,9,US House,Johnson,18081,Johnson,0031 HENSLEY 3,Liz Watson,Trey Hollingsworth,,106,382,0,0,488,0.217213,0.782787,0.0,0.217213,276,0.565574,Republican,103953,52220,0.5,0.502342,27998,24222,0.46,0.463845,https://www.in.gov/sos/elections/voter-information/files/2018-General-Election-Turnout-from-the-ENR-page.pdf,9,no
2018,Indiana,9,US House,Johnson,18081,Johnson,0032 NEEDHAM 1,Liz Watson,Trey Hollingsworth,,160,424,0,0,584,0.273973,0.726027,0.0,0.273973,264,0.452055,Republican,103953,52220,0.5,0.502342,27998,24222,0.46,0.463845,https://www.in.gov/sos/elections/voter-information/files/2018-General-Election-Turnout-from-the-ENR-page.pdf,9,no
2018,Indiana,9,US House,Johnson,18081,Johnson,0033 NEEDHAM 2,Liz Watson,Trey Hollingsworth,,257,433,0,0,690,0.372464,0.627536,0.0,0.372464,176,0.255072,Republican,103953,52220,0.5,0.502342,27998,24222,0.46,0.463845,https://www.in.gov/sos/elections/voter-information/files/2018-General-Election-Turnout-from-the-ENR-page.pdf,9,no
2018,Indiana,9,US House,Johnson,18081,Johnson,0034 NEEDHAM 3,Liz Watson,Trey Hollingsworth,,103,215,0,0,318,0.323899,0.676101,0.0,0.323899,112,0.352201,Republican,103953,52220,0.5,0.502342,27998,24222,0.46,0.463845,https://www.in.gov/sos/elections/voter-information/files/2018-General-Election-Turnout-from-the-ENR-page.pdf,9,no
2018,Indiana,9,US House,Johnson,18081,Johnson,0035 NEEDHAM 4,Liz Watson,Trey Hollingsworth,,184,285,0,0,469,0.392324,0.607676,0.0,0.392324,101,0.215352,Republican,103953,52220,0.5,0.502342,27998,24222,0.46,0.463845,https://www.in.gov/sos/elections/voter-information/files/2018-General-Election-Turnout-from-the-ENR-page.pdf,9,no
2018,Indiana,9,US House,Johnson,18081,Johnson,0036 NEEDHAM 5,Liz Watson,Trey Hollingsworth,,238,354,0,0,592,0.402027,0.597973,0.0,0.402027,116,0.195946,Republican,103953,52220,0.5,0.502342,27998,24222,0.46,0.463845,https://www.in.gov/sos/elections/voter-information/files/2018-General-Election-Turnout-from-the-ENR-page.pdf,9,no
2018,Indiana,9,US House,Johnson,18081,Johnson,0037 NINEVEH 1,Liz Watson,Trey Hollingsworth,,159,597,0,0,756,0.210317,0.789683,0.0,0.210317,438,0.579365,Republican,103953,52220,0.5,0.502342,27998,24222,0.46,0.463845,https://www.in.gov/sos/elections/voter-information/files/2018-General-Election-Turnout-from-the-ENR-page.pdf,9,no
2018,Indiana,9,US House,Johnson,18081,Johnson,0038 NINEVEH 2,Liz Watson,Trey Hollingsworth,,141,452,0,0,593,0.237774,0.762226,0.0,0.237774,311,0.524452,Republican,103953,52220,0.5,0.502342,27998,24222,0.46,0.463845,https://www.in.gov/sos/elections/voter-information/files/2018-General-Election-Turnout-from-the-ENR-page.pdf,9,no
2018,Indiana,9,US House,Johnson,18081,Johnson,0039 NINEVEH 3,Liz Watson,Trey Hollingsworth,,69,220,0,0,289,0.238754,0.761246,0.0,0.238754,151,0.522491,Republican,103953,52220,0.5,0.502342,27998,24222,0.46,0.463845,https://www.in.gov/sos/elections/voter-information/files/2018-General-Election-Turnout-from-the-ENR-page.pdf,9,no
2018,Indiana,9,US House,Johnson,18081,Johnson,0040 PLEASANT 1,Liz Watson,Trey Hollingsworth,,90,220,0,0,310,0.290323,0.709677,0.0,0.290323,130,0.419355,Republican,103953,52220,0.5,0.502342,27998,24222,0.46,0.463845,https://www.in.gov/sos/elections/voter-information/files/2018-General-Election-Turnout-from-the-ENR-page.pdf,9,no
2018,Indiana,9,US House,Johnson,18081,Johnson,0041 PLEASANT 2,Liz Watson,Trey Hollingsworth,,97,190,0,0,287,0.337979,0.662021,0.0,0.337979,93,0.324042,Republican,103953,52220,0.5,0.502342,27998,24222,0.46,0.463845,https://www.in.gov/sos/elections/voter-information/files/2018-General-Election-Turnout-from-the-ENR-page.pdf,9,no
2018,Indiana,9,US House,Johnson,18081,Johnson,0042 PLEASANT 3,Liz Watson,Trey Hollingsworth,,248,372,0,0,620,0.4,0.6,0.0,0.4,124,0.2,Republican,103953,52220,0.5,0.502342,27998,24222,0.46,0.463845,https://www.in.gov/sos/elections/voter-information/files/2018-General-Election-Turnout-from-the-ENR-page.pdf,9,no
2018,Indiana,9,US House,Johnson,18081,Johnson,0043 PLEASANT 4,Liz Watson,Trey Hollingsworth,,94,134,0,0,228,0.412281,0.587719,0.0,0.412281,40,0.175439,Republican,103953,52220,0.5,0.502342,27998,24222,0.46,0.463845,https://www.in.gov/sos/elections/voter-information/files/2018-General-Election-Turnout-from-the-ENR-page.pdf,9,no
2018,Indiana,9,US House,Johnson,18081,Johnson,0044 PLEASANT 5,Liz Watson,Trey Hollingsworth,,72,99,0,0,171,0.421053,0.578947,0.0,0.421053,27,0.157895,Republican,103953,52220,0.5,0.502342,27998,24222,0.46,0.463845,https://www.in.gov/sos/elections/voter-information/files/2018-General-Election-Turnout-from-the-ENR-page.pdf,9,no
2018,Indiana,9,US House,Johnson,18081,Johnson,0045 PLEASANT 6,Liz Watson,Trey Hollingsworth,,107,188,0,0,295,0.362712,0.637288,0.0,0.362712,81,0.274576,Republican,103953,52220,0.5,0.502342,27998,24222,0.46,0.463845,https://www.in.gov/sos/elections/voter-information/files/2018-General-Election-Turnout-from-the-ENR-page.pdf,9,no
2018,Indiana,9,US House,Johnson,18081,Johnson,0046 PLEASANT 7,Liz Watson,Trey Hollingsworth,,105,228,0,0,333,0.315315,0.684685,0.0,0.315315,123,0.369369,Republican,103953,52220,0.5,0.502342,27998,24222,0.46,0.463845,https://www.in.gov/sos/elections/voter-information/files/2018-General-Election-Turnout-from-the-ENR-page.pdf,9,no
2018,Indiana,9,US House,Johnson,18081,Johnson,0047 PLEASANT 8,Liz Watson,Trey Hollingsworth,,110,214,0,0,324,0.339506,0.660494,0.0,0.339506,104,0.320988,Republican,103953,52220,0.5,0.502342,27998,24222,0.46,0.463845,https://www.in.gov/sos/elections/voter-information/files/2018-General-Election-Turnout-from-the-ENR-page.pdf,9,no
2018,Indiana,9,US House,Johnson,18081,Johnson,0048 PLEASANT 9,Liz Watson,Trey Hollingsworth,,116,210,0,0,326,0.355828,0.644172,0.0,0.355828,94,0.288344,Republican,103953,52220,0.5,0.502342,27998,24222,0.46,0.463845,https://www.in.gov/sos/elections/voter-information/files/2018-General-Election-Turnout-from-the-ENR-page.pdf,9,no
2018,Indiana,9,US House,Johnson,18081,Johnson,0049 PLEASANT 10,Liz Watson,Trey Hollingsworth,,73,130,0,0,203,0.359606,0.640394,0.0,0.359606,57,0.280788,Republican,103953,52220,0.5,0.502342,27998,24222,0.46,0.463845,https://www.in.gov/sos/elections/voter-information/files/2018-General-Election-Turnout-from-the-ENR-page.pdf,9,no
2018,Indiana,9,US House,Johnson,18081,Johnson,0050 PLEASANT 11,Liz Watson,Trey Hollingsworth,,237,390,0,0,627,0.37799,0.62201,0.0,0.37799,153,0.244019,Republican,103953,52220,0.5,0.502342,27998,24222,0.46,0.463845,https://www.in.gov/sos/elections/voter-information/files/2018-General-Election-Turnout-from-the-ENR-page.pdf,9,no
2018,Indiana,9,US House,Johnson,18081,Johnson,0051 PLEASANT 12,Liz Watson,Trey Hollingsworth,,106,240,0,0,346,0.306358,0.693642,0.0,0.306358,134,0.387283,Republican,103953,52220,0.5,0.502342,27998,24222,0.46,0.463845,https://www.in.gov/sos/elections/voter-information/files/2018-General-Election-Turnout-from-the-ENR-page.pdf,9,no
2018,Indiana,9,US House,Johnson,18081,Johnson,0052 PLEASANT 13,Liz Watson,Trey Hollingsworth,,230,187,0,0,417,0.551559,0.448441,0.0,0.551559,-43,-0.103118,Democratic,103953,52220,0.5,0.502342,27998,24222,0.46,0.463845,https://www.in.gov/sos/elections/voter-information/files/2018-General-Election-Turnout-from-the-ENR-page.pdf,9,no
2018,Indiana,9,US House,Johnson,18081,Johnson,0053 PLEASANT 14,Liz Watson,Trey Hollingsworth,,162,367,0,0,529,0.306238,0.693762,0.0,0.306238,205,0.387524,Republican,103953,52220,0.5,0.502342,27998,24222,0.46,0.463845,https://www.in.gov/sos/elections/voter-information/files/2018-General-Election-Turnout-from-the-ENR-page.pdf,9,no
2018,Indiana,9,US House,Johnson,18081,Johnson,0054 PLEASANT 15,Liz Watson,Trey Hollingsworth,,50,59,0,0,109,0.458716,0.541284,0.0,0.458716,9,0.082569,Republican,103953,52220,0.5,0.502342,27998,24222,0.46,0.463845,https://www.in.gov/sos/elections/voter-information/files/2018-General-Election-Turnout-from-the-ENR-page.pdf,9,no
2018,Indiana,9,US House,Johnson,18081,Johnson,0055 PLEASANT 16,Liz Watson,Trey Hollingsworth,,116,260,0,0,376,0.308511,0.691489,0.0,0.308511,144,0.382979,Republican,103953,52220,0.5,0.502342,27998,24222,0.46,0.463845,https://www.in.gov/sos/elections/voter-information/files/2018-General-Election-Turnout-from-the-ENR-page.pdf,9,no
2018,Indiana,9,US House,Johnson,18081,Johnson,0056 PLEASANT 17,Liz Watson,Trey Hollingsworth,,173,218,0,0,391,0.442455,0.557545,0.0,0.442455,45,0.11509,Republican,103953,52220,0.5,0.502342,27998,24222,0.46,0.463845,https://www.in.gov/sos/elections/voter-information/files/2018-General-Election-Turnout-from-the-ENR-page.pdf,9,no
2018,Indiana,9,US House,Johnson,18081,Johnson,0057 PLEASANT 18,Liz Watson,Trey Hollingsworth,,91,157,0,0,248,0.366935,0.633065,0.0,0.366935,66,0.266129,Republican,103953,52220,0.5,0.502342,27998,24222,0.46,0.463845,https://www.in.gov/sos/elections/voter-information/files/2018-General-Election-Turnout-from-the-ENR-page.pdf,9,no
2018,Indiana,9,US House,Johnson,18081,Johnson,0058 PLEASANT 19,Liz Watson,Trey Hollingsworth,,194,395,0,0,589,0.329372,0.670628,0.0,0.329372,201,0.341256,Republican,103953,52220,0.5,0.502342,27998,24222,0.46,0.463845,https://www.in.gov/sos/elections/voter-information/files/2018-General-Election-Turnout-from-the-ENR-page.pdf,9,no
2018,Indiana,9,US House,Johnson,18081,Johnson,0059 PLEASANT 20,Liz Watson,Trey Hollingsworth,,80,88,0,0,168,0.47619,0.52381,0.0,0.47619,8,0.047619,Republican,103953,52220,0.5,0.502342,27998,24222,0.46,0.463845,https://www.in.gov/sos/elections/voter-information/files/2018-General-Election-Turnout-from-the-ENR-page.pdf,9,no
2018,Indiana,9,US House,Johnson,18081,Johnson,0060 PLEASANT 21,Liz Watson,Trey Hollingsworth,,147,426,0,0,573,0.256545,0.743455,0.0,0.256545,279,0.486911,Republican,103953,52220,0.5,0.502342,27998,24222,0.46,0.463845,https://www.in.gov/sos/elections/voter-information/files/2018-General-Election-Turnout-from-the-ENR-page.pdf,9,no
2018,Indiana,9,US House,Johnson,18081,Johnson,0061 PLEASANT 22,Liz Watson,Trey Hollingsworth,,356,650,0,0,1006,0.353877,0.646123,0.0,0.353877,294,0.292247,Republican,103953,52220,0.5,0.502342,27998,24222,0.46,0.463845,https://www.in.gov/sos/elections/voter-information/files/2018-General-Election-Turnout-from-the-ENR-page.pdf,9,no
2018,Indiana,9,US House,Johnson,18081,Johnson,0062 PLEASANT 23,Liz Watson,Trey Hollingsworth,,52,71,0,0,123,0.422764,0.577236,0.0,0.422764,19,0.154472,Republican,103953,52220,0.5,0.502342,27998,24222,0.46,0.463845,https://www.in.gov/sos/elections/voter-information/files/2018-General-Election-Turnout-from-the-ENR-page.pdf,9,no
2018,Indiana,9,US House,Johnson,18081,Johnson,0063 PLEASANT 24,Liz Watson,Trey Hollingsworth,,59,120,0,0,179,0.329609,0.670391,0.0,0.329609,61,0.340782,Republican,103953,52220,0.5,0.502342,27998,24222,0.46,0.463845,https://www.in.gov/sos/elections/voter-information/files/2018-General-Election-Turnout-from-the-ENR-page.pdf,9,no
2018,Indiana,9,US House,Johnson,18081,Johnson,0064 PLEASANT 25,Liz Watson,Trey Hollingsworth,,52,56,0,0,108,0.481481,0.518519,0.0,0.481481,4,0.037037,Republican,103953,52220,0.5,0.502342,27998,24222,0.46,0.463845,https://www.in.gov/sos/elections/voter-information/files/2018-General-Election-Turnout-from-the-ENR-page.pdf,9,no
2018,Indiana,9,US House,Johnson,18081,Johnson,0065 PLEASANT 26,Liz Watson,Trey Hollingsworth,,75,112,0,0,187,0.40107,0.59893,0.0,0.40107,37,0.197861,Republican,103953,52220,0.5,0.502342,27998,24222,0.46,0.463845,https://www.in.gov/sos/elections/voter-information/files/2018-General-Election-Turnout-from-the-ENR-page.pdf,9,no
2018,Indiana,9,US House,Johnson,18081,Johnson,0066 PLEASANT 27,Liz Watson,Trey Hollingsworth,,68,120,0,0,188,0.361702,0.638298,0.0,0.361702,52,0.276596,Republican,103953,52220,0.5,0.502342,27998,24222,0.46,0.463845,https://www.in.gov/sos/elections/voter-information/files/2018-General-Election-Turnout-from-the-ENR-page.pdf,9,no
2018,Indiana,9,US House,Johnson,18081,Johnson,0067 PLEASANT 28,Liz Watson,Trey Hollingsworth,,196,329,0,0,525,0.373333,0.626667,0.0,0.373333,133,0.253333,Republican,103953,52220,0.5,0.502342,27998,24222,0.46,0.463845,https://www.in.gov/sos/elections/voter-information/files/2018-General-Election-Turnout-from-the-ENR-page.pdf,9,no
2018,Indiana,9,US House,Johnson,18081,Johnson,0068 PLEASANT 29,Liz Watson,Trey Hollingsworth,,102,143,0,0,245,0.416327,0.583673,0.0,0.416327,41,0.167347,Republican,103953,52220,0.5,0.502342,27998,24222,0.46,0.463845,https://www.in.gov/sos/elections/voter-information/files/2018-General-Election-Turnout-from-the-ENR-page.pdf,9,no
2018,Indiana,9,US House,Johnson,18081,Johnson,0069 PLEASANT 30,Liz Watson,Trey Hollingsworth,,130,176,0,0,306,0.424837,0.575163,0.0,0.424837,46,0.150327,Republican,103953,52220,0.5,0.502342,27998,24222,0.46,0.463845,https://www.in.gov/sos/elections/voter-information/files/2018-General-Election-Turnout-from-the-ENR-page.pdf,9,no
2018,Indiana,9,US House,Johnson,18081,Johnson,0070 PLEASANT 31,Liz Watson,Trey Hollingsworth,,141,338,0,0,479,0.294363,0.705637,0.0,0.294363,197,0.411273,Republican,103953,52220,0.5,0.502342,27998,24222,0.46,0.463845,https://www.in.gov/sos/elections/voter-information/files/2018-General-Election-Turnout-from-the-ENR-page.pdf,9,no
2018,Indiana,9,US House,Johnson,18081,Johnson,0071 PLEASANT 32,Liz Watson,Trey Hollingsworth,,94,152,0,0,246,0.382114,0.617886,0.0,0.382114,58,0.235772,Republican,103953,52220,0.5,0.502342,27998,24222,0.46,0.463845,https://www.in.gov/sos/elections/voter-information/files/2018-General-Election-Turnout-from-the-ENR-page.pdf,9,no
2018,Indiana,9,US House,Johnson,18081,Johnson,0072 PLEASANT 33,Liz Watson,Trey Hollingsworth,,175,317,0,0,492,0.355691,0.644309,0.0,0.355691,142,0.288618,Republican,103953,52220,0.5,0.502342,27998,24222,0.46,0.463845,https://www.in.gov/sos/elections/voter-information/files/2018-General-Election-Turnout-from-the-ENR-page.pdf,9,no
2018,Indiana,9,US House,Johnson,18081,Johnson,0073 PLEASANT 34,Liz Watson,Trey Hollingsworth,,96,220,0,0,316,0.303797,0.696203,0.0,0.303797,124,0.392405,Republican,103953,52220,0.5,0.502342,27998,24222,0.46,0.463845,https://www.in.gov/sos/elections/voter-information/files/2018-General-Election-Turnout-from-the-ENR-page.pdf,9,no
2018,Indiana,9,US House,Johnson,18081,Johnson,0074 PLEASANT 35,Liz Watson,Trey Hollingsworth,,129,249,0,0,378,0.34127,0.65873,0.0,0.34127,120,0.31746,Republican,103953,52220,0.5,0.502342,27998,24222,0.46,0.463845,https://www.in.gov/sos/elections/voter-information/files/2018-General-Election-Turnout-from-the-ENR-page.pdf,9,no
2018,Indiana,9,US House,Johnson,18081,Johnson,0075 PLEASANT 36,Liz Watson,Trey Hollingsworth,,53,76,0,0,129,0.410853,0.589147,0.0,0.410853,23,0.178295,Republican,103953,52220,0.5,0.502342,27998,24222,0.46,0.463845,https://www.in.gov/sos/elections/voter-information/files/2018-General-Election-Turnout-from-the-ENR-page.pdf,9,no
2018,Indiana,9,US House,Johnson,18081,Johnson,0076 PLEASANT 37,Liz Watson,Trey Hollingsworth,,53,70,0,0,123,0.430894,0.569106,0.0,0.430894,17,0.138211,Republican,103953,52220,0.5,0.502342,27998,24222,0.46,0.463845,https://www.in.gov/sos/elections/voter-information/files/2018-General-Election-Turnout-from-the-ENR-page.pdf,9,no
2018,Indiana,9,US House,Johnson,18081,Johnson,0077 PLEASANT 38,Liz Watson,Trey Hollingsworth,,136,226,0,0,362,0.375691,0.624309,0.0,0.375691,90,0.248619,Republican,103953,52220,0.5,0.502342,27998,24222,0.46,0.463845,https://www.in.gov/sos/elections/voter-information/files/2018-General-Election-Turnout-from-the-ENR-page.pdf,9,no
2018,Indiana,9,US House,Johnson,18081,Johnson,0078 PLEASANT 39,Liz Watson,Trey Hollingsworth,,168,292,0,0,460,0.365217,0.634783,0.0,0.365217,124,0.269565,Republican,103953,52220,0.5,0.502342,27998,24222,0.46,0.463845,https://www.in.gov/sos/elections/voter-information/files/2018-General-Election-Turnout-from-the-ENR-page.pdf,9,no
2018,Indiana,9,US House,Johnson,18081,Johnson,0079 PLEASANT 40,Liz Watson,Trey Hollingsworth,,162,238,0,0,400,0.405,0.595,0.0,0.405,76,0.19,Republican,103953,52220,0.5,0.502342,27998,24222,0.46,0.463845,https://www.in.gov/sos/elections/voter-information/files/2018-General-Election-Turnout-from-the-ENR-page.pdf,9,no
2018,Indiana,9,US House,Johnson,18081,Johnson,0080 PLEASANT 41,Liz Watson,Trey Hollingsworth,,18,64,0,0,82,0.219512,0.780488,0.0,0.219512,46,0.560976,Republican,103953,52220,0.5,0.502342,27998,24222,0.46,0.463845,https://www.in.gov/sos/elections/voter-information/files/2018-General-Election-Turnout-from-the-ENR-page.pdf,9,no
2018,Indiana,9,US House,Johnson,18081,Johnson,0081 PLEASANT 42,Liz Watson,Trey Hollingsworth,,222,352,0,0,574,0.38676,0.61324,0.0,0.38676,130,0.226481,Republican,103953,52220,0.5,0.502342,27998,24222,0.46,0.463845,https://www.in.gov/sos/elections/voter-information/files/2018-General-Election-Turnout-from-the-ENR-page.pdf,9,no
2018,Indiana,9,US House,Johnson,18081,Johnson,0082 PLEASANT 43,Liz Watson,Trey Hollingsworth,,206,355,0,0,561,0.367201,0.632799,0.0,0.367201,149,0.265597,Republican,103953,52220,0.5,0.502342,27998,24222,0.46,0.463845,https://www.in.gov/sos/elections/voter-information/files/2018-General-Election-Turnout-from-the-ENR-page.pdf,9,no
2018,Indiana,9,US House,Johnson,18081,Johnson,0083 PLEASANT 44,Liz Watson,Trey Hollingsworth,,98,100,0,0,198,0.494949,0.505051,0.0,0.494949,2,0.010101,Republican,103953,52220,0.5,0.502342,27998,24222,0.46,0.463845,https://www.in.gov/sos/elections/voter-information/files/2018-General-Election-Turnout-from-the-ENR-page.pdf,9,no
2018,Indiana,9,US House,Johnson,18081,Johnson,0084 PLEASANT 45,Liz Watson,Trey Hollingsworth,,290,232,0,0,522,0.555556,0.444444,0.0,0.555556,-58,-0.111111,Democratic,103953,52220,0.5,0.502342,27998,24222,0.46,0.463845,https://www.in.gov/sos/elections/voter-information/files/2018-General-Election-Turnout-from-the-ENR-page.pdf,9,no
2018,Indiana,9,US House,Johnson,18081,Johnson,0085 PLEASANT 46,Liz Watson,Trey Hollingsworth,,64,206,0,0,270,0.237037,0.762963,0.0,0.237037,142,0.525926,Republican,103953,52220,0.5,0.502342,27998,24222,0.46,0.463845,https://www.in.gov/sos/elections/voter-information/files/2018-General-Election-Turnout-from-the-ENR-page.pdf,9,no
2018,Indiana,9,US House,Johnson,18081,Johnson,0086 PLEASANT 47,Liz Watson,Trey Hollingsworth,,186,247,0,0,433,0.429561,0.570439,0.0,0.429561,61,0.140878,Republican,103953,52220,0.5,0.502342,27998,24222,0.46,0.463845,https://www.in.gov/sos/elections/voter-information/files/2018-General-Election-Turnout-from-the-ENR-page.pdf,9,no
2018,Indiana,9,US House,Johnson,18081,Johnson,0087 PLEASANT 48,Liz Watson,Trey Hollingsworth,,165,188,0,0,353,0.467422,0.532578,0.0,0.467422,23,0.065156,Republican,103953,52220,0.5,0.502342,27998,24222,0.46,0.463845,https://www.in.gov/sos/elections/voter-information/files/2018-General-Election-Turnout-from-the-ENR-page.pdf,9,no
2018,Indiana,9,US House,Johnson,18081,Johnson,0088 PLEASANT 49,Liz Watson,Trey Hollingsworth,,105,212,0,0,317,0.33123,0.66877,0.0,0.33123,107,0.337539,Republican,103953,52220,0.5,0.502342,27998,24222,0.46,0.463845,https://www.in.gov/sos/elections/voter-information/files/2018-General-Election-Turnout-from-the-ENR-page.pdf,9,no
2018,Indiana,9,US House,Johnson,18081,Johnson,0089 UNION 1,Liz Watson,Trey Hollingsworth,,132,313,0,0,445,0.296629,0.703371,0.0,0.296629,181,0.406742,Republican,103953,52220,0.5,0.502342,27998,24222,0.46,0.463845,https://www.in.gov/sos/elections/voter-information/files/2018-General-Election-Turnout-from-the-ENR-page.pdf,9,no
2018,Indiana,9,US House,Johnson,18081,Johnson,0090 UNION 2,Liz Watson,Trey Hollingsworth,,86,284,0,0,370,0.232432,0.767568,0.0,0.232432,198,0.535135,Republican,103953,52220,0.5,0.502342,27998,24222,0.46,0.463845,https://www.in.gov/sos/elections/voter-information/files/2018-General-Election-Turnout-from-the-ENR-page.pdf,9,no
2018,Indiana,9,US House,Johnson,18081,Johnson,0091 UNION 3,Liz Watson,Trey Hollingsworth,,74,163,0,0,237,0.312236,0.687764,0.0,0.312236,89,0.375527,Republican,103953,52220,0.5,0.502342,27998,24222,0.46,0.463845,https://www.in.gov/sos/elections/voter-information/files/2018-General-Election-Turnout-from-the-ENR-page.pdf,9,no
2018,Indiana,9,US House,Johnson,18081,Johnson,0092 WHITE RIVER 1,Liz Watson,Trey Hollingsworth,,125,244,0,0,369,0.338753,0.661247,0.0,0.338753,119,0.322493,Republican,103953,52220,0.5,0.502342,27998,24222,0.46,0.463845,https://www.in.gov/sos/elections/voter-information/files/2018-General-Election-Turnout-from-the-ENR-page.pdf,9,no
2018,Indiana,9,US House,Johnson,18081,Johnson,0093 WHITE RIVER 2,Liz Watson,Trey Hollingsworth,,76,116,0,0,192,0.395833,0.604167,0.0,0.395833,40,0.208333,Republican,103953,52220,0.5,0.502342,27998,24222,0.46,0.463845,https://www.in.gov/sos/elections/voter-information/files/2018-General-Election-Turnout-from-the-ENR-page.pdf,9,no
2018,Indiana,9,US House,Johnson,18081,Johnson,0094 WHITE RIVER 3,Liz Watson,Trey Hollingsworth,,188,250,0,0,438,0.429224,0.570776,0.0,0.429224,62,0.141553,Republican,103953,52220,0.5,0.502342,27998,24222,0.46,0.463845,https://www.in.gov/sos/elections/voter-information/files/2018-General-Election-Turnout-from-the-ENR-page.pdf,9,no
2018,Indiana,9,US House,Johnson,18081,Johnson,0095 WHITE RIVER 4,Liz Watson,Trey Hollingsworth,,138,266,0,0,404,0.341584,0.658416,0.0,0.341584,128,0.316832,Republican,103953,52220,0.5,0.502342,27998,24222,0.46,0.463845,https://www.in.gov/sos/elections/voter-information/files/2018-General-Election-Turnout-from-the-ENR-page.pdf,9,no
2018,Indiana,9,US House,Johnson,18081,Johnson,0096 WHITE RIVER 5,Liz Watson,Trey Hollingsworth,,102,203,0,0,305,0.334426,0.665574,0.0,0.334426,101,0.331148,Republican,103953,52220,0.5,0.502342,27998,24222,0.46,0.463845,https://www.in.gov/sos/elections/voter-information/files/2018-General-Election-Turnout-from-the-ENR-page.pdf,9,no
2018,Indiana,9,US House,Johnson,18081,Johnson,0097 WHITE RIVER 6,Liz Watson,Trey Hollingsworth,,123,232,0,0,355,0.346479,0.653521,0.0,0.346479,109,0.307042,Republican,103953,52220,0.5,0.502342,27998,24222,0.46,0.463845,https://www.in.gov/sos/elections/voter-information/files/2018-General-Election-Turnout-from-the-ENR-page.pdf,9,no
2018,Indiana,9,US House,Johnson,18081,Johnson,0098 WHITE RIVER 7,Liz Watson,Trey Hollingsworth,,223,353,0,0,576,0.387153,0.612847,0.0,0.387153,130,0.225694,Republican,103953,52220,0.5,0.502342,27998,24222,0.46,0.463845,https://www.in.gov/sos/elections/voter-information/files/2018-General-Election-Turnout-from-the-ENR-page.pdf,9,no
2018,Indiana,9,US House,Johnson,18081,Johnson,0099 WHITE RIVER 8,Liz Watson,Trey Hollingsworth,,170,346,0,0,516,0.329457,0.670543,0.0,0.329457,176,0.341085,Republican,103953,52220,0.5,0.502342,27998,24222,0.46,0.463845,https://www.in.gov/sos/elections/voter-information/files/2018-General-Election-Turnout-from-the-ENR-page.pdf,9,no
2018,Indiana,9,US House,Johnson,18081,Johnson,0100 WHITE RIVER 9,Liz Watson,Trey Hollingsworth,,170,344,0,0,514,0.330739,0.669261,0.0,0.330739,174,0.338521,Republican,103953,52220,0.5,0.502342,27998,24222,0.46,0.463845,https://www.in.gov/sos/elections/voter-information/files/2018-General-Election-Turnout-from-the-ENR-page.pdf,9,no
2018,Indiana,9,US House,Johnson,18081,Johnson,0101 WHITE RIVER 10,Liz Watson,Trey Hollingsworth,,100,227,0,0,327,0.30581,0.69419,0.0,0.30581,127,0.388379,Republican,103953,52220,0.5,0.502342,27998,24222,0.46,0.463845,https://www.in.gov/sos/elections/voter-information/files/2018-General-Election-Turnout-from-the-ENR-page.pdf,9,no
2018,Indiana,9,US House,Johnson,18081,Johnson,0102 WHITE RIVER 11,Liz Watson,Trey Hollingsworth,,182,347,0,0,529,0.344045,0.655955,0.0,0.344045,165,0.311909,Republican,103953,52220,0.5,0.502342,27998,24222,0.46,0.463845,https://www.in.gov/sos/elections/voter-information/files/2018-General-Election-Turnout-from-the-ENR-page.pdf,9,no
2018,Indiana,9,US House,Johnson,18081,Johnson,0103 WHITE RIVER 12,Liz Watson,Trey Hollingsworth,,162,299,0,0,461,0.35141,0.64859,0.0,0.35141,137,0.29718,Republican,103953,52220,0.5,0.502342,27998,24222,0.46,0.463845,https://www.in.gov/sos/elections/voter-information/files/2018-General-Election-Turnout-from-the-ENR-page.pdf,9,no
2018,Indiana,9,US House,Johnson,18081,Johnson,0104 WHITE RIVER 13,Liz Watson,Trey Hollingsworth,,136,245,0,0,381,0.356955,0.643045,0.0,0.356955,109,0.286089,Republican,103953,52220,0.5,0.502342,27998,24222,0.46,0.463845,https://www.in.gov/sos/elections/voter-information/files/2018-General-Election-Turnout-from-the-ENR-page.pdf,9,no
2018,Indiana,9,US House,Johnson,18081,Johnson,0105 WHITE RIVER 14,Liz Watson,Trey Hollingsworth,,226,377,0,0,603,0.374793,0.625207,0.0,0.374793,151,0.250415,Republican,103953,52220,0.5,0.502342,27998,24222,0.46,0.463845,https://www.in.gov/sos/elections/voter-information/files/2018-General-Election-Turnout-from-the-ENR-page.pdf,9,no
2018,Indiana,9,US House,Johnson,18081,Johnson,0106 WHITE RIVER 15,Liz Watson,Trey Hollingsworth,,326,604,0,0,930,0.350538,0.649462,0.0,0.350538,278,0.298925,Republican,103953,52220,0.5,0.502342,27998,24222,0.46,0.463845,https://www.in.gov/sos/elections/voter-information/files/2018-General-Election-Turnout-from-the-ENR-page.pdf,9,no
2018,Indiana,9,US House,Johnson,18081,Johnson,0107 WHITE RIVER 16,Liz Watson,Trey Hollingsworth,,208,397,0,0,605,0.343802,0.656198,0.0,0.343802,189,0.312397,Republican,103953,52220,0.5,0.502342,27998,24222,0.46,0.463845,https://www.in.gov/sos/elections/voter-information/files/2018-General-Election-Turnout-from-the-ENR-page.pdf,9,no
2018,Indiana,9,US House,Johnson,18081,Johnson,0108 WHITE RIVER 17,Liz Watson,Trey Hollingsworth,,127,226,0,0,353,0.359773,0.640227,0.0,0.359773,99,0.280453,Republican,103953,52220,0.5,0.502342,27998,24222,0.46,0.463845,https://www.in.gov/sos/elections/voter-information/files/2018-General-Election-Turnout-from-the-ENR-page.pdf,9,no
2018,Indiana,9,US House,Johnson,18081,Johnson,0109 WHITE RIVER 18,Liz Watson,Trey Hollingsworth,,133,221,0,0,354,0.375706,0.624294,0.0,0.375706,88,0.248588,Republican,103953,52220,0.5,0.502342,27998,24222,0.46,0.463845,https://www.in.gov/sos/elections/voter-information/files/2018-General-Election-Turnout-from-the-ENR-page.pdf,9,no
2018,Indiana,9,US House,Johnson,18081,Johnson,0110 WHITE RIVER 19,Liz Watson,Trey Hollingsworth,,137,229,0,0,366,0.374317,0.625683,0.0,0.374317,92,0.251366,Republican,103953,52220,0.5,0.502342,27998,24222,0.46,0.463845,https://www.in.gov/sos/elections/voter-information/files/2018-General-Election-Turnout-from-the-ENR-page.pdf,9,no
2018,Indiana,9,US House,Johnson,18081,Johnson,0111 WHITE RIVER 20,Liz Watson,Trey Hollingsworth,,100,243,0,0,343,0.291545,0.708455,0.0,0.291545,143,0.41691,Republican,103953,52220,0.5,0.502342,27998,24222,0.46,0.463845,https://www.in.gov/sos/elections/voter-information/files/2018-General-Election-Turnout-from-the-ENR-page.pdf,9,no
2018,Indiana,9,US House,Johnson,18081,Johnson,0112 WHITE RIVER 21,Liz Watson,Trey Hollingsworth,,228,444,0,0,672,0.339286,0.660714,0.0,0.339286,216,0.321429,Republican,103953,52220,0.5,0.502342,27998,24222,0.46,0.463845,https://www.in.gov/sos/elections/voter-information/files/2018-General-Election-Turnout-from-the-ENR-page.pdf,9,no
2018,Indiana,9,US House,Johnson,18081,Johnson,0113 WHITE RIVER 22,Liz Watson,Trey Hollingsworth,,176,341,0,0,517,0.340426,0.659574,0.0,0.340426,165,0.319149,Republican,103953,52220,0.5,0.502342,27998,24222,0.46,0.463845,https://www.in.gov/sos/elections/voter-information/files/2018-General-Election-Turnout-from-the-ENR-page.pdf,9,no
2018,Indiana,9,US House,Johnson,18081,Johnson,0114 WHITE RIVER 23,Liz Watson,Trey Hollingsworth,,75,150,0,0,225,0.333333,0.666667,0.0,0.333333,75,0.333333,Republican,103953,52220,0.5,0.502342,27998,24222,0.46,0.463845,https://www.in.gov/sos/elections/voter-information/files/2018-General-Election-Turnout-from-the-ENR-page.pdf,9,no
2018,Indiana,9,US House,Johnson,18081,Johnson,0115 WHITE RIVER 24,Liz Watson,Trey Hollingsworth,,105,283,0,0,388,0.270619,0.729381,0.0,0.270619,178,0.458763,Republican,103953,52220,0.5,0.502342,27998,24222,0.46,0.463845,https://www.in.gov/sos/elections/voter-information/files/2018-General-Election-Turnout-from-the-ENR-page.pdf,9,no
2018,Indiana,9,US House,Johnson,18081,Johnson,0116 WHITE RIVER 25,Liz Watson,Trey Hollingsworth,,185,257,0,0,442,0.418552,0.581448,0.0,0.418552,72,0.162896,Republican,103953,52220,0.5,0.502342,27998,24222,0.46,0.463845,https://www.in.gov/sos/elections/voter-information/files/2018-General-Election-Turnout-from-the-ENR-page.pdf,9,no
2018,Indiana,9,US House,Johnson,18081,Johnson,0117 WHITE RIVER 26,Liz Watson,Trey Hollingsworth,,112,193,0,0,305,0.367213,0.632787,0.0,0.367213,81,0.265574,Republican,103953,52220,0.5,0.502342,27998,24222,0.46,0.463845,https://www.in.gov/sos/elections/voter-information/files/2018-General-Election-Turnout-from-the-ENR-page.pdf,9,no
2018,Indiana,9,US House,Johnson,18081,Johnson,0118 WHITE RIVER 27,Liz Watson,Trey Hollingsworth,,124,250,0,0,374,0.331551,0.668449,0.0,0.331551,126,0.336898,Republican,103953,52220,0.5,0.502342,27998,24222,0.46,0.463845,https://www.in.gov/sos/elections/voter-information/files/2018-General-Election-Turnout-from-the-ENR-page.pdf,9,no
2018,Indiana,9,US House,Johnson,18081,Johnson,0119 WHITE RIVER 28,Liz Watson,Trey Hollingsworth,,92,224,0,0,316,0.291139,0.708861,0.0,0.291139,132,0.417722,Republican,103953,52220,0.5,0.502342,27998,24222,0.46,0.463845,https://www.in.gov/sos/elections/voter-information/files/2018-General-Election-Turnout-from-the-ENR-page.pdf,9,no
2018,Indiana,9,US House,Johnson,18081,Johnson,0120 WHITE RIVER 29,Liz Watson,Trey Hollingsworth,,234,451,0,0,685,0.341606,0.658394,0.0,0.341606,217,0.316788,Republican,103953,52220,0.5,0.502342,27998,24222,0.46,0.463845,https://www.in.gov/sos/elections/voter-information/files/2018-General-Election-Turnout-from-the-ENR-page.pdf,9,no
2018,Indiana,9,US House,Johnson,18081,Johnson,0121 WHITE RIVER 30,Liz Watson,Trey Hollingsworth,,135,187,0,0,322,0.419255,0.580745,0.0,0.419255,52,0.161491,Republican,103953,52220,0.5,0.502342,27998,24222,0.46,0.463845,https://www.in.gov/sos/elections/voter-information/files/2018-General-Election-Turnout-from-the-ENR-page.pdf,9,no
2018,Indiana,9,US House,Johnson,18081,Johnson,0122 WHITE RIVER 31,Liz Watson,Trey Hollingsworth,,126,182,0,0,308,0.409091,0.590909,0.0,0.409091,56,0.181818,Republican,103953,52220,0.5,0.502342,27998,24222,0.46,0.463845,https://www.in.gov/sos/elections/voter-information/files/2018-General-Election-Turnout-from-the-ENR-page.pdf,9,no
2018,Indiana,9,US House,Johnson,18081,Johnson,0123 WHITE RIVER 32,Liz Watson,Trey Hollingsworth,,202,367,0,0,569,0.355009,0.644991,0.0,0.355009,165,0.289982,Republican,103953,52220,0.5,0.502342,27998,24222,0.46,0.463845,https://www.in.gov/sos/elections/voter-information/files/2018-General-Election-Turnout-from-the-ENR-page.pdf,9,no
2018,Indiana,9,US House,Johnson,18081,Johnson,0124 WHITE RIVER 33,Liz Watson,Trey Hollingsworth,,103,212,0,0,315,0.326984,0.673016,0.0,0.326984,109,0.346032,Republican,103953,52220,0.5,0.502342,27998,24222,0.46,0.463845,https://www.in.gov/sos/elections/voter-information/files/2018-General-Election-Turnout-from-the-ENR-page.pdf,9,no
2018,Indiana,9,US House,Johnson,18081,Johnson,0125 WHITE RIVER 34,Liz Watson,Trey Hollingsworth,,133,341,0,0,474,0.280591,0.719409,0.0,0.280591,208,0.438819,Republican,103953,52220,0.5,0.502342,27998,24222,0.46,0.463845,https://www.in.gov/sos/elections/voter-information/files/2018-General-Election-Turnout-from-the-ENR-page.pdf,9,no
2018,Indiana,9,US House,Johnson,18081,Johnson,0126 WHITE RIVER 35,Liz Watson,Trey Hollingsworth,,286,692,0,0,978,0.292434,0.707566,0.0,0.292434,406,0.415133,Republican,103953,52220,0.5,0.502342,27998,24222,0.46,0.463845,https://www.in.gov/sos/elections/voter-information/files/2018-General-Election-Turnout-from-the-ENR-page.pdf,9,no
2018,Indiana,9,US House,Johnson,18081,Johnson,0127 WHITE RIVER 36,Liz Watson,Trey Hollingsworth,,121,189,0,0,310,0.390323,0.609677,0.0,0.390323,68,0.219355,Republican,103953,52220,0.5,0.502342,27998,24222,0.46,0.463845,https://www.in.gov/sos/elections/voter-information/files/2018-General-Election-Turnout-from-the-ENR-page.pdf,9,no
2018,Indiana,9,US House,Johnson,18081,Johnson,0128 WHITE RIVER 37,Liz Watson,Trey Hollingsworth,,351,439,0,0,790,0.444304,0.555696,0.0,0.444304,88,0.111392,Republican,103953,52220,0.5,0.502342,27998,24222,0.46,0.463845,https://www.in.gov/sos/elections/voter-information/files/2018-General-Election-Turnout-from-the-ENR-page.pdf,9,no
2018,Indiana,9,US House,Johnson,18081,Johnson,0129 WHITE RIVER 38,Liz Watson,Trey Hollingsworth,,122,252,0,0,374,0.326203,0.673797,0.0,0.326203,130,0.347594,Republican,103953,52220,0.5,0.502342,27998,24222,0.46,0.463845,https://www.in.gov/sos/elections/voter-information/files/2018-General-Election-Turnout-from-the-ENR-page.pdf,9,no
2018,Indiana,9,US House,Johnson,18081,Johnson,0130 WHITE RIVER 39,Liz Watson,Trey Hollingsworth,,226,405,0,0,631,0.358162,0.641838,0.0,0.358162,179,0.283677,Republican,103953,52220,0.5,0.502342,27998,24222,0.46,0.463845,https://www.in.gov/sos/elections/voter-information/files/2018-General-Election-Turnout-from-the-ENR-page.pdf,9,no
2018,Indiana,9,US House,Johnson,18081,Johnson,0131 WHITE RIVER 40,Liz Watson,Trey Hollingsworth,,104,259,0,0,363,0.286501,0.713499,0.0,0.286501,155,0.426997,Republican,103953,52220,0.5,0.502342,27998,24222,0.46,0.463845,https://www.in.gov/sos/elections/voter-information/files/2018-General-Election-Turnout-from-the-ENR-page.pdf,9,no
2018,Indiana,9,US House,Johnson,18081,Johnson,0132 WHITE RIVER 41,Liz Watson,Trey Hollingsworth,,134,232,0,0,366,0.36612,0.63388,0.0,0.36612,98,0.26776,Republican,103953,52220,0.5,0.502342,27998,24222,0.46,0.463845,https://www.in.gov/sos/elections/voter-information/files/2018-General-Election-Turnout-from-the-ENR-page.pdf,9,no
2018,Indiana,9,US House,Johnson,18081,Johnson,0133 WHITE RIVER 42,Liz Watson,Trey Hollingsworth,,150,247,0,0,397,0.377834,0.622166,0.0,0.377834,97,0.244332,Republican,103953,52220,0.5,0.502342,27998,24222,0.46,0.463845,https://www.in.gov/sos/elections/voter-information/files/2018-General-Election-Turnout-from-the-ENR-page.pdf,9,no
2018,Indiana,9,US House,Johnson,18081,Johnson,0134 WHITE RIVER 43,Liz Watson,Trey Hollingsworth,,63,177,0,0,240,0.2625,0.7375,0.0,0.2625,114,0.475,Republican,103953,52220,0.5,0.502342,27998,24222,0.46,0.463845,https://www.in.gov/sos/elections/voter-information/files/2018-General-Election-Turnout-from-the-ENR-page.pdf,9,no
2018,Indiana,9,US House,Lawrence,18093,Lawrence,Bono,Liz Watson,Trey Hollingsworth,,95,170,0,0,265,0.358491,0.641509,0.0,0.358491,75,0.283019,Republican,30766,15724,0.51,0.511084,8878,6846,0.44,0.435385,https://www.in.gov/sos/elections/voter-information/files/2018-General-Election-Turnout-from-the-ENR-page.pdf,9,no
2018,Indiana,9,US House,Lawrence,18093,Lawrence,Guthrie,Liz Watson,Trey Hollingsworth,,111,269,0,0,380,0.292105,0.707895,0.0,0.292105,158,0.415789,Republican,30766,15724,0.51,0.511084,8878,6846,0.44,0.435385,https://www.in.gov/sos/elections/voter-information/files/2018-General-Election-Turnout-from-the-ENR-page.pdf,9,no
2018,Indiana,9,US House,Lawrence,18093,Lawrence,Indian Creek North,Liz Watson,Trey Hollingsworth,,151,455,0,0,606,0.249175,0.750825,0.0,0.249175,304,0.50165,Republican,30766,15724,0.51,0.511084,8878,6846,0.44,0.435385,https://www.in.gov/sos/elections/voter-information/files/2018-General-Election-Turnout-from-the-ENR-page.pdf,9,no
2018,Indiana,9,US House,Lawrence,18093,Lawrence,Indian Creek South,Liz Watson,Trey Hollingsworth,,107,302,0,0,409,0.261614,0.738386,0.0,0.261614,195,0.476773,Republican,30766,15724,0.51,0.511084,8878,6846,0.44,0.435385,https://www.in.gov/sos/elections/voter-information/files/2018-General-Election-Turnout-from-the-ENR-page.pdf,9,no
2018,Indiana,9,US House,Lawrence,18093,Lawrence,Marion 1,Liz Watson,Trey Hollingsworth,,92,151,0,0,243,0.378601,0.621399,0.0,0.378601,59,0.242798,Republican,30766,15724,0.51,0.511084,8878,6846,0.44,0.435385,https://www.in.gov/sos/elections/voter-information/files/2018-General-Election-Turnout-from-the-ENR-page.pdf,9,no
2018,Indiana,9,US House,Lawrence,18093,Lawrence,Marion 2,Liz Watson,Trey Hollingsworth,,143,250,0,0,393,0.363868,0.636132,0.0,0.363868,107,0.272265,Republican,30766,15724,0.51,0.511084,8878,6846,0.44,0.435385,https://www.in.gov/sos/elections/voter-information/files/2018-General-Election-Turnout-from-the-ENR-page.pdf,9,no
2018,Indiana,9,US House,Lawrence,18093,Lawrence,Marion 3,Liz Watson,Trey Hollingsworth,,94,132,0,0,226,0.415929,0.584071,0.0,0.415929,38,0.168142,Republican,30766,15724,0.51,0.511084,8878,6846,0.44,0.435385,https://www.in.gov/sos/elections/voter-information/files/2018-General-Election-Turnout-from-the-ENR-page.pdf,9,no
2018,Indiana,9,US House,Lawrence,18093,Lawrence,Marion 4,Liz Watson,Trey Hollingsworth,,81,113,0,0,194,0.417526,0.582474,0.0,0.417526,32,0.164948,Republican,30766,15724,0.51,0.511084,8878,6846,0.44,0.435385,https://www.in.gov/sos/elections/voter-information/files/2018-General-Election-Turnout-from-the-ENR-page.pdf,9,no
2018,Indiana,9,US House,Lawrence,18093,Lawrence,Marion 5A,Liz Watson,Trey Hollingsworth,,177,351,0,0,528,0.335227,0.664773,0.0,0.335227,174,0.329545,Republican,30766,15724,0.51,0.511084,8878,6846,0.44,0.435385,https://www.in.gov/sos/elections/voter-information/files/2018-General-Election-Turnout-from-the-ENR-page.pdf,9,no
2018,Indiana,9,US House,Lawrence,18093,Lawrence,Marion 5B,Liz Watson,Trey Hollingsworth,,157,405,0,0,562,0.279359,0.720641,0.0,0.279359,248,0.441281,Republican,30766,15724,0.51,0.511084,8878,6846,0.44,0.435385,https://www.in.gov/sos/elections/voter-information/files/2018-General-Election-Turnout-from-the-ENR-page.pdf,9,no
2018,Indiana,9,US House,Lawrence,18093,Lawrence,Marion 5C,Liz Watson,Trey Hollingsworth,,52,79,0,0,131,0.396947,0.603053,0.0,0.396947,27,0.206107,Republican,30766,15724,0.51,0.511084,8878,6846,0.44,0.435385,https://www.in.gov/sos/elections/voter-information/files/2018-General-Election-Turnout-from-the-ENR-page.pdf,9,no
2018,Indiana,9,US House,Lawrence,18093,Lawrence,Marion 6,Liz Watson,Trey Hollingsworth,,182,435,0,0,617,0.294976,0.705024,0.0,0.294976,253,0.410049,Republican,30766,15724,0.51,0.511084,8878,6846,0.44,0.435385,https://www.in.gov/sos/elections/voter-information/files/2018-General-Election-Turnout-from-the-ENR-page.pdf,9,no
2018,Indiana,9,US House,Lawrence,18093,Lawrence,Marshall 1,Liz Watson,Trey Hollingsworth,,201,484,0,0,685,0.293431,0.706569,0.0,0.293431,283,0.413139,Republican,30766,15724,0.51,0.511084,8878,6846,0.44,0.435385,https://www.in.gov/sos/elections/voter-information/files/2018-General-Election-Turnout-from-the-ENR-page.pdf,9,no
2018,Indiana,9,US House,Lawrence,18093,Lawrence,Marshall 2,Liz Watson,Trey Hollingsworth,,125,312,0,0,437,0.286041,0.713959,0.0,0.286041,187,0.427918,Republican,30766,15724,0.51,0.511084,8878,6846,0.44,0.435385,https://www.in.gov/sos/elections/voter-information/files/2018-General-Election-Turnout-from-the-ENR-page.pdf,9,no
2018,Indiana,9,US House,Lawrence,18093,Lawrence,Marshall 3,Liz Watson,Trey Hollingsworth,,200,390,0,0,590,0.338983,0.661017,0.0,0.338983,190,0.322034,Republican,30766,15724,0.51,0.511084,8878,6846,0.44,0.435385,https://www.in.gov/sos/elections/voter-information/files/2018-General-Election-Turnout-from-the-ENR-page.pdf,9,no
2018,Indiana,9,US House,Lawrence,18093,Lawrence,Perry,Liz Watson,Trey Hollingsworth,,184,669,0,0,853,0.215709,0.784291,0.0,0.215709,485,0.568581,Republican,30766,15724,0.51,0.511084,8878,6846,0.44,0.435385,https://www.in.gov/sos/elections/voter-information/files/2018-General-Election-Turnout-from-the-ENR-page.pdf,9,no
2018,Indiana,9,US House,Lawrence,18093,Lawrence,Pleasant Run,Liz Watson,Trey Hollingsworth,,156,435,0,0,591,0.263959,0.736041,0.0,0.263959,279,0.472081,Republican,30766,15724,0.51,0.511084,8878,6846,0.44,0.435385,https://www.in.gov/sos/elections/voter-information/files/2018-General-Election-Turnout-from-the-ENR-page.pdf,9,no
2018,Indiana,9,US House,Lawrence,18093,Lawrence,Shawswick 10,Liz Watson,Trey Hollingsworth,,108,179,0,0,287,0.376307,0.623693,0.0,0.376307,71,0.247387,Republican,30766,15724,0.51,0.511084,8878,6846,0.44,0.435385,https://www.in.gov/sos/elections/voter-information/files/2018-General-Election-Turnout-from-the-ENR-page.pdf,9,no
2018,Indiana,9,US House,Lawrence,18093,Lawrence,Shawswick 11,Liz Watson,Trey Hollingsworth,,66,162,0,0,228,0.289474,0.710526,0.0,0.289474,96,0.421053,Republican,30766,15724,0.51,0.511084,8878,6846,0.44,0.435385,https://www.in.gov/sos/elections/voter-information/files/2018-General-Election-Turnout-from-the-ENR-page.pdf,9,no
2018,Indiana,9,US House,Lawrence,18093,Lawrence,Shawswick 12,Liz Watson,Trey Hollingsworth,,134,285,0,0,419,0.319809,0.680191,0.0,0.319809,151,0.360382,Republican,30766,15724,0.51,0.511084,8878,6846,0.44,0.435385,https://www.in.gov/sos/elections/voter-information/files/2018-General-Election-Turnout-from-the-ENR-page.pdf,9,no
2018,Indiana,9,US House,Lawrence,18093,Lawrence,Shawswick 13,Liz Watson,Trey Hollingsworth,,115,270,0,0,385,0.298701,0.701299,0.0,0.298701,155,0.402597,Republican,30766,15724,0.51,0.511084,8878,6846,0.44,0.435385,https://www.in.gov/sos/elections/voter-information/files/2018-General-Election-Turnout-from-the-ENR-page.pdf,9,no
2018,Indiana,9,US House,Lawrence,18093,Lawrence,Shawswick 14A,Liz Watson,Trey Hollingsworth,,176,363,0,0,539,0.326531,0.673469,0.0,0.326531,187,0.346939,Republican,30766,15724,0.51,0.511084,8878,6846,0.44,0.435385,https://www.in.gov/sos/elections/voter-information/files/2018-General-Election-Turnout-from-the-ENR-page.pdf,9,no
2018,Indiana,9,US House,Lawrence,18093,Lawrence,Shawswick 14B,Liz Watson,Trey Hollingsworth,,165,413,0,0,578,0.285467,0.714533,0.0,0.285467,248,0.429066,Republican,30766,15724,0.51,0.511084,8878,6846,0.44,0.435385,https://www.in.gov/sos/elections/voter-information/files/2018-General-Election-Turnout-from-the-ENR-page.pdf,9,no
2018,Indiana,9,US House,Lawrence,18093,Lawrence,Shawswick 15A,Liz Watson,Trey Hollingsworth,,63,155,0,0,218,0.288991,0.711009,0.0,0.288991,92,0.422018,Republican,30766,15724,0.51,0.511084,8878,6846,0.44,0.435385,https://www.in.gov/sos/elections/voter-information/files/2018-General-Election-Turnout-from-the-ENR-page.pdf,9,no
2018,Indiana,9,US House,Lawrence,18093,Lawrence,Shawswick 15B,Liz Watson,Trey Hollingsworth,,161,324,0,0,485,0.331959,0.668041,0.0,0.331959,163,0.336082,Republican,30766,15724,0.51,0.511084,8878,6846,0.44,0.435385,https://www.in.gov/sos/elections/voter-information/files/2018-General-Election-Turnout-from-the-ENR-page.pdf,9,no
2018,Indiana,9,US House,Lawrence,18093,Lawrence,Shawswick 16,Liz Watson,Trey Hollingsworth,,170,328,0,0,498,0.341365,0.658635,0.0,0.341365,158,0.317269,Republican,30766,15724,0.51,0.511084,8878,6846,0.44,0.435385,https://www.in.gov/sos/elections/voter-information/files/2018-General-Election-Turnout-from-the-ENR-page.pdf,9,no
2018,Indiana,9,US House,Lawrence,18093,Lawrence,Shawswick 1A,Liz Watson,Trey Hollingsworth,,68,102,0,0,170,0.4,0.6,0.0,0.4,34,0.2,Republican,30766,15724,0.51,0.511084,8878,6846,0.44,0.435385,https://www.in.gov/sos/elections/voter-information/files/2018-General-Election-Turnout-from-the-ENR-page.pdf,9,no
2018,Indiana,9,US House,Lawrence,18093,Lawrence,Shawswick 1B,Liz Watson,Trey Hollingsworth,,80,167,0,0,247,0.323887,0.676113,0.0,0.323887,87,0.352227,Republican,30766,15724,0.51,0.511084,8878,6846,0.44,0.435385,https://www.in.gov/sos/elections/voter-information/files/2018-General-Election-Turnout-from-the-ENR-page.pdf,9,no
2018,Indiana,9,US House,Lawrence,18093,Lawrence,Shawswick 2,Liz Watson,Trey Hollingsworth,,98,187,0,0,285,0.34386,0.65614,0.0,0.34386,89,0.312281,Republican,30766,15724,0.51,0.511084,8878,6846,0.44,0.435385,https://www.in.gov/sos/elections/voter-information/files/2018-General-Election-Turnout-from-the-ENR-page.pdf,9,no
2018,Indiana,9,US House,Lawrence,18093,Lawrence,Shawswick 3,Liz Watson,Trey Hollingsworth,,89,184,0,0,273,0.326007,0.673993,0.0,0.326007,95,0.347985,Republican,30766,15724,0.51,0.511084,8878,6846,0.44,0.435385,https://www.in.gov/sos/elections/voter-information/files/2018-General-Election-Turnout-from-the-ENR-page.pdf,9,no
2018,Indiana,9,US House,Lawrence,18093,Lawrence,Shawswick 4,Liz Watson,Trey Hollingsworth,,127,195,0,0,322,0.39441,0.60559,0.0,0.39441,68,0.21118,Republican,30766,15724,0.51,0.511084,8878,6846,0.44,0.435385,https://www.in.gov/sos/elections/voter-information/files/2018-General-Election-Turnout-from-the-ENR-page.pdf,9,no
2018,Indiana,9,US House,Lawrence,18093,Lawrence,Shawswick 5A,Liz Watson,Trey Hollingsworth,,118,177,0,0,295,0.4,0.6,0.0,0.4,59,0.2,Republican,30766,15724,0.51,0.511084,8878,6846,0.44,0.435385,https://www.in.gov/sos/elections/voter-information/files/2018-General-Election-Turnout-from-the-ENR-page.pdf,9,no
2018,Indiana,9,US House,Lawrence,18093,Lawrence,Shawswick 5B,Liz Watson,Trey Hollingsworth,,86,224,0,0,310,0.277419,0.722581,0.0,0.277419,138,0.445161,Republican,30766,15724,0.51,0.511084,8878,6846,0.44,0.435385,https://www.in.gov/sos/elections/voter-information/files/2018-General-Election-Turnout-from-the-ENR-page.pdf,9,no
2018,Indiana,9,US House,Lawrence,18093,Lawrence,Shawswick 6,Liz Watson,Trey Hollingsworth,,105,148,0,0,253,0.41502,0.58498,0.0,0.41502,43,0.16996,Republican,30766,15724,0.51,0.511084,8878,6846,0.44,0.435385,https://www.in.gov/sos/elections/voter-information/files/2018-General-Election-Turnout-from-the-ENR-page.pdf,9,no
2018,Indiana,9,US House,Lawrence,18093,Lawrence,Shawswick 7A,Liz Watson,Trey Hollingsworth,,67,136,0,0,203,0.330049,0.669951,0.0,0.330049,69,0.339901,Republican,30766,15724,0.51,0.511084,8878,6846,0.44,0.435385,https://www.in.gov/sos/elections/voter-information/files/2018-General-Election-Turnout-from-the-ENR-page.pdf,9,no
2018,Indiana,9,US House,Lawrence,18093,Lawrence,Shawswick 7B,Liz Watson,Trey Hollingsworth,,153,244,0,0,397,0.38539,0.61461,0.0,0.38539,91,0.229219,Republican,30766,15724,0.51,0.511084,8878,6846,0.44,0.435385,https://www.in.gov/sos/elections/voter-information/files/2018-General-Election-Turnout-from-the-ENR-page.pdf,9,no
2018,Indiana,9,US House,Lawrence,18093,Lawrence,Shawswick 8,Liz Watson,Trey Hollingsworth,,162,183,0,0,345,0.469565,0.530435,0.0,0.469565,21,0.06087,Republican,30766,15724,0.51,0.511084,8878,6846,0.44,0.435385,https://www.in.gov/sos/elections/voter-information/files/2018-General-Election-Turnout-from-the-ENR-page.pdf,9,no
2018,Indiana,9,US House,Lawrence,18093,Lawrence,Shawswick 9,Liz Watson,Trey Hollingsworth,,88,127,0,0,215,0.409302,0.590698,0.0,0.409302,39,0.181395,Republican,30766,15724,0.51,0.511084,8878,6846,0.44,0.435385,https://www.in.gov/sos/elections/voter-information/files/2018-General-Election-Turnout-from-the-ENR-page.pdf,9,no
2018,Indiana,9,US House,Lawrence,18093,Lawrence,Spice Valley North,Liz Watson,Trey Hollingsworth,,60,189,0,0,249,0.240964,0.759036,0.0,0.240964,129,0.518072,Republican,30766,15724,0.51,0.511084,8878,6846,0.44,0.435385,https://www.in.gov/sos/elections/voter-information/files/2018-General-Election-Turnout-from-the-ENR-page.pdf,9,no
2018,Indiana,9,US House,Lawrence,18093,Lawrence,Spice Valley South,Liz Watson,Trey Hollingsworth,,140,405,0,0,545,0.256881,0.743119,0.0,0.256881,265,0.486239,Republican,30766,15724,0.51,0.511084,8878,6846,0.44,0.435385,https://www.in.gov/sos/elections/voter-information/files/2018-General-Election-Turnout-from-the-ENR-page.pdf,9,no
2018,Indiana,9,US House,Monroe,18105,Monroe,Bean Blossom 01,Liz Watson,Trey Hollingsworth,,237,350,0,0,587,0.403748,0.596252,0.0,0.403748,113,0.192504,Republican,97210,52343,0.54,0.538453,27359,24984,0.48,0.477313,https://www.in.gov/sos/elections/voter-information/files/2018-General-Election-Turnout-from-the-ENR-page.pdf,9,no
2018,Indiana,9,US House,Monroe,18105,Monroe,Bean Blossom 02,Liz Watson,Trey Hollingsworth,,236,339,0,0,575,0.410435,0.589565,0.0,0.410435,103,0.17913,Republican,97210,52343,0.54,0.538453,27359,24984,0.48,0.477313,https://www.in.gov/sos/elections/voter-information/files/2018-General-Election-Turnout-from-the-ENR-page.pdf,9,no
2018,Indiana,9,US House,Monroe,18105,Monroe,Benton 01,Liz Watson,Trey Hollingsworth,,458,350,0,0,808,0.566832,0.433168,0.0,0.566832,-108,-0.133663,Democratic,97210,52343,0.54,0.538453,27359,24984,0.48,0.477313,https://www.in.gov/sos/elections/voter-information/files/2018-General-Election-Turnout-from-the-ENR-page.pdf,9,no
2018,Indiana,9,US House,Monroe,18105,Monroe,Benton 02,Liz Watson,Trey Hollingsworth,,590,273,0,0,863,0.683662,0.316338,0.0,0.683662,-317,-0.367323,Democratic,97210,52343,0.54,0.538453,27359,24984,0.48,0.477313,https://www.in.gov/sos/elections/voter-information/files/2018-General-Election-Turnout-from-the-ENR-page.pdf,9,no
2018,Indiana,9,US House,Monroe,18105,Monroe,Bloom FED 020,Liz Watson,Trey Hollingsworth,,153,8,0,0,161,0.950311,0.049689,0.0,0.950311,-145,-0.900621,Democratic,97210,52343,0.54,0.538453,27359,24984,0.48,0.477313,https://www.in.gov/sos/elections/voter-information/files/2018-General-Election-Turnout-from-the-ENR-page.pdf,9,no
2018,Indiana,9,US House,Monroe,18105,Monroe,Bloomington 01,Liz Watson,Trey Hollingsworth,,182,17,0,0,199,0.914573,0.085427,0.0,0.914573,-165,-0.829146,Democratic,97210,52343,0.54,0.538453,27359,24984,0.48,0.477313,https://www.in.gov/sos/elections/voter-information/files/2018-General-Election-Turnout-from-the-ENR-page.pdf,9,no
2018,Indiana,9,US House,Monroe,18105,Monroe,Bloomington 010,Liz Watson,Trey Hollingsworth,,526,76,0,0,602,0.873754,0.126246,0.0,0.873754,-450,-0.747508,Democratic,97210,52343,0.54,0.538453,27359,24984,0.48,0.477313,https://www.in.gov/sos/elections/voter-information/files/2018-General-Election-Turnout-from-the-ENR-page.pdf,9,no
2018,Indiana,9,US House,Monroe,18105,Monroe,Bloomington 011,Liz Watson,Trey Hollingsworth,,405,250,0,0,655,0.618321,0.381679,0.0,0.618321,-155,-0.236641,Democratic,97210,52343,0.54,0.538453,27359,24984,0.48,0.477313,https://www.in.gov/sos/elections/voter-information/files/2018-General-Election-Turnout-from-the-ENR-page.pdf,9,no
2018,Indiana,9,US House,Monroe,18105,Monroe,Bloomington 012,Liz Watson,Trey Hollingsworth,,482,246,0,0,728,0.662088,0.337912,0.0,0.662088,-236,-0.324176,Democratic,97210,52343,0.54,0.538453,27359,24984,0.48,0.477313,https://www.in.gov/sos/elections/voter-information/files/2018-General-Election-Turnout-from-the-ENR-page.pdf,9,no
2018,Indiana,9,US House,Monroe,18105,Monroe,Bloomington 013,Liz Watson,Trey Hollingsworth,,501,166,0,0,667,0.751124,0.248876,0.0,0.751124,-335,-0.502249,Democratic,97210,52343,0.54,0.538453,27359,24984,0.48,0.477313,https://www.in.gov/sos/elections/voter-information/files/2018-General-Election-Turnout-from-the-ENR-page.pdf,9,no
2018,Indiana,9,US House,Monroe,18105,Monroe,Bloomington 014,Liz Watson,Trey Hollingsworth,,332,95,0,0,427,0.777518,0.222482,0.0,0.777518,-237,-0.555035,Democratic,97210,52343,0.54,0.538453,27359,24984,0.48,0.477313,https://www.in.gov/sos/elections/voter-information/files/2018-General-Election-Turnout-from-the-ENR-page.pdf,9,no
2018,Indiana,9,US House,Monroe,18105,Monroe,Bloomington 015,Liz Watson,Trey Hollingsworth,,450,284,0,0,734,0.613079,0.386921,0.0,0.613079,-166,-0.226158,Democratic,97210,52343,0.54,0.538453,27359,24984,0.48,0.477313,https://www.in.gov/sos/elections/voter-information/files/2018-General-Election-Turnout-from-the-ENR-page.pdf,9,no
2018,Indiana,9,US House,Monroe,18105,Monroe,Bloomington 016,Liz Watson,Trey Hollingsworth,,446,79,0,0,525,0.849524,0.150476,0.0,0.849524,-367,-0.699048,Democratic,97210,52343,0.54,0.538453,27359,24984,0.48,0.477313,https://www.in.gov/sos/elections/voter-information/files/2018-General-Election-Turnout-from-the-ENR-page.pdf,9,no
2018,Indiana,9,US House,Monroe,18105,Monroe,Bloomington 017,Liz Watson,Trey Hollingsworth,,515,170,0,0,685,0.751825,0.248175,0.0,0.751825,-345,-0.50365,Democratic,97210,52343,0.54,0.538453,27359,24984,0.48,0.477313,https://www.in.gov/sos/elections/voter-information/files/2018-General-Election-Turnout-from-the-ENR-page.pdf,9,no
2018,Indiana,9,US House,Monroe,18105,Monroe,Bloomington 018,Liz Watson,Trey Hollingsworth,,519,61,0,0,580,0.894828,0.105172,0.0,0.894828,-458,-0.789655,Democratic,97210,52343,0.54,0.538453,27359,24984,0.48,0.477313,https://www.in.gov/sos/elections/voter-information/files/2018-General-Election-Turnout-from-the-ENR-page.pdf,9,no
2018,Indiana,9,US House,Monroe,18105,Monroe,Bloomington 019,Liz Watson,Trey Hollingsworth,,211,18,0,0,229,0.921397,0.078603,0.0,0.921397,-193,-0.842795,Democratic,97210,52343,0.54,0.538453,27359,24984,0.48,0.477313,https://www.in.gov/sos/elections/voter-information/files/2018-General-Election-Turnout-from-the-ENR-page.pdf,9,no
2018,Indiana,9,US House,Monroe,18105,Monroe,Bloomington 02,Liz Watson,Trey Hollingsworth,,492,59,0,0,551,0.892922,0.107078,0.0,0.892922,-433,-0.785844,Democratic,97210,52343,0.54,0.538453,27359,24984,0.48,0.477313,https://www.in.gov/sos/elections/voter-information/files/2018-General-Election-Turnout-from-the-ENR-page.pdf,9,no
2018,Indiana,9,US House,Monroe,18105,Monroe,Bloomington 020,Liz Watson,Trey Hollingsworth,,335,31,0,0,366,0.915301,0.084699,0.0,0.915301,-304,-0.830601,Democratic,97210,52343,0.54,0.538453,27359,24984,0.48,0.477313,https://www.in.gov/sos/elections/voter-information/files/2018-General-Election-Turnout-from-the-ENR-page.pdf,9,no
2018,Indiana,9,US House,Monroe,18105,Monroe,Bloomington 021,Liz Watson,Trey Hollingsworth,,519,87,0,0,606,0.856436,0.143564,0.0,0.856436,-432,-0.712871,Democratic,97210,52343,0.54,0.538453,27359,24984,0.48,0.477313,https://www.in.gov/sos/elections/voter-information/files/2018-General-Election-Turnout-from-the-ENR-page.pdf,9,no
2018,Indiana,9,US House,Monroe,18105,Monroe,Bloomington 022,Liz Watson,Trey Hollingsworth,,435,85,0,0,520,0.836538,0.163462,0.0,0.836538,-350,-0.673077,Democratic,97210,52343,0.54,0.538453,27359,24984,0.48,0.477313,https://www.in.gov/sos/elections/voter-information/files/2018-General-Election-Turnout-from-the-ENR-page.pdf,9,no
2018,Indiana,9,US House,Monroe,18105,Monroe,Bloomington 023,Liz Watson,Trey Hollingsworth,,308,62,0,0,370,0.832432,0.167568,0.0,0.832432,-246,-0.664865,Democratic,97210,52343,0.54,0.538453,27359,24984,0.48,0.477313,https://www.in.gov/sos/elections/voter-information/files/2018-General-Election-Turnout-from-the-ENR-page.pdf,9,no
2018,Indiana,9,US House,Monroe,18105,Monroe,Bloomington 024,Liz Watson,Trey Hollingsworth,,113,56,0,0,169,0.668639,0.331361,0.0,0.668639,-57,-0.337278,Democratic,97210,52343,0.54,0.538453,27359,24984,0.48,0.477313,https://www.in.gov/sos/elections/voter-information/files/2018-General-Election-Turnout-from-the-ENR-page.pdf,9,no
2018,Indiana,9,US House,Monroe,18105,Monroe,Bloomington 03,Liz Watson,Trey Hollingsworth,,433,88,0,0,521,0.831094,0.168906,0.0,0.831094,-345,-0.662188,Democratic,97210,52343,0.54,0.538453,27359,24984,0.48,0.477313,https://www.in.gov/sos/elections/voter-information/files/2018-General-Election-Turnout-from-the-ENR-page.pdf,9,no
2018,Indiana,9,US House,Monroe,18105,Monroe,Bloomington 04,Liz Watson,Trey Hollingsworth,,234,17,0,0,251,0.932271,0.067729,0.0,0.932271,-217,-0.864542,Democratic,97210,52343,0.54,0.538453,27359,24984,0.48,0.477313,https://www.in.gov/sos/elections/voter-information/files/2018-General-Election-Turnout-from-the-ENR-page.pdf,9,no
2018,Indiana,9,US House,Monroe,18105,Monroe,Bloomington 05,Liz Watson,Trey Hollingsworth,,654,108,0,0,762,0.858268,0.141732,0.0,0.858268,-546,-0.716535,Democratic,97210,52343,0.54,0.538453,27359,24984,0.48,0.477313,https://www.in.gov/sos/elections/voter-information/files/2018-General-Election-Turnout-from-the-ENR-page.pdf,9,no
2018,Indiana,9,US House,Monroe,18105,Monroe,Bloomington 06,Liz Watson,Trey Hollingsworth,,658,66,0,0,724,0.90884,0.09116,0.0,0.90884,-592,-0.81768,Democratic,97210,52343,0.54,0.538453,27359,24984,0.48,0.477313,https://www.in.gov/sos/elections/voter-information/files/2018-General-Election-Turnout-from-the-ENR-page.pdf,9,no
2018,Indiana,9,US House,Monroe,18105,Monroe,Bloomington 07,Liz Watson,Trey Hollingsworth,,251,81,0,0,332,0.756024,0.243976,0.0,0.756024,-170,-0.512048,Democratic,97210,52343,0.54,0.538453,27359,24984,0.48,0.477313,https://www.in.gov/sos/elections/voter-information/files/2018-General-Election-Turnout-from-the-ENR-page.pdf,9,no
2018,Indiana,9,US House,Monroe,18105,Monroe,Bloomington 08,Liz Watson,Trey Hollingsworth,,377,42,0,0,419,0.899761,0.100239,0.0,0.899761,-335,-0.799523,Democratic,97210,52343,0.54,0.538453,27359,24984,0.48,0.477313,https://www.in.gov/sos/elections/voter-information/files/2018-General-Election-Turnout-from-the-ENR-page.pdf,9,no
2018,Indiana,9,US House,Monroe,18105,Monroe,Bloomington 09,Liz Watson,Trey Hollingsworth,,548,111,0,0,659,0.831563,0.168437,0.0,0.831563,-437,-0.663126,Democratic,97210,52343,0.54,0.538453,27359,24984,0.48,0.477313,https://www.in.gov/sos/elections/voter-information/files/2018-General-Election-Turnout-from-the-ENR-page.pdf,9,no
2018,Indiana,9,US House,Monroe,18105,Monroe,Clear Creek 01,Liz Watson,Trey Hollingsworth,,394,471,0,0,865,0.455491,0.544509,0.0,0.455491,77,0.089017,Republican,97210,52343,0.54,0.538453,27359,24984,0.48,0.477313,https://www.in.gov/sos/elections/voter-information/files/2018-General-Election-Turnout-from-the-ENR-page.pdf,9,no
2018,Indiana,9,US House,Monroe,18105,Monroe,Clear Creek 02,Liz Watson,Trey Hollingsworth,,271,297,0,0,568,0.477113,0.522887,0.0,0.477113,26,0.045775,Republican,97210,52343,0.54,0.538453,27359,24984,0.48,0.477313,https://www.in.gov/sos/elections/voter-information/files/2018-General-Election-Turnout-from-the-ENR-page.pdf,9,no
2018,Indiana,9,US House,Monroe,18105,Monroe,Clear Creek 03,Liz Watson,Trey Hollingsworth,,423,408,0,0,831,0.509025,0.490975,0.0,0.509025,-15,-0.018051,Democratic,97210,52343,0.54,0.538453,27359,24984,0.48,0.477313,https://www.in.gov/sos/elections/voter-information/files/2018-General-Election-Turnout-from-the-ENR-page.pdf,9,no
2018,Indiana,9,US House,Monroe,18105,Monroe,Indian Creek,Liz Watson,Trey Hollingsworth,,285,328,0,0,613,0.464927,0.535073,0.0,0.464927,43,0.070147,Republican,97210,52343,0.54,0.538453,27359,24984,0.48,0.477313,https://www.in.gov/sos/elections/voter-information/files/2018-General-Election-Turnout-from-the-ENR-page.pdf,9,no
2018,Indiana,9,US House,Monroe,18105,Monroe,Perry 01,Liz Watson,Trey Hollingsworth,,491,71,0,0,562,0.873665,0.126335,0.0,0.873665,-420,-0.747331,Democratic,97210,52343,0.54,0.538453,27359,24984,0.48,0.477313,https://www.in.gov/sos/elections/voter-information/files/2018-General-Election-Turnout-from-the-ENR-page.pdf,9,no
2018,Indiana,9,US House,Monroe,18105,Monroe,Perry 010,Liz Watson,Trey Hollingsworth,,468,180,0,0,648,0.722222,0.277778,0.0,0.722222,-288,-0.444444,Democratic,97210,52343,0.54,0.538453,27359,24984,0.48,0.477313,https://www.in.gov/sos/elections/voter-information/files/2018-General-Election-Turnout-from-the-ENR-page.pdf,9,no
2018,Indiana,9,US House,Monroe,18105,Monroe,Perry 011,Liz Watson,Trey Hollingsworth,,527,217,0,0,744,0.708333,0.291667,0.0,0.708333,-310,-0.416667,Democratic,97210,52343,0.54,0.538453,27359,24984,0.48,0.477313,https://www.in.gov/sos/elections/voter-information/files/2018-General-Election-Turnout-from-the-ENR-page.pdf,9,no
2018,Indiana,9,US House,Monroe,18105,Monroe,Perry 012,Liz Watson,Trey Hollingsworth,,524,191,0,0,715,0.732867,0.267133,0.0,0.732867,-333,-0.465734,Democratic,97210,52343,0.54,0.538453,27359,24984,0.48,0.477313,https://www.in.gov/sos/elections/voter-information/files/2018-General-Election-Turnout-from-the-ENR-page.pdf,9,no
2018,Indiana,9,US House,Monroe,18105,Monroe,Perry 013,Liz Watson,Trey Hollingsworth,,424,159,0,0,583,0.727273,0.272727,0.0,0.727273,-265,-0.454545,Democratic,97210,52343,0.54,0.538453,27359,24984,0.48,0.477313,https://www.in.gov/sos/elections/voter-information/files/2018-General-Election-Turnout-from-the-ENR-page.pdf,9,no
2018,Indiana,9,US House,Monroe,18105,Monroe,Perry 014,Liz Watson,Trey Hollingsworth,,566,118,0,0,684,0.827485,0.172515,0.0,0.827485,-448,-0.654971,Democratic,97210,52343,0.54,0.538453,27359,24984,0.48,0.477313,https://www.in.gov/sos/elections/voter-information/files/2018-General-Election-Turnout-from-the-ENR-page.pdf,9,no
2018,Indiana,9,US House,Monroe,18105,Monroe,Perry 015,Liz Watson,Trey Hollingsworth,,472,53,0,0,525,0.899048,0.100952,0.0,0.899048,-419,-0.798095,Democratic,97210,52343,0.54,0.538453,27359,24984,0.48,0.477313,https://www.in.gov/sos/elections/voter-information/files/2018-General-Election-Turnout-from-the-ENR-page.pdf,9,no
2018,Indiana,9,US House,Monroe,18105,Monroe,Perry 016,Liz Watson,Trey Hollingsworth,,701,63,0,0,764,0.917539,0.082461,0.0,0.917539,-638,-0.835079,Democratic,97210,52343,0.54,0.538453,27359,24984,0.48,0.477313,https://www.in.gov/sos/elections/voter-information/files/2018-General-Election-Turnout-from-the-ENR-page.pdf,9,no
2018,Indiana,9,US House,Monroe,18105,Monroe,Perry 017,Liz Watson,Trey Hollingsworth,,555,136,0,0,691,0.803184,0.196816,0.0,0.803184,-419,-0.606368,Democratic,97210,52343,0.54,0.538453,27359,24984,0.48,0.477313,https://www.in.gov/sos/elections/voter-information/files/2018-General-Election-Turnout-from-the-ENR-page.pdf,9,no
2018,Indiana,9,US House,Monroe,18105,Monroe,Perry 018,Liz Watson,Trey Hollingsworth,,679,121,0,0,800,0.84875,0.15125,0.0,0.84875,-558,-0.6975,Democratic,97210,52343,0.54,0.538453,27359,24984,0.48,0.477313,https://www.in.gov/sos/elections/voter-information/files/2018-General-Election-Turnout-from-the-ENR-page.pdf,9,no
2018,Indiana,9,US House,Monroe,18105,Monroe,Perry 019,Liz Watson,Trey Hollingsworth,,512,227,0,0,739,0.692828,0.307172,0.0,0.692828,-285,-0.385656,Democratic,97210,52343,0.54,0.538453,27359,24984,0.48,0.477313,https://www.in.gov/sos/elections/voter-information/files/2018-General-Election-Turnout-from-the-ENR-page.pdf,9,no
2018,Indiana,9,US House,Monroe,18105,Monroe,Perry 02,Liz Watson,Trey Hollingsworth,,407,152,0,0,559,0.728086,0.271914,0.0,0.728086,-255,-0.456172,Democratic,97210,52343,0.54,0.538453,27359,24984,0.48,0.477313,https://www.in.gov/sos/elections/voter-information/files/2018-General-Election-Turnout-from-the-ENR-page.pdf,9,no
2018,Indiana,9,US House,Monroe,18105,Monroe,Perry 020,Liz Watson,Trey Hollingsworth,,401,81,0,0,482,0.83195,0.16805,0.0,0.83195,-320,-0.6639,Democratic,97210,52343,0.54,0.538453,27359,24984,0.48,0.477313,https://www.in.gov/sos/elections/voter-information/files/2018-General-Election-Turnout-from-the-ENR-page.pdf,9,no
2018,Indiana,9,US House,Monroe,18105,Monroe,Perry 021,Liz Watson,Trey Hollingsworth,,762,302,0,0,1064,0.716165,0.283835,0.0,0.716165,-460,-0.432331,Democratic,97210,52343,0.54,0.538453,27359,24984,0.48,0.477313,https://www.in.gov/sos/elections/voter-information/files/2018-General-Election-Turnout-from-the-ENR-page.pdf,9,no
2018,Indiana,9,US House,Monroe,18105,Monroe,Perry 022,Liz Watson,Trey Hollingsworth,,548,217,0,0,765,0.71634,0.28366,0.0,0.71634,-331,-0.43268,Democratic,97210,52343,0.54,0.538453,27359,24984,0.48,0.477313,https://www.in.gov/sos/elections/voter-information/files/2018-General-Election-Turnout-from-the-ENR-page.pdf,9,no
2018,Indiana,9,US House,Monroe,18105,Monroe,Perry 023,Liz Watson,Trey Hollingsworth,,619,495,0,0,1114,0.555655,0.444345,0.0,0.555655,-124,-0.111311,Democratic,97210,52343,0.54,0.538453,27359,24984,0.48,0.477313,https://www.in.gov/sos/elections/voter-information/files/2018-General-Election-Turnout-from-the-ENR-page.pdf,9,no
2018,Indiana,9,US House,Monroe,18105,Monroe,Perry 024,Liz Watson,Trey Hollingsworth,,392,409,0,0,801,0.489388,0.510612,0.0,0.489388,17,0.021223,Republican,97210,52343,0.54,0.538453,27359,24984,0.48,0.477313,https://www.in.gov/sos/elections/voter-information/files/2018-General-Election-Turnout-from-the-ENR-page.pdf,9,no
2018,Indiana,9,US House,Monroe,18105,Monroe,Perry 025,Liz Watson,Trey Hollingsworth,,350,320,0,0,670,0.522388,0.477612,0.0,0.522388,-30,-0.044776,Democratic,97210,52343,0.54,0.538453,27359,24984,0.48,0.477313,https://www.in.gov/sos/elections/voter-information/files/2018-General-Election-Turnout-from-the-ENR-page.pdf,9,no
2018,Indiana,9,US House,Monroe,18105,Monroe,Perry 026,Liz Watson,Trey Hollingsworth,,586,186,0,0,772,0.759067,0.240933,0.0,0.759067,-400,-0.518135,Democratic,97210,52343,0.54,0.538453,27359,24984,0.48,0.477313,https://www.in.gov/sos/elections/voter-information/files/2018-General-Election-Turnout-from-the-ENR-page.pdf,9,no
2018,Indiana,9,US House,Monroe,18105,Monroe,Perry 027,Liz Watson,Trey Hollingsworth,,617,386,0,0,1003,0.615155,0.384845,0.0,0.615155,-231,-0.230309,Democratic,97210,52343,0.54,0.538453,27359,24984,0.48,0.477313,https://www.in.gov/sos/elections/voter-information/files/2018-General-Election-Turnout-from-the-ENR-page.pdf,9,no
2018,Indiana,9,US House,Monroe,18105,Monroe,Perry 028,Liz Watson,Trey Hollingsworth,,66,17,0,0,83,0.795181,0.204819,0.0,0.795181,-49,-0.590361,Democratic,97210,52343,0.54,0.538453,27359,24984,0.48,0.477313,https://www.in.gov/sos/elections/voter-information/files/2018-General-Election-Turnout-from-the-ENR-page.pdf,9,no
2018,Indiana,9,US House,Monroe,18105,Monroe,Perry 029,Liz Watson,Trey Hollingsworth,,401,93,0,0,494,0.811741,0.188259,0.0,0.811741,-308,-0.623482,Democratic,97210,52343,0.54,0.538453,27359,24984,0.48,0.477313,https://www.in.gov/sos/elections/voter-information/files/2018-General-Election-Turnout-from-the-ENR-page.pdf,9,no
2018,Indiana,9,US House,Monroe,18105,Monroe,Perry 03,Liz Watson,Trey Hollingsworth,,527,140,0,0,667,0.790105,0.209895,0.0,0.790105,-387,-0.58021,Democratic,97210,52343,0.54,0.538453,27359,24984,0.48,0.477313,https://www.in.gov/sos/elections/voter-information/files/2018-General-Election-Turnout-from-the-ENR-page.pdf,9,no
2018,Indiana,9,US House,Monroe,18105,Monroe,Perry 030,Liz Watson,Trey Hollingsworth,,430,42,0,0,472,0.911017,0.088983,0.0,0.911017,-388,-0.822034,Democratic,97210,52343,0.54,0.538453,27359,24984,0.48,0.477313,https://www.in.gov/sos/elections/voter-information/files/2018-General-Election-Turnout-from-the-ENR-page.pdf,9,no
2018,Indiana,9,US House,Monroe,18105,Monroe,Perry 031,Liz Watson,Trey Hollingsworth,,609,51,0,0,660,0.922727,0.077273,0.0,0.922727,-558,-0.845455,Democratic,97210,52343,0.54,0.538453,27359,24984,0.48,0.477313,https://www.in.gov/sos/elections/voter-information/files/2018-General-Election-Turnout-from-the-ENR-page.pdf,9,no
2018,Indiana,9,US House,Monroe,18105,Monroe,Perry 032,Liz Watson,Trey Hollingsworth,,523,93,0,0,616,0.849026,0.150974,0.0,0.849026,-430,-0.698052,Democratic,97210,52343,0.54,0.538453,27359,24984,0.48,0.477313,https://www.in.gov/sos/elections/voter-information/files/2018-General-Election-Turnout-from-the-ENR-page.pdf,9,no
2018,Indiana,9,US House,Monroe,18105,Monroe,Perry 04,Liz Watson,Trey Hollingsworth,,521,257,0,0,778,0.669666,0.330334,0.0,0.669666,-264,-0.339332,Democratic,97210,52343,0.54,0.538453,27359,24984,0.48,0.477313,https://www.in.gov/sos/elections/voter-information/files/2018-General-Election-Turnout-from-the-ENR-page.pdf,9,no
2018,Indiana,9,US House,Monroe,18105,Monroe,Perry 05,Liz Watson,Trey Hollingsworth,,646,268,0,0,914,0.706783,0.293217,0.0,0.706783,-378,-0.413567,Democratic,97210,52343,0.54,0.538453,27359,24984,0.48,0.477313,https://www.in.gov/sos/elections/voter-information/files/2018-General-Election-Turnout-from-the-ENR-page.pdf,9,no
2018,Indiana,9,US House,Monroe,18105,Monroe,Perry 06,Liz Watson,Trey Hollingsworth,,410,48,0,0,458,0.895197,0.104803,0.0,0.895197,-362,-0.790393,Democratic,97210,52343,0.54,0.538453,27359,24984,0.48,0.477313,https://www.in.gov/sos/elections/voter-information/files/2018-General-Election-Turnout-from-the-ENR-page.pdf,9,no
2018,Indiana,9,US House,Monroe,18105,Monroe,Perry 07,Liz Watson,Trey Hollingsworth,,282,35,0,0,317,0.88959,0.11041,0.0,0.88959,-247,-0.77918,Democratic,97210,52343,0.54,0.538453,27359,24984,0.48,0.477313,https://www.in.gov/sos/elections/voter-information/files/2018-General-Election-Turnout-from-the-ENR-page.pdf,9,no
2018,Indiana,9,US House,Monroe,18105,Monroe,Perry 08,Liz Watson,Trey Hollingsworth,,683,53,0,0,736,0.927989,0.072011,0.0,0.927989,-630,-0.855978,Democratic,97210,52343,0.54,0.538453,27359,24984,0.48,0.477313,https://www.in.gov/sos/elections/voter-information/files/2018-General-Election-Turnout-from-the-ENR-page.pdf,9,no
2018,Indiana,9,US House,Monroe,18105,Monroe,Perry 09,Liz Watson,Trey Hollingsworth,,520,148,0,0,668,0.778443,0.221557,0.0,0.778443,-372,-0.556886,Democratic,97210,52343,0.54,0.538453,27359,24984,0.48,0.477313,https://www.in.gov/sos/elections/voter-information/files/2018-General-Election-Turnout-from-the-ENR-page.pdf,9,no
2018,Indiana,9,US House,Monroe,18105,Monroe,Polk,Liz Watson,Trey Hollingsworth,,64,69,0,0,133,0.481203,0.518797,0.0,0.481203,5,0.037594,Republican,97210,52343,0.54,0.538453,27359,24984,0.48,0.477313,https://www.in.gov/sos/elections/voter-information/files/2018-General-Election-Turnout-from-the-ENR-page.pdf,9,no
2018,Indiana,9,US House,Monroe,18105,Monroe,Richland 01,Liz Watson,Trey Hollingsworth,,395,316,0,0,711,0.555556,0.444444,0.0,0.555556,-79,-0.111111,Democratic,97210,52343,0.54,0.538453,27359,24984,0.48,0.477313,https://www.in.gov/sos/elections/voter-information/files/2018-General-Election-Turnout-from-the-ENR-page.pdf,9,no
2018,Indiana,9,US House,Monroe,18105,Monroe,Richland 02,Liz Watson,Trey Hollingsworth,,350,336,0,0,686,0.510204,0.489796,0.0,0.510204,-14,-0.020408,Democratic,97210,52343,0.54,0.538453,27359,24984,0.48,0.477313,https://www.in.gov/sos/elections/voter-information/files/2018-General-Election-Turnout-from-the-ENR-page.pdf,9,no
2018,Indiana,9,US House,Monroe,18105,Monroe,Richland 03,Liz Watson,Trey Hollingsworth,,207,251,0,0,458,0.451965,0.548035,0.0,0.451965,44,0.09607,Republican,97210,52343,0.54,0.538453,27359,24984,0.48,0.477313,https://www.in.gov/sos/elections/voter-information/files/2018-General-Election-Turnout-from-the-ENR-page.pdf,9,no
2018,Indiana,9,US House,Monroe,18105,Monroe,Richland 04,Liz Watson,Trey Hollingsworth,,480,427,0,0,907,0.529217,0.470783,0.0,0.529217,-53,-0.058434,Democratic,97210,52343,0.54,0.538453,27359,24984,0.48,0.477313,https://www.in.gov/sos/elections/voter-information/files/2018-General-Election-Turnout-from-the-ENR-page.pdf,9,no
2018,Indiana,9,US House,Monroe,18105,Monroe,Richland 05,Liz Watson,Trey Hollingsworth,,286,320,0,0,606,0.471947,0.528053,0.0,0.471947,34,0.056106,Republican,97210,52343,0.54,0.538453,27359,24984,0.48,0.477313,https://www.in.gov/sos/elections/voter-information/files/2018-General-Election-Turnout-from-the-ENR-page.pdf,9,no
2018,Indiana,9,US House,Monroe,18105,Monroe,Richland 06,Liz Watson,Trey Hollingsworth,,246,404,0,0,650,0.378462,0.621538,0.0,0.378462,158,0.243077,Republican,97210,52343,0.54,0.538453,27359,24984,0.48,0.477313,https://www.in.gov/sos/elections/voter-information/files/2018-General-Election-Turnout-from-the-ENR-page.pdf,9,no
2018,Indiana,9,US House,Monroe,18105,Monroe,Richland 07,Liz Watson,Trey Hollingsworth,,456,393,0,0,849,0.537102,0.462898,0.0,0.537102,-63,-0.074205,Democratic,97210,52343,0.54,0.538453,27359,24984,0.48,0.477313,https://www.in.gov/sos/elections/voter-information/files/2018-General-Election-Turnout-from-the-ENR-page.pdf,9,no
2018,Indiana,9,US House,Monroe,18105,Monroe,Richland 08,Liz Watson,Trey Hollingsworth,,462,396,0,0,858,0.538462,0.461538,0.0,0.538462,-66,-0.076923,Democratic,97210,52343,0.54,0.538453,27359,24984,0.48,0.477313,https://www.in.gov/sos/elections/voter-information/files/2018-General-Election-Turnout-from-the-ENR-page.pdf,9,no
2018,Indiana,9,US House,Monroe,18105,Monroe,Richland 09,Liz Watson,Trey Hollingsworth,,2,0,0,0,2,1.0,0.0,0.0,1.0,-2,-1.0,Democratic,97210,52343,0.54,0.538453,27359,24984,0.48,0.477313,https://www.in.gov/sos/elections/voter-information/files/2018-General-Election-Turnout-from-the-ENR-page.pdf,9,no
2018,Indiana,9,US House,Monroe,18105,Monroe,Salt Creek,Liz Watson,Trey Hollingsworth,,567,295,0,0,862,0.657773,0.342227,0.0,0.657773,-272,-0.315545,Democratic,97210,52343,0.54,0.538453,27359,24984,0.48,0.477313,https://www.in.gov/sos/elections/voter-information/files/2018-General-Election-Turnout-from-the-ENR-page.pdf,9,no
2018,Indiana,9,US House,Monroe,18105,Monroe,Van Buren 01,Liz Watson,Trey Hollingsworth,,630,432,0,0,1062,0.59322,0.40678,0.0,0.59322,-198,-0.186441,Democratic,97210,52343,0.54,0.538453,27359,24984,0.48,0.477313,https://www.in.gov/sos/elections/voter-information/files/2018-General-Election-Turnout-from-the-ENR-page.pdf,9,no
2018,Indiana,9,US House,Monroe,18105,Monroe,Van Buren 02,Liz Watson,Trey Hollingsworth,,246,166,0,0,412,0.597087,0.402913,0.0,0.597087,-80,-0.194175,Democratic,97210,52343,0.54,0.538453,27359,24984,0.48,0.477313,https://www.in.gov/sos/elections/voter-information/files/2018-General-Election-Turnout-from-the-ENR-page.pdf,9,no
2018,Indiana,9,US House,Monroe,18105,Monroe,Van Buren 03,Liz Watson,Trey Hollingsworth,,456,281,0,0,737,0.618725,0.381275,0.0,0.618725,-175,-0.237449,Democratic,97210,52343,0.54,0.538453,27359,24984,0.48,0.477313,https://www.in.gov/sos/elections/voter-information/files/2018-General-Election-Turnout-from-the-ENR-page.pdf,9,no
2018,Indiana,9,US House,Monroe,18105,Monroe,Van Buren 04,Liz Watson,Trey Hollingsworth,,317,439,0,0,756,0.419312,0.580688,0.0,0.419312,122,0.161376,Republican,97210,52343,0.54,0.538453,27359,24984,0.48,0.477313,https://www.in.gov/sos/elections/voter-information/files/2018-General-Election-Turnout-from-the-ENR-page.pdf,9,no
2018,Indiana,9,US House,Monroe,18105,Monroe,Van Buren 05,Liz Watson,Trey Hollingsworth,,304,371,0,0,675,0.45037,0.54963,0.0,0.45037,67,0.099259,Republican,97210,52343,0.54,0.538453,27359,24984,0.48,0.477313,https://www.in.gov/sos/elections/voter-information/files/2018-General-Election-Turnout-from-the-ENR-page.pdf,9,no
2018,Indiana,9,US House,Monroe,18105,Monroe,Van Buren 06,Liz Watson,Trey Hollingsworth,,441,330,0,0,771,0.571984,0.428016,0.0,0.571984,-111,-0.143969,Democratic,97210,52343,0.54,0.538453,27359,24984,0.48,0.477313,https://www.in.gov/sos/elections/voter-information/files/2018-General-Election-Turnout-from-the-ENR-page.pdf,9,no
2018,Indiana,9,US House,Monroe,18105,Monroe,Washington,Liz Watson,Trey Hollingsworth,,478,475,0,0,953,0.501574,0.498426,0.0,0.501574,-3,-0.003148,Democratic,97210,52343,0.54,0.538453,27359,24984,0.48,0.477313,https://www.in.gov/sos/elections/voter-information/files/2018-General-Election-Turnout-from-the-ENR-page.pdf,9,no
2018,Indiana,9,US House,Morgan,18109,Morgan,ASHLAND 2,Liz Watson,Trey Hollingsworth,,45,215,0,0,260,0.173077,0.826923,0.0,0.173077,170,0.653846,Republican,48280,25480,0.53,0.527755,13061,12419,0.49,0.487402,https://www.in.gov/sos/elections/voter-information/files/2018-General-Election-Turnout-from-the-ENR-page.pdf,4;9,yes
2018,Indiana,9,US House,Morgan,18109,Morgan,BAKER,Liz Watson,Trey Hollingsworth,,58,227,0,0,285,0.203509,0.796491,0.0,0.203509,169,0.592982,Republican,48280,25480,0.53,0.527755,13061,12419,0.49,0.487402,https://www.in.gov/sos/elections/voter-information/files/2018-General-Election-Turnout-from-the-ENR-page.pdf,4;9,yes
2018,Indiana,9,US House,Morgan,18109,Morgan,CLAY 1,Liz Watson,Trey Hollingsworth,,119,383,0,0,502,0.237052,0.762948,0.0,0.237052,264,0.525896,Republican,48280,25480,0.53,0.527755,13061,12419,0.49,0.487402,https://www.in.gov/sos/elections/voter-information/files/2018-General-Election-Turnout-from-the-ENR-page.pdf,4;9,yes
2018,Indiana,9,US House,Morgan,18109,Morgan,CLAY 2,Liz Watson,Trey Hollingsworth,,147,315,0,0,462,0.318182,0.681818,0.0,0.318182,168,0.363636,Republican,48280,25480,0.53,0.527755,13061,12419,0.49,0.487402,https://www.in.gov/sos/elections/voter-information/files/2018-General-Election-Turnout-from-the-ENR-page.pdf,4;9,yes
2018,Indiana,9,US House,Morgan,18109,Morgan,CLAY 3,Liz Watson,Trey Hollingsworth,,150,328,0,0,478,0.313808,0.686192,0.0,0.313808,178,0.372385,Republican,48280,25480,0.53,0.527755,13061,12419,0.49,0.487402,https://www.in.gov/sos/elections/voter-information/files/2018-General-Election-Turnout-from-the-ENR-page.pdf,4;9,yes
2018,Indiana,9,US House,Morgan,18109,Morgan,GREEN 1,Liz Watson,Trey Hollingsworth,,167,492,0,0,659,0.253414,0.746586,0.0,0.253414,325,0.493171,Republican,48280,25480,0.53,0.527755,13061,12419,0.49,0.487402,https://www.in.gov/sos/elections/voter-information/files/2018-General-Election-Turnout-from-the-ENR-page.pdf,4;9,yes
2018,Indiana,9,US House,Morgan,18109,Morgan,GREEN 2,Liz Watson,Trey Hollingsworth,,206,574,0,0,780,0.264103,0.735897,0.0,0.264103,368,0.471795,Republican,48280,25480,0.53,0.527755,13061,12419,0.49,0.487402,https://www.in.gov/sos/elections/voter-information/files/2018-General-Election-Turnout-from-the-ENR-page.pdf,4;9,yes
2018,Indiana,9,US House,Morgan,18109,Morgan,HARRISON,Liz Watson,Trey Hollingsworth,,147,446,0,0,593,0.247892,0.752108,0.0,0.247892,299,0.504216,Republican,48280,25480,0.53,0.527755,13061,12419,0.49,0.487402,https://www.in.gov/sos/elections/voter-information/files/2018-General-Election-Turnout-from-the-ENR-page.pdf,4;9,yes
2018,Indiana,9,US House,Morgan,18109,Morgan,JACKSON 1,Liz Watson,Trey Hollingsworth,,124,399,0,0,523,0.237094,0.762906,0.0,0.237094,275,0.525813,Republican,48280,25480,0.53,0.527755,13061,12419,0.49,0.487402,https://www.in.gov/sos/elections/voter-information/files/2018-General-Election-Turnout-from-the-ENR-page.pdf,4;9,yes
2018,Indiana,9,US House,Morgan,18109,Morgan,JACKSON 2,Liz Watson,Trey Hollingsworth,,117,458,0,0,575,0.203478,0.796522,0.0,0.203478,341,0.593043,Republican,48280,25480,0.53,0.527755,13061,12419,0.49,0.487402,https://www.in.gov/sos/elections/voter-information/files/2018-General-Election-Turnout-from-the-ENR-page.pdf,4;9,yes
2018,Indiana,9,US House,Morgan,18109,Morgan,JACKSON 3,Liz Watson,Trey Hollingsworth,,107,255,0,0,362,0.29558,0.70442,0.0,0.29558,148,0.40884,Republican,48280,25480,0.53,0.527755,13061,12419,0.49,0.487402,https://www.in.gov/sos/elections/voter-information/files/2018-General-Election-Turnout-from-the-ENR-page.pdf,4;9,yes
2018,Indiana,9,US House,Morgan,18109,Morgan,JEFFERSON 1,Liz Watson,Trey Hollingsworth,,124,317,0,0,441,0.281179,0.718821,0.0,0.281179,193,0.437642,Republican,48280,25480,0.53,0.527755,13061,12419,0.49,0.487402,https://www.in.gov/sos/elections/voter-information/files/2018-General-Election-Turnout-from-the-ENR-page.pdf,4;9,yes
2018,Indiana,9,US House,Morgan,18109,Morgan,JEFFERSON 2,Liz Watson,Trey Hollingsworth,,117,301,0,0,418,0.279904,0.720096,0.0,0.279904,184,0.440191,Republican,48280,25480,0.53,0.527755,13061,12419,0.49,0.487402,https://www.in.gov/sos/elections/voter-information/files/2018-General-Election-Turnout-from-the-ENR-page.pdf,4;9,yes
2018,Indiana,9,US House,Morgan,18109,Morgan,JEFFERSON 3,Liz Watson,Trey Hollingsworth,,135,340,0,0,475,0.284211,0.715789,0.0,0.284211,205,0.431579,Republican,48280,25480,0.53,0.527755,13061,12419,0.49,0.487402,https://www.in.gov/sos/elections/voter-information/files/2018-General-Election-Turnout-from-the-ENR-page.pdf,4;9,yes
2018,Indiana,9,US House,Morgan,18109,Morgan,MADISON 1,Liz Watson,Trey Hollingsworth,,185,508,0,0,693,0.266955,0.733045,0.0,0.266955,323,0.466089,Republican,48280,25480,0.53,0.527755,13061,12419,0.49,0.487402,https://www.in.gov/sos/elections/voter-information/files/2018-General-Election-Turnout-from-the-ENR-page.pdf,4;9,yes
2018,Indiana,9,US House,Morgan,18109,Morgan,MADISON 2,Liz Watson,Trey Hollingsworth,,174,537,0,0,711,0.244726,0.755274,0.0,0.244726,363,0.510549,Republican,48280,25480,0.53,0.527755,13061,12419,0.49,0.487402,https://www.in.gov/sos/elections/voter-information/files/2018-General-Election-Turnout-from-the-ENR-page.pdf,4;9,yes
2018,Indiana,9,US House,Morgan,18109,Morgan,MADISON 3,Liz Watson,Trey Hollingsworth,,147,414,0,0,561,0.262032,0.737968,0.0,0.262032,267,0.475936,Republican,48280,25480,0.53,0.527755,13061,12419,0.49,0.487402,https://www.in.gov/sos/elections/voter-information/files/2018-General-Election-Turnout-from-the-ENR-page.pdf,4;9,yes
2018,Indiana,9,US House,Morgan,18109,Morgan,MADISON 4,Liz Watson,Trey Hollingsworth,,190,459,0,0,649,0.292758,0.707242,0.0,0.292758,269,0.414484,Republican,48280,25480,0.53,0.527755,13061,12419,0.49,0.487402,https://www.in.gov/sos/elections/voter-information/files/2018-General-Election-Turnout-from-the-ENR-page.pdf,4;9,yes
2018,Indiana,9,US House,Morgan,18109,Morgan,MADISON 5,Liz Watson,Trey Hollingsworth,,125,280,0,0,405,0.308642,0.691358,0.0,0.308642,155,0.382716,Republican,48280,25480,0.53,0.527755,13061,12419,0.49,0.487402,https://www.in.gov/sos/elections/voter-information/files/2018-General-Election-Turnout-from-the-ENR-page.pdf,4;9,yes
2018,Indiana,9,US House,Morgan,18109,Morgan,MADISON 6,Liz Watson,Trey Hollingsworth,,215,388,0,0,603,0.356551,0.643449,0.0,0.356551,173,0.286899,Republican,48280,25480,0.53,0.527755,13061,12419,0.49,0.487402,https://www.in.gov/sos/elections/voter-information/files/2018-General-Election-Turnout-from-the-ENR-page.pdf,4;9,yes
2018,Indiana,9,US House,Morgan,18109,Morgan,RAY 1,Liz Watson,Trey Hollingsworth,,54,200,0,0,254,0.212598,0.787402,0.0,0.212598,146,0.574803,Republican,48280,25480,0.53,0.527755,13061,12419,0.49,0.487402,https://www.in.gov/sos/elections/voter-information/files/2018-General-Election-Turnout-from-the-ENR-page.pdf,4;9,yes
2018,Indiana,9,US House,Morgan,18109,Morgan,RAY 2,Liz Watson,Trey Hollingsworth,,51,180,0,0,231,0.220779,0.779221,0.0,0.220779,129,0.558442,Republican,48280,25480,0.53,0.527755,13061,12419,0.49,0.487402,https://www.in.gov/sos/elections/voter-information/files/2018-General-Election-Turnout-from-the-ENR-page.pdf,4;9,yes
2018,Indiana,9,US House,Morgan,18109,Morgan,WASHINGTON 1,Liz Watson,Trey Hollingsworth,,78,241,0,0,319,0.244514,0.755486,0.0,0.244514,163,0.510972,Republican,48280,25480,0.53,0.527755,13061,12419,0.49,0.487402,https://www.in.gov/sos/elections/voter-information/files/2018-General-Election-Turnout-from-the-ENR-page.pdf,4;9,yes
2018,Indiana,9,US House,Morgan,18109,Morgan,WASHINGTON 10,Liz Watson,Trey Hollingsworth,,83,242,0,0,325,0.255385,0.744615,0.0,0.255385,159,0.489231,Republican,48280,25480,0.53,0.527755,13061,12419,0.49,0.487402,https://www.in.gov/sos/elections/voter-information/files/2018-General-Election-Turnout-from-the-ENR-page.pdf,4;9,yes
2018,Indiana,9,US House,Morgan,18109,Morgan,WASHINGTON 11,Liz Watson,Trey Hollingsworth,,157,336,0,0,493,0.318458,0.681542,0.0,0.318458,179,0.363083,Republican,48280,25480,0.53,0.527755,13061,12419,0.49,0.487402,https://www.in.gov/sos/elections/voter-information/files/2018-General-Election-Turnout-from-the-ENR-page.pdf,4;9,yes
2018,Indiana,9,US House,Morgan,18109,Morgan,WASHINGTON 12,Liz Watson,Trey Hollingsworth,,106,249,0,0,355,0.298592,0.701408,0.0,0.298592,143,0.402817,Republican,48280,25480,0.53,0.527755,13061,12419,0.49,0.487402,https://www.in.gov/sos/elections/voter-information/files/2018-General-Election-Turnout-from-the-ENR-page.pdf,4;9,yes
2018,Indiana,9,US House,Morgan,18109,Morgan,WASHINGTON 13,Liz Watson,Trey Hollingsworth,,125,335,0,0,460,0.271739,0.728261,0.0,0.271739,210,0.456522,Republican,48280,25480,0.53,0.527755,13061,12419,0.49,0.487402,https://www.in.gov/sos/elections/voter-information/files/2018-General-Election-Turnout-from-the-ENR-page.pdf,4;9,yes
2018,Indiana,9,US House,Morgan,18109,Morgan,WASHINGTON 14,Liz Watson,Trey Hollingsworth,,140,368,0,0,508,0.275591,0.724409,0.0,0.275591,228,0.448819,Republican,48280,25480,0.53,0.527755,13061,12419,0.49,0.487402,https://www.in.gov/sos/elections/voter-information/files/2018-General-Election-Turnout-from-the-ENR-page.pdf,4;9,yes
2018,Indiana,9,US House,Morgan,18109,Morgan,WASHINGTON 2,Liz Watson,Trey Hollingsworth,,116,352,0,0,468,0.247863,0.752137,0.0,0.247863,236,0.504274,Republican,48280,25480,0.53,0.527755,13061,12419,0.49,0.487402,https://www.in.gov/sos/elections/voter-information/files/2018-General-Election-Turnout-from-the-ENR-page.pdf,4;9,yes
2018,Indiana,9,US House,Morgan,18109,Morgan,WASHINGTON 3,Liz Watson,Trey Hollingsworth,,70,157,0,0,227,0.30837,0.69163,0.0,0.30837,87,0.38326,Republican,48280,25480,0.53,0.527755,13061,12419,0.49,0.487402,https://www.in.gov/sos/elections/voter-information/files/2018-General-Election-Turnout-from-the-ENR-page.pdf,4;9,yes
2018,Indiana,9,US House,Morgan,18109,Morgan,WASHINGTON 4,Liz Watson,Trey Hollingsworth,,116,230,0,0,346,0.33526,0.66474,0.0,0.33526,114,0.32948,Republican,48280,25480,0.53,0.527755,13061,12419,0.49,0.487402,https://www.in.gov/sos/elections/voter-information/files/2018-General-Election-Turnout-from-the-ENR-page.pdf,4;9,yes
2018,Indiana,9,US House,Morgan,18109,Morgan,WASHINGTON 5,Liz Watson,Trey Hollingsworth,,85,275,0,0,360,0.236111,0.763889,0.0,0.236111,190,0.527778,Republican,48280,25480,0.53,0.527755,13061,12419,0.49,0.487402,https://www.in.gov/sos/elections/voter-information/files/2018-General-Election-Turnout-from-the-ENR-page.pdf,4;9,yes
2018,Indiana,9,US House,Morgan,18109,Morgan,WASHINGTON 6,Liz Watson,Trey Hollingsworth,,132,286,0,0,418,0.315789,0.684211,0.0,0.315789,154,0.368421,Republican,48280,25480,0.53,0.527755,13061,12419,0.49,0.487402,https://www.in.gov/sos/elections/voter-information/files/2018-General-Election-Turnout-from-the-ENR-page.pdf,4;9,yes
2018,Indiana,9,US House,Morgan,18109,Morgan,WASHINGTON 7,Liz Watson,Trey Hollingsworth,,145,369,0,0,514,0.282101,0.717899,0.0,0.282101,224,0.435798,Republican,48280,25480,0.53,0.527755,13061,12419,0.49,0.487402,https://www.in.gov/sos/elections/voter-information/files/2018-General-Election-Turnout-from-the-ENR-page.pdf,4;9,yes
2018,Indiana,9,US House,Morgan,18109,Morgan,WASHINGTON 8,Liz Watson,Trey Hollingsworth,,211,537,0,0,748,0.282086,0.717914,0.0,0.282086,326,0.435829,Republican,48280,25480,0.53,0.527755,13061,12419,0.49,0.487402,https://www.in.gov/sos/elections/voter-information/files/2018-General-Election-Turnout-from-the-ENR-page.pdf,4;9,yes
2018,Indiana,9,US House,Morgan,18109,Morgan,WASHINGTON 9,Liz Watson,Trey Hollingsworth,,127,360,0,0,487,0.26078,0.73922,0.0,0.26078,233,0.478439,Republican,48280,25480,0.53,0.527755,13061,12419,0.49,0.487402,https://www.in.gov/sos/elections/voter-information/files/2018-General-Election-Turnout-from-the-ENR-page.pdf,4;9,yes
2018,Indiana,9,US House,Orange,18117,Orange,01-French Lick East,Liz Watson,Trey Hollingsworth,,68,70,0,0,138,0.492754,0.507246,0.0,0.492754,2,0.014493,Republican,13508,6933,0.51,0.513251,5490,1443,0.21,0.208135,https://www.in.gov/sos/elections/voter-information/files/2018-General-Election-Turnout-from-the-ENR-page.pdf,9,no
2018,Indiana,9,US House,Orange,18117,Orange,02-FLE-West Baden,Liz Watson,Trey Hollingsworth,,139,238,0,0,377,0.3687,0.6313,0.0,0.3687,99,0.262599,Republican,13508,6933,0.51,0.513251,5490,1443,0.21,0.208135,https://www.in.gov/sos/elections/voter-information/files/2018-General-Election-Turnout-from-the-ENR-page.pdf,9,no
2018,Indiana,9,US House,Orange,18117,Orange,03-French Lick North,Liz Watson,Trey Hollingsworth,,117,250,0,0,367,0.318801,0.681199,0.0,0.318801,133,0.362398,Republican,13508,6933,0.51,0.513251,5490,1443,0.21,0.208135,https://www.in.gov/sos/elections/voter-information/files/2018-General-Election-Turnout-from-the-ENR-page.pdf,9,no
2018,Indiana,9,US House,Orange,18117,Orange,04-French Lick South,Liz Watson,Trey Hollingsworth,,127,208,0,0,335,0.379104,0.620896,0.0,0.379104,81,0.241791,Republican,13508,6933,0.51,0.513251,5490,1443,0.21,0.208135,https://www.in.gov/sos/elections/voter-information/files/2018-General-Election-Turnout-from-the-ENR-page.pdf,9,no
2018,Indiana,9,US House,Orange,18117,Orange,05-French Lick West,Liz Watson,Trey Hollingsworth,,90,184,0,0,274,0.328467,0.671533,0.0,0.328467,94,0.343066,Republican,13508,6933,0.51,0.513251,5490,1443,0.21,0.208135,https://www.in.gov/sos/elections/voter-information/files/2018-General-Election-Turnout-from-the-ENR-page.pdf,9,no
2018,Indiana,9,US House,Orange,18117,Orange,06-FLW-West Baden,Liz Watson,Trey Hollingsworth,,46,87,0,0,133,0.345865,0.654135,0.0,0.345865,41,0.308271,Republican,13508,6933,0.51,0.513251,5490,1443,0.21,0.208135,https://www.in.gov/sos/elections/voter-information/files/2018-General-Election-Turnout-from-the-ENR-page.pdf,9,no
2018,Indiana,9,US House,Orange,18117,Orange,07-Greenfield,Liz Watson,Trey Hollingsworth,,91,167,0,0,258,0.352713,0.647287,0.0,0.352713,76,0.294574,Republican,13508,6933,0.51,0.513251,5490,1443,0.21,0.208135,https://www.in.gov/sos/elections/voter-information/files/2018-General-Election-Turnout-from-the-ENR-page.pdf,9,no
2018,Indiana,9,US House,Orange,18117,Orange,08-Jackson,Liz Watson,Trey Hollingsworth,,129,227,0,0,356,0.36236,0.63764,0.0,0.36236,98,0.275281,Republican,13508,6933,0.51,0.513251,5490,1443,0.21,0.208135,https://www.in.gov/sos/elections/voter-information/files/2018-General-Election-Turnout-from-the-ENR-page.pdf,9,no
2018,Indiana,9,US House,Orange,18117,Orange,09-Northeast Only,Liz Watson,Trey Hollingsworth,,58,144,0,0,202,0.287129,0.712871,0.0,0.287129,86,0.425743,Republican,13508,6933,0.51,0.513251,5490,1443,0.21,0.208135,https://www.in.gov/sos/elections/voter-information/files/2018-General-Election-Turnout-from-the-ENR-page.pdf,9,no
2018,Indiana,9,US House,Orange,18117,Orange,10-Northwest Only,Liz Watson,Trey Hollingsworth,,32,110,0,0,142,0.225352,0.774648,0.0,0.225352,78,0.549296,Republican,13508,6933,0.51,0.513251,5490,1443,0.21,0.208135,https://www.in.gov/sos/elections/voter-information/files/2018-General-Election-Turnout-from-the-ENR-page.pdf,9,no
2018,Indiana,9,US House,Orange,18117,Orange,11-Orangeville,Liz Watson,Trey Hollingsworth,,70,198,0,0,268,0.261194,0.738806,0.0,0.261194,128,0.477612,Republican,13508,6933,0.51,0.513251,5490,1443,0.21,0.208135,https://www.in.gov/sos/elections/voter-information/files/2018-General-Election-Turnout-from-the-ENR-page.pdf,9,no
2018,Indiana,9,US House,Orange,18117,Orange,12-Orleans East,Liz Watson,Trey Hollingsworth,,116,247,0,0,363,0.319559,0.680441,0.0,0.319559,131,0.360882,Republican,13508,6933,0.51,0.513251,5490,1443,0.21,0.208135,https://www.in.gov/sos/elections/voter-information/files/2018-General-Election-Turnout-from-the-ENR-page.pdf,9,no
2018,Indiana,9,US House,Orange,18117,Orange,13-Orleans Northwest,Liz Watson,Trey Hollingsworth,,100,246,0,0,346,0.289017,0.710983,0.0,0.289017,146,0.421965,Republican,13508,6933,0.51,0.513251,5490,1443,0.21,0.208135,https://www.in.gov/sos/elections/voter-information/files/2018-General-Election-Turnout-from-the-ENR-page.pdf,9,no
2018,Indiana,9,US House,Orange,18117,Orange,14-Orleans Southwest,Liz Watson,Trey Hollingsworth,,150,310,0,0,460,0.326087,0.673913,0.0,0.326087,160,0.347826,Republican,13508,6933,0.51,0.513251,5490,1443,0.21,0.208135,https://www.in.gov/sos/elections/voter-information/files/2018-General-Election-Turnout-from-the-ENR-page.pdf,9,no
2018,Indiana,9,US House,Orange,18117,Orange,15- Paoli North,Liz Watson,Trey Hollingsworth,,44,61,0,0,105,0.419048,0.580952,0.0,0.419048,17,0.161905,Republican,13508,6933,0.51,0.513251,5490,1443,0.21,0.208135,https://www.in.gov/sos/elections/voter-information/files/2018-General-Election-Turnout-from-the-ENR-page.pdf,9,no
2018,Indiana,9,US House,Orange,18117,Orange,16- Paoli Northeast,Liz Watson,Trey Hollingsworth,,124,245,0,0,369,0.336043,0.663957,0.0,0.336043,121,0.327913,Republican,13508,6933,0.51,0.513251,5490,1443,0.21,0.208135,https://www.in.gov/sos/elections/voter-information/files/2018-General-Election-Turnout-from-the-ENR-page.pdf,9,no
2018,Indiana,9,US House,Orange,18117,Orange,17- Paoli Northwest,Liz Watson,Trey Hollingsworth,,150,289,0,0,439,0.341686,0.658314,0.0,0.341686,139,0.316629,Republican,13508,6933,0.51,0.513251,5490,1443,0.21,0.208135,https://www.in.gov/sos/elections/voter-information/files/2018-General-Election-Turnout-from-the-ENR-page.pdf,9,no
2018,Indiana,9,US House,Orange,18117,Orange,18-Paoli South,Liz Watson,Trey Hollingsworth,,40,64,0,0,104,0.384615,0.615385,0.0,0.384615,24,0.230769,Republican,13508,6933,0.51,0.513251,5490,1443,0.21,0.208135,https://www.in.gov/sos/elections/voter-information/files/2018-General-Election-Turnout-from-the-ENR-page.pdf,9,no
2018,Indiana,9,US House,Orange,18117,Orange,19-Paoli Southeast,Liz Watson,Trey Hollingsworth,,184,360,0,0,544,0.338235,0.661765,0.0,0.338235,176,0.323529,Republican,13508,6933,0.51,0.513251,5490,1443,0.21,0.208135,https://www.in.gov/sos/elections/voter-information/files/2018-General-Election-Turnout-from-the-ENR-page.pdf,9,no
2018,Indiana,9,US House,Orange,18117,Orange,20-Paoli Southwest,Liz Watson,Trey Hollingsworth,,155,280,0,0,435,0.356322,0.643678,0.0,0.356322,125,0.287356,Republican,13508,6933,0.51,0.513251,5490,1443,0.21,0.208135,https://www.in.gov/sos/elections/voter-information/files/2018-General-Election-Turnout-from-the-ENR-page.pdf,9,no
2018,Indiana,9,US House,Orange,18117,Orange,21-Southeast Only,Liz Watson,Trey Hollingsworth,,153,333,0,0,486,0.314815,0.685185,0.0,0.314815,180,0.37037,Republican,13508,6933,0.51,0.513251,5490,1443,0.21,0.208135,https://www.in.gov/sos/elections/voter-information/files/2018-General-Election-Turnout-from-the-ENR-page.pdf,9,no
2018,Indiana,9,US House,Orange,18117,Orange,22-StampersCreek,Liz Watson,Trey Hollingsworth,,94,177,0,0,271,0.346863,0.653137,0.0,0.346863,83,0.306273,Republican,13508,6933,0.51,0.513251,5490,1443,0.21,0.208135,https://www.in.gov/sos/elections/voter-information/files/2018-General-Election-Turnout-from-the-ENR-page.pdf,9,no
2018,Indiana,9,US House,Scott,18143,Scott,Finley 1,Liz Watson,Trey Hollingsworth,,210,439,0,0,649,0.323575,0.676425,0.0,0.323575,229,0.352851,Republican,16949,7920,0.47,0.467284,5827,2093,0.26,0.264268,https://www.in.gov/sos/elections/voter-information/files/2018-General-Election-Turnout-from-the-ENR-page.pdf,6;9,yes
2018,Indiana,9,US House,Scott,18143,Scott,Lexington 3,Liz Watson,Trey Hollingsworth,,28,54,0,0,82,0.341463,0.658537,0.0,0.341463,26,0.317073,Republican,16949,7920,0.47,0.467284,5827,2093,0.26,0.264268,https://www.in.gov/sos/elections/voter-information/files/2018-General-Election-Turnout-from-the-ENR-page.pdf,6;9,yes
2018,Indiana,9,US House,Scott,18143,Scott,Vienna 1,Liz Watson,Trey Hollingsworth,,266,443,0,0,709,0.375176,0.624824,0.0,0.375176,177,0.249647,Republican,16949,7920,0.47,0.467284,5827,2093,0.26,0.264268,https://www.in.gov/sos/elections/voter-information/files/2018-General-Election-Turnout-from-the-ENR-page.pdf,6;9,yes
2018,Indiana,9,US House,Scott,18143,Scott,Vienna 2,Liz Watson,Trey Hollingsworth,,204,216,0,0,420,0.485714,0.514286,0.0,0.485714,12,0.028571,Republican,16949,7920,0.47,0.467284,5827,2093,0.26,0.264268,https://www.in.gov/sos/elections/voter-information/files/2018-General-Election-Turnout-from-the-ENR-page.pdf,6;9,yes
2018,Indiana,9,US House,Scott,18143,Scott,Vienna 3,Liz Watson,Trey Hollingsworth,,186,188,0,0,374,0.497326,0.502674,0.0,0.497326,2,0.005348,Republican,16949,7920,0.47,0.467284,5827,2093,0.26,0.264268,https://www.in.gov/sos/elections/voter-information/files/2018-General-Election-Turnout-from-the-ENR-page.pdf,6;9,yes
2018,Indiana,9,US House,Scott,18143,Scott,Vienna 4,Liz Watson,Trey Hollingsworth,,263,281,0,0,544,0.483456,0.516544,0.0,0.483456,18,0.033088,Republican,16949,7920,0.47,0.467284,5827,2093,0.26,0.264268,https://www.in.gov/sos/elections/voter-information/files/2018-General-Election-Turnout-from-the-ENR-page.pdf,6;9,yes
2018,Indiana,9,US House,Scott,18143,Scott,Vienna 5,Liz Watson,Trey Hollingsworth,,301,385,0,0,686,0.438776,0.561224,0.0,0.438776,84,0.122449,Republican,16949,7920,0.47,0.467284,5827,2093,0.26,0.264268,https://www.in.gov/sos/elections/voter-information/files/2018-General-Election-Turnout-from-the-ENR-page.pdf,6;9,yes
2018,Indiana,9,US House,Scott,18143,Scott,Vienna 6,Liz Watson,Trey Hollingsworth,,209,373,0,0,582,0.359107,0.640893,0.0,0.359107,164,0.281787,Republican,16949,7920,0.47,0.467284,5827,2093,0.26,0.264268,https://www.in.gov/sos/elections/voter-information/files/2018-General-Election-Turnout-from-the-ENR-page.pdf,6;9,yes
2020,Indiana,9,US House,Brown,18013,Brown,BROWN,Andy Ruff,Trey Hollingsworth,Tonya L. Millis,2831,5643,391,0,8865,0.319346,0.636548,0.044106,0.334081,2812,0.331839,Republican,12622,8991,0.71,0.712328,3154,5837,0.65,0.649205,https://www.in.gov/sos/elections/voter-information/files/Election_Turnout_and_Registration_20201202_052923PM.pdf,9,no
2020,Indiana,9,US House,Brown,18013,Brown,HAMBLEN 1,Andy Ruff,Trey Hollingsworth,Tonya L. Millis,0,0,0,0,0,,,,,0,,Tie,12622,8991,0.71,0.712328,3154,5837,0.65,0.649205,https://www.in.gov/sos/elections/voter-information/files/Election_Turnout_and_Registration_20201202_052923PM.pdf,9,no
2020,Indiana,9,US House,Brown,18013,Brown,HAMBLEN 2,Andy Ruff,Trey Hollingsworth,Tonya L. Millis,0,0,0,0,0,,,,,0,,Tie,12622,8991,0.71,0.712328,3154,5837,0.65,0.649205,https://www.in.gov/sos/elections/voter-information/files/Election_Turnout_and_Registration_20201202_052923PM.pdf,9,no
2020,Indiana,9,US House,Brown,18013,Brown,HAMBLEN 3,Andy Ruff,Trey Hollingsworth,Tonya L. Millis,0,0,0,0,0,,,,,0,,Tie,12622,8991,0.71,0.712328,3154,5837,0.65,0.649205,https://www.in.gov/sos/elections/voter-information/files/Election_Turnout_and_Registration_20201202_052923PM.pdf,9,no
2020,Indiana,9,US House,Brown,18013,Brown,JACKSON 1,Andy Ruff,Trey Hollingsworth,Tonya L. Millis,0,0,0,0,0,,,,,0,,Tie,12622,8991,0.71,0.712328,3154,5837,0.65,0.649205,https://www.in.gov/sos/elections/voter-information/files/Election_Turnout_and_Registration_20201202_052923PM.pdf,9,no
2020,Indiana,9,US House,Brown,18013,Brown,JACKSON 2,Andy Ruff,Trey Hollingsworth,Tonya L. Millis,0,0,0,0,0,,,,,0,,Tie,12622,8991,0.71,0.712328,3154,5837,0.65,0.649205,https://www.in.gov/sos/elections/voter-information/files/Election_Turnout_and_Registration_20201202_052923PM.pdf,9,no
2020,Indiana,9,US House,Brown,18013,Brown,JACKSON 3,Andy Ruff,Trey Hollingsworth,Tonya L. Millis,0,0,0,0,0,,,,,0,,Tie,12622,8991,0.71,0.712328,3154,5837,0.65,0.649205,https://www.in.gov/sos/elections/voter-information/files/Election_Turnout_and_Registration_20201202_052923PM.pdf,9,no
2020,Indiana,9,US House,Brown,18013,Brown,JACKSON 4,Andy Ruff,Trey Hollingsworth,Tonya L. Millis,0,0,0,0,0,,,,,0,,Tie,12622,8991,0.71,0.712328,3154,5837,0.65,0.649205,https://www.in.gov/sos/elections/voter-information/files/Election_Turnout_and_Registration_20201202_052923PM.pdf,9,no
2020,Indiana,9,US House,Brown,18013,Brown,VAN BUREN 1,Andy Ruff,Trey Hollingsworth,Tonya L. Millis,0,0,0,0,0,,,,,0,,Tie,12622,8991,0.71,0.712328,3154,5837,0.65,0.649205,https://www.in.gov/sos/elections/voter-information/files/Election_Turnout_and_Registration_20201202_052923PM.pdf,9,no
2020,Indiana,9,US House,Brown,18013,Brown,WASHINGTON 1,Andy Ruff,Trey Hollingsworth,Tonya L. Millis,0,0,0,0,0,,,,,0,,Tie,12622,8991,0.71,0.712328,3154,5837,0.65,0.649205,https://www.in.gov/sos/elections/voter-information/files/Election_Turnout_and_Registration_20201202_052923PM.pdf,9,no
2020,Indiana,9,US House,Brown,18013,Brown,WASHINGTON 2,Andy Ruff,Trey Hollingsworth,Tonya L. Millis,0,0,0,0,0,,,,,0,,Tie,12622,8991,0.71,0.712328,3154,5837,0.65,0.649205,https://www.in.gov/sos/elections/voter-information/files/Election_Turnout_and_Registration_20201202_052923PM.pdf,9,no
2020,Indiana,9,US House,Brown,18013,Brown,WASHINGTON 3,Andy Ruff,Trey Hollingsworth,Tonya L. Millis,0,0,0,0,0,,,,,0,,Tie,12622,8991,0.71,0.712328,3154,5837,0.65,0.649205,https://www.in.gov/sos/elections/voter-information/files/Election_Turnout_and_Registration_20201202_052923PM.pdf,9,no
2020,Indiana,9,US House,Brown,18013,Brown,WASHINGTON 4,Andy Ruff,Trey Hollingsworth,Tonya L. Millis,0,0,0,0,0,,,,,0,,Tie,12622,8991,0.71,0.712328,3154,5837,0.65,0.649205,https://www.in.gov/sos/elections/voter-information/files/Election_Turnout_and_Registration_20201202_052923PM.pdf,9,no
2020,Indiana,9,US House,Clark,18019,Clark,BETH 01,Andy Ruff,Trey Hollingsworth,Tonya L. Millis,0,0,0,0,0,,,,,0,,Tie,94856,58298,0.61,0.614595,29632,28666,0.49,0.491715,https://www.in.gov/sos/elections/voter-information/files/Election_Turnout_and_Registration_20201202_052923PM.pdf,9,no
2020,Indiana,9,US House,Clark,18019,Clark,CARR 01,Andy Ruff,Trey Hollingsworth,Tonya L. Millis,0,0,0,0,0,,,,,0,,Tie,94856,58298,0.61,0.614595,29632,28666,0.49,0.491715,https://www.in.gov/sos/elections/voter-information/files/Election_Turnout_and_Registration_20201202_052923PM.pdf,9,no
2020,Indiana,9,US House,Clark,18019,Clark,CHAS 01,Andy Ruff,Trey Hollingsworth,Tonya L. Millis,0,0,0,0,0,,,,,0,,Tie,94856,58298,0.61,0.614595,29632,28666,0.49,0.491715,https://www.in.gov/sos/elections/voter-information/files/Election_Turnout_and_Registration_20201202_052923PM.pdf,9,no
2020,Indiana,9,US House,Clark,18019,Clark,CHAS 02,Andy Ruff,Trey Hollingsworth,Tonya L. Millis,0,0,0,0,0,,,,,0,,Tie,94856,58298,0.61,0.614595,29632,28666,0.49,0.491715,https://www.in.gov/sos/elections/voter-information/files/Election_Turnout_and_Registration_20201202_052923PM.pdf,9,no
2020,Indiana,9,US House,Clark,18019,Clark,CHAS 03,Andy Ruff,Trey Hollingsworth,Tonya L. Millis,0,0,0,0,0,,,,,0,,Tie,94856,58298,0.61,0.614595,29632,28666,0.49,0.491715,https://www.in.gov/sos/elections/voter-information/files/Election_Turnout_and_Registration_20201202_052923PM.pdf,9,no
2020,Indiana,9,US House,Clark,18019,Clark,CHAS 04,Andy Ruff,Trey Hollingsworth,Tonya L. Millis,0,0,0,0,0,,,,,0,,Tie,94856,58298,0.61,0.614595,29632,28666,0.49,0.491715,https://www.in.gov/sos/elections/voter-information/files/Election_Turnout_and_Registration_20201202_052923PM.pdf,9,no
2020,Indiana,9,US House,Clark,18019,Clark,CHAS 05,Andy Ruff,Trey Hollingsworth,Tonya L. Millis,0,0,0,0,0,,,,,0,,Tie,94856,58298,0.61,0.614595,29632,28666,0.49,0.491715,https://www.in.gov/sos/elections/voter-information/files/Election_Turnout_and_Registration_20201202_052923PM.pdf,9,no
2020,Indiana,9,US House,Clark,18019,Clark,CHAS 06,Andy Ruff,Trey Hollingsworth,Tonya L. Millis,0,0,0,0,0,,,,,0,,Tie,94856,58298,0.61,0.614595,29632,28666,0.49,0.491715,https://www.in.gov/sos/elections/voter-information/files/Election_Turnout_and_Registration_20201202_052923PM.pdf,9,no
2020,Indiana,9,US House,Clark,18019,Clark,CHAS 07,Andy Ruff,Trey Hollingsworth,Tonya L. Millis,0,0,0,0,0,,,,,0,,Tie,94856,58298,0.61,0.614595,29632,28666,0.49,0.491715,https://www.in.gov/sos/elections/voter-information/files/Election_Turnout_and_Registration_20201202_052923PM.pdf,9,no
2020,Indiana,9,US House,Clark,18019,Clark,CHAS 08,Andy Ruff,Trey Hollingsworth,Tonya L. Millis,0,0,0,0,0,,,,,0,,Tie,94856,58298,0.61,0.614595,29632,28666,0.49,0.491715,https://www.in.gov/sos/elections/voter-information/files/Election_Turnout_and_Registration_20201202_052923PM.pdf,9,no
2020,Indiana,9,US House,Clark,18019,Clark,CLARK,Andy Ruff,Trey Hollingsworth,Tonya L. Millis,20246,34130,2441,0,56817,0.356337,0.6007,0.042962,0.372333,13884,0.255333,Republican,94856,58298,0.61,0.614595,29632,28666,0.49,0.491715,https://www.in.gov/sos/elections/voter-information/files/Election_Turnout_and_Registration_20201202_052923PM.pdf,9,no
2020,Indiana,9,US House,Clark,18019,Clark,JEFF 01,Andy Ruff,Trey Hollingsworth,Tonya L. Millis,0,0,0,0,0,,,,,0,,Tie,94856,58298,0.61,0.614595,29632,28666,0.49,0.491715,https://www.in.gov/sos/elections/voter-information/files/Election_Turnout_and_Registration_20201202_052923PM.pdf,9,no
2020,Indiana,9,US House,Clark,18019,Clark,JEFF 02,Andy Ruff,Trey Hollingsworth,Tonya L. Millis,0,0,0,0,0,,,,,0,,Tie,94856,58298,0.61,0.614595,29632,28666,0.49,0.491715,https://www.in.gov/sos/elections/voter-information/files/Election_Turnout_and_Registration_20201202_052923PM.pdf,9,no
2020,Indiana,9,US House,Clark,18019,Clark,JEFF 03,Andy Ruff,Trey Hollingsworth,Tonya L. Millis,0,0,0,0,0,,,,,0,,Tie,94856,58298,0.61,0.614595,29632,28666,0.49,0.491715,https://www.in.gov/sos/elections/voter-information/files/Election_Turnout_and_Registration_20201202_052923PM.pdf,9,no
2020,Indiana,9,US House,Clark,18019,Clark,JEFF 04,Andy Ruff,Trey Hollingsworth,Tonya L. Millis,0,0,0,0,0,,,,,0,,Tie,94856,58298,0.61,0.614595,29632,28666,0.49,0.491715,https://www.in.gov/sos/elections/voter-information/files/Election_Turnout_and_Registration_20201202_052923PM.pdf,9,no
2020,Indiana,9,US House,Clark,18019,Clark,JEFF 05,Andy Ruff,Trey Hollingsworth,Tonya L. Millis,0,0,0,0,0,,,,,0,,Tie,94856,58298,0.61,0.614595,29632,28666,0.49,0.491715,https://www.in.gov/sos/elections/voter-information/files/Election_Turnout_and_Registration_20201202_052923PM.pdf,9,no
2020,Indiana,9,US House,Clark,18019,Clark,JEFF 06,Andy Ruff,Trey Hollingsworth,Tonya L. Millis,0,0,0,0,0,,,,,0,,Tie,94856,58298,0.61,0.614595,29632,28666,0.49,0.491715,https://www.in.gov/sos/elections/voter-information/files/Election_Turnout_and_Registration_20201202_052923PM.pdf,9,no
2020,Indiana,9,US House,Clark,18019,Clark,JEFF 07,Andy Ruff,Trey Hollingsworth,Tonya L. Millis,0,0,0,0,0,,,,,0,,Tie,94856,58298,0.61,0.614595,29632,28666,0.49,0.491715,https://www.in.gov/sos/elections/voter-information/files/Election_Turnout_and_Registration_20201202_052923PM.pdf,9,no
2020,Indiana,9,US House,Clark,18019,Clark,JEFF 08,Andy Ruff,Trey Hollingsworth,Tonya L. Millis,0,0,0,0,0,,,,,0,,Tie,94856,58298,0.61,0.614595,29632,28666,0.49,0.491715,https://www.in.gov/sos/elections/voter-information/files/Election_Turnout_and_Registration_20201202_052923PM.pdf,9,no
2020,Indiana,9,US House,Clark,18019,Clark,JEFF 09,Andy Ruff,Trey Hollingsworth,Tonya L. Millis,0,0,0,0,0,,,,,0,,Tie,94856,58298,0.61,0.614595,29632,28666,0.49,0.491715,https://www.in.gov/sos/elections/voter-information/files/Election_Turnout_and_Registration_20201202_052923PM.pdf,9,no
2020,Indiana,9,US House,Clark,18019,Clark,JEFF 10,Andy Ruff,Trey Hollingsworth,Tonya L. Millis,0,0,0,0,0,,,,,0,,Tie,94856,58298,0.61,0.614595,29632,28666,0.49,0.491715,https://www.in.gov/sos/elections/voter-information/files/Election_Turnout_and_Registration_20201202_052923PM.pdf,9,no
2020,Indiana,9,US House,Clark,18019,Clark,JEFF 11,Andy Ruff,Trey Hollingsworth,Tonya L. Millis,0,0,0,0,0,,,,,0,,Tie,94856,58298,0.61,0.614595,29632,28666,0.49,0.491715,https://www.in.gov/sos/elections/voter-information/files/Election_Turnout_and_Registration_20201202_052923PM.pdf,9,no
2020,Indiana,9,US House,Clark,18019,Clark,JEFF 11 A,Andy Ruff,Trey Hollingsworth,Tonya L. Millis,0,0,0,0,0,,,,,0,,Tie,94856,58298,0.61,0.614595,29632,28666,0.49,0.491715,https://www.in.gov/sos/elections/voter-information/files/Election_Turnout_and_Registration_20201202_052923PM.pdf,9,no
2020,Indiana,9,US House,Clark,18019,Clark,JEFF 12,Andy Ruff,Trey Hollingsworth,Tonya L. Millis,0,0,0,0,0,,,,,0,,Tie,94856,58298,0.61,0.614595,29632,28666,0.49,0.491715,https://www.in.gov/sos/elections/voter-information/files/Election_Turnout_and_Registration_20201202_052923PM.pdf,9,no
2020,Indiana,9,US House,Clark,18019,Clark,JEFF 13,Andy Ruff,Trey Hollingsworth,Tonya L. Millis,0,0,0,0,0,,,,,0,,Tie,94856,58298,0.61,0.614595,29632,28666,0.49,0.491715,https://www.in.gov/sos/elections/voter-information/files/Election_Turnout_and_Registration_20201202_052923PM.pdf,9,no
2020,Indiana,9,US House,Clark,18019,Clark,JEFF 14,Andy Ruff,Trey Hollingsworth,Tonya L. Millis,0,0,0,0,0,,,,,0,,Tie,94856,58298,0.61,0.614595,29632,28666,0.49,0.491715,https://www.in.gov/sos/elections/voter-information/files/Election_Turnout_and_Registration_20201202_052923PM.pdf,9,no
2020,Indiana,9,US House,Clark,18019,Clark,JEFF 15,Andy Ruff,Trey Hollingsworth,Tonya L. Millis,0,0,0,0,0,,,,,0,,Tie,94856,58298,0.61,0.614595,29632,28666,0.49,0.491715,https://www.in.gov/sos/elections/voter-information/files/Election_Turnout_and_Registration_20201202_052923PM.pdf,9,no
2020,Indiana,9,US House,Clark,18019,Clark,JEFF 16,Andy Ruff,Trey Hollingsworth,Tonya L. Millis,0,0,0,0,0,,,,,0,,Tie,94856,58298,0.61,0.614595,29632,28666,0.49,0.491715,https://www.in.gov/sos/elections/voter-information/files/Election_Turnout_and_Registration_20201202_052923PM.pdf,9,no
2020,Indiana,9,US House,Clark,18019,Clark,JEFF 17,Andy Ruff,Trey Hollingsworth,Tonya L. Millis,0,0,0,0,0,,,,,0,,Tie,94856,58298,0.61,0.614595,29632,28666,0.49,0.491715,https://www.in.gov/sos/elections/voter-information/files/Election_Turnout_and_Registration_20201202_052923PM.pdf,9,no
2020,Indiana,9,US House,Clark,18019,Clark,JEFF 18,Andy Ruff,Trey Hollingsworth,Tonya L. Millis,0,0,0,0,0,,,,,0,,Tie,94856,58298,0.61,0.614595,29632,28666,0.49,0.491715,https://www.in.gov/sos/elections/voter-information/files/Election_Turnout_and_Registration_20201202_052923PM.pdf,9,no
2020,Indiana,9,US House,Clark,18019,Clark,JEFF 20,Andy Ruff,Trey Hollingsworth,Tonya L. Millis,0,0,0,0,0,,,,,0,,Tie,94856,58298,0.61,0.614595,29632,28666,0.49,0.491715,https://www.in.gov/sos/elections/voter-information/files/Election_Turnout_and_Registration_20201202_052923PM.pdf,9,no
2020,Indiana,9,US House,Clark,18019,Clark,JEFF 21,Andy Ruff,Trey Hollingsworth,Tonya L. Millis,0,0,0,0,0,,,,,0,,Tie,94856,58298,0.61,0.614595,29632,28666,0.49,0.491715,https://www.in.gov/sos/elections/voter-information/files/Election_Turnout_and_Registration_20201202_052923PM.pdf,9,no
2020,Indiana,9,US House,Clark,18019,Clark,JEFF 22,Andy Ruff,Trey Hollingsworth,Tonya L. Millis,0,0,0,0,0,,,,,0,,Tie,94856,58298,0.61,0.614595,29632,28666,0.49,0.491715,https://www.in.gov/sos/elections/voter-information/files/Election_Turnout_and_Registration_20201202_052923PM.pdf,9,no
2020,Indiana,9,US House,Clark,18019,Clark,JEFF 23,Andy Ruff,Trey Hollingsworth,Tonya L. Millis,0,0,0,0,0,,,,,0,,Tie,94856,58298,0.61,0.614595,29632,28666,0.49,0.491715,https://www.in.gov/sos/elections/voter-information/files/Election_Turnout_and_Registration_20201202_052923PM.pdf,9,no
2020,Indiana,9,US House,Clark,18019,Clark,JEFF 24,Andy Ruff,Trey Hollingsworth,Tonya L. Millis,0,0,0,0,0,,,,,0,,Tie,94856,58298,0.61,0.614595,29632,28666,0.49,0.491715,https://www.in.gov/sos/elections/voter-information/files/Election_Turnout_and_Registration_20201202_052923PM.pdf,9,no
2020,Indiana,9,US House,Clark,18019,Clark,JEFF 25,Andy Ruff,Trey Hollingsworth,Tonya L. Millis,0,0,0,0,0,,,,,0,,Tie,94856,58298,0.61,0.614595,29632,28666,0.49,0.491715,https://www.in.gov/sos/elections/voter-information/files/Election_Turnout_and_Registration_20201202_052923PM.pdf,9,no
2020,Indiana,9,US House,Clark,18019,Clark,JEFF 27,Andy Ruff,Trey Hollingsworth,Tonya L. Millis,0,0,0,0,0,,,,,0,,Tie,94856,58298,0.61,0.614595,29632,28666,0.49,0.491715,https://www.in.gov/sos/elections/voter-information/files/Election_Turnout_and_Registration_20201202_052923PM.pdf,9,no
2020,Indiana,9,US House,Clark,18019,Clark,JEFF 30,Andy Ruff,Trey Hollingsworth,Tonya L. Millis,0,0,0,0,0,,,,,0,,Tie,94856,58298,0.61,0.614595,29632,28666,0.49,0.491715,https://www.in.gov/sos/elections/voter-information/files/Election_Turnout_and_Registration_20201202_052923PM.pdf,9,no
2020,Indiana,9,US House,Clark,18019,Clark,JEFF 31,Andy Ruff,Trey Hollingsworth,Tonya L. Millis,0,0,0,0,0,,,,,0,,Tie,94856,58298,0.61,0.614595,29632,28666,0.49,0.491715,https://www.in.gov/sos/elections/voter-information/files/Election_Turnout_and_Registration_20201202_052923PM.pdf,9,no
2020,Indiana,9,US House,Clark,18019,Clark,JEFF 32,Andy Ruff,Trey Hollingsworth,Tonya L. Millis,0,0,0,0,0,,,,,0,,Tie,94856,58298,0.61,0.614595,29632,28666,0.49,0.491715,https://www.in.gov/sos/elections/voter-information/files/Election_Turnout_and_Registration_20201202_052923PM.pdf,9,no
2020,Indiana,9,US House,Clark,18019,Clark,JEFF 33,Andy Ruff,Trey Hollingsworth,Tonya L. Millis,0,0,0,0,0,,,,,0,,Tie,94856,58298,0.61,0.614595,29632,28666,0.49,0.491715,https://www.in.gov/sos/elections/voter-information/files/Election_Turnout_and_Registration_20201202_052923PM.pdf,9,no
2020,Indiana,9,US House,Clark,18019,Clark,JEFF 34,Andy Ruff,Trey Hollingsworth,Tonya L. Millis,0,0,0,0,0,,,,,0,,Tie,94856,58298,0.61,0.614595,29632,28666,0.49,0.491715,https://www.in.gov/sos/elections/voter-information/files/Election_Turnout_and_Registration_20201202_052923PM.pdf,9,no
2020,Indiana,9,US House,Clark,18019,Clark,JEFF 35,Andy Ruff,Trey Hollingsworth,Tonya L. Millis,0,0,0,0,0,,,,,0,,Tie,94856,58298,0.61,0.614595,29632,28666,0.49,0.491715,https://www.in.gov/sos/elections/voter-information/files/Election_Turnout_and_Registration_20201202_052923PM.pdf,9,no
2020,Indiana,9,US House,Clark,18019,Clark,JEFF 36,Andy Ruff,Trey Hollingsworth,Tonya L. Millis,0,0,0,0,0,,,,,0,,Tie,94856,58298,0.61,0.614595,29632,28666,0.49,0.491715,https://www.in.gov/sos/elections/voter-information/files/Election_Turnout_and_Registration_20201202_052923PM.pdf,9,no
2020,Indiana,9,US House,Clark,18019,Clark,JEFF 37,Andy Ruff,Trey Hollingsworth,Tonya L. Millis,0,0,0,0,0,,,,,0,,Tie,94856,58298,0.61,0.614595,29632,28666,0.49,0.491715,https://www.in.gov/sos/elections/voter-information/files/Election_Turnout_and_Registration_20201202_052923PM.pdf,9,no
2020,Indiana,9,US House,Clark,18019,Clark,JEFF 38,Andy Ruff,Trey Hollingsworth,Tonya L. Millis,0,0,0,0,0,,,,,0,,Tie,94856,58298,0.61,0.614595,29632,28666,0.49,0.491715,https://www.in.gov/sos/elections/voter-information/files/Election_Turnout_and_Registration_20201202_052923PM.pdf,9,no
2020,Indiana,9,US House,Clark,18019,Clark,JEFF 39,Andy Ruff,Trey Hollingsworth,Tonya L. Millis,0,0,0,0,0,,,,,0,,Tie,94856,58298,0.61,0.614595,29632,28666,0.49,0.491715,https://www.in.gov/sos/elections/voter-information/files/Election_Turnout_and_Registration_20201202_052923PM.pdf,9,no
2020,Indiana,9,US House,Clark,18019,Clark,JEFF 40,Andy Ruff,Trey Hollingsworth,Tonya L. Millis,0,0,0,0,0,,,,,0,,Tie,94856,58298,0.61,0.614595,29632,28666,0.49,0.491715,https://www.in.gov/sos/elections/voter-information/files/Election_Turnout_and_Registration_20201202_052923PM.pdf,9,no
2020,Indiana,9,US House,Clark,18019,Clark,JEFF 41,Andy Ruff,Trey Hollingsworth,Tonya L. Millis,0,0,0,0,0,,,,,0,,Tie,94856,58298,0.61,0.614595,29632,28666,0.49,0.491715,https://www.in.gov/sos/elections/voter-information/files/Election_Turnout_and_Registration_20201202_052923PM.pdf,9,no
2020,Indiana,9,US House,Clark,18019,Clark,JEFF 42,Andy Ruff,Trey Hollingsworth,Tonya L. Millis,0,0,0,0,0,,,,,0,,Tie,94856,58298,0.61,0.614595,29632,28666,0.49,0.491715,https://www.in.gov/sos/elections/voter-information/files/Election_Turnout_and_Registration_20201202_052923PM.pdf,9,no
2020,Indiana,9,US House,Clark,18019,Clark,MONR 01,Andy Ruff,Trey Hollingsworth,Tonya L. Millis,0,0,0,0,0,,,,,0,,Tie,94856,58298,0.61,0.614595,29632,28666,0.49,0.491715,https://www.in.gov/sos/elections/voter-information/files/Election_Turnout_and_Registration_20201202_052923PM.pdf,9,no
2020,Indiana,9,US House,Clark,18019,Clark,MONR 02,Andy Ruff,Trey Hollingsworth,Tonya L. Millis,0,0,0,0,0,,,,,0,,Tie,94856,58298,0.61,0.614595,29632,28666,0.49,0.491715,https://www.in.gov/sos/elections/voter-information/files/Election_Turnout_and_Registration_20201202_052923PM.pdf,9,no
2020,Indiana,9,US House,Clark,18019,Clark,MONR 03,Andy Ruff,Trey Hollingsworth,Tonya L. Millis,0,0,0,0,0,,,,,0,,Tie,94856,58298,0.61,0.614595,29632,28666,0.49,0.491715,https://www.in.gov/sos/elections/voter-information/files/Election_Turnout_and_Registration_20201202_052923PM.pdf,9,no
2020,Indiana,9,US House,Clark,18019,Clark,OREG 01,Andy Ruff,Trey Hollingsworth,Tonya L. Millis,0,0,0,0,0,,,,,0,,Tie,94856,58298,0.61,0.614595,29632,28666,0.49,0.491715,https://www.in.gov/sos/elections/voter-information/files/Election_Turnout_and_Registration_20201202_052923PM.pdf,9,no
2020,Indiana,9,US House,Clark,18019,Clark,OWEN 01,Andy Ruff,Trey Hollingsworth,Tonya L. Millis,0,0,0,0,0,,,,,0,,Tie,94856,58298,0.61,0.614595,29632,28666,0.49,0.491715,https://www.in.gov/sos/elections/voter-information/files/Election_Turnout_and_Registration_20201202_052923PM.pdf,9,no
2020,Indiana,9,US House,Clark,18019,Clark,SC-C 43,Andy Ruff,Trey Hollingsworth,Tonya L. Millis,0,0,0,0,0,,,,,0,,Tie,94856,58298,0.61,0.614595,29632,28666,0.49,0.491715,https://www.in.gov/sos/elections/voter-information/files/Election_Turnout_and_Registration_20201202_052923PM.pdf,9,no
2020,Indiana,9,US House,Clark,18019,Clark,SLVR 01,Andy Ruff,Trey Hollingsworth,Tonya L. Millis,0,0,0,0,0,,,,,0,,Tie,94856,58298,0.61,0.614595,29632,28666,0.49,0.491715,https://www.in.gov/sos/elections/voter-information/files/Election_Turnout_and_Registration_20201202_052923PM.pdf,9,no
2020,Indiana,9,US House,Clark,18019,Clark,SLVR 02,Andy Ruff,Trey Hollingsworth,Tonya L. Millis,0,0,0,0,0,,,,,0,,Tie,94856,58298,0.61,0.614595,29632,28666,0.49,0.491715,https://www.in.gov/sos/elections/voter-information/files/Election_Turnout_and_Registration_20201202_052923PM.pdf,9,no
2020,Indiana,9,US House,Clark,18019,Clark,SLVR 03,Andy Ruff,Trey Hollingsworth,Tonya L. Millis,0,0,0,0,0,,,,,0,,Tie,94856,58298,0.61,0.614595,29632,28666,0.49,0.491715,https://www.in.gov/sos/elections/voter-information/files/Election_Turnout_and_Registration_20201202_052923PM.pdf,9,no
2020,Indiana,9,US House,Clark,18019,Clark,SLVR 04,Andy Ruff,Trey Hollingsworth,Tonya L. Millis,0,0,0,0,0,,,,,0,,Tie,94856,58298,0.61,0.614595,29632,28666,0.49,0.491715,https://www.in.gov/sos/elections/voter-information/files/Election_Turnout_and_Registration_20201202_052923PM.pdf,9,no
2020,Indiana,9,US House,Clark,18019,Clark,SLVR 05,Andy Ruff,Trey Hollingsworth,Tonya L. Millis,0,0,0,0,0,,,,,0,,Tie,94856,58298,0.61,0.614595,29632,28666,0.49,0.491715,https://www.in.gov/sos/elections/voter-information/files/Election_Turnout_and_Registration_20201202_052923PM.pdf,9,no
2020,Indiana,9,US House,Clark,18019,Clark,SLVR 06,Andy Ruff,Trey Hollingsworth,Tonya L. Millis,0,0,0,0,0,,,,,0,,Tie,94856,58298,0.61,0.614595,29632,28666,0.49,0.491715,https://www.in.gov/sos/elections/voter-information/files/Election_Turnout_and_Registration_20201202_052923PM.pdf,9,no
2020,Indiana,9,US House,Clark,18019,Clark,SLVR 07,Andy Ruff,Trey Hollingsworth,Tonya L. Millis,0,0,0,0,0,,,,,0,,Tie,94856,58298,0.61,0.614595,29632,28666,0.49,0.491715,https://www.in.gov/sos/elections/voter-information/files/Election_Turnout_and_Registration_20201202_052923PM.pdf,9,no
2020,Indiana,9,US House,Clark,18019,Clark,U-JC 19,Andy Ruff,Trey Hollingsworth,Tonya L. Millis,0,0,0,0,0,,,,,0,,Tie,94856,58298,0.61,0.614595,29632,28666,0.49,0.491715,https://www.in.gov/sos/elections/voter-information/files/Election_Turnout_and_Registration_20201202_052923PM.pdf,9,no
2020,Indiana,9,US House,Clark,18019,Clark,UNIO 01,Andy Ruff,Trey Hollingsworth,Tonya L. Millis,0,0,0,0,0,,,,,0,,Tie,94856,58298,0.61,0.614595,29632,28666,0.49,0.491715,https://www.in.gov/sos/elections/voter-information/files/Election_Turnout_and_Registration_20201202_052923PM.pdf,9,no
2020,Indiana,9,US House,Clark,18019,Clark,UTIC 01,Andy Ruff,Trey Hollingsworth,Tonya L. Millis,0,0,0,0,0,,,,,0,,Tie,94856,58298,0.61,0.614595,29632,28666,0.49,0.491715,https://www.in.gov/sos/elections/voter-information/files/Election_Turnout_and_Registration_20201202_052923PM.pdf,9,no
2020,Indiana,9,US House,Clark,18019,Clark,UTIC 02,Andy Ruff,Trey Hollingsworth,Tonya L. Millis,0,0,0,0,0,,,,,0,,Tie,94856,58298,0.61,0.614595,29632,28666,0.49,0.491715,https://www.in.gov/sos/elections/voter-information/files/Election_Turnout_and_Registration_20201202_052923PM.pdf,9,no
2020,Indiana,9,US House,Clark,18019,Clark,UTIC 03,Andy Ruff,Trey Hollingsworth,Tonya L. Millis,0,0,0,0,0,,,,,0,,Tie,94856,58298,0.61,0.614595,29632,28666,0.49,0.491715,https://www.in.gov/sos/elections/voter-information/files/Election_Turnout_and_Registration_20201202_052923PM.pdf,9,no
2020,Indiana,9,US House,Clark,18019,Clark,UTIC 04,Andy Ruff,Trey Hollingsworth,Tonya L. Millis,0,0,0,0,0,,,,,0,,Tie,94856,58298,0.61,0.614595,29632,28666,0.49,0.491715,https://www.in.gov/sos/elections/voter-information/files/Election_Turnout_and_Registration_20201202_052923PM.pdf,9,no
2020,Indiana,9,US House,Clark,18019,Clark,WASH 01,Andy Ruff,Trey Hollingsworth,Tonya L. Millis,0,0,0,0,0,,,,,0,,Tie,94856,58298,0.61,0.614595,29632,28666,0.49,0.491715,https://www.in.gov/sos/elections/voter-information/files/Election_Turnout_and_Registration_20201202_052923PM.pdf,9,no
2020,Indiana,9,US House,Clark,18019,Clark,WOOD 01,Andy Ruff,Trey Hollingsworth,Tonya L. Millis,0,0,0,0,0,,,,,0,,Tie,94856,58298,0.61,0.614595,29632,28666,0.49,0.491715,https://www.in.gov/sos/elections/voter-information/files/Election_Turnout_and_Registration_20201202_052923PM.pdf,9,no
2020,Indiana,9,US House,Clark,18019,Clark,WOOD 02,Andy Ruff,Trey Hollingsworth,Tonya L. Millis,0,0,0,0,0,,,,,0,,Tie,94856,58298,0.61,0.614595,29632,28666,0.49,0.491715,https://www.in.gov/sos/elections/voter-information/files/Election_Turnout_and_Registration_20201202_052923PM.pdf,9,no
2020,Indiana,9,US House,Clark,18019,Clark,WOOD 03,Andy Ruff,Trey Hollingsworth,Tonya L. Millis,0,0,0,0,0,,,,,0,,Tie,94856,58298,0.61,0.614595,29632,28666,0.49,0.491715,https://www.in.gov/sos/elections/voter-information/files/Election_Turnout_and_Registration_20201202_052923PM.pdf,9,no
2020,Indiana,9,US House,Crawford,18025,Crawford,CRAWFORD,Andy Ruff,Trey Hollingsworth,Tonya L. Millis,1138,2685,157,0,3980,0.28593,0.674623,0.039447,0.297672,1547,0.404656,Republican,7855,5032,0.64,0.640611,3063,1924,0.38,0.382353,https://www.in.gov/sos/elections/voter-information/files/Election_Turnout_and_Registration_20201202_052923PM.pdf,8;9,yes
2020,Indiana,9,US House,Crawford,18025,Crawford,JENNINGS 1,Andy Ruff,Trey Hollingsworth,Tonya L. Millis,0,0,0,0,0,,,,,0,,Tie,7855,5032,0.64,0.640611,3063,1924,0.38,0.382353,https://www.in.gov/sos/elections/voter-information/files/Election_Turnout_and_Registration_20201202_052923PM.pdf,8;9,yes
2020,Indiana,9,US House,Crawford,18025,Crawford,JENNINGS 2,Andy Ruff,Trey Hollingsworth,Tonya L. Millis,0,0,0,0,0,,,,,0,,Tie,7855,5032,0.64,0.640611,3063,1924,0.38,0.382353,https://www.in.gov/sos/elections/voter-information/files/Election_Turnout_and_Registration_20201202_052923PM.pdf,8;9,yes
2020,Indiana,9,US House,Crawford,18025,Crawford,JOHNSON 2,Andy Ruff,Trey Hollingsworth,Tonya L. Millis,0,0,0,0,0,,,,,0,,Tie,7855,5032,0.64,0.640611,3063,1924,0.38,0.382353,https://www.in.gov/sos/elections/voter-information/files/Election_Turnout_and_Registration_20201202_052923PM.pdf,8;9,yes
2020,Indiana,9,US House,Crawford,18025,Crawford,LIBERTY 1,Andy Ruff,Trey Hollingsworth,Tonya L. Millis,0,0,0,0,0,,,,,0,,Tie,7855,5032,0.64,0.640611,3063,1924,0.38,0.382353,https://www.in.gov/sos/elections/voter-information/files/Election_Turnout_and_Registration_20201202_052923PM.pdf,8;9,yes
2020,Indiana,9,US House,Crawford,18025,Crawford,LIBERTY 2,Andy Ruff,Trey Hollingsworth,Tonya L. Millis,0,0,0,0,0,,,,,0,,Tie,7855,5032,0.64,0.640611,3063,1924,0.38,0.382353,https://www.in.gov/sos/elections/voter-information/files/Election_Turnout_and_Registration_20201202_052923PM.pdf,8;9,yes
2020,Indiana,9,US House,Crawford,18025,Crawford,OHIO 1,Andy Ruff,Trey Hollingsworth,Tonya L. Millis,0,0,0,0,0,,,,,0,,Tie,7855,5032,0.64,0.640611,3063,1924,0.38,0.382353,https://www.in.gov/sos/elections/voter-information/files/Election_Turnout_and_Registration_20201202_052923PM.pdf,8;9,yes
2020,Indiana,9,US House,Crawford,18025,Crawford,PATOKA 1,Andy Ruff,Trey Hollingsworth,Tonya L. Millis,0,0,0,0,0,,,,,0,,Tie,7855,5032,0.64,0.640611,3063,1924,0.38,0.382353,https://www.in.gov/sos/elections/voter-information/files/Election_Turnout_and_Registration_20201202_052923PM.pdf,8;9,yes
2020,Indiana,9,US House,Crawford,18025,Crawford,STERLING 1,Andy Ruff,Trey Hollingsworth,Tonya L. Millis,0,0,0,0,0,,,,,0,,Tie,7855,5032,0.64,0.640611,3063,1924,0.38,0.382353,https://www.in.gov/sos/elections/voter-information/files/Election_Turnout_and_Registration_20201202_052923PM.pdf,8;9,yes
2020,Indiana,9,US House,Crawford,18025,Crawford,STERLING 2,Andy Ruff,Trey Hollingsworth,Tonya L. Millis,0,0,0,0,0,,,,,0,,Tie,7855,5032,0.64,0.640611,3063,1924,0.38,0.382353,https://www.in.gov/sos/elections/voter-information/files/Election_Turnout_and_Registration_20201202_052923PM.pdf,8;9,yes
2020,Indiana,9,US House,Crawford,18025,Crawford,STERLING 3,Andy Ruff,Trey Hollingsworth,Tonya L. Millis,0,0,0,0,0,,,,,0,,Tie,7855,5032,0.64,0.640611,3063,1924,0.38,0.382353,https://www.in.gov/sos/elections/voter-information/files/Election_Turnout_and_Registration_20201202_052923PM.pdf,8;9,yes
2020,Indiana,9,US House,Crawford,18025,Crawford,UNION 1,Andy Ruff,Trey Hollingsworth,Tonya L. Millis,0,0,0,0,0,,,,,0,,Tie,7855,5032,0.64,0.640611,3063,1924,0.38,0.382353,https://www.in.gov/sos/elections/voter-information/files/Election_Turnout_and_Registration_20201202_052923PM.pdf,8;9,yes
2020,Indiana,9,US House,Crawford,18025,Crawford,WHISKEY RUN 1,Andy Ruff,Trey Hollingsworth,Tonya L. Millis,0,0,0,0,0,,,,,0,,Tie,7855,5032,0.64,0.640611,3063,1924,0.38,0.382353,https://www.in.gov/sos/elections/voter-information/files/Election_Turnout_and_Registration_20201202_052923PM.pdf,8;9,yes
2020,Indiana,9,US House,Crawford,18025,Crawford,WHISKEY RUN 2,Andy Ruff,Trey Hollingsworth,Tonya L. Millis,0,0,0,0,0,,,,,0,,Tie,7855,5032,0.64,0.640611,3063,1924,0.38,0.382353,https://www.in.gov/sos/elections/voter-information/files/Election_Turnout_and_Registration_20201202_052923PM.pdf,8;9,yes
2020,Indiana,9,US House,Harrison,18061,Harrison,CENTRAL FRANKLIN,Andy Ruff,Trey Hollingsworth,Tonya L. Millis,150,408,20,0,578,0.259516,0.705882,0.034602,0.268817,258,0.462366,Republican,29654,20445,0.69,0.689452,12081,8364,0.41,0.409098,https://www.in.gov/sos/elections/voter-information/files/Election_Turnout_and_Registration_20201202_052923PM.pdf,9,no
2020,Indiana,9,US House,Harrison,18061,Harrison,CORYDON EAST,Andy Ruff,Trey Hollingsworth,Tonya L. Millis,167,341,24,0,532,0.31391,0.640977,0.045113,0.32874,174,0.34252,Republican,29654,20445,0.69,0.689452,12081,8364,0.41,0.409098,https://www.in.gov/sos/elections/voter-information/files/Election_Turnout_and_Registration_20201202_052923PM.pdf,9,no
2020,Indiana,9,US House,Harrison,18061,Harrison,CORYDON SOUTH,Andy Ruff,Trey Hollingsworth,Tonya L. Millis,135,280,10,0,425,0.317647,0.658824,0.023529,0.325301,145,0.349398,Republican,29654,20445,0.69,0.689452,12081,8364,0.41,0.409098,https://www.in.gov/sos/elections/voter-information/files/Election_Turnout_and_Registration_20201202_052923PM.pdf,9,no
2020,Indiana,9,US House,Harrison,18061,Harrison,CORYDON WEST,Andy Ruff,Trey Hollingsworth,Tonya L. Millis,105,259,11,0,375,0.28,0.690667,0.029333,0.288462,154,0.423077,Republican,29654,20445,0.69,0.689452,12081,8364,0.41,0.409098,https://www.in.gov/sos/elections/voter-information/files/Election_Turnout_and_Registration_20201202_052923PM.pdf,9,no
2020,Indiana,9,US House,Harrison,18061,Harrison,EAST BOONE,Andy Ruff,Trey Hollingsworth,Tonya L. Millis,60,258,11,0,329,0.182371,0.784195,0.033435,0.188679,198,0.622642,Republican,29654,20445,0.69,0.689452,12081,8364,0.41,0.409098,https://www.in.gov/sos/elections/voter-information/files/Election_Turnout_and_Registration_20201202_052923PM.pdf,9,no
2020,Indiana,9,US House,Harrison,18061,Harrison,EAST HARRISON,Andy Ruff,Trey Hollingsworth,Tonya L. Millis,179,435,10,0,624,0.286859,0.697115,0.016026,0.291531,256,0.416938,Republican,29654,20445,0.69,0.689452,12081,8364,0.41,0.409098,https://www.in.gov/sos/elections/voter-information/files/Election_Turnout_and_Registration_20201202_052923PM.pdf,9,no
2020,Indiana,9,US House,Harrison,18061,Harrison,EAST HETH,Andy Ruff,Trey Hollingsworth,Tonya L. Millis,53,234,17,0,304,0.174342,0.769737,0.055921,0.184669,181,0.630662,Republican,29654,20445,0.69,0.689452,12081,8364,0.41,0.409098,https://www.in.gov/sos/elections/voter-information/files/Election_Turnout_and_Registration_20201202_052923PM.pdf,9,no
2020,Indiana,9,US House,Harrison,18061,Harrison,EAST WEBSTER,Andy Ruff,Trey Hollingsworth,Tonya L. Millis,82,360,21,0,463,0.177106,0.777538,0.045356,0.18552,278,0.628959,Republican,29654,20445,0.69,0.689452,12081,8364,0.41,0.409098,https://www.in.gov/sos/elections/voter-information/files/Election_Turnout_and_Registration_20201202_052923PM.pdf,9,no
2020,Indiana,9,US House,Harrison,18061,Harrison,NORTH BLUE RIVER,Andy Ruff,Trey Hollingsworth,Tonya L. Millis,108,329,19,0,456,0.236842,0.721491,0.041667,0.24714,221,0.505721,Republican,29654,20445,0.69,0.689452,12081,8364,0.41,0.409098,https://www.in.gov/sos/elections/voter-information/files/Election_Turnout_and_Registration_20201202_052923PM.pdf,9,no
2020,Indiana,9,US House,Harrison,18061,Harrison,NORTH EAST HARRISON,Andy Ruff,Trey Hollingsworth,Tonya L. Millis,184,513,9,0,706,0.260623,0.726629,0.012748,0.263989,329,0.472023,Republican,29654,20445,0.69,0.689452,12081,8364,0.41,0.409098,https://www.in.gov/sos/elections/voter-information/files/Election_Turnout_and_Registration_20201202_052923PM.pdf,9,no
2020,Indiana,9,US House,Harrison,18061,Harrison,NORTH EAST JACKSON,Andy Ruff,Trey Hollingsworth,Tonya L. Millis,176,480,19,0,675,0.260741,0.711111,0.028148,0.268293,304,0.463415,Republican,29654,20445,0.69,0.689452,12081,8364,0.41,0.409098,https://www.in.gov/sos/elections/voter-information/files/Election_Turnout_and_Registration_20201202_052923PM.pdf,9,no
2020,Indiana,9,US House,Harrison,18061,Harrison,NORTH EAST MORGAN,Andy Ruff,Trey Hollingsworth,Tonya L. Millis,156,371,21,0,548,0.284672,0.677007,0.038321,0.296015,215,0.40797,Republican,29654,20445,0.69,0.689452,12081,8364,0.41,0.409098,https://www.in.gov/sos/elections/voter-information/files/Election_Turnout_and_Registration_20201202_052923PM.pdf,9,no
2020,Indiana,9,US House,Harrison,18061,Harrison,NORTH EAST POSEY,Andy Ruff,Trey Hollingsworth,Tonya L. Millis,108,452,16,0,576,0.1875,0.784722,0.027778,0.192857,344,0.614286,Republican,29654,20445,0.69,0.689452,12081,8364,0.41,0.409098,https://www.in.gov/sos/elections/voter-information/files/Election_Turnout_and_Registration_20201202_052923PM.pdf,9,no
2020,Indiana,9,US House,Harrison,18061,Harrison,NORTH FRANKLIN,Andy Ruff,Trey Hollingsworth,Tonya L. Millis,111,406,8,0,525,0.211429,0.773333,0.015238,0.2147,295,0.5706,Republican,29654,20445,0.69,0.689452,12081,8364,0.41,0.409098,https://www.in.gov/sos/elections/voter-information/files/Election_Turnout_and_Registration_20201202_052923PM.pdf,9,no
2020,Indiana,9,US House,Harrison,18061,Harrison,NORTH HARRISON,Andy Ruff,Trey Hollingsworth,Tonya L. Millis,136,369,20,0,525,0.259048,0.702857,0.038095,0.269307,233,0.461386,Republican,29654,20445,0.69,0.689452,12081,8364,0.41,0.409098,https://www.in.gov/sos/elections/voter-information/files/Election_Turnout_and_Registration_20201202_052923PM.pdf,9,no
2020,Indiana,9,US House,Harrison,18061,Harrison,NORTH JACKSON,Andy Ruff,Trey Hollingsworth,Tonya L. Millis,138,386,14,0,538,0.256506,0.717472,0.026022,0.263359,248,0.473282,Republican,29654,20445,0.69,0.689452,12081,8364,0.41,0.409098,https://www.in.gov/sos/elections/voter-information/files/Election_Turnout_and_Registration_20201202_052923PM.pdf,9,no
2020,Indiana,9,US House,Harrison,18061,Harrison,NORTH SPENCER,Andy Ruff,Trey Hollingsworth,Tonya L. Millis,124,369,18,0,511,0.242661,0.722114,0.035225,0.251521,245,0.496957,Republican,29654,20445,0.69,0.689452,12081,8364,0.41,0.409098,https://www.in.gov/sos/elections/voter-information/files/Election_Turnout_and_Registration_20201202_052923PM.pdf,9,no
2020,Indiana,9,US House,Harrison,18061,Harrison,NORTH WEST JACKSON,Andy Ruff,Trey Hollingsworth,Tonya L. Millis,121,369,21,0,511,0.236791,0.722114,0.041096,0.246939,248,0.506122,Republican,29654,20445,0.69,0.689452,12081,8364,0.41,0.409098,https://www.in.gov/sos/elections/voter-information/files/Election_Turnout_and_Registration_20201202_052923PM.pdf,9,no
2020,Indiana,9,US House,Harrison,18061,Harrison,NORTH WEST MORGAN,Andy Ruff,Trey Hollingsworth,Tonya L. Millis,122,344,18,0,484,0.252066,0.710744,0.03719,0.261803,222,0.476395,Republican,29654,20445,0.69,0.689452,12081,8364,0.41,0.409098,https://www.in.gov/sos/elections/voter-information/files/Election_Turnout_and_Registration_20201202_052923PM.pdf,9,no
2020,Indiana,9,US House,Harrison,18061,Harrison,NORTHWEST HARRISON,Andy Ruff,Trey Hollingsworth,Tonya L. Millis,166,494,16,0,676,0.245562,0.730769,0.023669,0.251515,328,0.49697,Republican,29654,20445,0.69,0.689452,12081,8364,0.41,0.409098,https://www.in.gov/sos/elections/voter-information/files/Election_Turnout_and_Registration_20201202_052923PM.pdf,9,no
2020,Indiana,9,US House,Harrison,18061,Harrison,SOUTH BLUE RIVER,Andy Ruff,Trey Hollingsworth,Tonya L. Millis,158,403,11,0,572,0.276224,0.704545,0.019231,0.28164,245,0.43672,Republican,29654,20445,0.69,0.689452,12081,8364,0.41,0.409098,https://www.in.gov/sos/elections/voter-information/files/Election_Turnout_and_Registration_20201202_052923PM.pdf,9,no
2020,Indiana,9,US House,Harrison,18061,Harrison,SOUTH EAST HARRISON,Andy Ruff,Trey Hollingsworth,Tonya L. Millis,142,467,28,0,637,0.22292,0.733124,0.043956,0.233169,325,0.533662,Republican,29654,20445,0.69,0.689452,12081,8364,0.41,0.409098,https://www.in.gov/sos/elections/voter-information/files/Election_Turnout_and_Registration_20201202_052923PM.pdf,9,no
2020,Indiana,9,US House,Harrison,18061,Harrison,SOUTH EAST JACKSON,Andy Ruff,Trey Hollingsworth,Tonya L. Millis,180,414,27,0,621,0.289855,0.666667,0.043478,0.30303,234,0.393939,Republican,29654,20445,0.69,0.689452,12081,8364,0.41,0.409098,https://www.in.gov/sos/elections/voter-information/files/Election_Turnout_and_Registration_20201202_052923PM.pdf,9,no
2020,Indiana,9,US House,Harrison,18061,Harrison,SOUTH EAST POSEY,Andy Ruff,Trey Hollingsworth,Tonya L. Millis,80,317,11,0,408,0.196078,0.776961,0.026961,0.201511,237,0.596977,Republican,29654,20445,0.69,0.689452,12081,8364,0.41,0.409098,https://www.in.gov/sos/elections/voter-information/files/Election_Turnout_and_Registration_20201202_052923PM.pdf,9,no
2020,Indiana,9,US House,Harrison,18061,Harrison,SOUTH FRANKLIN,Andy Ruff,Trey Hollingsworth,Tonya L. Millis,159,503,19,0,681,0.23348,0.73862,0.0279,0.240181,344,0.519637,Republican,29654,20445,0.69,0.689452,12081,8364,0.41,0.409098,https://www.in.gov/sos/elections/voter-information/files/Election_Turnout_and_Registration_20201202_052923PM.pdf,9,no
2020,Indiana,9,US House,Harrison,18061,Harrison,SOUTH HARRISON,Andy Ruff,Trey Hollingsworth,Tonya L. Millis,121,436,16,0,573,0.211169,0.760908,0.027923,0.217235,315,0.56553,Republican,29654,20445,0.69,0.689452,12081,8364,0.41,0.409098,https://www.in.gov/sos/elections/voter-information/files/Election_Turnout_and_Registration_20201202_052923PM.pdf,9,no
2020,Indiana,9,US House,Harrison,18061,Harrison,SOUTH MORGAN,Andy Ruff,Trey Hollingsworth,Tonya L. Millis,141,478,19,0,638,0.221003,0.749216,0.029781,0.227787,337,0.544426,Republican,29654,20445,0.69,0.689452,12081,8364,0.41,0.409098,https://www.in.gov/sos/elections/voter-information/files/Election_Turnout_and_Registration_20201202_052923PM.pdf,9,no
2020,Indiana,9,US House,Harrison,18061,Harrison,SOUTH SPENCER,Andy Ruff,Trey Hollingsworth,Tonya L. Millis,129,338,12,0,479,0.269311,0.705637,0.025052,0.276231,209,0.447537,Republican,29654,20445,0.69,0.689452,12081,8364,0.41,0.409098,https://www.in.gov/sos/elections/voter-information/files/Election_Turnout_and_Registration_20201202_052923PM.pdf,9,no
2020,Indiana,9,US House,Harrison,18061,Harrison,SOUTH WEST HARRISON,Andy Ruff,Trey Hollingsworth,Tonya L. Millis,142,472,22,0,636,0.22327,0.742138,0.034591,0.23127,330,0.537459,Republican,29654,20445,0.69,0.689452,12081,8364,0.41,0.409098,https://www.in.gov/sos/elections/voter-information/files/Election_Turnout_and_Registration_20201202_052923PM.pdf,9,no
2020,Indiana,9,US House,Harrison,18061,Harrison,SOUTH WEST JACKSON,Andy Ruff,Trey Hollingsworth,Tonya L. Millis,185,497,19,0,701,0.263909,0.708987,0.027104,0.271261,312,0.457478,Republican,29654,20445,0.69,0.689452,12081,8364,0.41,0.409098,https://www.in.gov/sos/elections/voter-information/files/Election_Turnout_and_Registration_20201202_052923PM.pdf,9,no
2020,Indiana,9,US House,Harrison,18061,Harrison,SOUTHWEST MORGAN,Andy Ruff,Trey Hollingsworth,Tonya L. Millis,31,159,5,0,195,0.158974,0.815385,0.025641,0.163158,128,0.673684,Republican,29654,20445,0.69,0.689452,12081,8364,0.41,0.409098,https://www.in.gov/sos/elections/voter-information/files/Election_Turnout_and_Registration_20201202_052923PM.pdf,9,no
2020,Indiana,9,US House,Harrison,18061,Harrison,TAYLOR,Andy Ruff,Trey Hollingsworth,Tonya L. Millis,113,277,9,0,399,0.283208,0.694236,0.022556,0.289744,164,0.420513,Republican,29654,20445,0.69,0.689452,12081,8364,0.41,0.409098,https://www.in.gov/sos/elections/voter-information/files/Election_Turnout_and_Registration_20201202_052923PM.pdf,9,no
2020,Indiana,9,US House,Harrison,18061,Harrison,WASHINGTON,Andy Ruff,Trey Hollingsworth,Tonya L. Millis,35,182,8,0,225,0.155556,0.808889,0.035556,0.16129,147,0.677419,Republican,29654,20445,0.69,0.689452,12081,8364,0.41,0.409098,https://www.in.gov/sos/elections/voter-information/files/Election_Turnout_and_Registration_20201202_052923PM.pdf,9,no
2020,Indiana,9,US House,Harrison,18061,Harrison,WEST BOONE,Andy Ruff,Trey Hollingsworth,Tonya L. Millis,67,319,17,0,403,0.166253,0.791563,0.042184,0.173575,252,0.65285,Republican,29654,20445,0.69,0.689452,12081,8364,0.41,0.409098,https://www.in.gov/sos/elections/voter-information/files/Election_Turnout_and_Registration_20201202_052923PM.pdf,9,no
2020,Indiana,9,US House,Harrison,18061,Harrison,WEST FRANKLIN,Andy Ruff,Trey Hollingsworth,Tonya L. Millis,172,512,18,0,702,0.245014,0.729345,0.025641,0.251462,340,0.497076,Republican,29654,20445,0.69,0.689452,12081,8364,0.41,0.409098,https://www.in.gov/sos/elections/voter-information/files/Election_Turnout_and_Registration_20201202_052923PM.pdf,9,no
2020,Indiana,9,US House,Harrison,18061,Harrison,WEST HARRISON,Andy Ruff,Trey Hollingsworth,Tonya L. Millis,177,391,12,0,580,0.305172,0.674138,0.02069,0.31162,214,0.376761,Republican,29654,20445,0.69,0.689452,12081,8364,0.41,0.409098,https://www.in.gov/sos/elections/voter-information/files/Election_Turnout_and_Registration_20201202_052923PM.pdf,9,no
2020,Indiana,9,US House,Harrison,18061,Harrison,WEST HETH,Andy Ruff,Trey Hollingsworth,Tonya L. Millis,40,204,11,0,255,0.156863,0.8,0.043137,0.163934,164,0.672131,Republican,29654,20445,0.69,0.689452,12081,8364,0.41,0.409098,https://www.in.gov/sos/elections/voter-information/files/Election_Turnout_and_Registration_20201202_052923PM.pdf,9,no
2020,Indiana,9,US House,Harrison,18061,Harrison,WEST POSEY,Andy Ruff,Trey Hollingsworth,Tonya L. Millis,131,393,18,0,542,0.241697,0.725092,0.03321,0.25,262,0.5,Republican,29654,20445,0.69,0.689452,12081,8364,0.41,0.409098,https://www.in.gov/sos/elections/voter-information/files/Election_Turnout_and_Registration_20201202_052923PM.pdf,9,no
2020,Indiana,9,US House,Harrison,18061,Harrison,WEST WEBSTER,Andy Ruff,Trey Hollingsworth,Tonya L. Millis,95,313,10,0,418,0.227273,0.748804,0.023923,0.232843,218,0.534314,Republican,29654,20445,0.69,0.689452,12081,8364,0.41,0.409098,https://www.in.gov/sos/elections/voter-information/files/Election_Turnout_and_Registration_20201202_052923PM.pdf,9,no
2020,Indiana,9,US House,Johnson,18081,Johnson,BLUE RIVER 1,Andy Ruff,Trey Hollingsworth,Tonya L. Millis,51,256,16,0,323,0.157895,0.79257,0.049536,0.166124,205,0.667752,Republican,111428,78343,0.7,0.703082,16629,61714,0.79,0.787741,https://www.in.gov/sos/elections/voter-information/files/Election_Turnout_and_Registration_20201202_052923PM.pdf,9,no
2020,Indiana,9,US House,Johnson,18081,Johnson,BLUE RIVER 2,Andy Ruff,Trey Hollingsworth,Tonya L. Millis,77,322,20,0,419,0.183771,0.768496,0.047733,0.192982,245,0.614035,Republican,111428,78343,0.7,0.703082,16629,61714,0.79,0.787741,https://www.in.gov/sos/elections/voter-information/files/Election_Turnout_and_Registration_20201202_052923PM.pdf,9,no
2020,Indiana,9,US House,Johnson,18081,Johnson,BLUE RIVER 3,Andy Ruff,Trey Hollingsworth,Tonya L. Millis,69,370,13,0,452,0.152655,0.818584,0.028761,0.157175,301,0.685649,Republican,111428,78343,0.7,0.703082,16629,61714,0.79,0.787741,https://www.in.gov/sos/elections/voter-information/files/Election_Turnout_and_Registration_20201202_052923PM.pdf,9,no
2020,Indiana,9,US House,Johnson,18081,Johnson,BLUE RIVER 4,Andy Ruff,Trey Hollingsworth,Tonya L. Millis,76,254,20,0,350,0.217143,0.725714,0.057143,0.230303,178,0.539394,Republican,111428,78343,0.7,0.703082,16629,61714,0.79,0.787741,https://www.in.gov/sos/elections/voter-information/files/Election_Turnout_and_Registration_20201202_052923PM.pdf,9,no
2020,Indiana,9,US House,Johnson,18081,Johnson,BLUE RIVER 5,Andy Ruff,Trey Hollingsworth,Tonya L. Millis,56,265,16,0,337,0.166172,0.78635,0.047478,0.174455,209,0.65109,Republican,111428,78343,0.7,0.703082,16629,61714,0.79,0.787741,https://www.in.gov/sos/elections/voter-information/files/Election_Turnout_and_Registration_20201202_052923PM.pdf,9,no
2020,Indiana,9,US House,Johnson,18081,Johnson,CLARK 1,Andy Ruff,Trey Hollingsworth,Tonya L. Millis,51,263,13,0,327,0.155963,0.804281,0.039755,0.16242,212,0.675159,Republican,111428,78343,0.7,0.703082,16629,61714,0.79,0.787741,https://www.in.gov/sos/elections/voter-information/files/Election_Turnout_and_Registration_20201202_052923PM.pdf,9,no
2020,Indiana,9,US House,Johnson,18081,Johnson,CLARK 2,Andy Ruff,Trey Hollingsworth,Tonya L. Millis,106,512,16,0,634,0.167192,0.807571,0.025237,0.171521,406,0.656958,Republican,111428,78343,0.7,0.703082,16629,61714,0.79,0.787741,https://www.in.gov/sos/elections/voter-information/files/Election_Turnout_and_Registration_20201202_052923PM.pdf,9,no
2020,Indiana,9,US House,Johnson,18081,Johnson,CLARK 3,Andy Ruff,Trey Hollingsworth,Tonya L. Millis,186,472,19,0,677,0.274742,0.697194,0.028065,0.282675,286,0.43465,Republican,111428,78343,0.7,0.703082,16629,61714,0.79,0.787741,https://www.in.gov/sos/elections/voter-information/files/Election_Turnout_and_Registration_20201202_052923PM.pdf,9,no
2020,Indiana,9,US House,Johnson,18081,Johnson,FRANKLIN 01,Andy Ruff,Trey Hollingsworth,Tonya L. Millis,176,507,35,0,718,0.245125,0.706128,0.048747,0.257687,331,0.484627,Republican,111428,78343,0.7,0.703082,16629,61714,0.79,0.787741,https://www.in.gov/sos/elections/voter-information/files/Election_Turnout_and_Registration_20201202_052923PM.pdf,9,no
2020,Indiana,9,US House,Johnson,18081,Johnson,FRANKLIN 02,Andy Ruff,Trey Hollingsworth,Tonya L. Millis,168,293,24,0,485,0.346392,0.604124,0.049485,0.364425,125,0.27115,Republican,111428,78343,0.7,0.703082,16629,61714,0.79,0.787741,https://www.in.gov/sos/elections/voter-information/files/Election_Turnout_and_Registration_20201202_052923PM.pdf,9,no
2020,Indiana,9,US House,Johnson,18081,Johnson,FRANKLIN 03,Andy Ruff,Trey Hollingsworth,Tonya L. Millis,85,194,15,0,294,0.289116,0.659864,0.05102,0.304659,109,0.390681,Republican,111428,78343,0.7,0.703082,16629,61714,0.79,0.787741,https://www.in.gov/sos/elections/voter-information/files/Election_Turnout_and_Registration_20201202_052923PM.pdf,9,no
2020,Indiana,9,US House,Johnson,18081,Johnson,FRANKLIN 04,Andy Ruff,Trey Hollingsworth,Tonya L. Millis,162,276,24,0,462,0.350649,0.597403,0.051948,0.369863,114,0.260274,Republican,111428,78343,0.7,0.703082,16629,61714,0.79,0.787741,https://www.in.gov/sos/elections/voter-information/files/Election_Turnout_and_Registration_20201202_052923PM.pdf,9,no
2020,Indiana,9,US House,Johnson,18081,Johnson,FRANKLIN 05,Andy Ruff,Trey Hollingsworth,Tonya L. Millis,81,119,12,0,212,0.382075,0.561321,0.056604,0.405,38,0.19,Republican,111428,78343,0.7,0.703082,16629,61714,0.79,0.787741,https://www.in.gov/sos/elections/voter-information/files/Election_Turnout_and_Registration_20201202_052923PM.pdf,9,no
2020,Indiana,9,US House,Johnson,18081,Johnson,FRANKLIN 06,Andy Ruff,Trey Hollingsworth,Tonya L. Millis,164,365,22,0,551,0.297641,0.662432,0.039927,0.310019,201,0.379962,Republican,111428,78343,0.7,0.703082,16629,61714,0.79,0.787741,https://www.in.gov/sos/elections/voter-information/files/Election_Turnout_and_Registration_20201202_052923PM.pdf,9,no
2020,Indiana,9,US House,Johnson,18081,Johnson,FRANKLIN 07,Andy Ruff,Trey Hollingsworth,Tonya L. Millis,181,225,24,0,430,0.42093,0.523256,0.055814,0.445813,44,0.108374,Republican,111428,78343,0.7,0.703082,16629,61714,0.79,0.787741,https://www.in.gov/sos/elections/voter-information/files/Election_Turnout_and_Registration_20201202_052923PM.pdf,9,no
2020,Indiana,9,US House,Johnson,18081,Johnson,FRANKLIN 08,Andy Ruff,Trey Hollingsworth,Tonya L. Millis,50,171,10,0,231,0.21645,0.74026,0.04329,0.226244,121,0.547511,Republican,111428,78343,0.7,0.703082,16629,61714,0.79,0.787741,https://www.in.gov/sos/elections/voter-information/files/Election_Turnout_and_Registration_20201202_052923PM.pdf,9,no
2020,Indiana,9,US House,Johnson,18081,Johnson,FRANKLIN 09,Andy Ruff,Trey Hollingsworth,Tonya L. Millis,244,528,27,0,799,0.305382,0.660826,0.033792,0.316062,284,0.367876,Republican,111428,78343,0.7,0.703082,16629,61714,0.79,0.787741,https://www.in.gov/sos/elections/voter-information/files/Election_Turnout_and_Registration_20201202_052923PM.pdf,9,no
2020,Indiana,9,US House,Johnson,18081,Johnson,FRANKLIN 10,Andy Ruff,Trey Hollingsworth,Tonya L. Millis,84,282,10,0,376,0.223404,0.75,0.026596,0.229508,198,0.540984,Republican,111428,78343,0.7,0.703082,16629,61714,0.79,0.787741,https://www.in.gov/sos/elections/voter-information/files/Election_Turnout_and_Registration_20201202_052923PM.pdf,9,no
2020,Indiana,9,US House,Johnson,18081,Johnson,FRANKLIN 11,Andy Ruff,Trey Hollingsworth,Tonya L. Millis,103,240,27,0,370,0.278378,0.648649,0.072973,0.300292,137,0.399417,Republican,111428,78343,0.7,0.703082,16629,61714,0.79,0.787741,https://www.in.gov/sos/elections/voter-information/files/Election_Turnout_and_Registration_20201202_052923PM.pdf,9,no
2020,Indiana,9,US House,Johnson,18081,Johnson,FRANKLIN 12,Andy Ruff,Trey Hollingsworth,Tonya L. Millis,51,132,9,0,192,0.265625,0.6875,0.046875,0.278689,81,0.442623,Republican,111428,78343,0.7,0.703082,16629,61714,0.79,0.787741,https://www.in.gov/sos/elections/voter-information/files/Election_Turnout_and_Registration_20201202_052923PM.pdf,9,no
2020,Indiana,9,US House,Johnson,18081,Johnson,FRANKLIN 13,Andy Ruff,Trey Hollingsworth,Tonya L. Millis,74,203,3,0,280,0.264286,0.725,0.010714,0.267148,129,0.465704,Republican,111428,78343,0.7,0.703082,16629,61714,0.79,0.787741,https://www.in.gov/sos/elections/voter-information/files/Election_Turnout_and_Registration_20201202_052923PM.pdf,9,no
2020,Indiana,9,US House,Johnson,18081,Johnson,FRANKLIN 14,Andy Ruff,Trey Hollingsworth,Tonya L. Millis,73,168,14,0,255,0.286275,0.658824,0.054902,0.302905,95,0.394191,Republican,111428,78343,0.7,0.703082,16629,61714,0.79,0.787741,https://www.in.gov/sos/elections/voter-information/files/Election_Turnout_and_Registration_20201202_052923PM.pdf,9,no
2020,Indiana,9,US House,Johnson,18081,Johnson,FRANKLIN 15,Andy Ruff,Trey Hollingsworth,Tonya L. Millis,127,424,24,0,575,0.22087,0.737391,0.041739,0.23049,297,0.53902,Republican,111428,78343,0.7,0.703082,16629,61714,0.79,0.787741,https://www.in.gov/sos/elections/voter-information/files/Election_Turnout_and_Registration_20201202_052923PM.pdf,9,no
2020,Indiana,9,US House,Johnson,18081,Johnson,FRANKLIN 16,Andy Ruff,Trey Hollingsworth,Tonya L. Millis,222,634,50,0,906,0.245033,0.699779,0.055188,0.259346,412,0.481308,Republican,111428,78343,0.7,0.703082,16629,61714,0.79,0.787741,https://www.in.gov/sos/elections/voter-information/files/Election_Turnout_and_Registration_20201202_052923PM.pdf,9,no
2020,Indiana,9,US House,Johnson,18081,Johnson,FRANKLIN 17,Andy Ruff,Trey Hollingsworth,Tonya L. Millis,135,290,13,0,438,0.308219,0.6621,0.02968,0.317647,155,0.364706,Republican,111428,78343,0.7,0.703082,16629,61714,0.79,0.787741,https://www.in.gov/sos/elections/voter-information/files/Election_Turnout_and_Registration_20201202_052923PM.pdf,9,no
2020,Indiana,9,US House,Johnson,18081,Johnson,FRANKLIN 18,Andy Ruff,Trey Hollingsworth,Tonya L. Millis,169,301,27,0,497,0.34004,0.605634,0.054326,0.359574,132,0.280851,Republican,111428,78343,0.7,0.703082,16629,61714,0.79,0.787741,https://www.in.gov/sos/elections/voter-information/files/Election_Turnout_and_Registration_20201202_052923PM.pdf,9,no
2020,Indiana,9,US House,Johnson,18081,Johnson,FRANKLIN 19,Andy Ruff,Trey Hollingsworth,Tonya L. Millis,191,482,41,0,714,0.267507,0.67507,0.057423,0.283804,291,0.432392,Republican,111428,78343,0.7,0.703082,16629,61714,0.79,0.787741,https://www.in.gov/sos/elections/voter-information/files/Election_Turnout_and_Registration_20201202_052923PM.pdf,9,no
2020,Indiana,9,US House,Johnson,18081,Johnson,FRANKLIN 20,Andy Ruff,Trey Hollingsworth,Tonya L. Millis,102,267,11,0,380,0.268421,0.702632,0.028947,0.276423,165,0.447154,Republican,111428,78343,0.7,0.703082,16629,61714,0.79,0.787741,https://www.in.gov/sos/elections/voter-information/files/Election_Turnout_and_Registration_20201202_052923PM.pdf,9,no
2020,Indiana,9,US House,Johnson,18081,Johnson,HENSLEY 1,Andy Ruff,Trey Hollingsworth,Tonya L. Millis,44,255,13,0,312,0.141026,0.817308,0.041667,0.147157,211,0.705686,Republican,111428,78343,0.7,0.703082,16629,61714,0.79,0.787741,https://www.in.gov/sos/elections/voter-information/files/Election_Turnout_and_Registration_20201202_052923PM.pdf,9,no
2020,Indiana,9,US House,Johnson,18081,Johnson,HENSLEY 2,Andy Ruff,Trey Hollingsworth,Tonya L. Millis,142,700,38,0,880,0.161364,0.795455,0.043182,0.168646,558,0.662708,Republican,111428,78343,0.7,0.703082,16629,61714,0.79,0.787741,https://www.in.gov/sos/elections/voter-information/files/Election_Turnout_and_Registration_20201202_052923PM.pdf,9,no
2020,Indiana,9,US House,Johnson,18081,Johnson,HENSLEY 3,Andy Ruff,Trey Hollingsworth,Tonya L. Millis,134,689,37,0,860,0.155814,0.801163,0.043023,0.162819,555,0.674362,Republican,111428,78343,0.7,0.703082,16629,61714,0.79,0.787741,https://www.in.gov/sos/elections/voter-information/files/Election_Turnout_and_Registration_20201202_052923PM.pdf,9,no
2020,Indiana,9,US House,Johnson,18081,Johnson,NEEDHAM 1,Andy Ruff,Trey Hollingsworth,Tonya L. Millis,151,589,35,0,775,0.194839,0.76,0.045161,0.204054,438,0.591892,Republican,111428,78343,0.7,0.703082,16629,61714,0.79,0.787741,https://www.in.gov/sos/elections/voter-information/files/Election_Turnout_and_Registration_20201202_052923PM.pdf,9,no
2020,Indiana,9,US House,Johnson,18081,Johnson,NEEDHAM 2,Andy Ruff,Trey Hollingsworth,Tonya L. Millis,262,575,36,0,873,0.300115,0.658648,0.041237,0.313023,313,0.373955,Republican,111428,78343,0.7,0.703082,16629,61714,0.79,0.787741,https://www.in.gov/sos/elections/voter-information/files/Election_Turnout_and_Registration_20201202_052923PM.pdf,9,no
2020,Indiana,9,US House,Johnson,18081,Johnson,NEEDHAM 3,Andy Ruff,Trey Hollingsworth,Tonya L. Millis,91,348,16,0,455,0.2,0.764835,0.035165,0.207289,257,0.585421,Republican,111428,78343,0.7,0.703082,16629,61714,0.79,0.787741,https://www.in.gov/sos/elections/voter-information/files/Election_Turnout_and_Registration_20201202_052923PM.pdf,9,no
2020,Indiana,9,US House,Johnson,18081,Johnson,NEEDHAM 4,Andy Ruff,Trey Hollingsworth,Tonya L. Millis,189,407,25,0,621,0.304348,0.655395,0.040258,0.317114,218,0.365772,Republican,111428,78343,0.7,0.703082,16629,61714,0.79,0.787741,https://www.in.gov/sos/elections/voter-information/files/Election_Turnout_and_Registration_20201202_052923PM.pdf,9,no
2020,Indiana,9,US House,Johnson,18081,Johnson,NEEDHAM 5,Andy Ruff,Trey Hollingsworth,Tonya L. Millis,294,704,72,0,1070,0.274766,0.657944,0.06729,0.294589,410,0.410822,Republican,111428,78343,0.7,0.703082,16629,61714,0.79,0.787741,https://www.in.gov/sos/elections/voter-information/files/Election_Turnout_and_Registration_20201202_052923PM.pdf,9,no
2020,Indiana,9,US House,Johnson,18081,Johnson,NINEVEH 1,Andy Ruff,Trey Hollingsworth,Tonya L. Millis,167,806,42,0,1015,0.164532,0.794089,0.041379,0.171634,639,0.656732,Republican,111428,78343,0.7,0.703082,16629,61714,0.79,0.787741,https://www.in.gov/sos/elections/voter-information/files/Election_Turnout_and_Registration_20201202_052923PM.pdf,9,no
2020,Indiana,9,US House,Johnson,18081,Johnson,NINEVEH 2,Andy Ruff,Trey Hollingsworth,Tonya L. Millis,151,584,31,0,766,0.197128,0.762402,0.04047,0.205442,433,0.589116,Republican,111428,78343,0.7,0.703082,16629,61714,0.79,0.787741,https://www.in.gov/sos/elections/voter-information/files/Election_Turnout_and_Registration_20201202_052923PM.pdf,9,no
2020,Indiana,9,US House,Johnson,18081,Johnson,NINEVEH 3,Andy Ruff,Trey Hollingsworth,Tonya L. Millis,67,327,13,0,407,0.164619,0.80344,0.031941,0.170051,260,0.659898,Republican,111428,78343,0.7,0.703082,16629,61714,0.79,0.787741,https://www.in.gov/sos/elections/voter-information/files/Election_Turnout_and_Registration_20201202_052923PM.pdf,9,no
2020,Indiana,9,US House,Johnson,18081,Johnson,NINEVEH 4,Andy Ruff,Trey Hollingsworth,Tonya L. Millis,0,1,0,0,1,0.0,1.0,0.0,0.0,1,1.0,Republican,111428,78343,0.7,0.703082,16629,61714,0.79,0.787741,https://www.in.gov/sos/elections/voter-information/files/Election_Turnout_and_Registration_20201202_052923PM.pdf,9,no
2020,Indiana,9,US House,Johnson,18081,Johnson,PLEASANT 01,Andy Ruff,Trey Hollingsworth,Tonya L. Millis,117,351,33,0,501,0.233533,0.700599,0.065868,0.25,234,0.5,Republican,111428,78343,0.7,0.703082,16629,61714,0.79,0.787741,https://www.in.gov/sos/elections/voter-information/files/Election_Turnout_and_Registration_20201202_052923PM.pdf,9,no
2020,Indiana,9,US House,Johnson,18081,Johnson,PLEASANT 02,Andy Ruff,Trey Hollingsworth,Tonya L. Millis,115,344,25,0,484,0.237603,0.710744,0.051653,0.250545,229,0.498911,Republican,111428,78343,0.7,0.703082,16629,61714,0.79,0.787741,https://www.in.gov/sos/elections/voter-information/files/Election_Turnout_and_Registration_20201202_052923PM.pdf,9,no
2020,Indiana,9,US House,Johnson,18081,Johnson,PLEASANT 03,Andy Ruff,Trey Hollingsworth,Tonya L. Millis,376,618,52,0,1046,0.359465,0.590822,0.049713,0.37827,242,0.243461,Republican,111428,78343,0.7,0.703082,16629,61714,0.79,0.787741,https://www.in.gov/sos/elections/voter-information/files/Election_Turnout_and_Registration_20201202_052923PM.pdf,9,no
2020,Indiana,9,US House,Johnson,18081,Johnson,PLEASANT 04,Andy Ruff,Trey Hollingsworth,Tonya L. Millis,102,215,26,0,343,0.297376,0.626822,0.075802,0.321767,113,0.356467,Republican,111428,78343,0.7,0.703082,16629,61714,0.79,0.787741,https://www.in.gov/sos/elections/voter-information/files/Election_Turnout_and_Registration_20201202_052923PM.pdf,9,no
2020,Indiana,9,US House,Johnson,18081,Johnson,PLEASANT 05,Andy Ruff,Trey Hollingsworth,Tonya L. Millis,82,166,17,0,265,0.309434,0.626415,0.064151,0.330645,84,0.33871,Republican,111428,78343,0.7,0.703082,16629,61714,0.79,0.787741,https://www.in.gov/sos/elections/voter-information/files/Election_Turnout_and_Registration_20201202_052923PM.pdf,9,no
2020,Indiana,9,US House,Johnson,18081,Johnson,PLEASANT 06,Andy Ruff,Trey Hollingsworth,Tonya L. Millis,136,279,23,0,438,0.310502,0.636986,0.052511,0.327711,143,0.344578,Republican,111428,78343,0.7,0.703082,16629,61714,0.79,0.787741,https://www.in.gov/sos/elections/voter-information/files/Election_Turnout_and_Registration_20201202_052923PM.pdf,9,no
2020,Indiana,9,US House,Johnson,18081,Johnson,PLEASANT 07,Andy Ruff,Trey Hollingsworth,Tonya L. Millis,108,392,35,0,535,0.201869,0.73271,0.065421,0.216,284,0.568,Republican,111428,78343,0.7,0.703082,16629,61714,0.79,0.787741,https://www.in.gov/sos/elections/voter-information/files/Election_Turnout_and_Registration_20201202_052923PM.pdf,9,no
2020,Indiana,9,US House,Johnson,18081,Johnson,PLEASANT 08,Andy Ruff,Trey Hollingsworth,Tonya L. Millis,126,298,16,0,440,0.286364,0.677273,0.036364,0.29717,172,0.40566,Republican,111428,78343,0.7,0.703082,16629,61714,0.79,0.787741,https://www.in.gov/sos/elections/voter-information/files/Election_Turnout_and_Registration_20201202_052923PM.pdf,9,no
2020,Indiana,9,US House,Johnson,18081,Johnson,PLEASANT 09,Andy Ruff,Trey Hollingsworth,Tonya L. Millis,135,322,21,0,478,0.282427,0.67364,0.043933,0.295405,187,0.40919,Republican,111428,78343,0.7,0.703082,16629,61714,0.79,0.787741,https://www.in.gov/sos/elections/voter-information/files/Election_Turnout_and_Registration_20201202_052923PM.pdf,9,no
2020,Indiana,9,US House,Johnson,18081,Johnson,PLEASANT 10,Andy Ruff,Trey Hollingsworth,Tonya L. Millis,82,217,19,0,318,0.257862,0.68239,0.059748,0.274247,135,0.451505,Republican,111428,78343,0.7,0.703082,16629,61714,0.79,0.787741,https://www.in.gov/sos/elections/voter-information/files/Election_Turnout_and_Registration_20201202_052923PM.pdf,9,no
2020,Indiana,9,US House,Johnson,18081,Johnson,PLEASANT 11,Andy Ruff,Trey Hollingsworth,Tonya L. Millis,270,559,30,0,859,0.314319,0.650757,0.034924,0.325694,289,0.348613,Republican,111428,78343,0.7,0.703082,16629,61714,0.79,0.787741,https://www.in.gov/sos/elections/voter-information/files/Election_Turnout_and_Registration_20201202_052923PM.pdf,9,no
2020,Indiana,9,US House,Johnson,18081,Johnson,PLEASANT 12,Andy Ruff,Trey Hollingsworth,Tonya L. Millis,106,326,12,0,444,0.238739,0.734234,0.027027,0.24537,220,0.509259,Republican,111428,78343,0.7,0.703082,16629,61714,0.79,0.787741,https://www.in.gov/sos/elections/voter-information/files/Election_Turnout_and_Registration_20201202_052923PM.pdf,9,no
2020,Indiana,9,US House,Johnson,18081,Johnson,PLEASANT 13,Andy Ruff,Trey Hollingsworth,Tonya L. Millis,299,282,38,0,619,0.483037,0.455574,0.061389,0.51463,-17,-0.02926,Democratic,111428,78343,0.7,0.703082,16629,61714,0.79,0.787741,https://www.in.gov/sos/elections/voter-information/files/Election_Turnout_and_Registration_20201202_052923PM.pdf,9,no
2020,Indiana,9,US House,Johnson,18081,Johnson,PLEASANT 14,Andy Ruff,Trey Hollingsworth,Tonya L. Millis,205,520,26,0,751,0.272969,0.69241,0.034621,0.282759,315,0.434483,Republican,111428,78343,0.7,0.703082,16629,61714,0.79,0.787741,https://www.in.gov/sos/elections/voter-information/files/Election_Turnout_and_Registration_20201202_052923PM.pdf,9,no
2020,Indiana,9,US House,Johnson,18081,Johnson,PLEASANT 15,Andy Ruff,Trey Hollingsworth,Tonya L. Millis,79,171,13,0,263,0.30038,0.65019,0.04943,0.316,92,0.368,Republican,111428,78343,0.7,0.703082,16629,61714,0.79,0.787741,https://www.in.gov/sos/elections/voter-information/files/Election_Turnout_and_Registration_20201202_052923PM.pdf,9,no
2020,Indiana,9,US House,Johnson,18081,Johnson,PLEASANT 16,Andy Ruff,Trey Hollingsworth,Tonya L. Millis,147,340,19,0,506,0.290514,0.671937,0.037549,0.301848,193,0.396304,Republican,111428,78343,0.7,0.703082,16629,61714,0.79,0.787741,https://www.in.gov/sos/elections/voter-information/files/Election_Turnout_and_Registration_20201202_052923PM.pdf,9,no
2020,Indiana,9,US House,Johnson,18081,Johnson,PLEASANT 17,Andy Ruff,Trey Hollingsworth,Tonya L. Millis,216,345,22,0,583,0.370497,0.591767,0.037736,0.385027,129,0.229947,Republican,111428,78343,0.7,0.703082,16629,61714,0.79,0.787741,https://www.in.gov/sos/elections/voter-information/files/Election_Turnout_and_Registration_20201202_052923PM.pdf,9,no
2020,Indiana,9,US House,Johnson,18081,Johnson,PLEASANT 18,Andy Ruff,Trey Hollingsworth,Tonya L. Millis,89,265,16,0,370,0.240541,0.716216,0.043243,0.251412,176,0.497175,Republican,111428,78343,0.7,0.703082,16629,61714,0.79,0.787741,https://www.in.gov/sos/elections/voter-information/files/Election_Turnout_and_Registration_20201202_052923PM.pdf,9,no
2020,Indiana,9,US House,Johnson,18081,Johnson,PLEASANT 19,Andy Ruff,Trey Hollingsworth,Tonya L. Millis,240,699,48,0,987,0.243161,0.708207,0.048632,0.255591,459,0.488818,Republican,111428,78343,0.7,0.703082,16629,61714,0.79,0.787741,https://www.in.gov/sos/elections/voter-information/files/Election_Turnout_and_Registration_20201202_052923PM.pdf,9,no
2020,Indiana,9,US House,Johnson,18081,Johnson,PLEASANT 20,Andy Ruff,Trey Hollingsworth,Tonya L. Millis,81,153,9,0,243,0.333333,0.62963,0.037037,0.346154,72,0.307692,Republican,111428,78343,0.7,0.703082,16629,61714,0.79,0.787741,https://www.in.gov/sos/elections/voter-information/files/Election_Turnout_and_Registration_20201202_052923PM.pdf,9,no
2020,Indiana,9,US House,Johnson,18081,Johnson,PLEASANT 21,Andy Ruff,Trey Hollingsworth,Tonya L. Millis,208,717,39,0,964,0.215768,0.743776,0.040456,0.224865,509,0.55027,Republican,111428,78343,0.7,0.703082,16629,61714,0.79,0.787741,https://www.in.gov/sos/elections/voter-information/files/Election_Turnout_and_Registration_20201202_052923PM.pdf,9,no
2020,Indiana,9,US House,Johnson,18081,Johnson,PLEASANT 22,Andy Ruff,Trey Hollingsworth,Tonya L. Millis,532,1135,80,0,1747,0.304522,0.649685,0.045793,0.319136,603,0.361728,Republican,111428,78343,0.7,0.703082,16629,61714,0.79,0.787741,https://www.in.gov/sos/elections/voter-information/files/Election_Turnout_and_Registration_20201202_052923PM.pdf,9,no
2020,Indiana,9,US House,Johnson,18081,Johnson,PLEASANT 23,Andy Ruff,Trey Hollingsworth,Tonya L. Millis,58,108,11,0,177,0.327684,0.610169,0.062147,0.349398,50,0.301205,Republican,111428,78343,0.7,0.703082,16629,61714,0.79,0.787741,https://www.in.gov/sos/elections/voter-information/files/Election_Turnout_and_Registration_20201202_052923PM.pdf,9,no
2020,Indiana,9,US House,Johnson,18081,Johnson,PLEASANT 24,Andy Ruff,Trey Hollingsworth,Tonya L. Millis,82,163,8,0,253,0.324111,0.644269,0.031621,0.334694,81,0.330612,Republican,111428,78343,0.7,0.703082,16629,61714,0.79,0.787741,https://www.in.gov/sos/elections/voter-information/files/Election_Turnout_and_Registration_20201202_052923PM.pdf,9,no
2020,Indiana,9,US House,Johnson,18081,Johnson,PLEASANT 25,Andy Ruff,Trey Hollingsworth,Tonya L. Millis,76,113,9,0,198,0.383838,0.570707,0.045455,0.402116,37,0.195767,Republican,111428,78343,0.7,0.703082,16629,61714,0.79,0.787741,https://www.in.gov/sos/elections/voter-information/files/Election_Turnout_and_Registration_20201202_052923PM.pdf,9,no
2020,Indiana,9,US House,Johnson,18081,Johnson,PLEASANT 26,Andy Ruff,Trey Hollingsworth,Tonya L. Millis,90,177,13,0,280,0.321429,0.632143,0.046429,0.337079,87,0.325843,Republican,111428,78343,0.7,0.703082,16629,61714,0.79,0.787741,https://www.in.gov/sos/elections/voter-information/files/Election_Turnout_and_Registration_20201202_052923PM.pdf,9,no
2020,Indiana,9,US House,Johnson,18081,Johnson,PLEASANT 27,Andy Ruff,Trey Hollingsworth,Tonya L. Millis,85,165,8,0,258,0.329457,0.639535,0.031008,0.34,80,0.32,Republican,111428,78343,0.7,0.703082,16629,61714,0.79,0.787741,https://www.in.gov/sos/elections/voter-information/files/Election_Turnout_and_Registration_20201202_052923PM.pdf,9,no
2020,Indiana,9,US House,Johnson,18081,Johnson,PLEASANT 28,Andy Ruff,Trey Hollingsworth,Tonya L. Millis,205,471,35,0,711,0.288326,0.662447,0.049226,0.303254,266,0.393491,Republican,111428,78343,0.7,0.703082,16629,61714,0.79,0.787741,https://www.in.gov/sos/elections/voter-information/files/Election_Turnout_and_Registration_20201202_052923PM.pdf,9,no
2020,Indiana,9,US House,Johnson,18081,Johnson,PLEASANT 29,Andy Ruff,Trey Hollingsworth,Tonya L. Millis,123,218,17,0,358,0.343575,0.608939,0.047486,0.360704,95,0.278592,Republican,111428,78343,0.7,0.703082,16629,61714,0.79,0.787741,https://www.in.gov/sos/elections/voter-information/files/Election_Turnout_and_Registration_20201202_052923PM.pdf,9,no
2020,Indiana,9,US House,Johnson,18081,Johnson,PLEASANT 30,Andy Ruff,Trey Hollingsworth,Tonya L. Millis,151,302,23,0,476,0.317227,0.634454,0.048319,0.333333,151,0.333333,Republican,111428,78343,0.7,0.703082,16629,61714,0.79,0.787741,https://www.in.gov/sos/elections/voter-information/files/Election_Turnout_and_Registration_20201202_052923PM.pdf,9,no
2020,Indiana,9,US House,Johnson,18081,Johnson,PLEASANT 31,Andy Ruff,Trey Hollingsworth,Tonya L. Millis,149,529,31,0,709,0.210155,0.746121,0.043724,0.219764,380,0.560472,Republican,111428,78343,0.7,0.703082,16629,61714,0.79,0.787741,https://www.in.gov/sos/elections/voter-information/files/Election_Turnout_and_Registration_20201202_052923PM.pdf,9,no
2020,Indiana,9,US House,Johnson,18081,Johnson,PLEASANT 32,Andy Ruff,Trey Hollingsworth,Tonya L. Millis,130,243,10,0,383,0.339426,0.634465,0.02611,0.348525,113,0.302949,Republican,111428,78343,0.7,0.703082,16629,61714,0.79,0.787741,https://www.in.gov/sos/elections/voter-information/files/Election_Turnout_and_Registration_20201202_052923PM.pdf,9,no
2020,Indiana,9,US House,Johnson,18081,Johnson,PLEASANT 33,Andy Ruff,Trey Hollingsworth,Tonya L. Millis,243,448,31,0,722,0.336565,0.620499,0.042936,0.351664,205,0.296671,Republican,111428,78343,0.7,0.703082,16629,61714,0.79,0.787741,https://www.in.gov/sos/elections/voter-information/files/Election_Turnout_and_Registration_20201202_052923PM.pdf,9,no
2020,Indiana,9,US House,Johnson,18081,Johnson,PLEASANT 34,Andy Ruff,Trey Hollingsworth,Tonya L. Millis,132,357,24,0,513,0.25731,0.695906,0.046784,0.269939,225,0.460123,Republican,111428,78343,0.7,0.703082,16629,61714,0.79,0.787741,https://www.in.gov/sos/elections/voter-information/files/Election_Turnout_and_Registration_20201202_052923PM.pdf,9,no
2020,Indiana,9,US House,Johnson,18081,Johnson,PLEASANT 35,Andy Ruff,Trey Hollingsworth,Tonya L. Millis,124,352,23,0,499,0.248497,0.705411,0.046092,0.260504,228,0.478992,Republican,111428,78343,0.7,0.703082,16629,61714,0.79,0.787741,https://www.in.gov/sos/elections/voter-information/files/Election_Turnout_and_Registration_20201202_052923PM.pdf,9,no
2020,Indiana,9,US House,Johnson,18081,Johnson,PLEASANT 36,Andy Ruff,Trey Hollingsworth,Tonya L. Millis,56,123,11,0,190,0.294737,0.647368,0.057895,0.312849,67,0.374302,Republican,111428,78343,0.7,0.703082,16629,61714,0.79,0.787741,https://www.in.gov/sos/elections/voter-information/files/Election_Turnout_and_Registration_20201202_052923PM.pdf,9,no
2020,Indiana,9,US House,Johnson,18081,Johnson,PLEASANT 37,Andy Ruff,Trey Hollingsworth,Tonya L. Millis,98,112,14,0,224,0.4375,0.5,0.0625,0.466667,14,0.066667,Republican,111428,78343,0.7,0.703082,16629,61714,0.79,0.787741,https://www.in.gov/sos/elections/voter-information/files/Election_Turnout_and_Registration_20201202_052923PM.pdf,9,no
2020,Indiana,9,US House,Johnson,18081,Johnson,PLEASANT 38,Andy Ruff,Trey Hollingsworth,Tonya L. Millis,215,406,36,0,657,0.327245,0.61796,0.054795,0.346216,191,0.307568,Republican,111428,78343,0.7,0.703082,16629,61714,0.79,0.787741,https://www.in.gov/sos/elections/voter-information/files/Election_Turnout_and_Registration_20201202_052923PM.pdf,9,no
2020,Indiana,9,US House,Johnson,18081,Johnson,PLEASANT 39,Andy Ruff,Trey Hollingsworth,Tonya L. Millis,231,445,41,0,717,0.322176,0.620642,0.057183,0.341716,214,0.316568,Republican,111428,78343,0.7,0.703082,16629,61714,0.79,0.787741,https://www.in.gov/sos/elections/voter-information/files/Election_Turnout_and_Registration_20201202_052923PM.pdf,9,no
2020,Indiana,9,US House,Johnson,18081,Johnson,PLEASANT 40,Andy Ruff,Trey Hollingsworth,Tonya L. Millis,205,368,27,0,600,0.341667,0.613333,0.045,0.357766,163,0.284468,Republican,111428,78343,0.7,0.703082,16629,61714,0.79,0.787741,https://www.in.gov/sos/elections/voter-information/files/Election_Turnout_and_Registration_20201202_052923PM.pdf,9,no
2020,Indiana,9,US House,Johnson,18081,Johnson,PLEASANT 41,Andy Ruff,Trey Hollingsworth,Tonya L. Millis,18,81,10,0,109,0.165138,0.743119,0.091743,0.181818,63,0.636364,Republican,111428,78343,0.7,0.703082,16629,61714,0.79,0.787741,https://www.in.gov/sos/elections/voter-information/files/Election_Turnout_and_Registration_20201202_052923PM.pdf,9,no
2020,Indiana,9,US House,Johnson,18081,Johnson,PLEASANT 42,Andy Ruff,Trey Hollingsworth,Tonya L. Millis,316,532,44,0,892,0.35426,0.596413,0.049327,0.372642,216,0.254717,Republican,111428,78343,0.7,0.703082,16629,61714,0.79,0.787741,https://www.in.gov/sos/elections/voter-information/files/Election_Turnout_and_Registration_20201202_052923PM.pdf,9,no
2020,Indiana,9,US House,Johnson,18081,Johnson,PLEASANT 43,Andy Ruff,Trey Hollingsworth,Tonya L. Millis,278,538,24,0,840,0.330952,0.640476,0.028571,0.340686,260,0.318627,Republican,111428,78343,0.7,0.703082,16629,61714,0.79,0.787741,https://www.in.gov/sos/elections/voter-information/files/Election_Turnout_and_Registration_20201202_052923PM.pdf,9,no
2020,Indiana,9,US House,Johnson,18081,Johnson,PLEASANT 44,Andy Ruff,Trey Hollingsworth,Tonya L. Millis,146,217,27,0,390,0.374359,0.55641,0.069231,0.402204,71,0.195592,Republican,111428,78343,0.7,0.703082,16629,61714,0.79,0.787741,https://www.in.gov/sos/elections/voter-information/files/Election_Turnout_and_Registration_20201202_052923PM.pdf,9,no
2020,Indiana,9,US House,Johnson,18081,Johnson,PLEASANT 45,Andy Ruff,Trey Hollingsworth,Tonya L. Millis,477,469,39,0,985,0.484264,0.476142,0.039594,0.504228,-8,-0.008457,Democratic,111428,78343,0.7,0.703082,16629,61714,0.79,0.787741,https://www.in.gov/sos/elections/voter-information/files/Election_Turnout_and_Registration_20201202_052923PM.pdf,9,no
2020,Indiana,9,US House,Johnson,18081,Johnson,PLEASANT 46,Andy Ruff,Trey Hollingsworth,Tonya L. Millis,64,296,14,0,374,0.171123,0.791444,0.037433,0.177778,232,0.644444,Republican,111428,78343,0.7,0.703082,16629,61714,0.79,0.787741,https://www.in.gov/sos/elections/voter-information/files/Election_Turnout_and_Registration_20201202_052923PM.pdf,9,no
2020,Indiana,9,US House,Johnson,18081,Johnson,PLEASANT 47,Andy Ruff,Trey Hollingsworth,Tonya L. Millis,216,370,21,0,607,0.355848,0.609555,0.034596,0.368601,154,0.262799,Republican,111428,78343,0.7,0.703082,16629,61714,0.79,0.787741,https://www.in.gov/sos/elections/voter-information/files/Election_Turnout_and_Registration_20201202_052923PM.pdf,9,no
2020,Indiana,9,US House,Johnson,18081,Johnson,PLEASANT 48,Andy Ruff,Trey Hollingsworth,Tonya L. Millis,186,341,25,0,552,0.336957,0.617754,0.04529,0.352941,155,0.294118,Republican,111428,78343,0.7,0.703082,16629,61714,0.79,0.787741,https://www.in.gov/sos/elections/voter-information/files/Election_Turnout_and_Registration_20201202_052923PM.pdf,9,no
2020,Indiana,9,US House,Johnson,18081,Johnson,PLEASANT 49,Andy Ruff,Trey Hollingsworth,Tonya L. Millis,107,284,21,0,412,0.259709,0.68932,0.050971,0.273657,177,0.452685,Republican,111428,78343,0.7,0.703082,16629,61714,0.79,0.787741,https://www.in.gov/sos/elections/voter-information/files/Election_Turnout_and_Registration_20201202_052923PM.pdf,9,no
2020,Indiana,9,US House,Johnson,18081,Johnson,UNION 1,Andy Ruff,Trey Hollingsworth,Tonya L. Millis,118,507,28,0,653,0.180704,0.776417,0.042879,0.1888,389,0.6224,Republican,111428,78343,0.7,0.703082,16629,61714,0.79,0.787741,https://www.in.gov/sos/elections/voter-information/files/Election_Turnout_and_Registration_20201202_052923PM.pdf,9,no
2020,Indiana,9,US House,Johnson,18081,Johnson,UNION 2,Andy Ruff,Trey Hollingsworth,Tonya L. Millis,90,443,32,0,565,0.159292,0.784071,0.056637,0.168856,353,0.662289,Republican,111428,78343,0.7,0.703082,16629,61714,0.79,0.787741,https://www.in.gov/sos/elections/voter-information/files/Election_Turnout_and_Registration_20201202_052923PM.pdf,9,no
2020,Indiana,9,US House,Johnson,18081,Johnson,UNION 3,Andy Ruff,Trey Hollingsworth,Tonya L. Millis,76,265,13,0,354,0.214689,0.748588,0.036723,0.222874,189,0.554252,Republican,111428,78343,0.7,0.703082,16629,61714,0.79,0.787741,https://www.in.gov/sos/elections/voter-information/files/Election_Turnout_and_Registration_20201202_052923PM.pdf,9,no
2020,Indiana,9,US House,Johnson,18081,Johnson,WHITE RIVER 01,Andy Ruff,Trey Hollingsworth,Tonya L. Millis,149,342,17,0,508,0.293307,0.673228,0.033465,0.303462,193,0.393075,Republican,111428,78343,0.7,0.703082,16629,61714,0.79,0.787741,https://www.in.gov/sos/elections/voter-information/files/Election_Turnout_and_Registration_20201202_052923PM.pdf,9,no
2020,Indiana,9,US House,Johnson,18081,Johnson,WHITE RIVER 02,Andy Ruff,Trey Hollingsworth,Tonya L. Millis,87,166,6,0,259,0.335907,0.640927,0.023166,0.343874,79,0.312253,Republican,111428,78343,0.7,0.703082,16629,61714,0.79,0.787741,https://www.in.gov/sos/elections/voter-information/files/Election_Turnout_and_Registration_20201202_052923PM.pdf,9,no
2020,Indiana,9,US House,Johnson,18081,Johnson,WHITE RIVER 03,Andy Ruff,Trey Hollingsworth,Tonya L. Millis,240,433,33,0,706,0.339943,0.613314,0.046742,0.356612,193,0.286776,Republican,111428,78343,0.7,0.703082,16629,61714,0.79,0.787741,https://www.in.gov/sos/elections/voter-information/files/Election_Turnout_and_Registration_20201202_052923PM.pdf,9,no
2020,Indiana,9,US House,Johnson,18081,Johnson,WHITE RIVER 04,Andy Ruff,Trey Hollingsworth,Tonya L. Millis,147,377,13,0,537,0.273743,0.702048,0.024209,0.280534,230,0.438931,Republican,111428,78343,0.7,0.703082,16629,61714,0.79,0.787741,https://www.in.gov/sos/elections/voter-information/files/Election_Turnout_and_Registration_20201202_052923PM.pdf,9,no
2020,Indiana,9,US House,Johnson,18081,Johnson,WHITE RIVER 05,Andy Ruff,Trey Hollingsworth,Tonya L. Millis,108,287,32,0,427,0.252927,0.672131,0.074941,0.273418,179,0.453165,Republican,111428,78343,0.7,0.703082,16629,61714,0.79,0.787741,https://www.in.gov/sos/elections/voter-information/files/Election_Turnout_and_Registration_20201202_052923PM.pdf,9,no
2020,Indiana,9,US House,Johnson,18081,Johnson,WHITE RIVER 06,Andy Ruff,Trey Hollingsworth,Tonya L. Millis,159,354,31,0,544,0.292279,0.650735,0.056985,0.309942,195,0.380117,Republican,111428,78343,0.7,0.703082,16629,61714,0.79,0.787741,https://www.in.gov/sos/elections/voter-information/files/Election_Turnout_and_Registration_20201202_052923PM.pdf,9,no
2020,Indiana,9,US House,Johnson,18081,Johnson,WHITE RIVER 07,Andy Ruff,Trey Hollingsworth,Tonya L. Millis,284,562,29,0,875,0.324571,0.642286,0.033143,0.335697,278,0.328605,Republican,111428,78343,0.7,0.703082,16629,61714,0.79,0.787741,https://www.in.gov/sos/elections/voter-information/files/Election_Turnout_and_Registration_20201202_052923PM.pdf,9,no
2020,Indiana,9,US House,Johnson,18081,Johnson,WHITE RIVER 08,Andy Ruff,Trey Hollingsworth,Tonya L. Millis,169,550,16,0,735,0.229932,0.748299,0.021769,0.235049,381,0.529903,Republican,111428,78343,0.7,0.703082,16629,61714,0.79,0.787741,https://www.in.gov/sos/elections/voter-information/files/Election_Turnout_and_Registration_20201202_052923PM.pdf,9,no
2020,Indiana,9,US House,Johnson,18081,Johnson,WHITE RIVER 09,Andy Ruff,Trey Hollingsworth,Tonya L. Millis,189,577,42,0,808,0.233911,0.714109,0.05198,0.246736,388,0.506527,Republican,111428,78343,0.7,0.703082,16629,61714,0.79,0.787741,https://www.in.gov/sos/elections/voter-information/files/Election_Turnout_and_Registration_20201202_052923PM.pdf,9,no
2020,Indiana,9,US House,Johnson,18081,Johnson,WHITE RIVER 10,Andy Ruff,Trey Hollingsworth,Tonya L. Millis,113,314,8,0,435,0.25977,0.721839,0.018391,0.264637,201,0.470726,Republican,111428,78343,0.7,0.703082,16629,61714,0.79,0.787741,https://www.in.gov/sos/elections/voter-information/files/Election_Turnout_and_Registration_20201202_052923PM.pdf,9,no
2020,Indiana,9,US House,Johnson,18081,Johnson,WHITE RIVER 11,Andy Ruff,Trey Hollingsworth,Tonya L. Millis,187,521,20,0,728,0.256868,0.715659,0.027473,0.264124,334,0.471751,Republican,111428,78343,0.7,0.703082,16629,61714,0.79,0.787741,https://www.in.gov/sos/elections/voter-information/files/Election_Turnout_and_Registration_20201202_052923PM.pdf,9,no
2020,Indiana,9,US House,Johnson,18081,Johnson,WHITE RIVER 12,Andy Ruff,Trey Hollingsworth,Tonya L. Millis,186,476,15,0,677,0.274742,0.703102,0.022157,0.280967,290,0.438066,Republican,111428,78343,0.7,0.703082,16629,61714,0.79,0.787741,https://www.in.gov/sos/elections/voter-information/files/Election_Turnout_and_Registration_20201202_052923PM.pdf,9,no
2020,Indiana,9,US House,Johnson,18081,Johnson,WHITE RIVER 13,Andy Ruff,Trey Hollingsworth,Tonya L. Millis,133,339,16,0,488,0.272541,0.694672,0.032787,0.28178,206,0.436441,Republican,111428,78343,0.7,0.703082,16629,61714,0.79,0.787741,https://www.in.gov/sos/elections/voter-information/files/Election_Turnout_and_Registration_20201202_052923PM.pdf,9,no
2020,Indiana,9,US House,Johnson,18081,Johnson,WHITE RIVER 14,Andy Ruff,Trey Hollingsworth,Tonya L. Millis,259,520,23,0,802,0.322943,0.648379,0.028678,0.332478,261,0.335045,Republican,111428,78343,0.7,0.703082,16629,61714,0.79,0.787741,https://www.in.gov/sos/elections/voter-information/files/Election_Turnout_and_Registration_20201202_052923PM.pdf,9,no
2020,Indiana,9,US House,Johnson,18081,Johnson,WHITE RIVER 15,Andy Ruff,Trey Hollingsworth,Tonya L. Millis,511,1303,80,0,1894,0.269799,0.687962,0.042239,0.281698,792,0.436604,Republican,111428,78343,0.7,0.703082,16629,61714,0.79,0.787741,https://www.in.gov/sos/elections/voter-information/files/Election_Turnout_and_Registration_20201202_052923PM.pdf,9,no
2020,Indiana,9,US House,Johnson,18081,Johnson,WHITE RIVER 16,Andy Ruff,Trey Hollingsworth,Tonya L. Millis,244,593,32,0,869,0.280783,0.682394,0.036824,0.291517,349,0.416965,Republican,111428,78343,0.7,0.703082,16629,61714,0.79,0.787741,https://www.in.gov/sos/elections/voter-information/files/Election_Turnout_and_Registration_20201202_052923PM.pdf,9,no
2020,Indiana,9,US House,Johnson,18081,Johnson,WHITE RIVER 17,Andy Ruff,Trey Hollingsworth,Tonya L. Millis,131,312,24,0,467,0.280514,0.668094,0.051392,0.295711,181,0.408578,Republican,111428,78343,0.7,0.703082,16629,61714,0.79,0.787741,https://www.in.gov/sos/elections/voter-information/files/Election_Turnout_and_Registration_20201202_052923PM.pdf,9,no
2020,Indiana,9,US House,Johnson,18081,Johnson,WHITE RIVER 18,Andy Ruff,Trey Hollingsworth,Tonya L. Millis,138,281,14,0,433,0.318707,0.648961,0.032333,0.329356,143,0.341289,Republican,111428,78343,0.7,0.703082,16629,61714,0.79,0.787741,https://www.in.gov/sos/elections/voter-information/files/Election_Turnout_and_Registration_20201202_052923PM.pdf,9,no
2020,Indiana,9,US House,Johnson,18081,Johnson,WHITE RIVER 19,Andy Ruff,Trey Hollingsworth,Tonya L. Millis,153,348,20,0,521,0.293666,0.667946,0.038388,0.305389,195,0.389222,Republican,111428,78343,0.7,0.703082,16629,61714,0.79,0.787741,https://www.in.gov/sos/elections/voter-information/files/Election_Turnout_and_Registration_20201202_052923PM.pdf,9,no
2020,Indiana,9,US House,Johnson,18081,Johnson,WHITE RIVER 20,Andy Ruff,Trey Hollingsworth,Tonya L. Millis,118,318,14,0,450,0.262222,0.706667,0.031111,0.270642,200,0.458716,Republican,111428,78343,0.7,0.703082,16629,61714,0.79,0.787741,https://www.in.gov/sos/elections/voter-information/files/Election_Turnout_and_Registration_20201202_052923PM.pdf,9,no
2020,Indiana,9,US House,Johnson,18081,Johnson,WHITE RIVER 21,Andy Ruff,Trey Hollingsworth,Tonya L. Millis,327,700,26,0,1053,0.310541,0.664767,0.024691,0.318403,373,0.363194,Republican,111428,78343,0.7,0.703082,16629,61714,0.79,0.787741,https://www.in.gov/sos/elections/voter-information/files/Election_Turnout_and_Registration_20201202_052923PM.pdf,9,no
2020,Indiana,9,US House,Johnson,18081,Johnson,WHITE RIVER 22,Andy Ruff,Trey Hollingsworth,Tonya L. Millis,204,503,23,0,730,0.279452,0.689041,0.031507,0.288543,299,0.422914,Republican,111428,78343,0.7,0.703082,16629,61714,0.79,0.787741,https://www.in.gov/sos/elections/voter-information/files/Election_Turnout_and_Registration_20201202_052923PM.pdf,9,no
2020,Indiana,9,US House,Johnson,18081,Johnson,WHITE RIVER 23,Andy Ruff,Trey Hollingsworth,Tonya L. Millis,72,237,14,0,323,0.22291,0.733746,0.043344,0.23301,165,0.533981,Republican,111428,78343,0.7,0.703082,16629,61714,0.79,0.787741,https://www.in.gov/sos/elections/voter-information/files/Election_Turnout_and_Registration_20201202_052923PM.pdf,9,no
2020,Indiana,9,US House,Johnson,18081,Johnson,WHITE RIVER 24,Andy Ruff,Trey Hollingsworth,Tonya L. Millis,135,358,9,0,502,0.268924,0.713147,0.017928,0.273834,223,0.452333,Republican,111428,78343,0.7,0.703082,16629,61714,0.79,0.787741,https://www.in.gov/sos/elections/voter-information/files/Election_Turnout_and_Registration_20201202_052923PM.pdf,9,no
2020,Indiana,9,US House,Johnson,18081,Johnson,WHITE RIVER 25,Andy Ruff,Trey Hollingsworth,Tonya L. Millis,194,355,22,0,571,0.339755,0.621716,0.038529,0.35337,161,0.29326,Republican,111428,78343,0.7,0.703082,16629,61714,0.79,0.787741,https://www.in.gov/sos/elections/voter-information/files/Election_Turnout_and_Registration_20201202_052923PM.pdf,9,no
2020,Indiana,9,US House,Johnson,18081,Johnson,WHITE RIVER 26,Andy Ruff,Trey Hollingsworth,Tonya L. Millis,112,288,22,0,422,0.265403,0.682464,0.052133,0.28,176,0.44,Republican,111428,78343,0.7,0.703082,16629,61714,0.79,0.787741,https://www.in.gov/sos/elections/voter-information/files/Election_Turnout_and_Registration_20201202_052923PM.pdf,9,no
2020,Indiana,9,US House,Johnson,18081,Johnson,WHITE RIVER 27,Andy Ruff,Trey Hollingsworth,Tonya L. Millis,154,336,29,0,519,0.296724,0.647399,0.055877,0.314286,182,0.371429,Republican,111428,78343,0.7,0.703082,16629,61714,0.79,0.787741,https://www.in.gov/sos/elections/voter-information/files/Election_Turnout_and_Registration_20201202_052923PM.pdf,9,no
2020,Indiana,9,US House,Johnson,18081,Johnson,WHITE RIVER 28,Andy Ruff,Trey Hollingsworth,Tonya L. Millis,93,287,14,0,394,0.236041,0.728426,0.035533,0.244737,194,0.510526,Republican,111428,78343,0.7,0.703082,16629,61714,0.79,0.787741,https://www.in.gov/sos/elections/voter-information/files/Election_Turnout_and_Registration_20201202_052923PM.pdf,9,no
2020,Indiana,9,US House,Johnson,18081,Johnson,WHITE RIVER 29,Andy Ruff,Trey Hollingsworth,Tonya L. Millis,283,620,25,0,928,0.304957,0.668103,0.02694,0.3134,337,0.3732,Republican,111428,78343,0.7,0.703082,16629,61714,0.79,0.787741,https://www.in.gov/sos/elections/voter-information/files/Election_Turnout_and_Registration_20201202_052923PM.pdf,9,no
2020,Indiana,9,US House,Johnson,18081,Johnson,WHITE RIVER 30,Andy Ruff,Trey Hollingsworth,Tonya L. Millis,207,301,20,0,528,0.392045,0.570076,0.037879,0.40748,94,0.185039,Republican,111428,78343,0.7,0.703082,16629,61714,0.79,0.787741,https://www.in.gov/sos/elections/voter-information/files/Election_Turnout_and_Registration_20201202_052923PM.pdf,9,no
2020,Indiana,9,US House,Johnson,18081,Johnson,WHITE RIVER 31,Andy Ruff,Trey Hollingsworth,Tonya L. Millis,154,252,20,0,426,0.361502,0.591549,0.046948,0.37931,98,0.241379,Republican,111428,78343,0.7,0.703082,16629,61714,0.79,0.787741,https://www.in.gov/sos/elections/voter-information/files/Election_Turnout_and_Registration_20201202_052923PM.pdf,9,no
2020,Indiana,9,US House,Johnson,18081,Johnson,WHITE RIVER 32,Andy Ruff,Trey Hollingsworth,Tonya L. Millis,240,526,28,0,794,0.302267,0.662469,0.035264,0.313316,286,0.373368,Republican,111428,78343,0.7,0.703082,16629,61714,0.79,0.787741,https://www.in.gov/sos/elections/voter-information/files/Election_Turnout_and_Registration_20201202_052923PM.pdf,9,no
2020,Indiana,9,US House,Johnson,18081,Johnson,WHITE RIVER 33,Andy Ruff,Trey Hollingsworth,Tonya L. Millis,135,322,19,0,476,0.283613,0.676471,0.039916,0.295405,187,0.40919,Republican,111428,78343,0.7,0.703082,16629,61714,0.79,0.787741,https://www.in.gov/sos/elections/voter-information/files/Election_Turnout_and_Registration_20201202_052923PM.pdf,9,no
2020,Indiana,9,US House,Johnson,18081,Johnson,WHITE RIVER 34,Andy Ruff,Trey Hollingsworth,Tonya L. Millis,153,468,19,0,640,0.239063,0.73125,0.029687,0.246377,315,0.507246,Republican,111428,78343,0.7,0.703082,16629,61714,0.79,0.787741,https://www.in.gov/sos/elections/voter-information/files/Election_Turnout_and_Registration_20201202_052923PM.pdf,9,no
2020,Indiana,9,US House,Johnson,18081,Johnson,WHITE RIVER 35,Andy Ruff,Trey Hollingsworth,Tonya L. Millis,313,1051,28,0,1392,0.224856,0.755029,0.020115,0.229472,738,0.541056,Republican,111428,78343,0.7,0.703082,16629,61714,0.79,0.787741,https://www.in.gov/sos/elections/voter-information/files/Election_Turnout_and_Registration_20201202_052923PM.pdf,9,no
2020,Indiana,9,US House,Johnson,18081,Johnson,WHITE RIVER 36,Andy Ruff,Trey Hollingsworth,Tonya L. Millis,142,305,18,0,465,0.305376,0.655914,0.03871,0.317673,163,0.364653,Republican,111428,78343,0.7,0.703082,16629,61714,0.79,0.787741,https://www.in.gov/sos/elections/voter-information/files/Election_Turnout_and_Registration_20201202_052923PM.pdf,9,no
2020,Indiana,9,US House,Johnson,18081,Johnson,WHITE RIVER 37,Andy Ruff,Trey Hollingsworth,Tonya L. Millis,510,785,61,0,1356,0.376106,0.578909,0.044985,0.393822,275,0.212355,Republican,111428,78343,0.7,0.703082,16629,61714,0.79,0.787741,https://www.in.gov/sos/elections/voter-information/files/Election_Turnout_and_Registration_20201202_052923PM.pdf,9,no
2020,Indiana,9,US House,Johnson,18081,Johnson,WHITE RIVER 38,Andy Ruff,Trey Hollingsworth,Tonya L. Millis,137,373,9,0,519,0.263969,0.71869,0.017341,0.268627,236,0.462745,Republican,111428,78343,0.7,0.703082,16629,61714,0.79,0.787741,https://www.in.gov/sos/elections/voter-information/files/Election_Turnout_and_Registration_20201202_052923PM.pdf,9,no
2020,Indiana,9,US House,Johnson,18081,Johnson,WHITE RIVER 39,Andy Ruff,Trey Hollingsworth,Tonya L. Millis,274,579,29,0,882,0.310658,0.656463,0.03288,0.321219,305,0.357562,Republican,111428,78343,0.7,0.703082,16629,61714,0.79,0.787741,https://www.in.gov/sos/elections/voter-information/files/Election_Turnout_and_Registration_20201202_052923PM.pdf,9,no
2020,Indiana,9,US House,Johnson,18081,Johnson,WHITE RIVER 40,Andy Ruff,Trey Hollingsworth,Tonya L. Millis,108,339,10,0,457,0.236324,0.741794,0.021882,0.241611,231,0.516779,Republican,111428,78343,0.7,0.703082,16629,61714,0.79,0.787741,https://www.in.gov/sos/elections/voter-information/files/Election_Turnout_and_Registration_20201202_052923PM.pdf,9,no
2020,Indiana,9,US House,Johnson,18081,Johnson,WHITE RIVER 41,Andy Ruff,Trey Hollingsworth,Tonya L. Millis,160,336,12,0,508,0.314961,0.661417,0.023622,0.322581,176,0.354839,Republican,111428,78343,0.7,0.703082,16629,61714,0.79,0.787741,https://www.in.gov/sos/elections/voter-information/files/Election_Turnout_and_Registration_20201202_052923PM.pdf,9,no
2020,Indiana,9,US House,Johnson,18081,Johnson,WHITE RIVER 42,Andy Ruff,Trey Hollingsworth,Tonya L. Millis,191,356,16,0,563,0.339254,0.632327,0.028419,0.349177,165,0.301645,Republican,111428,78343,0.7,0.703082,16629,61714,0.79,0.787741,https://www.in.gov/sos/elections/voter-information/files/Election_Turnout_and_Registration_20201202_052923PM.pdf,9,no
2020,Indiana,9,US House,Johnson,18081,Johnson,WHITE RIVER 43,Andy Ruff,Trey Hollingsworth,Tonya L. Millis,61,236,11,0,308,0.198052,0.766234,0.035714,0.205387,175,0.589226,Republican,111428,78343,0.7,0.703082,16629,61714,0.79,0.787741,https://www.in.gov/sos/elections/voter-information/files/Election_Turnout_and_Registration_20201202_052923PM.pdf,9,no
2020,Indiana,9,US House,Monroe,18105,Monroe,BEAN BLOSSOM 1,Andy Ruff,Trey Hollingsworth,Tonya L. Millis,237,528,32,0,797,0.297365,0.662484,0.040151,0.309804,291,0.380392,Republican,100528,63632,0.63,0.632978,25887,37745,0.59,0.593176,https://www.in.gov/sos/elections/voter-information/files/Election_Turnout_and_Registration_20201202_052923PM.pdf,9,no
2020,Indiana,9,US House,Monroe,18105,Monroe,BEAN BLOSSOM 2,Andy Ruff,Trey Hollingsworth,Tonya L. Millis,266,463,26,0,755,0.352318,0.613245,0.034437,0.364883,197,0.270233,Republican,100528,63632,0.63,0.632978,25887,37745,0.59,0.593176,https://www.in.gov/sos/elections/voter-information/files/Election_Turnout_and_Registration_20201202_052923PM.pdf,9,no
2020,Indiana,9,US House,Monroe,18105,Monroe,BENTON 1,Andy Ruff,Trey Hollingsworth,Tonya L. Millis,505,489,37,0,1031,0.489816,0.474297,0.035887,0.508048,-16,-0.016097,Democratic,100528,63632,0.63,0.632978,25887,37745,0.59,0.593176,https://www.in.gov/sos/elections/voter-information/files/Election_Turnout_and_Registration_20201202_052923PM.pdf,9,no
2020,Indiana,9,US House,Monroe,18105,Monroe,BENTON 2,Andy Ruff,Trey Hollingsworth,Tonya L. Millis,595,375,37,0,1007,0.590864,0.372393,0.036743,0.613402,-220,-0.226804,Democratic,100528,63632,0.63,0.632978,25887,37745,0.59,0.593176,https://www.in.gov/sos/elections/voter-information/files/Election_Turnout_and_Registration_20201202_052923PM.pdf,9,no
2020,Indiana,9,US House,Monroe,18105,Monroe,BLOOMINGTON 01,Andy Ruff,Trey Hollingsworth,Tonya L. Millis,191,34,6,0,231,0.82684,0.147186,0.025974,0.848889,-157,-0.697778,Democratic,100528,63632,0.63,0.632978,25887,37745,0.59,0.593176,https://www.in.gov/sos/elections/voter-information/files/Election_Turnout_and_Registration_20201202_052923PM.pdf,9,no
2020,Indiana,9,US House,Monroe,18105,Monroe,BLOOMINGTON 02,Andy Ruff,Trey Hollingsworth,Tonya L. Millis,512,99,36,0,647,0.791345,0.153014,0.055641,0.837971,-413,-0.675941,Democratic,100528,63632,0.63,0.632978,25887,37745,0.59,0.593176,https://www.in.gov/sos/elections/voter-information/files/Election_Turnout_and_Registration_20201202_052923PM.pdf,9,no
2020,Indiana,9,US House,Monroe,18105,Monroe,BLOOMINGTON 03,Andy Ruff,Trey Hollingsworth,Tonya L. Millis,322,60,34,0,416,0.774038,0.144231,0.081731,0.842932,-262,-0.685864,Democratic,100528,63632,0.63,0.632978,25887,37745,0.59,0.593176,https://www.in.gov/sos/elections/voter-information/files/Election_Turnout_and_Registration_20201202_052923PM.pdf,9,no
2020,Indiana,9,US House,Monroe,18105,Monroe,BLOOMINGTON 04,Andy Ruff,Trey Hollingsworth,Tonya L. Millis,91,18,3,0,112,0.8125,0.160714,0.026786,0.834862,-73,-0.669725,Democratic,100528,63632,0.63,0.632978,25887,37745,0.59,0.593176,https://www.in.gov/sos/elections/voter-information/files/Election_Turnout_and_Registration_20201202_052923PM.pdf,9,no
2020,Indiana,9,US House,Monroe,18105,Monroe,BLOOMINGTON 05,Andy Ruff,Trey Hollingsworth,Tonya L. Millis,189,48,21,0,258,0.732558,0.186047,0.081395,0.797468,-141,-0.594937,Democratic,100528,63632,0.63,0.632978,25887,37745,0.59,0.593176,https://www.in.gov/sos/elections/voter-information/files/Election_Turnout_and_Registration_20201202_052923PM.pdf,9,no
2020,Indiana,9,US House,Monroe,18105,Monroe,BLOOMINGTON 06,Andy Ruff,Trey Hollingsworth,Tonya L. Millis,685,106,37,0,828,0.827295,0.128019,0.044686,0.865992,-579,-0.731985,Democratic,100528,63632,0.63,0.632978,25887,37745,0.59,0.593176,https://www.in.gov/sos/elections/voter-information/files/Election_Turnout_and_Registration_20201202_052923PM.pdf,9,no
2020,Indiana,9,US House,Monroe,18105,Monroe,BLOOMINGTON 07,Andy Ruff,Trey Hollingsworth,Tonya L. Millis,77,45,8,0,130,0.592308,0.346154,0.061538,0.631148,-32,-0.262295,Democratic,100528,63632,0.63,0.632978,25887,37745,0.59,0.593176,https://www.in.gov/sos/elections/voter-information/files/Election_Turnout_and_Registration_20201202_052923PM.pdf,9,no
2020,Indiana,9,US House,Monroe,18105,Monroe,BLOOMINGTON 08,Andy Ruff,Trey Hollingsworth,Tonya L. Millis,341,50,15,0,406,0.839901,0.123153,0.036946,0.872123,-291,-0.744246,Democratic,100528,63632,0.63,0.632978,25887,37745,0.59,0.593176,https://www.in.gov/sos/elections/voter-information/files/Election_Turnout_and_Registration_20201202_052923PM.pdf,9,no
2020,Indiana,9,US House,Monroe,18105,Monroe,BLOOMINGTON 09,Andy Ruff,Trey Hollingsworth,Tonya L. Millis,601,140,28,0,769,0.781534,0.182055,0.036411,0.811066,-461,-0.622132,Democratic,100528,63632,0.63,0.632978,25887,37745,0.59,0.593176,https://www.in.gov/sos/elections/voter-information/files/Election_Turnout_and_Registration_20201202_052923PM.pdf,9,no
2020,Indiana,9,US House,Monroe,18105,Monroe,BLOOMINGTON 10,Andy Ruff,Trey Hollingsworth,Tonya L. Millis,546,108,20,0,674,0.810089,0.160237,0.029674,0.834862,-438,-0.669725,Democratic,100528,63632,0.63,0.632978,25887,37745,0.59,0.593176,https://www.in.gov/sos/elections/voter-information/files/Election_Turnout_and_Registration_20201202_052923PM.pdf,9,no
2020,Indiana,9,US House,Monroe,18105,Monroe,BLOOMINGTON 11,Andy Ruff,Trey Hollingsworth,Tonya L. Millis,414,297,28,0,739,0.560217,0.401894,0.037889,0.582278,-117,-0.164557,Democratic,100528,63632,0.63,0.632978,25887,37745,0.59,0.593176,https://www.in.gov/sos/elections/voter-information/files/Election_Turnout_and_Registration_20201202_052923PM.pdf,9,no
2020,Indiana,9,US House,Monroe,18105,Monroe,BLOOMINGTON 12,Andy Ruff,Trey Hollingsworth,Tonya L. Millis,507,367,30,0,904,0.560841,0.405973,0.033186,0.580092,-140,-0.160183,Democratic,100528,63632,0.63,0.632978,25887,37745,0.59,0.593176,https://www.in.gov/sos/elections/voter-information/files/Election_Turnout_and_Registration_20201202_052923PM.pdf,9,no
2020,Indiana,9,US House,Monroe,18105,Monroe,BLOOMINGTON 13,Andy Ruff,Trey Hollingsworth,Tonya L. Millis,559,202,30,0,791,0.7067,0.255373,0.037927,0.73456,-357,-0.46912,Democratic,100528,63632,0.63,0.632978,25887,37745,0.59,0.593176,https://www.in.gov/sos/elections/voter-information/files/Election_Turnout_and_Registration_20201202_052923PM.pdf,9,no
2020,Indiana,9,US House,Monroe,18105,Monroe,BLOOMINGTON 14,Andy Ruff,Trey Hollingsworth,Tonya L. Millis,406,159,45,0,610,0.665574,0.260656,0.07377,0.718584,-247,-0.437168,Democratic,100528,63632,0.63,0.632978,25887,37745,0.59,0.593176,https://www.in.gov/sos/elections/voter-information/files/Election_Turnout_and_Registration_20201202_052923PM.pdf,9,no
2020,Indiana,9,US House,Monroe,18105,Monroe,BLOOMINGTON 15,Andy Ruff,Trey Hollingsworth,Tonya L. Millis,494,384,29,0,907,0.544653,0.423374,0.031974,0.562642,-110,-0.125285,Democratic,100528,63632,0.63,0.632978,25887,37745,0.59,0.593176,https://www.in.gov/sos/elections/voter-information/files/Election_Turnout_and_Registration_20201202_052923PM.pdf,9,no
2020,Indiana,9,US House,Monroe,18105,Monroe,BLOOMINGTON 16,Andy Ruff,Trey Hollingsworth,Tonya L. Millis,475,122,33,0,630,0.753968,0.193651,0.052381,0.795645,-353,-0.59129,Democratic,100528,63632,0.63,0.632978,25887,37745,0.59,0.593176,https://www.in.gov/sos/elections/voter-information/files/Election_Turnout_and_Registration_20201202_052923PM.pdf,9,no
2020,Indiana,9,US House,Monroe,18105,Monroe,BLOOMINGTON 17,Andy Ruff,Trey Hollingsworth,Tonya L. Millis,589,203,24,0,816,0.721814,0.248775,0.029412,0.743687,-386,-0.487374,Democratic,100528,63632,0.63,0.632978,25887,37745,0.59,0.593176,https://www.in.gov/sos/elections/voter-information/files/Election_Turnout_and_Registration_20201202_052923PM.pdf,9,no
2020,Indiana,9,US House,Monroe,18105,Monroe,BLOOMINGTON 18,Andy Ruff,Trey Hollingsworth,Tonya L. Millis,190,41,22,0,253,0.750988,0.162055,0.086957,0.822511,-149,-0.645022,Democratic,100528,63632,0.63,0.632978,25887,37745,0.59,0.593176,https://www.in.gov/sos/elections/voter-information/files/Election_Turnout_and_Registration_20201202_052923PM.pdf,9,no
2020,Indiana,9,US House,Monroe,18105,Monroe,BLOOMINGTON 19,Andy Ruff,Trey Hollingsworth,Tonya L. Millis,200,34,15,0,249,0.803213,0.136546,0.060241,0.854701,-166,-0.709402,Democratic,100528,63632,0.63,0.632978,25887,37745,0.59,0.593176,https://www.in.gov/sos/elections/voter-information/files/Election_Turnout_and_Registration_20201202_052923PM.pdf,9,no
2020,Indiana,9,US House,Monroe,18105,Monroe,BLOOMINGTON 20,Andy Ruff,Trey Hollingsworth,Tonya L. Millis,689,79,24,0,792,0.869949,0.099747,0.030303,0.897135,-610,-0.794271,Democratic,100528,63632,0.63,0.632978,25887,37745,0.59,0.593176,https://www.in.gov/sos/elections/voter-information/files/Election_Turnout_and_Registration_20201202_052923PM.pdf,9,no
2020,Indiana,9,US House,Monroe,18105,Monroe,BLOOMINGTON 21,Andy Ruff,Trey Hollingsworth,Tonya L. Millis,589,102,28,0,719,0.819193,0.141864,0.038943,0.852388,-487,-0.704776,Democratic,100528,63632,0.63,0.632978,25887,37745,0.59,0.593176,https://www.in.gov/sos/elections/voter-information/files/Election_Turnout_and_Registration_20201202_052923PM.pdf,9,no
2020,Indiana,9,US House,Monroe,18105,Monroe,BLOOMINGTON 22,Andy Ruff,Trey Hollingsworth,Tonya L. Millis,343,86,17,0,446,0.769058,0.192825,0.038117,0.799534,-257,-0.599068,Democratic,100528,63632,0.63,0.632978,25887,37745,0.59,0.593176,https://www.in.gov/sos/elections/voter-information/files/Election_Turnout_and_Registration_20201202_052923PM.pdf,9,no
2020,Indiana,9,US House,Monroe,18105,Monroe,BLOOMINGTON 23,Andy Ruff,Trey Hollingsworth,Tonya L. Millis,333,87,36,0,456,0.730263,0.190789,0.078947,0.792857,-246,-0.585714,Democratic,100528,63632,0.63,0.632978,25887,37745,0.59,0.593176,https://www.in.gov/sos/elections/voter-information/files/Election_Turnout_and_Registration_20201202_052923PM.pdf,9,no
2020,Indiana,9,US House,Monroe,18105,Monroe,BLOOMINGTON 24,Andy Ruff,Trey Hollingsworth,Tonya L. Millis,134,69,22,0,225,0.595556,0.306667,0.097778,0.660099,-65,-0.320197,Democratic,100528,63632,0.63,0.632978,25887,37745,0.59,0.593176,https://www.in.gov/sos/elections/voter-information/files/Election_Turnout_and_Registration_20201202_052923PM.pdf,9,no
2020,Indiana,9,US House,Monroe,18105,Monroe,CLEAR CREEK 1,Andy Ruff,Trey Hollingsworth,Tonya L. Millis,449,689,39,0,1177,0.381478,0.585387,0.033135,0.394552,240,0.210896,Republican,100528,63632,0.63,0.632978,25887,37745,0.59,0.593176,https://www.in.gov/sos/elections/voter-information/files/Election_Turnout_and_Registration_20201202_052923PM.pdf,9,no
2020,Indiana,9,US House,Monroe,18105,Monroe,CLEAR CREEK 2,Andy Ruff,Trey Hollingsworth,Tonya L. Millis,297,403,41,0,741,0.40081,0.54386,0.055331,0.424286,106,0.151429,Republican,100528,63632,0.63,0.632978,25887,37745,0.59,0.593176,https://www.in.gov/sos/elections/voter-information/files/Election_Turnout_and_Registration_20201202_052923PM.pdf,9,no
2020,Indiana,9,US House,Monroe,18105,Monroe,CLEAR CREEK 3,Andy Ruff,Trey Hollingsworth,Tonya L. Millis,446,555,40,0,1041,0.428434,0.533141,0.038425,0.445554,109,0.108891,Republican,100528,63632,0.63,0.632978,25887,37745,0.59,0.593176,https://www.in.gov/sos/elections/voter-information/files/Election_Turnout_and_Registration_20201202_052923PM.pdf,9,no
2020,Indiana,9,US House,Monroe,18105,Monroe,INDIAN CREEK,Andy Ruff,Trey Hollingsworth,Tonya L. Millis,325,503,26,0,854,0.380562,0.588993,0.030445,0.392512,178,0.214976,Republican,100528,63632,0.63,0.632978,25887,37745,0.59,0.593176,https://www.in.gov/sos/elections/voter-information/files/Election_Turnout_and_Registration_20201202_052923PM.pdf,9,no
2020,Indiana,9,US House,Monroe,18105,Monroe,PERRY 01,Andy Ruff,Trey Hollingsworth,Tonya L. Millis,561,121,35,0,717,0.782427,0.168759,0.048815,0.822581,-440,-0.645161,Democratic,100528,63632,0.63,0.632978,25887,37745,0.59,0.593176,https://www.in.gov/sos/elections/voter-information/files/Election_Turnout_and_Registration_20201202_052923PM.pdf,9,no
2020,Indiana,9,US House,Monroe,18105,Monroe,PERRY 02,Andy Ruff,Trey Hollingsworth,Tonya L. Millis,438,223,48,0,709,0.617772,0.314528,0.067701,0.662632,-215,-0.325265,Democratic,100528,63632,0.63,0.632978,25887,37745,0.59,0.593176,https://www.in.gov/sos/elections/voter-information/files/Election_Turnout_and_Registration_20201202_052923PM.pdf,9,no
2020,Indiana,9,US House,Monroe,18105,Monroe,PERRY 03,Andy Ruff,Trey Hollingsworth,Tonya L. Millis,652,208,53,0,913,0.714129,0.22782,0.05805,0.75814,-444,-0.516279,Democratic,100528,63632,0.63,0.632978,25887,37745,0.59,0.593176,https://www.in.gov/sos/elections/voter-information/files/Election_Turnout_and_Registration_20201202_052923PM.pdf,9,no
2020,Indiana,9,US House,Monroe,18105,Monroe,PERRY 04,Andy Ruff,Trey Hollingsworth,Tonya L. Millis,575,319,42,0,936,0.614316,0.340812,0.044872,0.643177,-256,-0.286353,Democratic,100528,63632,0.63,0.632978,25887,37745,0.59,0.593176,https://www.in.gov/sos/elections/voter-information/files/Election_Turnout_and_Registration_20201202_052923PM.pdf,9,no
2020,Indiana,9,US House,Monroe,18105,Monroe,PERRY 05,Andy Ruff,Trey Hollingsworth,Tonya L. Millis,792,380,53,0,1225,0.646531,0.310204,0.043265,0.675768,-412,-0.351536,Democratic,100528,63632,0.63,0.632978,25887,37745,0.59,0.593176,https://www.in.gov/sos/elections/voter-information/files/Election_Turnout_and_Registration_20201202_052923PM.pdf,9,no
2020,Indiana,9,US House,Monroe,18105,Monroe,PERRY 06,Andy Ruff,Trey Hollingsworth,Tonya L. Millis,425,80,26,0,531,0.800377,0.150659,0.048964,0.841584,-345,-0.683168,Democratic,100528,63632,0.63,0.632978,25887,37745,0.59,0.593176,https://www.in.gov/sos/elections/voter-information/files/Election_Turnout_and_Registration_20201202_052923PM.pdf,9,no
2020,Indiana,9,US House,Monroe,18105,Monroe,PERRY 07,Andy Ruff,Trey Hollingsworth,Tonya L. Millis,272,38,6,0,316,0.860759,0.120253,0.018987,0.877419,-234,-0.754839,Democratic,100528,63632,0.63,0.632978,25887,37745,0.59,0.593176,https://www.in.gov/sos/elections/voter-information/files/Election_Turnout_and_Registration_20201202_052923PM.pdf,9,no
2020,Indiana,9,US House,Monroe,18105,Monroe,PERRY 08,Andy Ruff,Trey Hollingsworth,Tonya L. Millis,682,73,24,0,779,0.875481,0.09371,0.030809,0.903311,-609,-0.806623,Democratic,100528,63632,0.63,0.632978,25887,37745,0.59,0.593176,https://www.in.gov/sos/elections/voter-information/files/Election_Turnout_and_Registration_20201202_052923PM.pdf,9,no
2020,Indiana,9,US House,Monroe,18105,Monroe,PERRY 09,Andy Ruff,Trey Hollingsworth,Tonya L. Millis,564,169,31,0,764,0.73822,0.221204,0.040576,0.769441,-395,-0.538881,Democratic,100528,63632,0.63,0.632978,25887,37745,0.59,0.593176,https://www.in.gov/sos/elections/voter-information/files/Election_Turnout_and_Registration_20201202_052923PM.pdf,9,no
2020,Indiana,9,US House,Monroe,18105,Monroe,PERRY 10,Andy Ruff,Trey Hollingsworth,Tonya L. Millis,509,252,36,0,797,0.638645,0.316186,0.045169,0.668857,-257,-0.337714,Democratic,100528,63632,0.63,0.632978,25887,37745,0.59,0.593176,https://www.in.gov/sos/elections/voter-information/files/Election_Turnout_and_Registration_20201202_052923PM.pdf,9,no
2020,Indiana,9,US House,Monroe,18105,Monroe,PERRY 11,Andy Ruff,Trey Hollingsworth,Tonya L. Millis,592,291,15,0,898,0.659243,0.324053,0.016704,0.670442,-301,-0.340883,Democratic,100528,63632,0.63,0.632978,25887,37745,0.59,0.593176,https://www.in.gov/sos/elections/voter-information/files/Election_Turnout_and_Registration_20201202_052923PM.pdf,9,no
2020,Indiana,9,US House,Monroe,18105,Monroe,PERRY 12,Andy Ruff,Trey Hollingsworth,Tonya L. Millis,577,226,25,0,828,0.69686,0.272947,0.030193,0.718555,-351,-0.437111,Democratic,100528,63632,0.63,0.632978,25887,37745,0.59,0.593176,https://www.in.gov/sos/elections/voter-information/files/Election_Turnout_and_Registration_20201202_052923PM.pdf,9,no
2020,Indiana,9,US House,Monroe,18105,Monroe,PERRY 13,Andy Ruff,Trey Hollingsworth,Tonya L. Millis,448,208,25,0,681,0.657856,0.305433,0.036711,0.682927,-240,-0.365854,Democratic,100528,63632,0.63,0.632978,25887,37745,0.59,0.593176,https://www.in.gov/sos/elections/voter-information/files/Election_Turnout_and_Registration_20201202_052923PM.pdf,9,no
2020,Indiana,9,US House,Monroe,18105,Monroe,PERRY 14,Andy Ruff,Trey Hollingsworth,Tonya L. Millis,608,154,21,0,783,0.776501,0.196679,0.02682,0.7979,-454,-0.595801,Democratic,100528,63632,0.63,0.632978,25887,37745,0.59,0.593176,https://www.in.gov/sos/elections/voter-information/files/Election_Turnout_and_Registration_20201202_052923PM.pdf,9,no
2020,Indiana,9,US House,Monroe,18105,Monroe,PERRY 15,Andy Ruff,Trey Hollingsworth,Tonya L. Millis,464,52,6,0,522,0.888889,0.099617,0.011494,0.899225,-412,-0.79845,Democratic,100528,63632,0.63,0.632978,25887,37745,0.59,0.593176,https://www.in.gov/sos/elections/voter-information/files/Election_Turnout_and_Registration_20201202_052923PM.pdf,9,no
2020,Indiana,9,US House,Monroe,18105,Monroe,PERRY 16,Andy Ruff,Trey Hollingsworth,Tonya L. Millis,675,69,17,0,761,0.886991,0.09067,0.022339,0.907258,-606,-0.814516,Democratic,100528,63632,0.63,0.632978,25887,37745,0.59,0.593176,https://www.in.gov/sos/elections/voter-information/files/Election_Turnout_and_Registration_20201202_052923PM.pdf,9,no
2020,Indiana,9,US House,Monroe,18105,Monroe,PERRY 17,Andy Ruff,Trey Hollingsworth,Tonya L. Millis,592,184,19,0,795,0.744654,0.231447,0.023899,0.762887,-408,-0.525773,Democratic,100528,63632,0.63,0.632978,25887,37745,0.59,0.593176,https://www.in.gov/sos/elections/voter-information/files/Election_Turnout_and_Registration_20201202_052923PM.pdf,9,no
2020,Indiana,9,US House,Monroe,18105,Monroe,PERRY 18,Andy Ruff,Trey Hollingsworth,Tonya L. Millis,698,149,16,0,863,0.808806,0.172654,0.01854,0.824085,-549,-0.64817,Democratic,100528,63632,0.63,0.632978,25887,37745,0.59,0.593176,https://www.in.gov/sos/elections/voter-information/files/Election_Turnout_and_Registration_20201202_052923PM.pdf,9,no
2020,Indiana,9,US House,Monroe,18105,Monroe,PERRY 19,Andy Ruff,Trey Hollingsworth,Tonya L. Millis,549,269,20,0,838,0.655131,0.321002,0.023866,0.671149,-280,-0.342298,Democratic,100528,63632,0.63,0.632978,25887,37745,0.59,0.593176,https://www.in.gov/sos/elections/voter-information/files/Election_Turnout_and_Registration_20201202_052923PM.pdf,9,no
2020,Indiana,9,US House,Monroe,18105,Monroe,PERRY 20,Andy Ruff,Trey Hollingsworth,Tonya L. Millis,505,106,35,0,646,0.781734,0.164087,0.05418,0.826514,-399,-0.653028,Democratic,100528,63632,0.63,0.632978,25887,37745,0.59,0.593176,https://www.in.gov/sos/elections/voter-information/files/Election_Turnout_and_Registration_20201202_052923PM.pdf,9,no
2020,Indiana,9,US House,Monroe,18105,Monroe,PERRY 21,Andy Ruff,Trey Hollingsworth,Tonya L. Millis,849,372,35,0,1256,0.675955,0.296178,0.027866,0.695332,-477,-0.390663,Democratic,100528,63632,0.63,0.632978,25887,37745,0.59,0.593176,https://www.in.gov/sos/elections/voter-information/files/Election_Turnout_and_Registration_20201202_052923PM.pdf,9,no
2020,Indiana,9,US House,Monroe,18105,Monroe,PERRY 22,Andy Ruff,Trey Hollingsworth,Tonya L. Millis,626,301,20,0,947,0.661035,0.317846,0.021119,0.675297,-325,-0.350593,Democratic,100528,63632,0.63,0.632978,25887,37745,0.59,0.593176,https://www.in.gov/sos/elections/voter-information/files/Election_Turnout_and_Registration_20201202_052923PM.pdf,9,no
2020,Indiana,9,US House,Monroe,18105,Monroe,PERRY 23,Andy Ruff,Trey Hollingsworth,Tonya L. Millis,755,658,35,0,1448,0.521409,0.45442,0.024171,0.534324,-97,-0.068648,Democratic,100528,63632,0.63,0.632978,25887,37745,0.59,0.593176,https://www.in.gov/sos/elections/voter-information/files/Election_Turnout_and_Registration_20201202_052923PM.pdf,9,no
2020,Indiana,9,US House,Monroe,18105,Monroe,PERRY 24,Andy Ruff,Trey Hollingsworth,Tonya L. Millis,462,577,45,0,1084,0.426199,0.532288,0.041513,0.444658,115,0.110683,Republican,100528,63632,0.63,0.632978,25887,37745,0.59,0.593176,https://www.in.gov/sos/elections/voter-information/files/Election_Turnout_and_Registration_20201202_052923PM.pdf,9,no
2020,Indiana,9,US House,Monroe,18105,Monroe,PERRY 25,Andy Ruff,Trey Hollingsworth,Tonya L. Millis,428,432,49,0,909,0.470847,0.475248,0.053905,0.497674,4,0.004651,Republican,100528,63632,0.63,0.632978,25887,37745,0.59,0.593176,https://www.in.gov/sos/elections/voter-information/files/Election_Turnout_and_Registration_20201202_052923PM.pdf,9,no
2020,Indiana,9,US House,Monroe,18105,Monroe,PERRY 26,Andy Ruff,Trey Hollingsworth,Tonya L. Millis,624,244,20,0,888,0.702703,0.274775,0.022523,0.718894,-380,-0.437788,Democratic,100528,63632,0.63,0.632978,25887,37745,0.59,0.593176,https://www.in.gov/sos/elections/voter-information/files/Election_Turnout_and_Registration_20201202_052923PM.pdf,9,no
2020,Indiana,9,US House,Monroe,18105,Monroe,PERRY 27,Andy Ruff,Trey Hollingsworth,Tonya L. Millis,675,528,62,0,1265,0.533597,0.417391,0.049012,0.561097,-147,-0.122195,Democratic,100528,63632,0.63,0.632978,25887,37745,0.59,0.593176,https://www.in.gov/sos/elections/voter-information/files/Election_Turnout_and_Registration_20201202_052923PM.pdf,9,no
2020,Indiana,9,US House,Monroe,18105,Monroe,PERRY 28,Andy Ruff,Trey Hollingsworth,Tonya L. Millis,104,39,4,0,147,0.707483,0.265306,0.027211,0.727273,-65,-0.454545,Democratic,100528,63632,0.63,0.632978,25887,37745,0.59,0.593176,https://www.in.gov/sos/elections/voter-information/files/Election_Turnout_and_Registration_20201202_052923PM.pdf,9,no
2020,Indiana,9,US House,Monroe,18105,Monroe,PERRY 29,Andy Ruff,Trey Hollingsworth,Tonya L. Millis,411,178,39,0,628,0.654459,0.283439,0.062102,0.697793,-233,-0.395586,Democratic,100528,63632,0.63,0.632978,25887,37745,0.59,0.593176,https://www.in.gov/sos/elections/voter-information/files/Election_Turnout_and_Registration_20201202_052923PM.pdf,9,no
2020,Indiana,9,US House,Monroe,18105,Monroe,PERRY 30,Andy Ruff,Trey Hollingsworth,Tonya L. Millis,406,54,26,0,486,0.835391,0.111111,0.053498,0.882609,-352,-0.765217,Democratic,100528,63632,0.63,0.632978,25887,37745,0.59,0.593176,https://www.in.gov/sos/elections/voter-information/files/Election_Turnout_and_Registration_20201202_052923PM.pdf,9,no
2020,Indiana,9,US House,Monroe,18105,Monroe,PERRY 31,Andy Ruff,Trey Hollingsworth,Tonya L. Millis,639,84,26,0,749,0.853138,0.11215,0.034713,0.883817,-555,-0.767635,Democratic,100528,63632,0.63,0.632978,25887,37745,0.59,0.593176,https://www.in.gov/sos/elections/voter-information/files/Election_Turnout_and_Registration_20201202_052923PM.pdf,9,no
2020,Indiana,9,US House,Monroe,18105,Monroe,PERRY 32,Andy Ruff,Trey Hollingsworth,Tonya L. Millis,590,119,21,0,730,0.808219,0.163014,0.028767,0.832158,-471,-0.664316,Democratic,100528,63632,0.63,0.632978,25887,37745,0.59,0.593176,https://www.in.gov/sos/elections/voter-information/files/Election_Turnout_and_Registration_20201202_052923PM.pdf,9,no
2020,Indiana,9,US House,Monroe,18105,Monroe,POLK,Andy Ruff,Trey Hollingsworth,Tonya L. Millis,67,83,5,0,155,0.432258,0.535484,0.032258,0.446667,16,0.106667,Republican,100528,63632,0.63,0.632978,25887,37745,0.59,0.593176,https://www.in.gov/sos/elections/voter-information/files/Election_Turnout_and_Registration_20201202_052923PM.pdf,9,no
2020,Indiana,9,US House,Monroe,18105,Monroe,RICHLAND 1,Andy Ruff,Trey Hollingsworth,Tonya L. Millis,423,525,54,0,1002,0.422156,0.523952,0.053892,0.446203,102,0.107595,Republican,100528,63632,0.63,0.632978,25887,37745,0.59,0.593176,https://www.in.gov/sos/elections/voter-information/files/Election_Turnout_and_Registration_20201202_052923PM.pdf,9,no
2020,Indiana,9,US House,Monroe,18105,Monroe,RICHLAND 2,Andy Ruff,Trey Hollingsworth,Tonya L. Millis,401,499,38,0,938,0.427505,0.531983,0.040512,0.445556,98,0.108889,Republican,100528,63632,0.63,0.632978,25887,37745,0.59,0.593176,https://www.in.gov/sos/elections/voter-information/files/Election_Turnout_and_Registration_20201202_052923PM.pdf,9,no
2020,Indiana,9,US House,Monroe,18105,Monroe,RICHLAND 3,Andy Ruff,Trey Hollingsworth,Tonya L. Millis,238,351,16,0,605,0.393388,0.580165,0.026446,0.404075,113,0.191851,Republican,100528,63632,0.63,0.632978,25887,37745,0.59,0.593176,https://www.in.gov/sos/elections/voter-information/files/Election_Turnout_and_Registration_20201202_052923PM.pdf,9,no
2020,Indiana,9,US House,Monroe,18105,Monroe,RICHLAND 4,Andy Ruff,Trey Hollingsworth,Tonya L. Millis,513,622,39,0,1174,0.436968,0.529813,0.03322,0.451982,109,0.096035,Republican,100528,63632,0.63,0.632978,25887,37745,0.59,0.593176,https://www.in.gov/sos/elections/voter-information/files/Election_Turnout_and_Registration_20201202_052923PM.pdf,9,no
2020,Indiana,9,US House,Monroe,18105,Monroe,RICHLAND 5,Andy Ruff,Trey Hollingsworth,Tonya L. Millis,301,446,24,0,771,0.390402,0.57847,0.031128,0.402945,145,0.19411,Republican,100528,63632,0.63,0.632978,25887,37745,0.59,0.593176,https://www.in.gov/sos/elections/voter-information/files/Election_Turnout_and_Registration_20201202_052923PM.pdf,9,no
2020,Indiana,9,US House,Monroe,18105,Monroe,RICHLAND 6,Andy Ruff,Trey Hollingsworth,Tonya L. Millis,239,527,52,0,818,0.292176,0.644254,0.06357,0.31201,288,0.375979,Republican,100528,63632,0.63,0.632978,25887,37745,0.59,0.593176,https://www.in.gov/sos/elections/voter-information/files/Election_Turnout_and_Registration_20201202_052923PM.pdf,9,no
2020,Indiana,9,US House,Monroe,18105,Monroe,RICHLAND 7,Andy Ruff,Trey Hollingsworth,Tonya L. Millis,523,534,26,0,1083,0.482918,0.493075,0.024007,0.494797,11,0.010407,Republican,100528,63632,0.63,0.632978,25887,37745,0.59,0.593176,https://www.in.gov/sos/elections/voter-information/files/Election_Turnout_and_Registration_20201202_052923PM.pdf,9,no
2020,Indiana,9,US House,Monroe,18105,Monroe,RICHLAND 8,Andy Ruff,Trey Hollingsworth,Tonya L. Millis,589,664,55,0,1308,0.450306,0.507645,0.042049,0.470072,75,0.059856,Republican,100528,63632,0.63,0.632978,25887,37745,0.59,0.593176,https://www.in.gov/sos/elections/voter-information/files/Election_Turnout_and_Registration_20201202_052923PM.pdf,9,no
2020,Indiana,9,US House,Monroe,18105,Monroe,RICHLAND 9,Andy Ruff,Trey Hollingsworth,Tonya L. Millis,2,1,0,0,3,0.666667,0.333333,0.0,0.666667,-1,-0.333333,Democratic,100528,63632,0.63,0.632978,25887,37745,0.59,0.593176,https://www.in.gov/sos/elections/voter-information/files/Election_Turnout_and_Registration_20201202_052923PM.pdf,9,no
2020,Indiana,9,US House,Monroe,18105,Monroe,SALT CREEK,Andy Ruff,Trey Hollingsworth,Tonya L. Millis,595,382,39,0,1016,0.58563,0.375984,0.038386,0.609007,-213,-0.218014,Democratic,100528,63632,0.63,0.632978,25887,37745,0.59,0.593176,https://www.in.gov/sos/elections/voter-information/files/Election_Turnout_and_Registration_20201202_052923PM.pdf,9,no
2020,Indiana,9,US House,Monroe,18105,Monroe,VAN BUREN 1,Andy Ruff,Trey Hollingsworth,Tonya L. Millis,737,632,71,0,1440,0.511806,0.438889,0.049306,0.538349,-105,-0.076698,Democratic,100528,63632,0.63,0.632978,25887,37745,0.59,0.593176,https://www.in.gov/sos/elections/voter-information/files/Election_Turnout_and_Registration_20201202_052923PM.pdf,9,no
2020,Indiana,9,US House,Monroe,18105,Monroe,VAN BUREN 2,Andy Ruff,Trey Hollingsworth,Tonya L. Millis,299,296,39,0,634,0.471609,0.466877,0.061514,0.502521,-3,-0.005042,Democratic,100528,63632,0.63,0.632978,25887,37745,0.59,0.593176,https://www.in.gov/sos/elections/voter-information/files/Election_Turnout_and_Registration_20201202_052923PM.pdf,9,no
2020,Indiana,9,US House,Monroe,18105,Monroe,VAN BUREN 3,Andy Ruff,Trey Hollingsworth,Tonya L. Millis,541,418,48,0,1007,0.537239,0.415094,0.047666,0.564129,-123,-0.128259,Democratic,100528,63632,0.63,0.632978,25887,37745,0.59,0.593176,https://www.in.gov/sos/elections/voter-information/files/Election_Turnout_and_Registration_20201202_052923PM.pdf,9,no
2020,Indiana,9,US House,Monroe,18105,Monroe,VAN BUREN 4,Andy Ruff,Trey Hollingsworth,Tonya L. Millis,335,676,29,0,1040,0.322115,0.65,0.027885,0.331355,341,0.33729,Republican,100528,63632,0.63,0.632978,25887,37745,0.59,0.593176,https://www.in.gov/sos/elections/voter-information/files/Election_Turnout_and_Registration_20201202_052923PM.pdf,9,no
2020,Indiana,9,US House,Monroe,18105,Monroe,VAN BUREN 5,Andy Ruff,Trey Hollingsworth,Tonya L. Millis,346,545,22,0,913,0.37897,0.596933,0.024096,0.388328,199,0.223345,Republican,100528,63632,0.63,0.632978,25887,37745,0.59,0.593176,https://www.in.gov/sos/elections/voter-information/files/Election_Turnout_and_Registration_20201202_052923PM.pdf,9,no
2020,Indiana,9,US House,Monroe,18105,Monroe,VAN BUREN 6,Andy Ruff,Trey Hollingsworth,Tonya L. Millis,468,505,44,0,1017,0.460177,0.496559,0.043265,0.480987,37,0.038027,Republican,100528,63632,0.63,0.632978,25887,37745,0.59,0.593176,https://www.in.gov/sos/elections/voter-information/files/Election_Turnout_and_Registration_20201202_052923PM.pdf,9,no
2020,Indiana,9,US House,Monroe,18105,Monroe,WASHINGTON,Andy Ruff,Trey Hollingsworth,Tonya L. Millis,494,676,37,0,1207,0.409279,0.560066,0.030655,0.422222,182,0.155556,Republican,100528,63632,0.63,0.632978,25887,37745,0.59,0.593176,https://www.in.gov/sos/elections/voter-information/files/Election_Turnout_and_Registration_20201202_052923PM.pdf,9,no
2022,Indiana,9,US House,Bartholomew,18005,Bartholomew,Jackson - 5000,Matthew Fyfe,Erin Houchin,Tonya L. Millis,60,290,12,0,362,0.165746,0.801105,0.033149,0.171429,230,0.657143,Republican,53498,22805,0.43,0.426278,11966,10839,0.48,0.475291,https://www.in.gov/sos/elections/voter-information/files/Election_Turnout_and_Registration-2022-General.pdf,6;9,yes
2022,Indiana,9,US House,Bartholomew,18005,Bartholomew,Ohio - 5100,Matthew Fyfe,Erin Houchin,Tonya L. Millis,156,532,22,0,710,0.219718,0.749296,0.030986,0.226744,376,0.546512,Republican,53498,22805,0.43,0.426278,11966,10839,0.48,0.475291,https://www.in.gov/sos/elections/voter-information/files/Election_Turnout_and_Registration-2022-General.pdf,6;9,yes
2022,Indiana,9,US House,Bartholomew,18005,Bartholomew,Sandcreek - 5300,Matthew Fyfe,Erin Houchin,Tonya L. Millis,114,413,11,0,538,0.211896,0.767658,0.020446,0.216319,299,0.567362,Republican,53498,22805,0.43,0.426278,11966,10839,0.48,0.475291,https://www.in.gov/sos/elections/voter-information/files/Election_Turnout_and_Registration-2022-General.pdf,6;9,yes
2022,Indiana,9,US House,Bartholomew,18005,Bartholomew,Wayne - 5600,Matthew Fyfe,Erin Houchin,Tonya L. Millis,63,265,12,0,340,0.185294,0.779412,0.035294,0.192073,202,0.615854,Republican,53498,22805,0.43,0.426278,11966,10839,0.48,0.475291,https://www.in.gov/sos/elections/voter-information/files/Election_Turnout_and_Registration-2022-General.pdf,6;9,yes
2022,Indiana,9,US House,Bartholomew,18005,Bartholomew,Wayne - 5700,Matthew Fyfe,Erin Houchin,Tonya L. Millis,77,372,19,0,468,0.16453,0.794872,0.040598,0.171492,295,0.657016,Republican,53498,22805,0.43,0.426278,11966,10839,0.48,0.475291,https://www.in.gov/sos/elections/voter-information/files/Election_Turnout_and_Registration-2022-General.pdf,6;9,yes
2022,Indiana,9,US House,Bartholomew,18005,Bartholomew,Wayne - 5800,Matthew Fyfe,Erin Houchin,Tonya L. Millis,36,62,8,0,106,0.339623,0.584906,0.075472,0.367347,26,0.265306,Republican,53498,22805,0.43,0.426278,11966,10839,0.48,0.475291,https://www.in.gov/sos/elections/voter-information/files/Election_Turnout_and_Registration-2022-General.pdf,6;9,yes
2022,Indiana,9,US House,Clark,18019,Clark,Bethlehem 01,Matthew Fyfe,Erin Houchin,Tonya L. Millis,14,95,3,0,112,0.125,0.848214,0.026786,0.12844,81,0.743119,Republican,98877,36846,0.37,0.372645,29410,7436,0.2,0.201813,https://www.in.gov/sos/elections/voter-information/files/Election_Turnout_and_Registration-2022-General.pdf,9,no
2022,Indiana,9,US House,Clark,18019,Clark,Carr 01,Matthew Fyfe,Erin Houchin,Tonya L. Millis,228,705,21,0,954,0.238994,0.738994,0.022013,0.244373,477,0.511254,Republican,98877,36846,0.37,0.372645,29410,7436,0.2,0.201813,https://www.in.gov/sos/elections/voter-information/files/Election_Turnout_and_Registration-2022-General.pdf,9,no
2022,Indiana,9,US House,Clark,18019,Clark,Carr 02,Matthew Fyfe,Erin Houchin,Tonya L. Millis,241,678,16,0,935,0.257754,0.725134,0.017112,0.262242,437,0.475517,Republican,98877,36846,0.37,0.372645,29410,7436,0.2,0.201813,https://www.in.gov/sos/elections/voter-information/files/Election_Turnout_and_Registration-2022-General.pdf,9,no
2022,Indiana,9,US House,Clark,18019,Clark,Charlestown 01,Matthew Fyfe,Erin Houchin,Tonya L. Millis,151,308,26,0,485,0.31134,0.635052,0.053608,0.328976,157,0.342048,Republican,98877,36846,0.37,0.372645,29410,7436,0.2,0.201813,https://www.in.gov/sos/elections/voter-information/files/Election_Turnout_and_Registration-2022-General.pdf,9,no
2022,Indiana,9,US House,Clark,18019,Clark,Charlestown 02,Matthew Fyfe,Erin Houchin,Tonya L. Millis,66,143,14,0,223,0.295964,0.641256,0.06278,0.315789,77,0.368421,Republican,98877,36846,0.37,0.372645,29410,7436,0.2,0.201813,https://www.in.gov/sos/elections/voter-information/files/Election_Turnout_and_Registration-2022-General.pdf,9,no
2022,Indiana,9,US House,Clark,18019,Clark,Charlestown 03,Matthew Fyfe,Erin Houchin,Tonya L. Millis,156,400,14,0,570,0.273684,0.701754,0.024561,0.280576,244,0.438849,Republican,98877,36846,0.37,0.372645,29410,7436,0.2,0.201813,https://www.in.gov/sos/elections/voter-information/files/Election_Turnout_and_Registration-2022-General.pdf,9,no
2022,Indiana,9,US House,Clark,18019,Clark,Charlestown 04,Matthew Fyfe,Erin Houchin,Tonya L. Millis,296,758,17,0,1071,0.276377,0.70775,0.015873,0.280835,462,0.43833,Republican,98877,36846,0.37,0.372645,29410,7436,0.2,0.201813,https://www.in.gov/sos/elections/voter-information/files/Election_Turnout_and_Registration-2022-General.pdf,9,no
2022,Indiana,9,US House,Clark,18019,Clark,Charlestown 05,Matthew Fyfe,Erin Houchin,Tonya L. Millis,111,245,11,0,367,0.302452,0.667575,0.029973,0.311798,134,0.376404,Republican,98877,36846,0.37,0.372645,29410,7436,0.2,0.201813,https://www.in.gov/sos/elections/voter-information/files/Election_Turnout_and_Registration-2022-General.pdf,9,no
2022,Indiana,9,US House,Clark,18019,Clark,Charlestown 06,Matthew Fyfe,Erin Houchin,Tonya L. Millis,286,714,25,0,1025,0.279024,0.696585,0.02439,0.286,428,0.428,Republican,98877,36846,0.37,0.372645,29410,7436,0.2,0.201813,https://www.in.gov/sos/elections/voter-information/files/Election_Turnout_and_Registration-2022-General.pdf,9,no
2022,Indiana,9,US House,Clark,18019,Clark,Charlestown 07,Matthew Fyfe,Erin Houchin,Tonya L. Millis,169,485,15,0,669,0.252616,0.724963,0.022422,0.25841,316,0.48318,Republican,98877,36846,0.37,0.372645,29410,7436,0.2,0.201813,https://www.in.gov/sos/elections/voter-information/files/Election_Turnout_and_Registration-2022-General.pdf,9,no
2022,Indiana,9,US House,Clark,18019,Clark,Charlestown 08,Matthew Fyfe,Erin Houchin,Tonya L. Millis,124,358,10,0,492,0.252033,0.727642,0.020325,0.257261,234,0.485477,Republican,98877,36846,0.37,0.372645,29410,7436,0.2,0.201813,https://www.in.gov/sos/elections/voter-information/files/Election_Turnout_and_Registration-2022-General.pdf,9,no
2022,Indiana,9,US House,Clark,18019,Clark,Jeffersonville 01,Matthew Fyfe,Erin Houchin,Tonya L. Millis,122,144,7,0,273,0.446886,0.527473,0.025641,0.458647,22,0.082707,Republican,98877,36846,0.37,0.372645,29410,7436,0.2,0.201813,https://www.in.gov/sos/elections/voter-information/files/Election_Turnout_and_Registration-2022-General.pdf,9,no
2022,Indiana,9,US House,Clark,18019,Clark,Jeffersonville 02,Matthew Fyfe,Erin Houchin,Tonya L. Millis,134,78,14,0,226,0.59292,0.345133,0.061947,0.632075,-56,-0.264151,Democratic,98877,36846,0.37,0.372645,29410,7436,0.2,0.201813,https://www.in.gov/sos/elections/voter-information/files/Election_Turnout_and_Registration-2022-General.pdf,9,no
2022,Indiana,9,US House,Clark,18019,Clark,Jeffersonville 03,Matthew Fyfe,Erin Houchin,Tonya L. Millis,200,66,23,0,289,0.692042,0.228374,0.079585,0.75188,-134,-0.503759,Democratic,98877,36846,0.37,0.372645,29410,7436,0.2,0.201813,https://www.in.gov/sos/elections/voter-information/files/Election_Turnout_and_Registration-2022-General.pdf,9,no
2022,Indiana,9,US House,Clark,18019,Clark,Jeffersonville 04,Matthew Fyfe,Erin Houchin,Tonya L. Millis,241,139,20,0,400,0.6025,0.3475,0.05,0.634211,-102,-0.268421,Democratic,98877,36846,0.37,0.372645,29410,7436,0.2,0.201813,https://www.in.gov/sos/elections/voter-information/files/Election_Turnout_and_Registration-2022-General.pdf,9,no
2022,Indiana,9,US House,Clark,18019,Clark,Jeffersonville 05,Matthew Fyfe,Erin Houchin,Tonya L. Millis,154,104,14,0,272,0.566176,0.382353,0.051471,0.596899,-50,-0.193798,Democratic,98877,36846,0.37,0.372645,29410,7436,0.2,0.201813,https://www.in.gov/sos/elections/voter-information/files/Election_Turnout_and_Registration-2022-General.pdf,9,no
2022,Indiana,9,US House,Clark,18019,Clark,Jeffersonville 06,Matthew Fyfe,Erin Houchin,Tonya L. Millis,116,111,14,0,241,0.481328,0.460581,0.058091,0.511013,-5,-0.022026,Democratic,98877,36846,0.37,0.372645,29410,7436,0.2,0.201813,https://www.in.gov/sos/elections/voter-information/files/Election_Turnout_and_Registration-2022-General.pdf,9,no
2022,Indiana,9,US House,Clark,18019,Clark,Jeffersonville 07,Matthew Fyfe,Erin Houchin,Tonya L. Millis,233,237,16,0,486,0.479424,0.487654,0.032922,0.495745,4,0.008511,Republican,98877,36846,0.37,0.372645,29410,7436,0.2,0.201813,https://www.in.gov/sos/elections/voter-information/files/Election_Turnout_and_Registration-2022-General.pdf,9,no
2022,Indiana,9,US House,Clark,18019,Clark,Jeffersonville 08,Matthew Fyfe,Erin Houchin,Tonya L. Millis,130,141,12,0,283,0.459364,0.498233,0.042403,0.479705,11,0.04059,Republican,98877,36846,0.37,0.372645,29410,7436,0.2,0.201813,https://www.in.gov/sos/elections/voter-information/files/Election_Turnout_and_Registration-2022-General.pdf,9,no
2022,Indiana,9,US House,Clark,18019,Clark,Jeffersonville 09,Matthew Fyfe,Erin Houchin,Tonya L. Millis,195,182,10,0,387,0.503876,0.470284,0.02584,0.517241,-13,-0.034483,Democratic,98877,36846,0.37,0.372645,29410,7436,0.2,0.201813,https://www.in.gov/sos/elections/voter-information/files/Election_Turnout_and_Registration-2022-General.pdf,9,no
2022,Indiana,9,US House,Clark,18019,Clark,Jeffersonville 10,Matthew Fyfe,Erin Houchin,Tonya L. Millis,150,135,10,0,295,0.508475,0.457627,0.033898,0.526316,-15,-0.052632,Democratic,98877,36846,0.37,0.372645,29410,7436,0.2,0.201813,https://www.in.gov/sos/elections/voter-information/files/Election_Turnout_and_Registration-2022-General.pdf,9,no
2022,Indiana,9,US House,Clark,18019,Clark,Jeffersonville 11,Matthew Fyfe,Erin Houchin,Tonya L. Millis,193,227,17,0,437,0.441648,0.519451,0.038902,0.459524,34,0.080952,Republican,98877,36846,0.37,0.372645,29410,7436,0.2,0.201813,https://www.in.gov/sos/elections/voter-information/files/Election_Turnout_and_Registration-2022-General.pdf,9,no
2022,Indiana,9,US House,Clark,18019,Clark,Jeffersonville 12,Matthew Fyfe,Erin Houchin,Tonya L. Millis,142,193,14,0,349,0.406877,0.553009,0.040115,0.423881,51,0.152239,Republican,98877,36846,0.37,0.372645,29410,7436,0.2,0.201813,https://www.in.gov/sos/elections/voter-information/files/Election_Turnout_and_Registration-2022-General.pdf,9,no
2022,Indiana,9,US House,Clark,18019,Clark,Jeffersonville 13,Matthew Fyfe,Erin Houchin,Tonya L. Millis,347,357,26,0,730,0.475342,0.489041,0.035616,0.492898,10,0.014205,Republican,98877,36846,0.37,0.372645,29410,7436,0.2,0.201813,https://www.in.gov/sos/elections/voter-information/files/Election_Turnout_and_Registration-2022-General.pdf,9,no
2022,Indiana,9,US House,Clark,18019,Clark,Jeffersonville 14,Matthew Fyfe,Erin Houchin,Tonya L. Millis,113,170,12,0,295,0.383051,0.576271,0.040678,0.399293,57,0.201413,Republican,98877,36846,0.37,0.372645,29410,7436,0.2,0.201813,https://www.in.gov/sos/elections/voter-information/files/Election_Turnout_and_Registration-2022-General.pdf,9,no
2022,Indiana,9,US House,Clark,18019,Clark,Jeffersonville 15,Matthew Fyfe,Erin Houchin,Tonya L. Millis,358,413,24,0,795,0.450314,0.519497,0.030189,0.464332,55,0.071336,Republican,98877,36846,0.37,0.372645,29410,7436,0.2,0.201813,https://www.in.gov/sos/elections/voter-information/files/Election_Turnout_and_Registration-2022-General.pdf,9,no
2022,Indiana,9,US House,Clark,18019,Clark,Jeffersonville 16,Matthew Fyfe,Erin Houchin,Tonya L. Millis,332,481,24,0,837,0.396655,0.574671,0.028674,0.408364,149,0.183272,Republican,98877,36846,0.37,0.372645,29410,7436,0.2,0.201813,https://www.in.gov/sos/elections/voter-information/files/Election_Turnout_and_Registration-2022-General.pdf,9,no
2022,Indiana,9,US House,Clark,18019,Clark,Jeffersonville 17,Matthew Fyfe,Erin Houchin,Tonya L. Millis,262,346,24,0,632,0.414557,0.547468,0.037975,0.430921,84,0.138158,Republican,98877,36846,0.37,0.372645,29410,7436,0.2,0.201813,https://www.in.gov/sos/elections/voter-information/files/Election_Turnout_and_Registration-2022-General.pdf,9,no
2022,Indiana,9,US House,Clark,18019,Clark,Jeffersonville 18,Matthew Fyfe,Erin Houchin,Tonya L. Millis,299,419,6,0,724,0.412983,0.578729,0.008287,0.416435,120,0.167131,Republican,98877,36846,0.37,0.372645,29410,7436,0.2,0.201813,https://www.in.gov/sos/elections/voter-information/files/Election_Turnout_and_Registration-2022-General.pdf,9,no
2022,Indiana,9,US House,Clark,18019,Clark,Jeffersonville 20,Matthew Fyfe,Erin Houchin,Tonya L. Millis,299,365,12,0,676,0.442308,0.539941,0.017751,0.450301,66,0.099398,Republican,98877,36846,0.37,0.372645,29410,7436,0.2,0.201813,https://www.in.gov/sos/elections/voter-information/files/Election_Turnout_and_Registration-2022-General.pdf,9,no
2022,Indiana,9,US House,Clark,18019,Clark,Jeffersonville 21,Matthew Fyfe,Erin Houchin,Tonya L. Millis,143,180,14,0,337,0.424332,0.534125,0.041543,0.442724,37,0.114551,Republican,98877,36846,0.37,0.372645,29410,7436,0.2,0.201813,https://www.in.gov/sos/elections/voter-information/files/Election_Turnout_and_Registration-2022-General.pdf,9,no
2022,Indiana,9,US House,Clark,18019,Clark,Jeffersonville 22,Matthew Fyfe,Erin Houchin,Tonya L. Millis,250,226,21,0,497,0.503018,0.454728,0.042254,0.52521,-24,-0.05042,Democratic,98877,36846,0.37,0.372645,29410,7436,0.2,0.201813,https://www.in.gov/sos/elections/voter-information/files/Election_Turnout_and_Registration-2022-General.pdf,9,no
2022,Indiana,9,US House,Clark,18019,Clark,Jeffersonville 23,Matthew Fyfe,Erin Houchin,Tonya L. Millis,246,263,24,0,533,0.461538,0.493433,0.045028,0.483301,17,0.033399,Republican,98877,36846,0.37,0.372645,29410,7436,0.2,0.201813,https://www.in.gov/sos/elections/voter-information/files/Election_Turnout_and_Registration-2022-General.pdf,9,no
2022,Indiana,9,US House,Clark,18019,Clark,Jeffersonville 24,Matthew Fyfe,Erin Houchin,Tonya L. Millis,230,247,14,0,491,0.468432,0.503055,0.028513,0.48218,17,0.035639,Republican,98877,36846,0.37,0.372645,29410,7436,0.2,0.201813,https://www.in.gov/sos/elections/voter-information/files/Election_Turnout_and_Registration-2022-General.pdf,9,no
2022,Indiana,9,US House,Clark,18019,Clark,Jeffersonville 25,Matthew Fyfe,Erin Houchin,Tonya L. Millis,310,475,28,0,813,0.381304,0.584256,0.03444,0.394904,165,0.210191,Republican,98877,36846,0.37,0.372645,29410,7436,0.2,0.201813,https://www.in.gov/sos/elections/voter-information/files/Election_Turnout_and_Registration-2022-General.pdf,9,no
2022,Indiana,9,US House,Clark,18019,Clark,Jeffersonville 26,Matthew Fyfe,Erin Houchin,Tonya L. Millis,183,181,14,0,378,0.484127,0.478836,0.037037,0.502747,-2,-0.005495,Democratic,98877,36846,0.37,0.372645,29410,7436,0.2,0.201813,https://www.in.gov/sos/elections/voter-information/files/Election_Turnout_and_Registration-2022-General.pdf,9,no
2022,Indiana,9,US House,Clark,18019,Clark,Jeffersonville 27,Matthew Fyfe,Erin Houchin,Tonya L. Millis,61,81,6,0,148,0.412162,0.547297,0.040541,0.429577,20,0.140845,Republican,98877,36846,0.37,0.372645,29410,7436,0.2,0.201813,https://www.in.gov/sos/elections/voter-information/files/Election_Turnout_and_Registration-2022-General.pdf,9,no
2022,Indiana,9,US House,Clark,18019,Clark,Jeffersonville 30,Matthew Fyfe,Erin Houchin,Tonya L. Millis,123,138,8,0,269,0.457249,0.513011,0.02974,0.471264,15,0.057471,Republican,98877,36846,0.37,0.372645,29410,7436,0.2,0.201813,https://www.in.gov/sos/elections/voter-information/files/Election_Turnout_and_Registration-2022-General.pdf,9,no
2022,Indiana,9,US House,Clark,18019,Clark,Jeffersonville 31,Matthew Fyfe,Erin Houchin,Tonya L. Millis,92,155,12,0,259,0.355212,0.598456,0.046332,0.37247,63,0.255061,Republican,98877,36846,0.37,0.372645,29410,7436,0.2,0.201813,https://www.in.gov/sos/elections/voter-information/files/Election_Turnout_and_Registration-2022-General.pdf,9,no
2022,Indiana,9,US House,Clark,18019,Clark,Jeffersonville 32,Matthew Fyfe,Erin Houchin,Tonya L. Millis,93,100,8,0,201,0.462687,0.497512,0.039801,0.481865,7,0.036269,Republican,98877,36846,0.37,0.372645,29410,7436,0.2,0.201813,https://www.in.gov/sos/elections/voter-information/files/Election_Turnout_and_Registration-2022-General.pdf,9,no
2022,Indiana,9,US House,Clark,18019,Clark,Jeffersonville 33,Matthew Fyfe,Erin Houchin,Tonya L. Millis,132,156,13,0,301,0.438538,0.518272,0.043189,0.458333,24,0.083333,Republican,98877,36846,0.37,0.372645,29410,7436,0.2,0.201813,https://www.in.gov/sos/elections/voter-information/files/Election_Turnout_and_Registration-2022-General.pdf,9,no
2022,Indiana,9,US House,Clark,18019,Clark,Jeffersonville 34,Matthew Fyfe,Erin Houchin,Tonya L. Millis,96,99,16,0,211,0.454976,0.469194,0.075829,0.492308,3,0.015385,Republican,98877,36846,0.37,0.372645,29410,7436,0.2,0.201813,https://www.in.gov/sos/elections/voter-information/files/Election_Turnout_and_Registration-2022-General.pdf,9,no
2022,Indiana,9,US House,Clark,18019,Clark,Jeffersonville 35,Matthew Fyfe,Erin Houchin,Tonya L. Millis,130,122,6,0,258,0.503876,0.472868,0.023256,0.515873,-8,-0.031746,Democratic,98877,36846,0.37,0.372645,29410,7436,0.2,0.201813,https://www.in.gov/sos/elections/voter-information/files/Election_Turnout_and_Registration-2022-General.pdf,9,no
2022,Indiana,9,US House,Clark,18019,Clark,Jeffersonville 36,Matthew Fyfe,Erin Houchin,Tonya L. Millis,125,172,11,0,308,0.405844,0.558442,0.035714,0.420875,47,0.158249,Republican,98877,36846,0.37,0.372645,29410,7436,0.2,0.201813,https://www.in.gov/sos/elections/voter-information/files/Election_Turnout_and_Registration-2022-General.pdf,9,no
2022,Indiana,9,US House,Clark,18019,Clark,Jeffersonville 37,Matthew Fyfe,Erin Houchin,Tonya L. Millis,271,291,20,0,582,0.465636,0.5,0.034364,0.482206,20,0.035587,Republican,98877,36846,0.37,0.372645,29410,7436,0.2,0.201813,https://www.in.gov/sos/elections/voter-information/files/Election_Turnout_and_Registration-2022-General.pdf,9,no
2022,Indiana,9,US House,Clark,18019,Clark,Jeffersonville 38,Matthew Fyfe,Erin Houchin,Tonya L. Millis,202,262,20,0,484,0.417355,0.541322,0.041322,0.435345,60,0.12931,Republican,98877,36846,0.37,0.372645,29410,7436,0.2,0.201813,https://www.in.gov/sos/elections/voter-information/files/Election_Turnout_and_Registration-2022-General.pdf,9,no
2022,Indiana,9,US House,Clark,18019,Clark,Jeffersonville 39,Matthew Fyfe,Erin Houchin,Tonya L. Millis,124,125,7,0,256,0.484375,0.488281,0.027344,0.497992,1,0.004016,Republican,98877,36846,0.37,0.372645,29410,7436,0.2,0.201813,https://www.in.gov/sos/elections/voter-information/files/Election_Turnout_and_Registration-2022-General.pdf,9,no
2022,Indiana,9,US House,Clark,18019,Clark,Jeffersonville 40,Matthew Fyfe,Erin Houchin,Tonya L. Millis,233,307,15,0,555,0.41982,0.553153,0.027027,0.431481,74,0.137037,Republican,98877,36846,0.37,0.372645,29410,7436,0.2,0.201813,https://www.in.gov/sos/elections/voter-information/files/Election_Turnout_and_Registration-2022-General.pdf,9,no
2022,Indiana,9,US House,Clark,18019,Clark,Jeffersonville 41,Matthew Fyfe,Erin Houchin,Tonya L. Millis,139,145,10,0,294,0.472789,0.493197,0.034014,0.489437,6,0.021127,Republican,98877,36846,0.37,0.372645,29410,7436,0.2,0.201813,https://www.in.gov/sos/elections/voter-information/files/Election_Turnout_and_Registration-2022-General.pdf,9,no
2022,Indiana,9,US House,Clark,18019,Clark,Jeffersonville 42,Matthew Fyfe,Erin Houchin,Tonya L. Millis,123,181,12,0,316,0.389241,0.572785,0.037975,0.404605,58,0.190789,Republican,98877,36846,0.37,0.372645,29410,7436,0.2,0.201813,https://www.in.gov/sos/elections/voter-information/files/Election_Turnout_and_Registration-2022-General.pdf,9,no
2022,Indiana,9,US House,Clark,18019,Clark,Monroe 01,Matthew Fyfe,Erin Houchin,Tonya L. Millis,126,427,22,0,575,0.21913,0.742609,0.038261,0.227848,301,0.544304,Republican,98877,36846,0.37,0.372645,29410,7436,0.2,0.201813,https://www.in.gov/sos/elections/voter-information/files/Election_Turnout_and_Registration-2022-General.pdf,9,no
2022,Indiana,9,US House,Clark,18019,Clark,Monroe 02,Matthew Fyfe,Erin Houchin,Tonya L. Millis,200,737,21,0,958,0.208768,0.769311,0.021921,0.213447,537,0.573106,Republican,98877,36846,0.37,0.372645,29410,7436,0.2,0.201813,https://www.in.gov/sos/elections/voter-information/files/Election_Turnout_and_Registration-2022-General.pdf,9,no
2022,Indiana,9,US House,Clark,18019,Clark,Monroe 03,Matthew Fyfe,Erin Houchin,Tonya L. Millis,98,401,20,0,519,0.188825,0.77264,0.038536,0.196393,303,0.607214,Republican,98877,36846,0.37,0.372645,29410,7436,0.2,0.201813,https://www.in.gov/sos/elections/voter-information/files/Election_Turnout_and_Registration-2022-General.pdf,9,no
2022,Indiana,9,US House,Clark,18019,Clark,Oregon 01,Matthew Fyfe,Erin Houchin,Tonya L. Millis,117,454,21,0,592,0.197635,0.766892,0.035473,0.204904,337,0.590193,Republican,98877,36846,0.37,0.372645,29410,7436,0.2,0.201813,https://www.in.gov/sos/elections/voter-information/files/Election_Turnout_and_Registration-2022-General.pdf,9,no
2022,Indiana,9,US House,Clark,18019,Clark,Owen 01,Matthew Fyfe,Erin Houchin,Tonya L. Millis,58,246,4,0,308,0.188312,0.798701,0.012987,0.190789,188,0.618421,Republican,98877,36846,0.37,0.372645,29410,7436,0.2,0.201813,https://www.in.gov/sos/elections/voter-information/files/Election_Turnout_and_Registration-2022-General.pdf,9,no
2022,Indiana,9,US House,Clark,18019,Clark,Silver Creek - Clarksville 43,Matthew Fyfe,Erin Houchin,Tonya L. Millis,369,668,40,0,1077,0.342618,0.620241,0.03714,0.355834,299,0.288332,Republican,98877,36846,0.37,0.372645,29410,7436,0.2,0.201813,https://www.in.gov/sos/elections/voter-information/files/Election_Turnout_and_Registration-2022-General.pdf,9,no
2022,Indiana,9,US House,Clark,18019,Clark,Silver Creek - Clarksville 44,Matthew Fyfe,Erin Houchin,Tonya L. Millis,0,0,0,0,0,,,,,0,,Tie,98877,36846,0.37,0.372645,29410,7436,0.2,0.201813,https://www.in.gov/sos/elections/voter-information/files/Election_Turnout_and_Registration-2022-General.pdf,9,no
2022,Indiana,9,US House,Clark,18019,Clark,Silver Creek 01,Matthew Fyfe,Erin Houchin,Tonya L. Millis,106,235,6,0,347,0.305476,0.677233,0.017291,0.31085,129,0.378299,Republican,98877,36846,0.37,0.372645,29410,7436,0.2,0.201813,https://www.in.gov/sos/elections/voter-information/files/Election_Turnout_and_Registration-2022-General.pdf,9,no
2022,Indiana,9,US House,Clark,18019,Clark,Silver Creek 02,Matthew Fyfe,Erin Houchin,Tonya L. Millis,90,159,13,0,262,0.343511,0.60687,0.049618,0.361446,69,0.277108,Republican,98877,36846,0.37,0.372645,29410,7436,0.2,0.201813,https://www.in.gov/sos/elections/voter-information/files/Election_Turnout_and_Registration-2022-General.pdf,9,no
2022,Indiana,9,US House,Clark,18019,Clark,Silver Creek 03,Matthew Fyfe,Erin Houchin,Tonya L. Millis,124,342,20,0,486,0.255144,0.703704,0.041152,0.266094,218,0.467811,Republican,98877,36846,0.37,0.372645,29410,7436,0.2,0.201813,https://www.in.gov/sos/elections/voter-information/files/Election_Turnout_and_Registration-2022-General.pdf,9,no
2022,Indiana,9,US House,Clark,18019,Clark,Silver Creek 04,Matthew Fyfe,Erin Houchin,Tonya L. Millis,210,361,13,0,584,0.359589,0.618151,0.02226,0.367776,151,0.264448,Republican,98877,36846,0.37,0.372645,29410,7436,0.2,0.201813,https://www.in.gov/sos/elections/voter-information/files/Election_Turnout_and_Registration-2022-General.pdf,9,no
2022,Indiana,9,US House,Clark,18019,Clark,Silver Creek 05,Matthew Fyfe,Erin Houchin,Tonya L. Millis,70,142,8,0,220,0.318182,0.645455,0.036364,0.330189,72,0.339623,Republican,98877,36846,0.37,0.372645,29410,7436,0.2,0.201813,https://www.in.gov/sos/elections/voter-information/files/Election_Turnout_and_Registration-2022-General.pdf,9,no
2022,Indiana,9,US House,Clark,18019,Clark,Silver Creek 06,Matthew Fyfe,Erin Houchin,Tonya L. Millis,305,603,34,0,942,0.323779,0.640127,0.036093,0.335903,298,0.328194,Republican,98877,36846,0.37,0.372645,29410,7436,0.2,0.201813,https://www.in.gov/sos/elections/voter-information/files/Election_Turnout_and_Registration-2022-General.pdf,9,no
2022,Indiana,9,US House,Clark,18019,Clark,Silver Creek 07,Matthew Fyfe,Erin Houchin,Tonya L. Millis,55,117,6,0,178,0.308989,0.657303,0.033708,0.319767,62,0.360465,Republican,98877,36846,0.37,0.372645,29410,7436,0.2,0.201813,https://www.in.gov/sos/elections/voter-information/files/Election_Turnout_and_Registration-2022-General.pdf,9,no
2022,Indiana,9,US House,Clark,18019,Clark,Union 01,Matthew Fyfe,Erin Houchin,Tonya L. Millis,173,553,28,0,754,0.229443,0.733422,0.037135,0.238292,380,0.523416,Republican,98877,36846,0.37,0.372645,29410,7436,0.2,0.201813,https://www.in.gov/sos/elections/voter-information/files/Election_Turnout_and_Registration-2022-General.pdf,9,no
2022,Indiana,9,US House,Clark,18019,Clark,Union 02,Matthew Fyfe,Erin Houchin,Tonya L. Millis,154,470,18,0,642,0.239875,0.732087,0.028037,0.246795,316,0.50641,Republican,98877,36846,0.37,0.372645,29410,7436,0.2,0.201813,https://www.in.gov/sos/elections/voter-information/files/Election_Turnout_and_Registration-2022-General.pdf,9,no
2022,Indiana,9,US House,Clark,18019,Clark,Utica 01,Matthew Fyfe,Erin Houchin,Tonya L. Millis,61,144,14,0,219,0.278539,0.657534,0.063927,0.297561,83,0.404878,Republican,98877,36846,0.37,0.372645,29410,7436,0.2,0.201813,https://www.in.gov/sos/elections/voter-information/files/Election_Turnout_and_Registration-2022-General.pdf,9,no
2022,Indiana,9,US House,Clark,18019,Clark,Utica 02,Matthew Fyfe,Erin Houchin,Tonya L. Millis,432,504,33,0,969,0.44582,0.520124,0.034056,0.461538,72,0.076923,Republican,98877,36846,0.37,0.372645,29410,7436,0.2,0.201813,https://www.in.gov/sos/elections/voter-information/files/Election_Turnout_and_Registration-2022-General.pdf,9,no
2022,Indiana,9,US House,Clark,18019,Clark,Utica 03,Matthew Fyfe,Erin Houchin,Tonya L. Millis,341,601,34,0,976,0.349385,0.615779,0.034836,0.361996,260,0.276008,Republican,98877,36846,0.37,0.372645,29410,7436,0.2,0.201813,https://www.in.gov/sos/elections/voter-information/files/Election_Turnout_and_Registration-2022-General.pdf,9,no
2022,Indiana,9,US House,Clark,18019,Clark,Utica 04,Matthew Fyfe,Erin Houchin,Tonya L. Millis,460,611,39,0,1110,0.414414,0.55045,0.035135,0.429505,151,0.14099,Republican,98877,36846,0.37,0.372645,29410,7436,0.2,0.201813,https://www.in.gov/sos/elections/voter-information/files/Election_Turnout_and_Registration-2022-General.pdf,9,no
2022,Indiana,9,US House,Clark,18019,Clark,Washington 01,Matthew Fyfe,Erin Houchin,Tonya L. Millis,119,438,16,0,573,0.207679,0.764398,0.027923,0.213645,319,0.572711,Republican,98877,36846,0.37,0.372645,29410,7436,0.2,0.201813,https://www.in.gov/sos/elections/voter-information/files/Election_Turnout_and_Registration-2022-General.pdf,9,no
2022,Indiana,9,US House,Clark,18019,Clark,Wood 01,Matthew Fyfe,Erin Houchin,Tonya L. Millis,52,160,9,0,221,0.235294,0.723982,0.040724,0.245283,108,0.509434,Republican,98877,36846,0.37,0.372645,29410,7436,0.2,0.201813,https://www.in.gov/sos/elections/voter-information/files/Election_Turnout_and_Registration-2022-General.pdf,9,no
2022,Indiana,9,US House,Clark,18019,Clark,Wood 02,Matthew Fyfe,Erin Houchin,Tonya L. Millis,121,368,21,0,510,0.237255,0.721569,0.041176,0.247444,247,0.505112,Republican,98877,36846,0.37,0.372645,29410,7436,0.2,0.201813,https://www.in.gov/sos/elections/voter-information/files/Election_Turnout_and_Registration-2022-General.pdf,9,no
2022,Indiana,9,US House,Clark,18019,Clark,Wood 03,Matthew Fyfe,Erin Houchin,Tonya L. Millis,64,182,4,0,250,0.256,0.728,0.016,0.260163,118,0.479675,Republican,98877,36846,0.37,0.372645,29410,7436,0.2,0.201813,https://www.in.gov/sos/elections/voter-information/files/Election_Turnout_and_Registration-2022-General.pdf,9,no
2022,Indiana,9,US House,Dearborn,18029,Dearborn,Caesar Creek,Matthew Fyfe,Erin Houchin,Tonya L. Millis,18,73,1,0,92,0.195652,0.793478,0.01087,0.197802,55,0.604396,Republican,39894,14411,0.36,0.361232,11476,2935,0.2,0.203664,https://www.in.gov/sos/elections/voter-information/files/Election_Turnout_and_Registration-2022-General.pdf,9,no
2022,Indiana,9,US House,Dearborn,18029,Dearborn,Center 1,Matthew Fyfe,Erin Houchin,Tonya L. Millis,45,71,2,0,118,0.381356,0.601695,0.016949,0.387931,26,0.224138,Republican,39894,14411,0.36,0.361232,11476,2935,0.2,0.203664,https://www.in.gov/sos/elections/voter-information/files/Election_Turnout_and_Registration-2022-General.pdf,9,no
2022,Indiana,9,US House,Dearborn,18029,Dearborn,Center 2,Matthew Fyfe,Erin Houchin,Tonya L. Millis,36,129,4,0,169,0.213018,0.763314,0.023669,0.218182,93,0.563636,Republican,39894,14411,0.36,0.361232,11476,2935,0.2,0.203664,https://www.in.gov/sos/elections/voter-information/files/Election_Turnout_and_Registration-2022-General.pdf,9,no
2022,Indiana,9,US House,Dearborn,18029,Dearborn,Center 3,Matthew Fyfe,Erin Houchin,Tonya L. Millis,37,155,5,0,197,0.187817,0.786802,0.025381,0.192708,118,0.614583,Republican,39894,14411,0.36,0.361232,11476,2935,0.2,0.203664,https://www.in.gov/sos/elections/voter-information/files/Election_Turnout_and_Registration-2022-General.pdf,9,no
2022,Indiana,9,US House,Dearborn,18029,Dearborn,Center 4,Matthew Fyfe,Erin Houchin,Tonya L. Millis,38,114,3,0,155,0.245161,0.735484,0.019355,0.25,76,0.5,Republican,39894,14411,0.36,0.361232,11476,2935,0.2,0.203664,https://www.in.gov/sos/elections/voter-information/files/Election_Turnout_and_Registration-2022-General.pdf,9,no
2022,Indiana,9,US House,Dearborn,18029,Dearborn,Center 5,Matthew Fyfe,Erin Houchin,Tonya L. Millis,41,197,8,0,246,0.166667,0.800813,0.03252,0.172269,156,0.655462,Republican,39894,14411,0.36,0.361232,11476,2935,0.2,0.203664,https://www.in.gov/sos/elections/voter-information/files/Election_Turnout_and_Registration-2022-General.pdf,9,no
2022,Indiana,9,US House,Dearborn,18029,Dearborn,Center 6,Matthew Fyfe,Erin Houchin,Tonya L. Millis,38,179,5,0,222,0.171171,0.806306,0.022523,0.175115,141,0.64977,Republican,39894,14411,0.36,0.361232,11476,2935,0.2,0.203664,https://www.in.gov/sos/elections/voter-information/files/Election_Turnout_and_Registration-2022-General.pdf,9,no
2022,Indiana,9,US House,Dearborn,18029,Dearborn,Clay 1,Matthew Fyfe,Erin Houchin,Tonya L. Millis,41,202,7,0,250,0.164,0.808,0.028,0.168724,161,0.662551,Republican,39894,14411,0.36,0.361232,11476,2935,0.2,0.203664,https://www.in.gov/sos/elections/voter-information/files/Election_Turnout_and_Registration-2022-General.pdf,9,no
2022,Indiana,9,US House,Dearborn,18029,Dearborn,Clay 2,Matthew Fyfe,Erin Houchin,Tonya L. Millis,52,172,7,0,231,0.225108,0.744589,0.030303,0.232143,120,0.535714,Republican,39894,14411,0.36,0.361232,11476,2935,0.2,0.203664,https://www.in.gov/sos/elections/voter-information/files/Election_Turnout_and_Registration-2022-General.pdf,9,no
2022,Indiana,9,US House,Dearborn,18029,Dearborn,Clay 3,Matthew Fyfe,Erin Houchin,Tonya L. Millis,27,218,5,0,250,0.108,0.872,0.02,0.110204,191,0.779592,Republican,39894,14411,0.36,0.361232,11476,2935,0.2,0.203664,https://www.in.gov/sos/elections/voter-information/files/Election_Turnout_and_Registration-2022-General.pdf,9,no
2022,Indiana,9,US House,Dearborn,18029,Dearborn,Greendale 1,Matthew Fyfe,Erin Houchin,Tonya L. Millis,78,134,2,0,214,0.364486,0.626168,0.009346,0.367925,56,0.264151,Republican,39894,14411,0.36,0.361232,11476,2935,0.2,0.203664,https://www.in.gov/sos/elections/voter-information/files/Election_Turnout_and_Registration-2022-General.pdf,9,no
2022,Indiana,9,US House,Dearborn,18029,Dearborn,Greendale 2,Matthew Fyfe,Erin Houchin,Tonya L. Millis,71,133,2,0,206,0.34466,0.645631,0.009709,0.348039,62,0.303922,Republican,39894,14411,0.36,0.361232,11476,2935,0.2,0.203664,https://www.in.gov/sos/elections/voter-information/files/Election_Turnout_and_Registration-2022-General.pdf,9,no
2022,Indiana,9,US House,Dearborn,18029,Dearborn,Greendale 3,Matthew Fyfe,Erin Houchin,Tonya L. Millis,62,167,3,0,232,0.267241,0.719828,0.012931,0.270742,105,0.458515,Republican,39894,14411,0.36,0.361232,11476,2935,0.2,0.203664,https://www.in.gov/sos/elections/voter-information/files/Election_Turnout_and_Registration-2022-General.pdf,9,no
2022,Indiana,9,US House,Dearborn,18029,Dearborn,Greendale 4,Matthew Fyfe,Erin Houchin,Tonya L. Millis,92,176,10,0,278,0.330935,0.633094,0.035971,0.343284,84,0.313433,Republican,39894,14411,0.36,0.361232,11476,2935,0.2,0.203664,https://www.in.gov/sos/elections/voter-information/files/Election_Turnout_and_Registration-2022-General.pdf,9,no
2022,Indiana,9,US House,Dearborn,18029,Dearborn,Greendale 5,Matthew Fyfe,Erin Houchin,Tonya L. Millis,73,210,6,0,289,0.252595,0.726644,0.020761,0.257951,137,0.484099,Republican,39894,14411,0.36,0.361232,11476,2935,0.2,0.203664,https://www.in.gov/sos/elections/voter-information/files/Election_Turnout_and_Registration-2022-General.pdf,9,no
2022,Indiana,9,US House,Dearborn,18029,Dearborn,Harrison 1,Matthew Fyfe,Erin Houchin,Tonya L. Millis,6,30,1,0,37,0.162162,0.810811,0.027027,0.166667,24,0.666667,Republican,39894,14411,0.36,0.361232,11476,2935,0.2,0.203664,https://www.in.gov/sos/elections/voter-information/files/Election_Turnout_and_Registration-2022-General.pdf,9,no
2022,Indiana,9,US House,Dearborn,18029,Dearborn,Harrison 2,Matthew Fyfe,Erin Houchin,Tonya L. Millis,63,395,12,0,470,0.134043,0.840426,0.025532,0.137555,332,0.724891,Republican,39894,14411,0.36,0.361232,11476,2935,0.2,0.203664,https://www.in.gov/sos/elections/voter-information/files/Election_Turnout_and_Registration-2022-General.pdf,9,no
2022,Indiana,9,US House,Dearborn,18029,Dearborn,Harrison 3,Matthew Fyfe,Erin Houchin,Tonya L. Millis,69,434,6,0,509,0.13556,0.852652,0.011788,0.137177,365,0.725646,Republican,39894,14411,0.36,0.361232,11476,2935,0.2,0.203664,https://www.in.gov/sos/elections/voter-information/files/Election_Turnout_and_Registration-2022-General.pdf,9,no
2022,Indiana,9,US House,Dearborn,18029,Dearborn,Hogan,Matthew Fyfe,Erin Houchin,Tonya L. Millis,64,252,5,0,321,0.199377,0.785047,0.015576,0.202532,188,0.594937,Republican,39894,14411,0.36,0.361232,11476,2935,0.2,0.203664,https://www.in.gov/sos/elections/voter-information/files/Election_Turnout_and_Registration-2022-General.pdf,9,no
2022,Indiana,9,US House,Dearborn,18029,Dearborn,Jackson 1,Matthew Fyfe,Erin Houchin,Tonya L. Millis,57,489,8,0,554,0.102888,0.882671,0.01444,0.104396,432,0.791209,Republican,39894,14411,0.36,0.361232,11476,2935,0.2,0.203664,https://www.in.gov/sos/elections/voter-information/files/Election_Turnout_and_Registration-2022-General.pdf,9,no
2022,Indiana,9,US House,Dearborn,18029,Dearborn,Kelso 1,Matthew Fyfe,Erin Houchin,Tonya L. Millis,15,177,5,0,197,0.076142,0.898477,0.025381,0.078125,162,0.84375,Republican,39894,14411,0.36,0.361232,11476,2935,0.2,0.203664,https://www.in.gov/sos/elections/voter-information/files/Election_Turnout_and_Registration-2022-General.pdf,9,no
2022,Indiana,9,US House,Dearborn,18029,Dearborn,Kelso 2,Matthew Fyfe,Erin Houchin,Tonya L. Millis,43,216,0,0,259,0.166023,0.833977,0.0,0.166023,173,0.667954,Republican,39894,14411,0.36,0.361232,11476,2935,0.2,0.203664,https://www.in.gov/sos/elections/voter-information/files/Election_Turnout_and_Registration-2022-General.pdf,9,no
2022,Indiana,9,US House,Dearborn,18029,Dearborn,Kelso 3,Matthew Fyfe,Erin Houchin,Tonya L. Millis,56,371,7,0,434,0.129032,0.854839,0.016129,0.131148,315,0.737705,Republican,39894,14411,0.36,0.361232,11476,2935,0.2,0.203664,https://www.in.gov/sos/elections/voter-information/files/Election_Turnout_and_Registration-2022-General.pdf,9,no
2022,Indiana,9,US House,Dearborn,18029,Dearborn,Lawrenceburg 01,Matthew Fyfe,Erin Houchin,Tonya L. Millis,77,108,7,0,192,0.401042,0.5625,0.036458,0.416216,31,0.167568,Republican,39894,14411,0.36,0.361232,11476,2935,0.2,0.203664,https://www.in.gov/sos/elections/voter-information/files/Election_Turnout_and_Registration-2022-General.pdf,9,no
2022,Indiana,9,US House,Dearborn,18029,Dearborn,Lawrenceburg 02,Matthew Fyfe,Erin Houchin,Tonya L. Millis,58,75,3,0,136,0.426471,0.551471,0.022059,0.43609,17,0.12782,Republican,39894,14411,0.36,0.361232,11476,2935,0.2,0.203664,https://www.in.gov/sos/elections/voter-information/files/Election_Turnout_and_Registration-2022-General.pdf,9,no
2022,Indiana,9,US House,Dearborn,18029,Dearborn,Lawrenceburg 03,Matthew Fyfe,Erin Houchin,Tonya L. Millis,68,279,6,0,353,0.192635,0.790368,0.016997,0.195965,211,0.608069,Republican,39894,14411,0.36,0.361232,11476,2935,0.2,0.203664,https://www.in.gov/sos/elections/voter-information/files/Election_Turnout_and_Registration-2022-General.pdf,9,no
2022,Indiana,9,US House,Dearborn,18029,Dearborn,Lawrenceburg 04,Matthew Fyfe,Erin Houchin,Tonya L. Millis,80,184,5,0,269,0.297398,0.684015,0.018587,0.30303,104,0.393939,Republican,39894,14411,0.36,0.361232,11476,2935,0.2,0.203664,https://www.in.gov/sos/elections/voter-information/files/Election_Turnout_and_Registration-2022-General.pdf,9,no
2022,Indiana,9,US House,Dearborn,18029,Dearborn,Lawrenceburg 08,Matthew Fyfe,Erin Houchin,Tonya L. Millis,39,120,1,0,160,0.24375,0.75,0.00625,0.245283,81,0.509434,Republican,39894,14411,0.36,0.361232,11476,2935,0.2,0.203664,https://www.in.gov/sos/elections/voter-information/files/Election_Turnout_and_Registration-2022-General.pdf,9,no
2022,Indiana,9,US House,Dearborn,18029,Dearborn,Lawrenceburg 09,Matthew Fyfe,Erin Houchin,Tonya L. Millis,63,243,11,0,317,0.198738,0.766562,0.0347,0.205882,180,0.588235,Republican,39894,14411,0.36,0.361232,11476,2935,0.2,0.203664,https://www.in.gov/sos/elections/voter-information/files/Election_Turnout_and_Registration-2022-General.pdf,9,no
2022,Indiana,9,US House,Dearborn,18029,Dearborn,Logan 1,Matthew Fyfe,Erin Houchin,Tonya L. Millis,80,576,11,0,667,0.11994,0.863568,0.016492,0.121951,496,0.756098,Republican,39894,14411,0.36,0.361232,11476,2935,0.2,0.203664,https://www.in.gov/sos/elections/voter-information/files/Election_Turnout_and_Registration-2022-General.pdf,9,no
2022,Indiana,9,US House,Dearborn,18029,Dearborn,Logan 2,Matthew Fyfe,Erin Houchin,Tonya L. Millis,68,504,15,0,587,0.115843,0.858603,0.025554,0.118881,436,0.762238,Republican,39894,14411,0.36,0.361232,11476,2935,0.2,0.203664,https://www.in.gov/sos/elections/voter-information/files/Election_Turnout_and_Registration-2022-General.pdf,9,no
2022,Indiana,9,US House,Dearborn,18029,Dearborn,Manchester 1,Matthew Fyfe,Erin Houchin,Tonya L. Millis,73,383,12,0,468,0.155983,0.818376,0.025641,0.160088,310,0.679825,Republican,39894,14411,0.36,0.361232,11476,2935,0.2,0.203664,https://www.in.gov/sos/elections/voter-information/files/Election_Turnout_and_Registration-2022-General.pdf,9,no
2022,Indiana,9,US House,Dearborn,18029,Dearborn,Manchester 2,Matthew Fyfe,Erin Houchin,Tonya L. Millis,67,428,10,0,505,0.132673,0.847525,0.019802,0.135354,361,0.729293,Republican,39894,14411,0.36,0.361232,11476,2935,0.2,0.203664,https://www.in.gov/sos/elections/voter-information/files/Election_Turnout_and_Registration-2022-General.pdf,9,no
2022,Indiana,9,US House,Dearborn,18029,Dearborn,Miller 1,Matthew Fyfe,Erin Houchin,Tonya L. Millis,93,428,12,0,533,0.174484,0.803002,0.022514,0.178503,335,0.642994,Republican,39894,14411,0.36,0.361232,11476,2935,0.2,0.203664,https://www.in.gov/sos/elections/voter-information/files/Election_Turnout_and_Registration-2022-General.pdf,9,no
2022,Indiana,9,US House,Dearborn,18029,Dearborn,Miller 2,Matthew Fyfe,Erin Houchin,Tonya L. Millis,77,324,9,0,410,0.187805,0.790244,0.021951,0.19202,247,0.61596,Republican,39894,14411,0.36,0.361232,11476,2935,0.2,0.203664,https://www.in.gov/sos/elections/voter-information/files/Election_Turnout_and_Registration-2022-General.pdf,9,no
2022,Indiana,9,US House,Dearborn,18029,Dearborn,Miller 3,Matthew Fyfe,Erin Houchin,Tonya L. Millis,109,395,8,0,512,0.212891,0.771484,0.015625,0.21627,286,0.56746,Republican,39894,14411,0.36,0.361232,11476,2935,0.2,0.203664,https://www.in.gov/sos/elections/voter-information/files/Election_Turnout_and_Registration-2022-General.pdf,9,no
2022,Indiana,9,US House,Dearborn,18029,Dearborn,Miller 4,Matthew Fyfe,Erin Houchin,Tonya L. Millis,44,349,9,0,402,0.109453,0.868159,0.022388,0.111959,305,0.776081,Republican,39894,14411,0.36,0.361232,11476,2935,0.2,0.203664,https://www.in.gov/sos/elections/voter-information/files/Election_Turnout_and_Registration-2022-General.pdf,9,no
2022,Indiana,9,US House,Dearborn,18029,Dearborn,Miller 5,Matthew Fyfe,Erin Houchin,Tonya L. Millis,40,323,3,0,366,0.10929,0.882514,0.008197,0.110193,283,0.779614,Republican,39894,14411,0.36,0.361232,11476,2935,0.2,0.203664,https://www.in.gov/sos/elections/voter-information/files/Election_Turnout_and_Registration-2022-General.pdf,9,no
2022,Indiana,9,US House,Dearborn,18029,Dearborn,Miller 6,Matthew Fyfe,Erin Houchin,Tonya L. Millis,118,394,17,0,529,0.223062,0.744802,0.032136,0.230469,276,0.539062,Republican,39894,14411,0.36,0.361232,11476,2935,0.2,0.203664,https://www.in.gov/sos/elections/voter-information/files/Election_Turnout_and_Registration-2022-General.pdf,9,no
2022,Indiana,9,US House,Dearborn,18029,Dearborn,Miller 7,Matthew Fyfe,Erin Houchin,Tonya L. Millis,66,327,15,0,408,0.161765,0.801471,0.036765,0.167939,261,0.664122,Republican,39894,14411,0.36,0.361232,11476,2935,0.2,0.203664,https://www.in.gov/sos/elections/voter-information/files/Election_Turnout_and_Registration-2022-General.pdf,9,no
2022,Indiana,9,US House,Dearborn,18029,Dearborn,Sparta 1,Matthew Fyfe,Erin Houchin,Tonya L. Millis,22,96,2,0,120,0.183333,0.8,0.016667,0.186441,74,0.627119,Republican,39894,14411,0.36,0.361232,11476,2935,0.2,0.203664,https://www.in.gov/sos/elections/voter-information/files/Election_Turnout_and_Registration-2022-General.pdf,9,no
2022,Indiana,9,US House,Dearborn,18029,Dearborn,Sparta 2,Matthew Fyfe,Erin Houchin,Tonya L. Millis,71,304,4,0,379,0.187335,0.802111,0.010554,0.189333,233,0.621333,Republican,39894,14411,0.36,0.361232,11476,2935,0.2,0.203664,https://www.in.gov/sos/elections/voter-information/files/Election_Turnout_and_Registration-2022-General.pdf,9,no
2022,Indiana,9,US House,Dearborn,18029,Dearborn,Sparta 3,Matthew Fyfe,Erin Houchin,Tonya L. Millis,26,190,4,0,220,0.118182,0.863636,0.018182,0.12037,164,0.759259,Republican,39894,14411,0.36,0.361232,11476,2935,0.2,0.203664,https://www.in.gov/sos/elections/voter-information/files/Election_Turnout_and_Registration-2022-General.pdf,9,no
2022,Indiana,9,US House,Dearborn,18029,Dearborn,Washington 1,Matthew Fyfe,Erin Houchin,Tonya L. Millis,99,310,11,0,420,0.235714,0.738095,0.02619,0.242054,211,0.515892,Republican,39894,14411,0.36,0.361232,11476,2935,0.2,0.203664,https://www.in.gov/sos/elections/voter-information/files/Election_Turnout_and_Registration-2022-General.pdf,9,no
2022,Indiana,9,US House,Dearborn,18029,Dearborn,York 1,Matthew Fyfe,Erin Houchin,Tonya L. Millis,81,334,5,0,420,0.192857,0.795238,0.011905,0.195181,253,0.609639,Republican,39894,14411,0.36,0.361232,11476,2935,0.2,0.203664,https://www.in.gov/sos/elections/voter-information/files/Election_Turnout_and_Registration-2022-General.pdf,9,no
2022,Indiana,9,US House,Decatur,18031,Decatur,Adams,Matthew Fyfe,Erin Houchin,Tonya L. Millis,80,315,18,0,413,0.193705,0.762712,0.043584,0.202532,235,0.594937,Republican,17188,2956,0.17,0.17198,3715,4357,1.47,1.473951,https://www.in.gov/sos/elections/voter-information/files/Election_Turnout_and_Registration-2022-General.pdf,9,no
2022,Indiana,9,US House,Decatur,18031,Decatur,Clay,Matthew Fyfe,Erin Houchin,Tonya L. Millis,59,309,18,0,386,0.15285,0.800518,0.046632,0.160326,250,0.679348,Republican,17188,2956,0.17,0.17198,3715,4357,1.47,1.473951,https://www.in.gov/sos/elections/voter-information/files/Election_Turnout_and_Registration-2022-General.pdf,9,no
2022,Indiana,9,US House,Decatur,18031,Decatur,Clinton,Matthew Fyfe,Erin Houchin,Tonya L. Millis,16,147,7,0,170,0.094118,0.864706,0.041176,0.09816,131,0.803681,Republican,17188,2956,0.17,0.17198,3715,4357,1.47,1.473951,https://www.in.gov/sos/elections/voter-information/files/Election_Turnout_and_Registration-2022-General.pdf,9,no
2022,Indiana,9,US House,Decatur,18031,Decatur,Fugit,Matthew Fyfe,Erin Houchin,Tonya L. Millis,131,600,21,0,752,0.174202,0.797872,0.027926,0.179207,469,0.641587,Republican,17188,2956,0.17,0.17198,3715,4357,1.47,1.473951,https://www.in.gov/sos/elections/voter-information/files/Election_Turnout_and_Registration-2022-General.pdf,9,no
2022,Indiana,9,US House,Decatur,18031,Decatur,Greensburg 1,Matthew Fyfe,Erin Houchin,Tonya L. Millis,84,290,22,0,396,0.212121,0.732323,0.055556,0.224599,206,0.550802,Republican,17188,2956,0.17,0.17198,3715,4357,1.47,1.473951,https://www.in.gov/sos/elections/voter-information/files/Election_Turnout_and_Registration-2022-General.pdf,9,no
2022,Indiana,9,US House,Decatur,18031,Decatur,Greensburg 2,Matthew Fyfe,Erin Houchin,Tonya L. Millis,104,275,23,0,402,0.258706,0.68408,0.057214,0.274406,171,0.451187,Republican,17188,2956,0.17,0.17198,3715,4357,1.47,1.473951,https://www.in.gov/sos/elections/voter-information/files/Election_Turnout_and_Registration-2022-General.pdf,9,no
2022,Indiana,9,US House,Decatur,18031,Decatur,Greensburg 3,Matthew Fyfe,Erin Houchin,Tonya L. Millis,83,229,12,0,324,0.256173,0.70679,0.037037,0.266026,146,0.467949,Republican,17188,2956,0.17,0.17198,3715,4357,1.47,1.473951,https://www.in.gov/sos/elections/voter-information/files/Election_Turnout_and_Registration-2022-General.pdf,9,no
2022,Indiana,9,US House,Decatur,18031,Decatur,Greensburg 4,Matthew Fyfe,Erin Houchin,Tonya L. Millis,136,486,11,0,633,0.21485,0.767773,0.017378,0.21865,350,0.562701,Republican,17188,2956,0.17,0.17198,3715,4357,1.47,1.473951,https://www.in.gov/sos/elections/voter-information/files/Election_Turnout_and_Registration-2022-General.pdf,9,no
2022,Indiana,9,US House,Decatur,18031,Decatur,Greensburg 5,Matthew Fyfe,Erin Houchin,Tonya L. Millis,86,286,17,0,389,0.22108,0.735219,0.043702,0.231183,200,0.537634,Republican,17188,2956,0.17,0.17198,3715,4357,1.47,1.473951,https://www.in.gov/sos/elections/voter-information/files/Election_Turnout_and_Registration-2022-General.pdf,9,no
2022,Indiana,9,US House,Decatur,18031,Decatur,Greensburg 6,Matthew Fyfe,Erin Houchin,Tonya L. Millis,56,158,15,0,229,0.244541,0.689956,0.065502,0.261682,102,0.476636,Republican,17188,2956,0.17,0.17198,3715,4357,1.47,1.473951,https://www.in.gov/sos/elections/voter-information/files/Election_Turnout_and_Registration-2022-General.pdf,9,no
2022,Indiana,9,US House,Decatur,18031,Decatur,Greensburg 7,Matthew Fyfe,Erin Houchin,Tonya L. Millis,93,287,20,0,400,0.2325,0.7175,0.05,0.244737,194,0.510526,Republican,17188,2956,0.17,0.17198,3715,4357,1.47,1.473951,https://www.in.gov/sos/elections/voter-information/files/Election_Turnout_and_Registration-2022-General.pdf,9,no
2022,Indiana,9,US House,Decatur,18031,Decatur,Greensburg 7 Adams N V,Matthew Fyfe,Erin Houchin,Tonya L. Millis,0,0,0,0,0,,,,,0,,Tie,17188,2956,0.17,0.17198,3715,4357,1.47,1.473951,https://www.in.gov/sos/elections/voter-information/files/Election_Turnout_and_Registration-2022-General.pdf,9,no
2022,Indiana,9,US House,Decatur,18031,Decatur,Greensburg 7 Clay N V,Matthew Fyfe,Erin Houchin,Tonya L. Millis,0,0,0,0,0,,,,,0,,Tie,17188,2956,0.17,0.17198,3715,4357,1.47,1.473951,https://www.in.gov/sos/elections/voter-information/files/Election_Turnout_and_Registration-2022-General.pdf,9,no
2022,Indiana,9,US House,Decatur,18031,Decatur,Greensburg 8,Matthew Fyfe,Erin Houchin,Tonya L. Millis,81,253,13,0,347,0.233429,0.729107,0.037464,0.242515,172,0.51497,Republican,17188,2956,0.17,0.17198,3715,4357,1.47,1.473951,https://www.in.gov/sos/elections/voter-information/files/Election_Turnout_and_Registration-2022-General.pdf,9,no
2022,Indiana,9,US House,Decatur,18031,Decatur,Jackson,Matthew Fyfe,Erin Houchin,Tonya L. Millis,56,260,14,0,330,0.169697,0.787879,0.042424,0.177215,204,0.64557,Republican,17188,2956,0.17,0.17198,3715,4357,1.47,1.473951,https://www.in.gov/sos/elections/voter-information/files/Election_Turnout_and_Registration-2022-General.pdf,9,no
2022,Indiana,9,US House,Decatur,18031,Decatur,Marion,Matthew Fyfe,Erin Houchin,Tonya L. Millis,65,519,17,0,601,0.108153,0.863561,0.028286,0.111301,454,0.777397,Republican,17188,2956,0.17,0.17198,3715,4357,1.47,1.473951,https://www.in.gov/sos/elections/voter-information/files/Election_Turnout_and_Registration-2022-General.pdf,9,no
2022,Indiana,9,US House,Decatur,18031,Decatur,Saltcreek,Matthew Fyfe,Erin Houchin,Tonya L. Millis,45,374,21,0,440,0.102273,0.85,0.047727,0.107399,329,0.785203,Republican,17188,2956,0.17,0.17198,3715,4357,1.47,1.473951,https://www.in.gov/sos/elections/voter-information/files/Election_Turnout_and_Registration-2022-General.pdf,9,no
2022,Indiana,9,US House,Decatur,18031,Decatur,Sandcreek North,Matthew Fyfe,Erin Houchin,Tonya L. Millis,37,252,19,0,308,0.12013,0.818182,0.061688,0.128028,215,0.743945,Republican,17188,2956,0.17,0.17198,3715,4357,1.47,1.473951,https://www.in.gov/sos/elections/voter-information/files/Election_Turnout_and_Registration-2022-General.pdf,9,no
2022,Indiana,9,US House,Decatur,18031,Decatur,Sandcreek South,Matthew Fyfe,Erin Houchin,Tonya L. Millis,44,220,13,0,277,0.158845,0.794224,0.046931,0.166667,176,0.666667,Republican,17188,2956,0.17,0.17198,3715,4357,1.47,1.473951,https://www.in.gov/sos/elections/voter-information/files/Election_Turnout_and_Registration-2022-General.pdf,9,no
2022,Indiana,9,US House,Decatur,18031,Decatur,St. Paul,Matthew Fyfe,Erin Houchin,Tonya L. Millis,23,110,3,0,136,0.169118,0.808824,0.022059,0.172932,87,0.654135,Republican,17188,2956,0.17,0.17198,3715,4357,1.47,1.473951,https://www.in.gov/sos/elections/voter-information/files/Election_Turnout_and_Registration-2022-General.pdf,9,no
2022,Indiana,9,US House,Decatur,18031,Decatur,Washington,Matthew Fyfe,Erin Houchin,Tonya L. Millis,131,565,23,0,719,0.182197,0.785814,0.031989,0.188218,434,0.623563,Republican,17188,2956,0.17,0.17198,3715,4357,1.47,1.473951,https://www.in.gov/sos/elections/voter-information/files/Election_Turnout_and_Registration-2022-General.pdf,9,no
2022,Indiana,9,US House,Decatur,18031,Decatur,Westport,Matthew Fyfe,Erin Houchin,Tonya L. Millis,67,276,9,0,352,0.190341,0.784091,0.025568,0.195335,209,0.609329,Republican,17188,2956,0.17,0.17198,3715,4357,1.47,1.473951,https://www.in.gov/sos/elections/voter-information/files/Election_Turnout_and_Registration-2022-General.pdf,9,no
2022,Indiana,9,US House,Franklin,18047,Franklin,Batesville 1,Matthew Fyfe,Erin Houchin,Tonya L. Millis,160,444,5,0,609,0.262726,0.729064,0.00821,0.264901,284,0.470199,Republican,17101,7566,0.44,0.44243,5991,1575,0.21,0.208168,https://www.in.gov/sos/elections/voter-information/files/Election_Turnout_and_Registration-2022-General.pdf,9,no
2022,Indiana,9,US House,Franklin,18047,Franklin,Bath 1,Matthew Fyfe,Erin Houchin,Tonya L. Millis,17,108,6,0,131,0.129771,0.824427,0.045802,0.136,91,0.728,Republican,17101,7566,0.44,0.44243,5991,1575,0.21,0.208168,https://www.in.gov/sos/elections/voter-information/files/Election_Turnout_and_Registration-2022-General.pdf,9,no
2022,Indiana,9,US House,Franklin,18047,Franklin,Blooming Grv 1,Matthew Fyfe,Erin Houchin,Tonya L. Millis,66,299,5,0,370,0.178378,0.808108,0.013514,0.180822,233,0.638356,Republican,17101,7566,0.44,0.44243,5991,1575,0.21,0.208168,https://www.in.gov/sos/elections/voter-information/files/Election_Turnout_and_Registration-2022-General.pdf,9,no
2022,Indiana,9,US House,Franklin,18047,Franklin,Brookville 1,Matthew Fyfe,Erin Houchin,Tonya L. Millis,54,173,9,0,236,0.228814,0.733051,0.038136,0.237885,119,0.524229,Republican,17101,7566,0.44,0.44243,5991,1575,0.21,0.208168,https://www.in.gov/sos/elections/voter-information/files/Election_Turnout_and_Registration-2022-General.pdf,9,no
2022,Indiana,9,US House,Franklin,18047,Franklin,Brookville 2,Matthew Fyfe,Erin Houchin,Tonya L. Millis,69,364,3,0,436,0.158257,0.834862,0.006881,0.159353,295,0.681293,Republican,17101,7566,0.44,0.44243,5991,1575,0.21,0.208168,https://www.in.gov/sos/elections/voter-information/files/Election_Turnout_and_Registration-2022-General.pdf,9,no
2022,Indiana,9,US House,Franklin,18047,Franklin,Brookville 3,Matthew Fyfe,Erin Houchin,Tonya L. Millis,55,299,7,0,361,0.152355,0.828255,0.019391,0.155367,244,0.689266,Republican,17101,7566,0.44,0.44243,5991,1575,0.21,0.208168,https://www.in.gov/sos/elections/voter-information/files/Election_Turnout_and_Registration-2022-General.pdf,9,no
2022,Indiana,9,US House,Franklin,18047,Franklin,Brookville 4,Matthew Fyfe,Erin Houchin,Tonya L. Millis,44,295,11,0,350,0.125714,0.842857,0.031429,0.129794,251,0.740413,Republican,17101,7566,0.44,0.44243,5991,1575,0.21,0.208168,https://www.in.gov/sos/elections/voter-information/files/Election_Turnout_and_Registration-2022-General.pdf,9,no
2022,Indiana,9,US House,Franklin,18047,Franklin,Brookville 5,Matthew Fyfe,Erin Houchin,Tonya L. Millis,90,353,10,0,453,0.198675,0.779249,0.022075,0.20316,263,0.593679,Republican,17101,7566,0.44,0.44243,5991,1575,0.21,0.208168,https://www.in.gov/sos/elections/voter-information/files/Election_Turnout_and_Registration-2022-General.pdf,9,no
2022,Indiana,9,US House,Franklin,18047,Franklin,Butler 1,Matthew Fyfe,Erin Houchin,Tonya L. Millis,64,339,8,0,411,0.155718,0.824818,0.019465,0.158809,275,0.682382,Republican,17101,7566,0.44,0.44243,5991,1575,0.21,0.208168,https://www.in.gov/sos/elections/voter-information/files/Election_Turnout_and_Registration-2022-General.pdf,9,no
2022,Indiana,9,US House,Franklin,18047,Franklin,Fairfield 1,Matthew Fyfe,Erin Houchin,Tonya L. Millis,21,126,3,0,150,0.14,0.84,0.02,0.142857,105,0.714286,Republican,17101,7566,0.44,0.44243,5991,1575,0.21,0.208168,https://www.in.gov/sos/elections/voter-information/files/Election_Turnout_and_Registration-2022-General.pdf,9,no
2022,Indiana,9,US House,Franklin,18047,Franklin,Highland 1,Matthew Fyfe,Erin Houchin,Tonya L. Millis,44,192,3,0,239,0.1841,0.803347,0.012552,0.186441,148,0.627119,Republican,17101,7566,0.44,0.44243,5991,1575,0.21,0.208168,https://www.in.gov/sos/elections/voter-information/files/Election_Turnout_and_Registration-2022-General.pdf,9,no
2022,Indiana,9,US House,Franklin,18047,Franklin,Highland 2,Matthew Fyfe,Erin Houchin,Tonya L. Millis,31,230,5,0,266,0.116541,0.864662,0.018797,0.118774,199,0.762452,Republican,17101,7566,0.44,0.44243,5991,1575,0.21,0.208168,https://www.in.gov/sos/elections/voter-information/files/Election_Turnout_and_Registration-2022-General.pdf,9,no
2022,Indiana,9,US House,Franklin,18047,Franklin,Laurel 1,Matthew Fyfe,Erin Houchin,Tonya L. Millis,35,313,9,0,357,0.098039,0.876751,0.02521,0.100575,278,0.798851,Republican,17101,7566,0.44,0.44243,5991,1575,0.21,0.208168,https://www.in.gov/sos/elections/voter-information/files/Election_Turnout_and_Registration-2022-General.pdf,9,no
2022,Indiana,9,US House,Franklin,18047,Franklin,Metamora 1,Matthew Fyfe,Erin Houchin,Tonya L. Millis,31,227,5,0,263,0.117871,0.863118,0.019011,0.120155,196,0.75969,Republican,17101,7566,0.44,0.44243,5991,1575,0.21,0.208168,https://www.in.gov/sos/elections/voter-information/files/Election_Turnout_and_Registration-2022-General.pdf,9,no
2022,Indiana,9,US House,Franklin,18047,Franklin,Oldenburg 1,Matthew Fyfe,Erin Houchin,Tonya L. Millis,116,121,5,0,242,0.479339,0.5,0.020661,0.489451,5,0.021097,Republican,17101,7566,0.44,0.44243,5991,1575,0.21,0.208168,https://www.in.gov/sos/elections/voter-information/files/Election_Turnout_and_Registration-2022-General.pdf,9,no
2022,Indiana,9,US House,Franklin,18047,Franklin,Posey 1,Matthew Fyfe,Erin Houchin,Tonya L. Millis,27,183,8,0,218,0.123853,0.83945,0.036697,0.128571,156,0.742857,Republican,17101,7566,0.44,0.44243,5991,1575,0.21,0.208168,https://www.in.gov/sos/elections/voter-information/files/Election_Turnout_and_Registration-2022-General.pdf,9,no
2022,Indiana,9,US House,Franklin,18047,Franklin,Ray 1,Matthew Fyfe,Erin Houchin,Tonya L. Millis,63,243,7,0,313,0.201278,0.776358,0.022364,0.205882,180,0.588235,Republican,17101,7566,0.44,0.44243,5991,1575,0.21,0.208168,https://www.in.gov/sos/elections/voter-information/files/Election_Turnout_and_Registration-2022-General.pdf,9,no
2022,Indiana,9,US House,Franklin,18047,Franklin,Ray 2,Matthew Fyfe,Erin Houchin,Tonya L. Millis,51,256,9,0,316,0.161392,0.810127,0.028481,0.166124,205,0.667752,Republican,17101,7566,0.44,0.44243,5991,1575,0.21,0.208168,https://www.in.gov/sos/elections/voter-information/files/Election_Turnout_and_Registration-2022-General.pdf,9,no
2022,Indiana,9,US House,Franklin,18047,Franklin,Salt Creek 1,Matthew Fyfe,Erin Houchin,Tonya L. Millis,24,119,0,0,143,0.167832,0.832168,0.0,0.167832,95,0.664336,Republican,17101,7566,0.44,0.44243,5991,1575,0.21,0.208168,https://www.in.gov/sos/elections/voter-information/files/Election_Turnout_and_Registration-2022-General.pdf,9,no
2022,Indiana,9,US House,Franklin,18047,Franklin,Salt Creek 2,Matthew Fyfe,Erin Houchin,Tonya L. Millis,17,97,3,0,117,0.145299,0.82906,0.025641,0.149123,80,0.701754,Republican,17101,7566,0.44,0.44243,5991,1575,0.21,0.208168,https://www.in.gov/sos/elections/voter-information/files/Election_Turnout_and_Registration-2022-General.pdf,9,no
2022,Indiana,9,US House,Franklin,18047,Franklin,Springfield 1,Matthew Fyfe,Erin Houchin,Tonya L. Millis,56,281,6,0,343,0.163265,0.819242,0.017493,0.166172,225,0.667656,Republican,17101,7566,0.44,0.44243,5991,1575,0.21,0.208168,https://www.in.gov/sos/elections/voter-information/files/Election_Turnout_and_Registration-2022-General.pdf,9,no
2022,Indiana,9,US House,Franklin,18047,Franklin,Whitewater 1,Matthew Fyfe,Erin Houchin,Tonya L. Millis,66,497,9,0,572,0.115385,0.868881,0.015734,0.117229,431,0.765542,Republican,17101,7566,0.44,0.44243,5991,1575,0.21,0.208168,https://www.in.gov/sos/elections/voter-information/files/Election_Turnout_and_Registration-2022-General.pdf,9,no
2022,Indiana,9,US House,Franklin,18047,Franklin,Whitewater 2,Matthew Fyfe,Erin Houchin,Tonya L. Millis,46,408,5,0,459,0.100218,0.888889,0.010893,0.101322,362,0.797357,Republican,17101,7566,0.44,0.44243,5991,1575,0.21,0.208168,https://www.in.gov/sos/elections/voter-information/files/Election_Turnout_and_Registration-2022-General.pdf,9,no
2022,Indiana,9,US House,Harrison,18061,Harrison,Blue River North,Matthew Fyfe,Erin Houchin,Tonya L. Millis,77,241,6,0,324,0.237654,0.743827,0.018519,0.242138,164,0.515723,Republican,29689,14108,0.48,0.475193,10771,3337,0.24,0.236532,https://www.in.gov/sos/elections/voter-information/files/Election_Turnout_and_Registration-2022-General.pdf,9,no
2022,Indiana,9,US House,Harrison,18061,Harrison,Blue River South,Matthew Fyfe,Erin Houchin,Tonya L. Millis,104,282,9,0,395,0.263291,0.713924,0.022785,0.26943,178,0.46114,Republican,29689,14108,0.48,0.475193,10771,3337,0.24,0.236532,https://www.in.gov/sos/elections/voter-information/files/Election_Turnout_and_Registration-2022-General.pdf,9,no
2022,Indiana,9,US House,Harrison,18061,Harrison,Boone East,Matthew Fyfe,Erin Houchin,Tonya L. Millis,34,176,9,0,219,0.155251,0.803653,0.041096,0.161905,142,0.67619,Republican,29689,14108,0.48,0.475193,10771,3337,0.24,0.236532,https://www.in.gov/sos/elections/voter-information/files/Election_Turnout_and_Registration-2022-General.pdf,9,no
2022,Indiana,9,US House,Harrison,18061,Harrison,Boone West,Matthew Fyfe,Erin Houchin,Tonya L. Millis,41,227,7,0,275,0.149091,0.825455,0.025455,0.152985,186,0.69403,Republican,29689,14108,0.48,0.475193,10771,3337,0.24,0.236532,https://www.in.gov/sos/elections/voter-information/files/Election_Turnout_and_Registration-2022-General.pdf,9,no
2022,Indiana,9,US House,Harrison,18061,Harrison,Corydon East,Matthew Fyfe,Erin Houchin,Tonya L. Millis,92,190,9,0,291,0.316151,0.652921,0.030928,0.326241,98,0.347518,Republican,29689,14108,0.48,0.475193,10771,3337,0.24,0.236532,https://www.in.gov/sos/elections/voter-information/files/Election_Turnout_and_Registration-2022-General.pdf,9,no
2022,Indiana,9,US House,Harrison,18061,Harrison,Corydon South,Matthew Fyfe,Erin Houchin,Tonya L. Millis,92,168,9,0,269,0.342007,0.624535,0.033457,0.353846,76,0.292308,Republican,29689,14108,0.48,0.475193,10771,3337,0.24,0.236532,https://www.in.gov/sos/elections/voter-information/files/Election_Turnout_and_Registration-2022-General.pdf,9,no
2022,Indiana,9,US House,Harrison,18061,Harrison,Corydon West,Matthew Fyfe,Erin Houchin,Tonya L. Millis,96,196,3,0,295,0.325424,0.664407,0.010169,0.328767,100,0.342466,Republican,29689,14108,0.48,0.475193,10771,3337,0.24,0.236532,https://www.in.gov/sos/elections/voter-information/files/Election_Turnout_and_Registration-2022-General.pdf,9,no
2022,Indiana,9,US House,Harrison,18061,Harrison,Franklin Central,Matthew Fyfe,Erin Houchin,Tonya L. Millis,71,242,6,0,319,0.222571,0.758621,0.018809,0.226837,171,0.546326,Republican,29689,14108,0.48,0.475193,10771,3337,0.24,0.236532,https://www.in.gov/sos/elections/voter-information/files/Election_Turnout_and_Registration-2022-General.pdf,9,no
2022,Indiana,9,US House,Harrison,18061,Harrison,Franklin Lanesville,Matthew Fyfe,Erin Houchin,Tonya L. Millis,79,289,20,0,388,0.203608,0.744845,0.051546,0.214674,210,0.570652,Republican,29689,14108,0.48,0.475193,10771,3337,0.24,0.236532,https://www.in.gov/sos/elections/voter-information/files/Election_Turnout_and_Registration-2022-General.pdf,9,no
2022,Indiana,9,US House,Harrison,18061,Harrison,Franklin North,Matthew Fyfe,Erin Houchin,Tonya L. Millis,77,254,3,0,334,0.230539,0.760479,0.008982,0.232628,177,0.534743,Republican,29689,14108,0.48,0.475193,10771,3337,0.24,0.236532,https://www.in.gov/sos/elections/voter-information/files/Election_Turnout_and_Registration-2022-General.pdf,9,no
2022,Indiana,9,US House,Harrison,18061,Harrison,Franklin South,Matthew Fyfe,Erin Houchin,Tonya L. Millis,93,315,8,0,416,0.223558,0.757212,0.019231,0.227941,222,0.544118,Republican,29689,14108,0.48,0.475193,10771,3337,0.24,0.236532,https://www.in.gov/sos/elections/voter-information/files/Election_Turnout_and_Registration-2022-General.pdf,9,no
2022,Indiana,9,US House,Harrison,18061,Harrison,Franklin West,Matthew Fyfe,Erin Houchin,Tonya L. Millis,102,292,10,0,404,0.252475,0.722772,0.024752,0.258883,190,0.482234,Republican,29689,14108,0.48,0.475193,10771,3337,0.24,0.236532,https://www.in.gov/sos/elections/voter-information/files/Election_Turnout_and_Registration-2022-General.pdf,9,no
2022,Indiana,9,US House,Harrison,18061,Harrison,Harrison Central,Matthew Fyfe,Erin Houchin,Tonya L. Millis,68,146,3,0,217,0.313364,0.672811,0.013825,0.317757,78,0.364486,Republican,29689,14108,0.48,0.475193,10771,3337,0.24,0.236532,https://www.in.gov/sos/elections/voter-information/files/Election_Turnout_and_Registration-2022-General.pdf,9,no
2022,Indiana,9,US House,Harrison,18061,Harrison,Harrison East,Matthew Fyfe,Erin Houchin,Tonya L. Millis,94,251,5,0,350,0.268571,0.717143,0.014286,0.272464,157,0.455072,Republican,29689,14108,0.48,0.475193,10771,3337,0.24,0.236532,https://www.in.gov/sos/elections/voter-information/files/Election_Turnout_and_Registration-2022-General.pdf,9,no
2022,Indiana,9,US House,Harrison,18061,Harrison,Harrison East Southeast,Matthew Fyfe,Erin Houchin,Tonya L. Millis,106,246,11,0,363,0.292011,0.677686,0.030303,0.301136,140,0.397727,Republican,29689,14108,0.48,0.475193,10771,3337,0.24,0.236532,https://www.in.gov/sos/elections/voter-information/files/Election_Turnout_and_Registration-2022-General.pdf,9,no
2022,Indiana,9,US House,Harrison,18061,Harrison,Harrison North,Matthew Fyfe,Erin Houchin,Tonya L. Millis,79,226,4,0,309,0.255663,0.731392,0.012945,0.259016,147,0.481967,Republican,29689,14108,0.48,0.475193,10771,3337,0.24,0.236532,https://www.in.gov/sos/elections/voter-information/files/Election_Turnout_and_Registration-2022-General.pdf,9,no
2022,Indiana,9,US House,Harrison,18061,Harrison,Harrison Northeast,Matthew Fyfe,Erin Houchin,Tonya L. Millis,89,229,7,0,325,0.273846,0.704615,0.021538,0.279874,140,0.440252,Republican,29689,14108,0.48,0.475193,10771,3337,0.24,0.236532,https://www.in.gov/sos/elections/voter-information/files/Election_Turnout_and_Registration-2022-General.pdf,9,no
2022,Indiana,9,US House,Harrison,18061,Harrison,Harrison Northwest,Matthew Fyfe,Erin Houchin,Tonya L. Millis,108,297,5,0,410,0.263415,0.72439,0.012195,0.266667,189,0.466667,Republican,29689,14108,0.48,0.475193,10771,3337,0.24,0.236532,https://www.in.gov/sos/elections/voter-information/files/Election_Turnout_and_Registration-2022-General.pdf,9,no
2022,Indiana,9,US House,Harrison,18061,Harrison,Harrison South,Matthew Fyfe,Erin Houchin,Tonya L. Millis,78,220,5,0,303,0.257426,0.726073,0.016502,0.261745,142,0.47651,Republican,29689,14108,0.48,0.475193,10771,3337,0.24,0.236532,https://www.in.gov/sos/elections/voter-information/files/Election_Turnout_and_Registration-2022-General.pdf,9,no
2022,Indiana,9,US House,Harrison,18061,Harrison,Harrison Southeast,Matthew Fyfe,Erin Houchin,Tonya L. Millis,64,220,6,0,290,0.22069,0.758621,0.02069,0.225352,156,0.549296,Republican,29689,14108,0.48,0.475193,10771,3337,0.24,0.236532,https://www.in.gov/sos/elections/voter-information/files/Election_Turnout_and_Registration-2022-General.pdf,9,no
2022,Indiana,9,US House,Harrison,18061,Harrison,Harrison Southwest,Matthew Fyfe,Erin Houchin,Tonya L. Millis,77,259,9,0,345,0.223188,0.750725,0.026087,0.229167,182,0.541667,Republican,29689,14108,0.48,0.475193,10771,3337,0.24,0.236532,https://www.in.gov/sos/elections/voter-information/files/Election_Turnout_and_Registration-2022-General.pdf,9,no
2022,Indiana,9,US House,Harrison,18061,Harrison,Harrison West,Matthew Fyfe,Erin Houchin,Tonya L. Millis,113,308,8,0,429,0.263403,0.717949,0.018648,0.268409,195,0.463183,Republican,29689,14108,0.48,0.475193,10771,3337,0.24,0.236532,https://www.in.gov/sos/elections/voter-information/files/Election_Turnout_and_Registration-2022-General.pdf,9,no
2022,Indiana,9,US House,Harrison,18061,Harrison,Heth East,Matthew Fyfe,Erin Houchin,Tonya L. Millis,30,165,6,0,201,0.149254,0.820896,0.029851,0.153846,135,0.692308,Republican,29689,14108,0.48,0.475193,10771,3337,0.24,0.236532,https://www.in.gov/sos/elections/voter-information/files/Election_Turnout_and_Registration-2022-General.pdf,9,no
2022,Indiana,9,US House,Harrison,18061,Harrison,Heth West,Matthew Fyfe,Erin Houchin,Tonya L. Millis,25,145,3,0,173,0.144509,0.83815,0.017341,0.147059,120,0.705882,Republican,29689,14108,0.48,0.475193,10771,3337,0.24,0.236532,https://www.in.gov/sos/elections/voter-information/files/Election_Turnout_and_Registration-2022-General.pdf,9,no
2022,Indiana,9,US House,Harrison,18061,Harrison,Jackson Crandall,Matthew Fyfe,Erin Houchin,Tonya L. Millis,15,25,1,0,41,0.365854,0.609756,0.02439,0.375,10,0.25,Republican,29689,14108,0.48,0.475193,10771,3337,0.24,0.236532,https://www.in.gov/sos/elections/voter-information/files/Election_Turnout_and_Registration-2022-General.pdf,9,no
2022,Indiana,9,US House,Harrison,18061,Harrison,Jackson East,Matthew Fyfe,Erin Houchin,Tonya L. Millis,67,252,9,0,328,0.204268,0.768293,0.027439,0.210031,185,0.579937,Republican,29689,14108,0.48,0.475193,10771,3337,0.24,0.236532,https://www.in.gov/sos/elections/voter-information/files/Election_Turnout_and_Registration-2022-General.pdf,9,no
2022,Indiana,9,US House,Harrison,18061,Harrison,Jackson North,Matthew Fyfe,Erin Houchin,Tonya L. Millis,85,201,8,0,294,0.289116,0.683673,0.027211,0.297203,116,0.405594,Republican,29689,14108,0.48,0.475193,10771,3337,0.24,0.236532,https://www.in.gov/sos/elections/voter-information/files/Election_Turnout_and_Registration-2022-General.pdf,9,no
2022,Indiana,9,US House,Harrison,18061,Harrison,Jackson Northeast,Matthew Fyfe,Erin Houchin,Tonya L. Millis,78,215,7,0,300,0.26,0.716667,0.023333,0.266212,137,0.467577,Republican,29689,14108,0.48,0.475193,10771,3337,0.24,0.236532,https://www.in.gov/sos/elections/voter-information/files/Election_Turnout_and_Registration-2022-General.pdf,9,no
2022,Indiana,9,US House,Harrison,18061,Harrison,Jackson Northwest,Matthew Fyfe,Erin Houchin,Tonya L. Millis,77,250,12,0,339,0.227139,0.737463,0.035398,0.235474,173,0.529052,Republican,29689,14108,0.48,0.475193,10771,3337,0.24,0.236532,https://www.in.gov/sos/elections/voter-information/files/Election_Turnout_and_Registration-2022-General.pdf,9,no
2022,Indiana,9,US House,Harrison,18061,Harrison,Jackson Southeast,Matthew Fyfe,Erin Houchin,Tonya L. Millis,87,249,11,0,347,0.25072,0.717579,0.0317,0.258929,162,0.482143,Republican,29689,14108,0.48,0.475193,10771,3337,0.24,0.236532,https://www.in.gov/sos/elections/voter-information/files/Election_Turnout_and_Registration-2022-General.pdf,9,no
2022,Indiana,9,US House,Harrison,18061,Harrison,Jackson Southwest,Matthew Fyfe,Erin Houchin,Tonya L. Millis,104,299,12,0,415,0.250602,0.720482,0.028916,0.258065,195,0.483871,Republican,29689,14108,0.48,0.475193,10771,3337,0.24,0.236532,https://www.in.gov/sos/elections/voter-information/files/Election_Turnout_and_Registration-2022-General.pdf,9,no
2022,Indiana,9,US House,Harrison,18061,Harrison,Morgan Northeast,Matthew Fyfe,Erin Houchin,Tonya L. Millis,96,238,11,0,345,0.278261,0.689855,0.031884,0.287425,142,0.42515,Republican,29689,14108,0.48,0.475193,10771,3337,0.24,0.236532,https://www.in.gov/sos/elections/voter-information/files/Election_Turnout_and_Registration-2022-General.pdf,9,no
2022,Indiana,9,US House,Harrison,18061,Harrison,Morgan Palmyra,Matthew Fyfe,Erin Houchin,Tonya L. Millis,57,178,11,0,246,0.231707,0.723577,0.044715,0.242553,121,0.514894,Republican,29689,14108,0.48,0.475193,10771,3337,0.24,0.236532,https://www.in.gov/sos/elections/voter-information/files/Election_Turnout_and_Registration-2022-General.pdf,9,no
2022,Indiana,9,US House,Harrison,18061,Harrison,Morgan Southeast,Matthew Fyfe,Erin Houchin,Tonya L. Millis,89,228,10,0,327,0.272171,0.697248,0.030581,0.280757,139,0.438486,Republican,29689,14108,0.48,0.475193,10771,3337,0.24,0.236532,https://www.in.gov/sos/elections/voter-information/files/Election_Turnout_and_Registration-2022-General.pdf,9,no
2022,Indiana,9,US House,Harrison,18061,Harrison,Morgan West,Matthew Fyfe,Erin Houchin,Tonya L. Millis,81,290,13,0,384,0.210938,0.755208,0.033854,0.218329,209,0.563342,Republican,29689,14108,0.48,0.475193,10771,3337,0.24,0.236532,https://www.in.gov/sos/elections/voter-information/files/Election_Turnout_and_Registration-2022-General.pdf,9,no
2022,Indiana,9,US House,Harrison,18061,Harrison,Posey Elizabeth,Matthew Fyfe,Erin Houchin,Tonya L. Millis,9,64,3,0,76,0.118421,0.842105,0.039474,0.123288,55,0.753425,Republican,29689,14108,0.48,0.475193,10771,3337,0.24,0.236532,https://www.in.gov/sos/elections/voter-information/files/Election_Turnout_and_Registration-2022-General.pdf,9,no
2022,Indiana,9,US House,Harrison,18061,Harrison,Posey Northeast,Matthew Fyfe,Erin Houchin,Tonya L. Millis,57,287,14,0,358,0.159218,0.801676,0.039106,0.165698,230,0.668605,Republican,29689,14108,0.48,0.475193,10771,3337,0.24,0.236532,https://www.in.gov/sos/elections/voter-information/files/Election_Turnout_and_Registration-2022-General.pdf,9,no
2022,Indiana,9,US House,Harrison,18061,Harrison,Posey Southeast,Matthew Fyfe,Erin Houchin,Tonya L. Millis,55,290,8,0,353,0.155807,0.82153,0.022663,0.15942,235,0.681159,Republican,29689,14108,0.48,0.475193,10771,3337,0.24,0.236532,https://www.in.gov/sos/elections/voter-information/files/Election_Turnout_and_Registration-2022-General.pdf,9,no
2022,Indiana,9,US House,Harrison,18061,Harrison,Posey West,Matthew Fyfe,Erin Houchin,Tonya L. Millis,93,236,10,0,339,0.274336,0.696165,0.029499,0.282675,143,0.43465,Republican,29689,14108,0.48,0.475193,10771,3337,0.24,0.236532,https://www.in.gov/sos/elections/voter-information/files/Election_Turnout_and_Registration-2022-General.pdf,9,no
2022,Indiana,9,US House,Harrison,18061,Harrison,Spencer North,Matthew Fyfe,Erin Houchin,Tonya L. Millis,90,296,3,0,389,0.231362,0.760925,0.007712,0.233161,206,0.533679,Republican,29689,14108,0.48,0.475193,10771,3337,0.24,0.236532,https://www.in.gov/sos/elections/voter-information/files/Election_Turnout_and_Registration-2022-General.pdf,9,no
2022,Indiana,9,US House,Harrison,18061,Harrison,Spencer South,Matthew Fyfe,Erin Houchin,Tonya L. Millis,106,232,3,0,341,0.31085,0.680352,0.008798,0.313609,126,0.372781,Republican,29689,14108,0.48,0.475193,10771,3337,0.24,0.236532,https://www.in.gov/sos/elections/voter-information/files/Election_Turnout_and_Registration-2022-General.pdf,9,no
2022,Indiana,9,US House,Harrison,18061,Harrison,Taylor,Matthew Fyfe,Erin Houchin,Tonya L. Millis,72,227,7,0,306,0.235294,0.74183,0.022876,0.240803,155,0.518395,Republican,29689,14108,0.48,0.475193,10771,3337,0.24,0.236532,https://www.in.gov/sos/elections/voter-information/files/Election_Turnout_and_Registration-2022-General.pdf,9,no
2022,Indiana,9,US House,Harrison,18061,Harrison,Washington,Matthew Fyfe,Erin Houchin,Tonya L. Millis,31,126,6,0,163,0.190184,0.773006,0.03681,0.197452,95,0.605096,Republican,29689,14108,0.48,0.475193,10771,3337,0.24,0.236532,https://www.in.gov/sos/elections/voter-information/files/Election_Turnout_and_Registration-2022-General.pdf,9,no
2022,Indiana,9,US House,Harrison,18061,Harrison,Webster East,Matthew Fyfe,Erin Houchin,Tonya L. Millis,60,253,8,0,321,0.186916,0.788162,0.024922,0.191693,193,0.616613,Republican,29689,14108,0.48,0.475193,10771,3337,0.24,0.236532,https://www.in.gov/sos/elections/voter-information/files/Election_Turnout_and_Registration-2022-General.pdf,9,no
2022,Indiana,9,US House,Harrison,18061,Harrison,Webster West,Matthew Fyfe,Erin Houchin,Tonya L. Millis,62,211,9,0,282,0.219858,0.748227,0.031915,0.227106,149,0.545788,Republican,29689,14108,0.48,0.475193,10771,3337,0.24,0.236532,https://www.in.gov/sos/elections/voter-information/files/Election_Turnout_and_Registration-2022-General.pdf,9,no
2022,Indiana,9,US House,Jefferson,18077,Jefferson,1-1,Matthew Fyfe,Erin Houchin,Tonya L. Millis,154,150,4,0,308,0.5,0.487013,0.012987,0.506579,-4,-0.013158,Democratic,22059,10004,0.45,0.453511,6705,3299,0.33,0.329768,https://www.in.gov/sos/elections/voter-information/files/Election_Turnout_and_Registration-2022-General.pdf,9,no
2022,Indiana,9,US House,Jefferson,18077,Jefferson,1-2,Matthew Fyfe,Erin Houchin,Tonya L. Millis,124,102,10,0,236,0.525424,0.432203,0.042373,0.548673,-22,-0.097345,Democratic,22059,10004,0.45,0.453511,6705,3299,0.33,0.329768,https://www.in.gov/sos/elections/voter-information/files/Election_Turnout_and_Registration-2022-General.pdf,9,no
2022,Indiana,9,US House,Jefferson,18077,Jefferson,2-1,Matthew Fyfe,Erin Houchin,Tonya L. Millis,193,192,7,0,392,0.492347,0.489796,0.017857,0.501299,-1,-0.002597,Democratic,22059,10004,0.45,0.453511,6705,3299,0.33,0.329768,https://www.in.gov/sos/elections/voter-information/files/Election_Turnout_and_Registration-2022-General.pdf,9,no
2022,Indiana,9,US House,Jefferson,18077,Jefferson,2-2,Matthew Fyfe,Erin Houchin,Tonya L. Millis,169,316,13,0,498,0.339357,0.634538,0.026104,0.348454,147,0.303093,Republican,22059,10004,0.45,0.453511,6705,3299,0.33,0.329768,https://www.in.gov/sos/elections/voter-information/files/Election_Turnout_and_Registration-2022-General.pdf,9,no
2022,Indiana,9,US House,Jefferson,18077,Jefferson,4-1,Matthew Fyfe,Erin Houchin,Tonya L. Millis,159,292,7,0,458,0.347162,0.637555,0.015284,0.35255,133,0.2949,Republican,22059,10004,0.45,0.453511,6705,3299,0.33,0.329768,https://www.in.gov/sos/elections/voter-information/files/Election_Turnout_and_Registration-2022-General.pdf,9,no
2022,Indiana,9,US House,Jefferson,18077,Jefferson,4-1a,Matthew Fyfe,Erin Houchin,Tonya L. Millis,104,214,6,0,324,0.320988,0.660494,0.018519,0.327044,110,0.345912,Republican,22059,10004,0.45,0.453511,6705,3299,0.33,0.329768,https://www.in.gov/sos/elections/voter-information/files/Election_Turnout_and_Registration-2022-General.pdf,9,no
2022,Indiana,9,US House,Jefferson,18077,Jefferson,4-2,Matthew Fyfe,Erin Houchin,Tonya L. Millis,51,95,1,0,147,0.346939,0.646259,0.006803,0.349315,44,0.30137,Republican,22059,10004,0.45,0.453511,6705,3299,0.33,0.329768,https://www.in.gov/sos/elections/voter-information/files/Election_Turnout_and_Registration-2022-General.pdf,9,no
2022,Indiana,9,US House,Jefferson,18077,Jefferson,4-3,Matthew Fyfe,Erin Houchin,Tonya L. Millis,114,234,6,0,354,0.322034,0.661017,0.016949,0.327586,120,0.344828,Republican,22059,10004,0.45,0.453511,6705,3299,0.33,0.329768,https://www.in.gov/sos/elections/voter-information/files/Election_Turnout_and_Registration-2022-General.pdf,9,no
2022,Indiana,9,US House,Jefferson,18077,Jefferson,5-1,Matthew Fyfe,Erin Houchin,Tonya L. Millis,146,234,3,0,383,0.381201,0.610966,0.007833,0.384211,88,0.231579,Republican,22059,10004,0.45,0.453511,6705,3299,0.33,0.329768,https://www.in.gov/sos/elections/voter-information/files/Election_Turnout_and_Registration-2022-General.pdf,9,no
2022,Indiana,9,US House,Jefferson,18077,Jefferson,5-2,Matthew Fyfe,Erin Houchin,Tonya L. Millis,146,234,14,0,394,0.370558,0.593909,0.035533,0.384211,88,0.231579,Republican,22059,10004,0.45,0.453511,6705,3299,0.33,0.329768,https://www.in.gov/sos/elections/voter-information/files/Election_Turnout_and_Registration-2022-General.pdf,9,no
2022,Indiana,9,US House,Jefferson,18077,Jefferson,Graham,Matthew Fyfe,Erin Houchin,Tonya L. Millis,114,337,6,0,457,0.249453,0.737418,0.013129,0.252772,223,0.494457,Republican,22059,10004,0.45,0.453511,6705,3299,0.33,0.329768,https://www.in.gov/sos/elections/voter-information/files/Election_Turnout_and_Registration-2022-General.pdf,9,no
2022,Indiana,9,US House,Jefferson,18077,Jefferson,Hanover 1,Matthew Fyfe,Erin Houchin,Tonya L. Millis,144,154,10,0,308,0.467532,0.5,0.032468,0.483221,10,0.033557,Republican,22059,10004,0.45,0.453511,6705,3299,0.33,0.329768,https://www.in.gov/sos/elections/voter-information/files/Election_Turnout_and_Registration-2022-General.pdf,9,no
2022,Indiana,9,US House,Jefferson,18077,Jefferson,Hanover 2,Matthew Fyfe,Erin Houchin,Tonya L. Millis,108,266,8,0,382,0.282723,0.696335,0.020942,0.28877,158,0.42246,Republican,22059,10004,0.45,0.453511,6705,3299,0.33,0.329768,https://www.in.gov/sos/elections/voter-information/files/Election_Turnout_and_Registration-2022-General.pdf,9,no
2022,Indiana,9,US House,Jefferson,18077,Jefferson,Hanover 2a,Matthew Fyfe,Erin Houchin,Tonya L. Millis,85,191,6,0,282,0.301418,0.677305,0.021277,0.307971,106,0.384058,Republican,22059,10004,0.45,0.453511,6705,3299,0.33,0.329768,https://www.in.gov/sos/elections/voter-information/files/Election_Turnout_and_Registration-2022-General.pdf,9,no
2022,Indiana,9,US House,Jefferson,18077,Jefferson,Hanover 3,Matthew Fyfe,Erin Houchin,Tonya L. Millis,135,165,16,0,316,0.427215,0.522152,0.050633,0.45,30,0.1,Republican,22059,10004,0.45,0.453511,6705,3299,0.33,0.329768,https://www.in.gov/sos/elections/voter-information/files/Election_Turnout_and_Registration-2022-General.pdf,9,no
2022,Indiana,9,US House,Jefferson,18077,Jefferson,Lancaster,Matthew Fyfe,Erin Houchin,Tonya L. Millis,106,350,10,0,466,0.227468,0.751073,0.021459,0.232456,244,0.535088,Republican,22059,10004,0.45,0.453511,6705,3299,0.33,0.329768,https://www.in.gov/sos/elections/voter-information/files/Election_Turnout_and_Registration-2022-General.pdf,9,no
2022,Indiana,9,US House,Jefferson,18077,Jefferson,Madison 1,Matthew Fyfe,Erin Houchin,Tonya L. Millis,130,414,8,0,552,0.235507,0.75,0.014493,0.238971,284,0.522059,Republican,22059,10004,0.45,0.453511,6705,3299,0.33,0.329768,https://www.in.gov/sos/elections/voter-information/files/Election_Turnout_and_Registration-2022-General.pdf,9,no
2022,Indiana,9,US House,Jefferson,18077,Jefferson,Madison 2,Matthew Fyfe,Erin Houchin,Tonya L. Millis,188,463,14,0,665,0.282707,0.696241,0.021053,0.288786,275,0.422427,Republican,22059,10004,0.45,0.453511,6705,3299,0.33,0.329768,https://www.in.gov/sos/elections/voter-information/files/Election_Turnout_and_Registration-2022-General.pdf,9,no
2022,Indiana,9,US House,Jefferson,18077,Jefferson,Madison 3,Matthew Fyfe,Erin Houchin,Tonya L. Millis,112,277,23,0,412,0.271845,0.67233,0.055825,0.287918,165,0.424165,Republican,22059,10004,0.45,0.453511,6705,3299,0.33,0.329768,https://www.in.gov/sos/elections/voter-information/files/Election_Turnout_and_Registration-2022-General.pdf,9,no
2022,Indiana,9,US House,Jefferson,18077,Jefferson,Milton Twp,Matthew Fyfe,Erin Houchin,Tonya L. Millis,98,206,11,0,315,0.311111,0.653968,0.034921,0.322368,108,0.355263,Republican,22059,10004,0.45,0.453511,6705,3299,0.33,0.329768,https://www.in.gov/sos/elections/voter-information/files/Election_Turnout_and_Registration-2022-General.pdf,9,no
2022,Indiana,9,US House,Jefferson,18077,Jefferson,Monroe Twp,Matthew Fyfe,Erin Houchin,Tonya L. Millis,29,85,4,0,118,0.245763,0.720339,0.033898,0.254386,56,0.491228,Republican,22059,10004,0.45,0.453511,6705,3299,0.33,0.329768,https://www.in.gov/sos/elections/voter-information/files/Election_Turnout_and_Registration-2022-General.pdf,9,no
2022,Indiana,9,US House,Jefferson,18077,Jefferson,Republican Twp,Matthew Fyfe,Erin Houchin,Tonya L. Millis,144,366,12,0,522,0.275862,0.701149,0.022989,0.282353,222,0.435294,Republican,22059,10004,0.45,0.453511,6705,3299,0.33,0.329768,https://www.in.gov/sos/elections/voter-information/files/Election_Turnout_and_Registration-2022-General.pdf,9,no
2022,Indiana,9,US House,Jefferson,18077,Jefferson,Saluda Twp,Matthew Fyfe,Erin Houchin,Tonya L. Millis,91,284,9,0,384,0.236979,0.739583,0.023438,0.242667,193,0.514667,Republican,22059,10004,0.45,0.453511,6705,3299,0.33,0.329768,https://www.in.gov/sos/elections/voter-information/files/Election_Turnout_and_Registration-2022-General.pdf,9,no
2022,Indiana,9,US House,Jefferson,18077,Jefferson,Shelby Twp,Matthew Fyfe,Erin Houchin,Tonya L. Millis,72,301,7,0,380,0.189474,0.792105,0.018421,0.193029,229,0.613941,Republican,22059,10004,0.45,0.453511,6705,3299,0.33,0.329768,https://www.in.gov/sos/elections/voter-information/files/Election_Turnout_and_Registration-2022-General.pdf,9,no
2022,Indiana,9,US House,Jefferson,18077,Jefferson,Smyrna,Matthew Fyfe,Erin Houchin,Tonya L. Millis,97,288,8,0,393,0.246819,0.732824,0.020356,0.251948,191,0.496104,Republican,22059,10004,0.45,0.453511,6705,3299,0.33,0.329768,https://www.in.gov/sos/elections/voter-information/files/Election_Turnout_and_Registration-2022-General.pdf,9,no
2022,Indiana,9,US House,Jefferson,18077,Jefferson,Ward 3,Matthew Fyfe,Erin Houchin,Tonya L. Millis,139,178,4,0,321,0.433022,0.554517,0.012461,0.438486,39,0.123028,Republican,22059,10004,0.45,0.453511,6705,3299,0.33,0.329768,https://www.in.gov/sos/elections/voter-information/files/Election_Turnout_and_Registration-2022-General.pdf,9,no
2022,Indiana,9,US House,Jennings,18079,Jennings,Bigger,Matthew Fyfe,Erin Houchin,Tonya L. Millis,32,189,13,0,234,0.136752,0.807692,0.055556,0.144796,157,0.710407,Republican,18238,8157,0.45,0.447253,6541,1616,0.2,0.198112,https://www.in.gov/sos/elections/voter-information/files/Election_Turnout_and_Registration-2022-General.pdf,9,no
2022,Indiana,9,US House,Jennings,18079,Jennings,Campbell,Matthew Fyfe,Erin Houchin,Tonya L. Millis,77,220,17,0,314,0.245223,0.700637,0.05414,0.259259,143,0.481481,Republican,18238,8157,0.45,0.447253,6541,1616,0.2,0.198112,https://www.in.gov/sos/elections/voter-information/files/Election_Turnout_and_Registration-2022-General.pdf,9,no
2022,Indiana,9,US House,Jennings,18079,Jennings,Center East,Matthew Fyfe,Erin Houchin,Tonya L. Millis,62,240,14,0,316,0.196203,0.759494,0.044304,0.205298,178,0.589404,Republican,18238,8157,0.45,0.447253,6541,1616,0.2,0.198112,https://www.in.gov/sos/elections/voter-information/files/Election_Turnout_and_Registration-2022-General.pdf,9,no
2022,Indiana,9,US House,Jennings,18079,Jennings,Center West,Matthew Fyfe,Erin Houchin,Tonya L. Millis,83,253,18,0,354,0.234463,0.714689,0.050847,0.247024,170,0.505952,Republican,18238,8157,0.45,0.447253,6541,1616,0.2,0.198112,https://www.in.gov/sos/elections/voter-information/files/Election_Turnout_and_Registration-2022-General.pdf,9,no
2022,Indiana,9,US House,Jennings,18079,Jennings,Columbia,Matthew Fyfe,Erin Houchin,Tonya L. Millis,60,199,13,0,272,0.220588,0.731618,0.047794,0.23166,139,0.53668,Republican,18238,8157,0.45,0.447253,6541,1616,0.2,0.198112,https://www.in.gov/sos/elections/voter-information/files/Election_Turnout_and_Registration-2022-General.pdf,9,no
2022,Indiana,9,US House,Jennings,18079,Jennings,Geneva 01 East,Matthew Fyfe,Erin Houchin,Tonya L. Millis,82,375,12,0,469,0.17484,0.799574,0.025586,0.179431,293,0.641138,Republican,18238,8157,0.45,0.447253,6541,1616,0.2,0.198112,https://www.in.gov/sos/elections/voter-information/files/Election_Turnout_and_Registration-2022-General.pdf,9,no
2022,Indiana,9,US House,Jennings,18079,Jennings,Geneva 01 West,Matthew Fyfe,Erin Houchin,Tonya L. Millis,90,277,26,0,393,0.229008,0.704835,0.066158,0.245232,187,0.509537,Republican,18238,8157,0.45,0.447253,6541,1616,0.2,0.198112,https://www.in.gov/sos/elections/voter-information/files/Election_Turnout_and_Registration-2022-General.pdf,9,no
2022,Indiana,9,US House,Jennings,18079,Jennings,Geneva 02,Matthew Fyfe,Erin Houchin,Tonya L. Millis,60,421,26,0,507,0.118343,0.830375,0.051282,0.12474,361,0.75052,Republican,18238,8157,0.45,0.447253,6541,1616,0.2,0.198112,https://www.in.gov/sos/elections/voter-information/files/Election_Turnout_and_Registration-2022-General.pdf,9,no
2022,Indiana,9,US House,Jennings,18079,Jennings,Geneva 03,Matthew Fyfe,Erin Houchin,Tonya L. Millis,55,255,15,0,325,0.169231,0.784615,0.046154,0.177419,200,0.645161,Republican,18238,8157,0.45,0.447253,6541,1616,0.2,0.198112,https://www.in.gov/sos/elections/voter-information/files/Election_Turnout_and_Registration-2022-General.pdf,9,no
2022,Indiana,9,US House,Jennings,18079,Jennings,Lovett,Matthew Fyfe,Erin Houchin,Tonya L. Millis,86,274,18,0,378,0.227513,0.724868,0.047619,0.238889,188,0.522222,Republican,18238,8157,0.45,0.447253,6541,1616,0.2,0.198112,https://www.in.gov/sos/elections/voter-information/files/Election_Turnout_and_Registration-2022-General.pdf,9,no
2022,Indiana,9,US House,Jennings,18079,Jennings,Marion,Matthew Fyfe,Erin Houchin,Tonya L. Millis,53,278,7,0,338,0.156805,0.822485,0.02071,0.160121,225,0.679758,Republican,18238,8157,0.45,0.447253,6541,1616,0.2,0.198112,https://www.in.gov/sos/elections/voter-information/files/Election_Turnout_and_Registration-2022-General.pdf,9,no
2022,Indiana,9,US House,Jennings,18079,Jennings,Montgomery,Matthew Fyfe,Erin Houchin,Tonya L. Millis,44,244,7,0,295,0.149153,0.827119,0.023729,0.152778,200,0.694444,Republican,18238,8157,0.45,0.447253,6541,1616,0.2,0.198112,https://www.in.gov/sos/elections/voter-information/files/Election_Turnout_and_Registration-2022-General.pdf,9,no
2022,Indiana,9,US House,Jennings,18079,Jennings,North Vernon 01a,Matthew Fyfe,Erin Houchin,Tonya L. Millis,58,160,9,0,227,0.255507,0.704846,0.039648,0.266055,102,0.46789,Republican,18238,8157,0.45,0.447253,6541,1616,0.2,0.198112,https://www.in.gov/sos/elections/voter-information/files/Election_Turnout_and_Registration-2022-General.pdf,9,no
2022,Indiana,9,US House,Jennings,18079,Jennings,North Vernon 01b,Matthew Fyfe,Erin Houchin,Tonya L. Millis,65,156,13,0,234,0.277778,0.666667,0.055556,0.294118,91,0.411765,Republican,18238,8157,0.45,0.447253,6541,1616,0.2,0.198112,https://www.in.gov/sos/elections/voter-information/files/Election_Turnout_and_Registration-2022-General.pdf,9,no
2022,Indiana,9,US House,Jennings,18079,Jennings,North Vernon 02a,Matthew Fyfe,Erin Houchin,Tonya L. Millis,44,107,7,0,158,0.278481,0.677215,0.044304,0.291391,63,0.417219,Republican,18238,8157,0.45,0.447253,6541,1616,0.2,0.198112,https://www.in.gov/sos/elections/voter-information/files/Election_Turnout_and_Registration-2022-General.pdf,9,no
2022,Indiana,9,US House,Jennings,18079,Jennings,North Vernon 02b,Matthew Fyfe,Erin Houchin,Tonya L. Millis,73,239,14,0,326,0.223926,0.733129,0.042945,0.233974,166,0.532051,Republican,18238,8157,0.45,0.447253,6541,1616,0.2,0.198112,https://www.in.gov/sos/elections/voter-information/files/Election_Turnout_and_Registration-2022-General.pdf,9,no
2022,Indiana,9,US House,Jennings,18079,Jennings,North Vernon 03a,Matthew Fyfe,Erin Houchin,Tonya L. Millis,35,131,10,0,176,0.198864,0.744318,0.056818,0.210843,96,0.578313,Republican,18238,8157,0.45,0.447253,6541,1616,0.2,0.198112,https://www.in.gov/sos/elections/voter-information/files/Election_Turnout_and_Registration-2022-General.pdf,9,no
2022,Indiana,9,US House,Jennings,18079,Jennings,North Vernon 03b,Matthew Fyfe,Erin Houchin,Tonya L. Millis,49,109,8,0,166,0.295181,0.656627,0.048193,0.310127,60,0.379747,Republican,18238,8157,0.45,0.447253,6541,1616,0.2,0.198112,https://www.in.gov/sos/elections/voter-information/files/Election_Turnout_and_Registration-2022-General.pdf,9,no
2022,Indiana,9,US House,Jennings,18079,Jennings,North Vernon 04a,Matthew Fyfe,Erin Houchin,Tonya L. Millis,73,200,10,0,283,0.257951,0.706714,0.035336,0.267399,127,0.465201,Republican,18238,8157,0.45,0.447253,6541,1616,0.2,0.198112,https://www.in.gov/sos/elections/voter-information/files/Election_Turnout_and_Registration-2022-General.pdf,9,no
2022,Indiana,9,US House,Jennings,18079,Jennings,North Vernon 04b,Matthew Fyfe,Erin Houchin,Tonya L. Millis,27,84,2,0,113,0.238938,0.743363,0.017699,0.243243,57,0.513514,Republican,18238,8157,0.45,0.447253,6541,1616,0.2,0.198112,https://www.in.gov/sos/elections/voter-information/files/Election_Turnout_and_Registration-2022-General.pdf,9,no
2022,Indiana,9,US House,Jennings,18079,Jennings,Sandcreek,Matthew Fyfe,Erin Houchin,Tonya L. Millis,69,240,19,0,328,0.210366,0.731707,0.057927,0.223301,171,0.553398,Republican,18238,8157,0.45,0.447253,6541,1616,0.2,0.198112,https://www.in.gov/sos/elections/voter-information/files/Election_Turnout_and_Registration-2022-General.pdf,9,no
2022,Indiana,9,US House,Jennings,18079,Jennings,Spencer North,Matthew Fyfe,Erin Houchin,Tonya L. Millis,83,302,16,0,401,0.206983,0.753117,0.0399,0.215584,219,0.568831,Republican,18238,8157,0.45,0.447253,6541,1616,0.2,0.198112,https://www.in.gov/sos/elections/voter-information/files/Election_Turnout_and_Registration-2022-General.pdf,9,no
2022,Indiana,9,US House,Jennings,18079,Jennings,Spencer South,Matthew Fyfe,Erin Houchin,Tonya L. Millis,87,269,13,0,369,0.235772,0.728997,0.03523,0.244382,182,0.511236,Republican,18238,8157,0.45,0.447253,6541,1616,0.2,0.198112,https://www.in.gov/sos/elections/voter-information/files/Election_Turnout_and_Registration-2022-General.pdf,9,no
2022,Indiana,9,US House,Jennings,18079,Jennings,Vernon East,Matthew Fyfe,Erin Houchin,Tonya L. Millis,84,409,19,0,512,0.164062,0.798828,0.037109,0.170385,325,0.659229,Republican,18238,8157,0.45,0.447253,6541,1616,0.2,0.198112,https://www.in.gov/sos/elections/voter-information/files/Election_Turnout_and_Registration-2022-General.pdf,9,no
2022,Indiana,9,US House,Jennings,18079,Jennings,Vernon West,Matthew Fyfe,Erin Houchin,Tonya L. Millis,82,320,23,0,425,0.192941,0.752941,0.054118,0.20398,238,0.59204,Republican,18238,8157,0.45,0.447253,6541,1616,0.2,0.198112,https://www.in.gov/sos/elections/voter-information/files/Election_Turnout_and_Registration-2022-General.pdf,9,no
2022,Indiana,9,US House,Scott,18143,Scott,Finley 1,Matthew Fyfe,Erin Houchin,Tonya L. Millis,0,0,0,0,0,,,,,0,,Tie,17187,7112,0.41,0.413801,5021,2091,0.29,0.29401,https://www.in.gov/sos/elections/voter-information/files/Election_Turnout_and_Registration-2022-General.pdf,9,no
2022,Indiana,9,US House,Scott,18143,Scott,Jennings 1,Matthew Fyfe,Erin Houchin,Tonya L. Millis,0,0,0,0,0,,,,,0,,Tie,17187,7112,0.41,0.413801,5021,2091,0.29,0.29401,https://www.in.gov/sos/elections/voter-information/files/Election_Turnout_and_Registration-2022-General.pdf,9,no
2022,Indiana,9,US House,Scott,18143,Scott,Jennings 2,Matthew Fyfe,Erin Houchin,Tonya L. Millis,0,0,0,0,0,,,,,0,,Tie,17187,7112,0.41,0.413801,5021,2091,0.29,0.29401,https://www.in.gov/sos/elections/voter-information/files/Election_Turnout_and_Registration-2022-General.pdf,9,no
2022,Indiana,9,US House,Scott,18143,Scott,Jennings 3,Matthew Fyfe,Erin Houchin,Tonya L. Millis,0,0,0,0,0,,,,,0,,Tie,17187,7112,0.41,0.413801,5021,2091,0.29,0.29401,https://www.in.gov/sos/elections/voter-information/files/Election_Turnout_and_Registration-2022-General.pdf,9,no
2022,Indiana,9,US House,Scott,18143,Scott,Jennings 4,Matthew Fyfe,Erin Houchin,Tonya L. Millis,0,0,0,0,0,,,,,0,,Tie,17187,7112,0.41,0.413801,5021,2091,0.29,0.29401,https://www.in.gov/sos/elections/voter-information/files/Election_Turnout_and_Registration-2022-General.pdf,9,no
2022,Indiana,9,US House,Scott,18143,Scott,Jennings 5,Matthew Fyfe,Erin Houchin,Tonya L. Millis,0,0,0,0,0,,,,,0,,Tie,17187,7112,0.41,0.413801,5021,2091,0.29,0.29401,https://www.in.gov/sos/elections/voter-information/files/Election_Turnout_and_Registration-2022-General.pdf,9,no
2022,Indiana,9,US House,Scott,18143,Scott,Johnson 1,Matthew Fyfe,Erin Houchin,Tonya L. Millis,0,0,0,0,0,,,,,0,,Tie,17187,7112,0.41,0.413801,5021,2091,0.29,0.29401,https://www.in.gov/sos/elections/voter-information/files/Election_Turnout_and_Registration-2022-General.pdf,9,no
2022,Indiana,9,US House,Scott,18143,Scott,Lexington 1,Matthew Fyfe,Erin Houchin,Tonya L. Millis,0,0,0,0,0,,,,,0,,Tie,17187,7112,0.41,0.413801,5021,2091,0.29,0.29401,https://www.in.gov/sos/elections/voter-information/files/Election_Turnout_and_Registration-2022-General.pdf,9,no
2022,Indiana,9,US House,Scott,18143,Scott,Lexington 2,Matthew Fyfe,Erin Houchin,Tonya L. Millis,0,0,0,0,0,,,,,0,,Tie,17187,7112,0.41,0.413801,5021,2091,0.29,0.29401,https://www.in.gov/sos/elections/voter-information/files/Election_Turnout_and_Registration-2022-General.pdf,9,no
2022,Indiana,9,US House,Scott,18143,Scott,Lexington 3,Matthew Fyfe,Erin Houchin,Tonya L. Millis,0,0,0,0,0,,,,,0,,Tie,17187,7112,0.41,0.413801,5021,2091,0.29,0.29401,https://www.in.gov/sos/elections/voter-information/files/Election_Turnout_and_Registration-2022-General.pdf,9,no
2022,Indiana,9,US House,Scott,18143,Scott,Vienna 1,Matthew Fyfe,Erin Houchin,Tonya L. Millis,0,0,0,0,0,,,,,0,,Tie,17187,7112,0.41,0.413801,5021,2091,0.29,0.29401,https://www.in.gov/sos/elections/voter-information/files/Election_Turnout_and_Registration-2022-General.pdf,9,no
2022,Indiana,9,US House,Scott,18143,Scott,Vienna 2,Matthew Fyfe,Erin Houchin,Tonya L. Millis,0,0,0,0,0,,,,,0,,Tie,17187,7112,0.41,0.413801,5021,2091,0.29,0.29401,https://www.in.gov/sos/elections/voter-information/files/Election_Turnout_and_Registration-2022-General.pdf,9,no
2022,Indiana,9,US House,Scott,18143,Scott,Vienna 3,Matthew Fyfe,Erin Houchin,Tonya L. Millis,0,0,0,0,0,,,,,0,,Tie,17187,7112,0.41,0.413801,5021,2091,0.29,0.29401,https://www.in.gov/sos/elections/voter-information/files/Election_Turnout_and_Registration-2022-General.pdf,9,no
2022,Indiana,9,US House,Scott,18143,Scott,Vienna 4,Matthew Fyfe,Erin Houchin,Tonya L. Millis,0,0,0,0,0,,,,,0,,Tie,17187,7112,0.41,0.413801,5021,2091,0.29,0.29401,https://www.in.gov/sos/elections/voter-information/files/Election_Turnout_and_Registration-2022-General.pdf,9,no
2022,Indiana,9,US House,Scott,18143,Scott,Vienna 5,Matthew Fyfe,Erin Houchin,Tonya L. Millis,0,0,0,0,0,,,,,0,,Tie,17187,7112,0.41,0.413801,5021,2091,0.29,0.29401,https://www.in.gov/sos/elections/voter-information/files/Election_Turnout_and_Registration-2022-General.pdf,9,no
2022,Indiana,9,US House,Scott,18143,Scott,Vienna 6,Matthew Fyfe,Erin Houchin,Tonya L. Millis,0,0,0,0,0,,,,,0,,Tie,17187,7112,0.41,0.413801,5021,2091,0.29,0.29401,https://www.in.gov/sos/elections/voter-information/files/Election_Turnout_and_Registration-2022-General.pdf,9,no
2024,Indiana,9,US House,Bartholomew,18005,Bartholomew,JACKSON - 5000,"Timothy ""Tim"" Peck",Erin Houchin,"Russell ""Russ"" Brooksbank",82,445,16,0,543,0.151013,0.819521,0.029466,0.155598,363,0.688805,Republican,54087,35952,0.66,0.664707,12331,23621,0.66,0.657015,https://www.in.gov/sos/elections/voter-information/files/2024-General-Election-Turnout-and-Registration-Report.pdf,6;9,yes
2024,Indiana,9,US House,Bartholomew,18005,Bartholomew,OHIO - 5100,"Timothy ""Tim"" Peck",Erin Houchin,"Russell ""Russ"" Brooksbank",216,760,24,0,1000,0.216,0.76,0.024,0.221311,544,0.557377,Republican,54087,35952,0.66,0.664707,12331,23621,0.66,0.657015,https://www.in.gov/sos/elections/voter-information/files/2024-General-Election-Turnout-and-Registration-Report.pdf,6;9,yes
2024,Indiana,9,US House,Bartholomew,18005,Bartholomew,SANDCREEK - 5300,"Timothy ""Tim"" Peck",Erin Houchin,"Russell ""Russ"" Brooksbank",200,622,34,0,856,0.233645,0.726636,0.03972,0.243309,422,0.513382,Republican,54087,35952,0.66,0.664707,12331,23621,0.66,0.657015,https://www.in.gov/sos/elections/voter-information/files/2024-General-Election-Turnout-and-Registration-Report.pdf,6;9,yes
2024,Indiana,9,US House,Bartholomew,18005,Bartholomew,WAYNE - 5600,"Timothy ""Tim"" Peck",Erin Houchin,"Russell ""Russ"" Brooksbank",108,475,18,0,601,0.1797,0.790349,0.02995,0.185249,367,0.629503,Republican,54087,35952,0.66,0.664707,12331,23621,0.66,0.657015,https://www.in.gov/sos/elections/voter-information/files/2024-General-Election-Turnout-and-Registration-Report.pdf,6;9,yes
2024,Indiana,9,US House,Bartholomew,18005,Bartholomew,WAYNE - 5700,"Timothy ""Tim"" Peck",Erin Houchin,"Russell ""Russ"" Brooksbank",156,644,27,0,827,0.188634,0.778718,0.032648,0.195,488,0.61,Republican,54087,35952,0.66,0.664707,12331,23621,0.66,0.657015,https://www.in.gov/sos/elections/voter-information/files/2024-General-Election-Turnout-and-Registration-Report.pdf,6;9,yes
2024,Indiana,9,US House,Bartholomew,18005,Bartholomew,WAYNE - 5800,"Timothy ""Tim"" Peck",Erin Houchin,"Russell ""Russ"" Brooksbank",65,153,4,0,222,0.292793,0.689189,0.018018,0.298165,88,0.40367,Republican,54087,35952,0.66,0.664707,12331,23621,0.66,0.657015,https://www.in.gov/sos/elections/voter-information/files/2024-General-Election-Turnout-and-Registration-Report.pdf,6;9,yes
2024,Indiana,9,US House,Brown,18013,Brown,Hamblen 1,"Timothy ""Tim"" Peck",Erin Houchin,"Russell ""Russ"" Brooksbank",204,567,44,0,815,0.250307,0.695706,0.053988,0.264591,363,0.470817,Republican,13545,9066,0.67,0.669324,3905,5161,0.57,0.56927,https://www.in.gov/sos/elections/voter-information/files/2024-General-Election-Turnout-and-Registration-Report.pdf,9,no
2024,Indiana,9,US House,Brown,18013,Brown,Hamblen 2,"Timothy ""Tim"" Peck",Erin Houchin,"Russell ""Russ"" Brooksbank",184,668,31,0,883,0.208381,0.756512,0.035108,0.215962,484,0.568075,Republican,13545,9066,0.67,0.669324,3905,5161,0.57,0.56927,https://www.in.gov/sos/elections/voter-information/files/2024-General-Election-Turnout-and-Registration-Report.pdf,9,no
2024,Indiana,9,US House,Brown,18013,Brown,Hamblen 3,"Timothy ""Tim"" Peck",Erin Houchin,"Russell ""Russ"" Brooksbank",187,536,21,0,744,0.251344,0.72043,0.028226,0.258645,349,0.482711,Republican,13545,9066,0.67,0.669324,3905,5161,0.57,0.56927,https://www.in.gov/sos/elections/voter-information/files/2024-General-Election-Turnout-and-Registration-Report.pdf,9,no
2024,Indiana,9,US House,Brown,18013,Brown,Jackson 1,"Timothy ""Tim"" Peck",Erin Houchin,"Russell ""Russ"" Brooksbank",154,471,31,0,656,0.234756,0.717988,0.047256,0.2464,317,0.5072,Republican,13545,9066,0.67,0.669324,3905,5161,0.57,0.56927,https://www.in.gov/sos/elections/voter-information/files/2024-General-Election-Turnout-and-Registration-Report.pdf,9,no
2024,Indiana,9,US House,Brown,18013,Brown,Jackson 2,"Timothy ""Tim"" Peck",Erin Houchin,"Russell ""Russ"" Brooksbank",127,195,16,0,338,0.37574,0.576923,0.047337,0.39441,68,0.21118,Republican,13545,9066,0.67,0.669324,3905,5161,0.57,0.56927,https://www.in.gov/sos/elections/voter-information/files/2024-General-Election-Turnout-and-Registration-Report.pdf,9,no
2024,Indiana,9,US House,Brown,18013,Brown,Jackson 3,"Timothy ""Tim"" Peck",Erin Houchin,"Russell ""Russ"" Brooksbank",144,388,29,0,561,0.256684,0.691622,0.051693,0.270677,244,0.458647,Republican,13545,9066,0.67,0.669324,3905,5161,0.57,0.56927,https://www.in.gov/sos/elections/voter-information/files/2024-General-Election-Turnout-and-Registration-Report.pdf,9,no
2024,Indiana,9,US House,Brown,18013,Brown,Jackson 4,"Timothy ""Tim"" Peck",Erin Houchin,"Russell ""Russ"" Brooksbank",238,279,17,0,534,0.445693,0.522472,0.031835,0.460348,41,0.079304,Republican,13545,9066,0.67,0.669324,3905,5161,0.57,0.56927,https://www.in.gov/sos/elections/voter-information/files/2024-General-Election-Turnout-and-Registration-Report.pdf,9,no
2024,Indiana,9,US House,Brown,18013,Brown,Washington 1,"Timothy ""Tim"" Peck",Erin Houchin,"Russell ""Russ"" Brooksbank",421,828,58,0,1307,0.322112,0.633512,0.044376,0.33707,407,0.325861,Republican,13545,9066,0.67,0.669324,3905,5161,0.57,0.56927,https://www.in.gov/sos/elections/voter-information/files/2024-General-Election-Turnout-and-Registration-Report.pdf,9,no
2024,Indiana,9,US House,Brown,18013,Brown,Washington 2,"Timothy ""Tim"" Peck",Erin Houchin,"Russell ""Russ"" Brooksbank",322,414,21,0,757,0.425363,0.546896,0.027741,0.4375,92,0.125,Republican,13545,9066,0.67,0.669324,3905,5161,0.57,0.56927,https://www.in.gov/sos/elections/voter-information/files/2024-General-Election-Turnout-and-Registration-Report.pdf,9,no
2024,Indiana,9,US House,Brown,18013,Brown,Washington 3,"Timothy ""Tim"" Peck",Erin Houchin,"Russell ""Russ"" Brooksbank",396,463,29,0,888,0.445946,0.521396,0.032658,0.461001,67,0.077998,Republican,13545,9066,0.67,0.669324,3905,5161,0.57,0.56927,https://www.in.gov/sos/elections/voter-information/files/2024-General-Election-Turnout-and-Registration-Report.pdf,9,no
2024,Indiana,9,US House,Brown,18013,Brown,van Buren 1,"Timothy ""Tim"" Peck",Erin Houchin,"Russell ""Russ"" Brooksbank",324,697,47,0,1068,0.303371,0.652622,0.044007,0.317336,373,0.365328,Republican,13545,9066,0.67,0.669324,3905,5161,0.57,0.56927,https://www.in.gov/sos/elections/voter-information/files/2024-General-Election-Turnout-and-Registration-Report.pdf,9,no
2024,Indiana,9,US House,Clark,18019,Clark,0001 BETHLEHEM 01,"Timothy ""Tim"" Peck",Erin Houchin,"Russell ""Russ"" Brooksbank",50,118,3,0,171,0.292398,0.690058,0.017544,0.297619,68,0.404762,Republican,96263,59078,0.61,0.613715,36556,22522,0.38,0.381225,https://www.in.gov/sos/elections/voter-information/files/2024-General-Election-Turnout-and-Registration-Report.pdf,9,no
2024,Indiana,9,US House,Clark,18019,Clark,0002 CARR 01,"Timothy ""Tim"" Peck",Erin Houchin,"Russell ""Russ"" Brooksbank",380,1005,37,0,1422,0.267229,0.706751,0.02602,0.274368,625,0.451264,Republican,96263,59078,0.61,0.613715,36556,22522,0.38,0.381225,https://www.in.gov/sos/elections/voter-information/files/2024-General-Election-Turnout-and-Registration-Report.pdf,9,no
2024,Indiana,9,US House,Clark,18019,Clark,0003 CARR 02,"Timothy ""Tim"" Peck",Erin Houchin,"Russell ""Russ"" Brooksbank",332,963,35,0,1330,0.249624,0.72406,0.026316,0.256371,631,0.487259,Republican,96263,59078,0.61,0.613715,36556,22522,0.38,0.381225,https://www.in.gov/sos/elections/voter-information/files/2024-General-Election-Turnout-and-Registration-Report.pdf,9,no
2024,Indiana,9,US House,Clark,18019,Clark,0004 CHARLESTOWN 01,"Timothy ""Tim"" Peck",Erin Houchin,"Russell ""Russ"" Brooksbank",296,490,46,0,832,0.355769,0.588942,0.055288,0.37659,194,0.246819,Republican,96263,59078,0.61,0.613715,36556,22522,0.38,0.381225,https://www.in.gov/sos/elections/voter-information/files/2024-General-Election-Turnout-and-Registration-Report.pdf,9,no
2024,Indiana,9,US House,Clark,18019,Clark,0005 CHARLESTOWN 02,"Timothy ""Tim"" Peck",Erin Houchin,"Russell ""Russ"" Brooksbank",121,211,8,0,340,0.355882,0.620588,0.023529,0.364458,90,0.271084,Republican,96263,59078,0.61,0.613715,36556,22522,0.38,0.381225,https://www.in.gov/sos/elections/voter-information/files/2024-General-Election-Turnout-and-Registration-Report.pdf,9,no
2024,Indiana,9,US House,Clark,18019,Clark,0006 CHARLESTOWN 03,"Timothy ""Tim"" Peck",Erin Houchin,"Russell ""Russ"" Brooksbank",289,644,29,0,962,0.300416,0.669439,0.030146,0.309753,355,0.380493,Republican,96263,59078,0.61,0.613715,36556,22522,0.38,0.381225,https://www.in.gov/sos/elections/voter-information/files/2024-General-Election-Turnout-and-Registration-Report.pdf,9,no
2024,Indiana,9,US House,Clark,18019,Clark,0007 CHARLESTOWN 04,"Timothy ""Tim"" Peck",Erin Houchin,"Russell ""Russ"" Brooksbank",542,1243,49,0,1834,0.295529,0.677754,0.026718,0.303641,701,0.392717,Republican,96263,59078,0.61,0.613715,36556,22522,0.38,0.381225,https://www.in.gov/sos/elections/voter-information/files/2024-General-Election-Turnout-and-Registration-Report.pdf,9,no
2024,Indiana,9,US House,Clark,18019,Clark,0008 CHARLESTOWN 05,"Timothy ""Tim"" Peck",Erin Houchin,"Russell ""Russ"" Brooksbank",222,340,25,0,587,0.378194,0.579216,0.042589,0.395018,118,0.209964,Republican,96263,59078,0.61,0.613715,36556,22522,0.38,0.381225,https://www.in.gov/sos/elections/voter-information/files/2024-General-Election-Turnout-and-Registration-Report.pdf,9,no
2024,Indiana,9,US House,Clark,18019,Clark,0009 CHARLESTOWN 06,"Timothy ""Tim"" Peck",Erin Houchin,"Russell ""Russ"" Brooksbank",504,1190,48,0,1742,0.289323,0.683123,0.027555,0.297521,686,0.404959,Republican,96263,59078,0.61,0.613715,36556,22522,0.38,0.381225,https://www.in.gov/sos/elections/voter-information/files/2024-General-Election-Turnout-and-Registration-Report.pdf,9,no
2024,Indiana,9,US House,Clark,18019,Clark,0010 CHARLESTOWN 07,"Timothy ""Tim"" Peck",Erin Houchin,"Russell ""Russ"" Brooksbank",258,677,25,0,960,0.26875,0.705208,0.026042,0.275936,419,0.448128,Republican,96263,59078,0.61,0.613715,36556,22522,0.38,0.381225,https://www.in.gov/sos/elections/voter-information/files/2024-General-Election-Turnout-and-Registration-Report.pdf,9,no
2024,Indiana,9,US House,Clark,18019,Clark,0011 CHARLESTOWN 08,"Timothy ""Tim"" Peck",Erin Houchin,"Russell ""Russ"" Brooksbank",190,541,32,0,763,0.249017,0.709043,0.04194,0.259918,351,0.480164,Republican,96263,59078,0.61,0.613715,36556,22522,0.38,0.381225,https://www.in.gov/sos/elections/voter-information/files/2024-General-Election-Turnout-and-Registration-Report.pdf,9,no
2024,Indiana,9,US House,Clark,18019,Clark,0012 JEFFERSONVILLE 01,"Timothy ""Tim"" Peck",Erin Houchin,"Russell ""Russ"" Brooksbank",193,220,9,0,422,0.457346,0.521327,0.021327,0.467312,27,0.065375,Republican,96263,59078,0.61,0.613715,36556,22522,0.38,0.381225,https://www.in.gov/sos/elections/voter-information/files/2024-General-Election-Turnout-and-Registration-Report.pdf,9,no
2024,Indiana,9,US House,Clark,18019,Clark,0013 JEFFERSONVILLE 02,"Timothy ""Tim"" Peck",Erin Houchin,"Russell ""Russ"" Brooksbank",215,122,18,0,355,0.605634,0.343662,0.050704,0.637982,-93,-0.275964,Democratic,96263,59078,0.61,0.613715,36556,22522,0.38,0.381225,https://www.in.gov/sos/elections/voter-information/files/2024-General-Election-Turnout-and-Registration-Report.pdf,9,no
2024,Indiana,9,US House,Clark,18019,Clark,0015 JEFFERSONVILLE 03,"Timothy ""Tim"" Peck",Erin Houchin,"Russell ""Russ"" Brooksbank",330,136,16,0,482,0.684647,0.282158,0.033195,0.708155,-194,-0.416309,Democratic,96263,59078,0.61,0.613715,36556,22522,0.38,0.381225,https://www.in.gov/sos/elections/voter-information/files/2024-General-Election-Turnout-and-Registration-Report.pdf,9,no
2024,Indiana,9,US House,Clark,18019,Clark,0016 JEFFERSONVILLE 04,"Timothy ""Tim"" Peck",Erin Houchin,"Russell ""Russ"" Brooksbank",351,187,24,0,562,0.624555,0.33274,0.042705,0.652416,-164,-0.304833,Democratic,96263,59078,0.61,0.613715,36556,22522,0.38,0.381225,https://www.in.gov/sos/elections/voter-information/files/2024-General-Election-Turnout-and-Registration-Report.pdf,9,no
2024,Indiana,9,US House,Clark,18019,Clark,0017 JEFFERSONVILLE 05,"Timothy ""Tim"" Peck",Erin Houchin,"Russell ""Russ"" Brooksbank",264,175,17,0,456,0.578947,0.383772,0.037281,0.601367,-89,-0.202733,Democratic,96263,59078,0.61,0.613715,36556,22522,0.38,0.381225,https://www.in.gov/sos/elections/voter-information/files/2024-General-Election-Turnout-and-Registration-Report.pdf,9,no
2024,Indiana,9,US House,Clark,18019,Clark,0018 JEFFERSONVILLE 06,"Timothy ""Tim"" Peck",Erin Houchin,"Russell ""Russ"" Brooksbank",196,190,11,0,397,0.493703,0.478589,0.027708,0.507772,-6,-0.015544,Democratic,96263,59078,0.61,0.613715,36556,22522,0.38,0.381225,https://www.in.gov/sos/elections/voter-information/files/2024-General-Election-Turnout-and-Registration-Report.pdf,9,no
2024,Indiana,9,US House,Clark,18019,Clark,0019 JEFFERSONVILLE 07,"Timothy ""Tim"" Peck",Erin Houchin,"Russell ""Russ"" Brooksbank",325,290,11,0,626,0.519169,0.463259,0.017572,0.528455,-35,-0.056911,Democratic,96263,59078,0.61,0.613715,36556,22522,0.38,0.381225,https://www.in.gov/sos/elections/voter-information/files/2024-General-Election-Turnout-and-Registration-Report.pdf,9,no
2024,Indiana,9,US House,Clark,18019,Clark,0020 JEFFERSONVILLE 08,"Timothy ""Tim"" Peck",Erin Houchin,"Russell ""Russ"" Brooksbank",228,238,13,0,479,0.475992,0.496868,0.02714,0.48927,10,0.021459,Republican,96263,59078,0.61,0.613715,36556,22522,0.38,0.381225,https://www.in.gov/sos/elections/voter-information/files/2024-General-Election-Turnout-and-Registration-Report.pdf,9,no
2024,Indiana,9,US House,Clark,18019,Clark,0021 JEFFERSONVILLE 09,"Timothy ""Tim"" Peck",Erin Houchin,"Russell ""Russ"" Brooksbank",422,396,26,0,844,0.5,0.469194,0.030806,0.515892,-26,-0.031785,Democratic,96263,59078,0.61,0.613715,36556,22522,0.38,0.381225,https://www.in.gov/sos/elections/voter-information/files/2024-General-Election-Turnout-and-Registration-Report.pdf,9,no
2024,Indiana,9,US House,Clark,18019,Clark,0022 JEFFERSONVILLE 10,"Timothy ""Tim"" Peck",Erin Houchin,"Russell ""Russ"" Brooksbank",229,202,23,0,454,0.504405,0.444934,0.050661,0.531323,-27,-0.062645,Democratic,96263,59078,0.61,0.613715,36556,22522,0.38,0.381225,https://www.in.gov/sos/elections/voter-information/files/2024-General-Election-Turnout-and-Registration-Report.pdf,9,no
2024,Indiana,9,US House,Clark,18019,Clark,0023 JEFFERSONVILLE 11,"Timothy ""Tim"" Peck",Erin Houchin,"Russell ""Russ"" Brooksbank",232,234,19,0,485,0.478351,0.482474,0.039175,0.497854,2,0.004292,Republican,96263,59078,0.61,0.613715,36556,22522,0.38,0.381225,https://www.in.gov/sos/elections/voter-information/files/2024-General-Election-Turnout-and-Registration-Report.pdf,9,no
2024,Indiana,9,US House,Clark,18019,Clark,0024 JEFFERSONVILLE 12,"Timothy ""Tim"" Peck",Erin Houchin,"Russell ""Russ"" Brooksbank",240,261,28,0,529,0.453686,0.493384,0.05293,0.479042,21,0.041916,Republican,96263,59078,0.61,0.613715,36556,22522,0.38,0.381225,https://www.in.gov/sos/elections/voter-information/files/2024-General-Election-Turnout-and-Registration-Report.pdf,9,no
2024,Indiana,9,US House,Clark,18019,Clark,0025 JEFFERSONVILLE 13,"Timothy ""Tim"" Peck",Erin Houchin,"Russell ""Russ"" Brooksbank",658,575,46,0,1279,0.514464,0.44957,0.035966,0.533658,-83,-0.067315,Democratic,96263,59078,0.61,0.613715,36556,22522,0.38,0.381225,https://www.in.gov/sos/elections/voter-information/files/2024-General-Election-Turnout-and-Registration-Report.pdf,9,no
2024,Indiana,9,US House,Clark,18019,Clark,0026 JEFFERSONVILLE 14,"Timothy ""Tim"" Peck",Erin Houchin,"Russell ""Russ"" Brooksbank",200,298,27,0,525,0.380952,0.567619,0.051429,0.401606,98,0.196787,Republican,96263,59078,0.61,0.613715,36556,22522,0.38,0.381225,https://www.in.gov/sos/elections/voter-information/files/2024-General-Election-Turnout-and-Registration-Report.pdf,9,no
2024,Indiana,9,US House,Clark,18019,Clark,0027 JEFFERSONVILLE 15,"Timothy ""Tim"" Peck",Erin Houchin,"Russell ""Russ"" Brooksbank",632,620,43,0,1295,0.488031,0.478764,0.033205,0.504792,-12,-0.009585,Democratic,96263,59078,0.61,0.613715,36556,22522,0.38,0.381225,https://www.in.gov/sos/elections/voter-information/files/2024-General-Election-Turnout-and-Registration-Report.pdf,9,no
2024,Indiana,9,US House,Clark,18019,Clark,0028 JEFFERSONVILLE 16,"Timothy ""Tim"" Peck",Erin Houchin,"Russell ""Russ"" Brooksbank",504,672,29,0,1205,0.418257,0.557676,0.024066,0.428571,168,0.142857,Republican,96263,59078,0.61,0.613715,36556,22522,0.38,0.381225,https://www.in.gov/sos/elections/voter-information/files/2024-General-Election-Turnout-and-Registration-Report.pdf,9,no
2024,Indiana,9,US House,Clark,18019,Clark,0029 JEFFERSONVILLE 17,"Timothy ""Tim"" Peck",Erin Houchin,"Russell ""Russ"" Brooksbank",422,484,31,0,937,0.450374,0.516542,0.033084,0.465784,62,0.068433,Republican,96263,59078,0.61,0.613715,36556,22522,0.38,0.381225,https://www.in.gov/sos/elections/voter-information/files/2024-General-Election-Turnout-and-Registration-Report.pdf,9,no
2024,Indiana,9,US House,Clark,18019,Clark,0030 JEFFERSONVILLE 18,"Timothy ""Tim"" Peck",Erin Houchin,"Russell ""Russ"" Brooksbank",450,556,17,0,1023,0.439883,0.5435,0.016618,0.447316,106,0.105368,Republican,96263,59078,0.61,0.613715,36556,22522,0.38,0.381225,https://www.in.gov/sos/elections/voter-information/files/2024-General-Election-Turnout-and-Registration-Report.pdf,9,no
2024,Indiana,9,US House,Clark,18019,Clark,0031 JEFFERSONVILLE 20,"Timothy ""Tim"" Peck",Erin Houchin,"Russell ""Russ"" Brooksbank",387,431,15,0,833,0.464586,0.517407,0.018007,0.473105,44,0.05379,Republican,96263,59078,0.61,0.613715,36556,22522,0.38,0.381225,https://www.in.gov/sos/elections/voter-information/files/2024-General-Election-Turnout-and-Registration-Report.pdf,9,no
2024,Indiana,9,US House,Clark,18019,Clark,0032 JEFFERSONVILLE 21,"Timothy ""Tim"" Peck",Erin Houchin,"Russell ""Russ"" Brooksbank",196,245,14,0,455,0.430769,0.538462,0.030769,0.444444,49,0.111111,Republican,96263,59078,0.61,0.613715,36556,22522,0.38,0.381225,https://www.in.gov/sos/elections/voter-information/files/2024-General-Election-Turnout-and-Registration-Report.pdf,9,no
2024,Indiana,9,US House,Clark,18019,Clark,0033 JEFFERSONVILLE 22,"Timothy ""Tim"" Peck",Erin Houchin,"Russell ""Russ"" Brooksbank",343,331,28,0,702,0.488604,0.47151,0.039886,0.508902,-12,-0.017804,Democratic,96263,59078,0.61,0.613715,36556,22522,0.38,0.381225,https://www.in.gov/sos/elections/voter-information/files/2024-General-Election-Turnout-and-Registration-Report.pdf,9,no
2024,Indiana,9,US House,Clark,18019,Clark,0034 JEFFERSONVILLE 23,"Timothy ""Tim"" Peck",Erin Houchin,"Russell ""Russ"" Brooksbank",399,353,24,0,776,0.514175,0.454897,0.030928,0.530585,-46,-0.06117,Democratic,96263,59078,0.61,0.613715,36556,22522,0.38,0.381225,https://www.in.gov/sos/elections/voter-information/files/2024-General-Election-Turnout-and-Registration-Report.pdf,9,no
2024,Indiana,9,US House,Clark,18019,Clark,0035 JEFFERSONVILLE 24,"Timothy ""Tim"" Peck",Erin Houchin,"Russell ""Russ"" Brooksbank",438,370,27,0,835,0.524551,0.443114,0.032335,0.542079,-68,-0.084158,Democratic,96263,59078,0.61,0.613715,36556,22522,0.38,0.381225,https://www.in.gov/sos/elections/voter-information/files/2024-General-Election-Turnout-and-Registration-Report.pdf,9,no
2024,Indiana,9,US House,Clark,18019,Clark,0036 JEFFERSONVILLE 25,"Timothy ""Tim"" Peck",Erin Houchin,"Russell ""Russ"" Brooksbank",571,746,50,0,1367,0.417703,0.545721,0.036576,0.433561,175,0.132878,Republican,96263,59078,0.61,0.613715,36556,22522,0.38,0.381225,https://www.in.gov/sos/elections/voter-information/files/2024-General-Election-Turnout-and-Registration-Report.pdf,9,no
2024,Indiana,9,US House,Clark,18019,Clark,0037 JEFFERSONVILLE 26,"Timothy ""Tim"" Peck",Erin Houchin,"Russell ""Russ"" Brooksbank",269,248,25,0,542,0.49631,0.457565,0.046125,0.520309,-21,-0.040619,Democratic,96263,59078,0.61,0.613715,36556,22522,0.38,0.381225,https://www.in.gov/sos/elections/voter-information/files/2024-General-Election-Turnout-and-Registration-Report.pdf,9,no
2024,Indiana,9,US House,Clark,18019,Clark,0038 JEFFERSONVILLE 27,"Timothy ""Tim"" Peck",Erin Houchin,"Russell ""Russ"" Brooksbank",89,117,4,0,210,0.42381,0.557143,0.019048,0.432039,28,0.135922,Republican,96263,59078,0.61,0.613715,36556,22522,0.38,0.381225,https://www.in.gov/sos/elections/voter-information/files/2024-General-Election-Turnout-and-Registration-Report.pdf,9,no
2024,Indiana,9,US House,Clark,18019,Clark,0039 JEFFERSONVILLE 30,"Timothy ""Tim"" Peck",Erin Houchin,"Russell ""Russ"" Brooksbank",191,203,19,0,413,0.46247,0.491525,0.046005,0.484772,12,0.030457,Republican,96263,59078,0.61,0.613715,36556,22522,0.38,0.381225,https://www.in.gov/sos/elections/voter-information/files/2024-General-Election-Turnout-and-Registration-Report.pdf,9,no
2024,Indiana,9,US House,Clark,18019,Clark,0040 JEFFERSONVILLE 31,"Timothy ""Tim"" Peck",Erin Houchin,"Russell ""Russ"" Brooksbank",172,229,20,0,421,0.408551,0.543943,0.047506,0.428928,57,0.142145,Republican,96263,59078,0.61,0.613715,36556,22522,0.38,0.381225,https://www.in.gov/sos/elections/voter-information/files/2024-General-Election-Turnout-and-Registration-Report.pdf,9,no
2024,Indiana,9,US House,Clark,18019,Clark,0041 JEFFERSONVILLE 32,"Timothy ""Tim"" Peck",Erin Houchin,"Russell ""Russ"" Brooksbank",138,150,12,0,300,0.46,0.5,0.04,0.479167,12,0.041667,Republican,96263,59078,0.61,0.613715,36556,22522,0.38,0.381225,https://www.in.gov/sos/elections/voter-information/files/2024-General-Election-Turnout-and-Registration-Report.pdf,9,no
2024,Indiana,9,US House,Clark,18019,Clark,0042 JEFFERSONVILLE 33,"Timothy ""Tim"" Peck",Erin Houchin,"Russell ""Russ"" Brooksbank",235,209,20,0,464,0.506466,0.450431,0.043103,0.529279,-26,-0.058559,Democratic,96263,59078,0.61,0.613715,36556,22522,0.38,0.381225,https://www.in.gov/sos/elections/voter-information/files/2024-General-Election-Turnout-and-Registration-Report.pdf,9,no
2024,Indiana,9,US House,Clark,18019,Clark,0043 JEFFERSONVILLE 34,"Timothy ""Tim"" Peck",Erin Houchin,"Russell ""Russ"" Brooksbank",176,186,27,0,389,0.452442,0.478149,0.069409,0.486188,10,0.027624,Republican,96263,59078,0.61,0.613715,36556,22522,0.38,0.381225,https://www.in.gov/sos/elections/voter-information/files/2024-General-Election-Turnout-and-Registration-Report.pdf,9,no
2024,Indiana,9,US House,Clark,18019,Clark,0044 JEFFERSONVILLE 35,"Timothy ""Tim"" Peck",Erin Houchin,"Russell ""Russ"" Brooksbank",282,239,27,0,548,0.514599,0.436131,0.04927,0.541267,-43,-0.082534,Democratic,96263,59078,0.61,0.613715,36556,22522,0.38,0.381225,https://www.in.gov/sos/elections/voter-information/files/2024-General-Election-Turnout-and-Registration-Report.pdf,9,no
2024,Indiana,9,US House,Clark,18019,Clark,0045 JEFFERSONVILLE 36,"Timothy ""Tim"" Peck",Erin Houchin,"Russell ""Russ"" Brooksbank",220,252,21,0,493,0.446247,0.511156,0.042596,0.466102,32,0.067797,Republican,96263,59078,0.61,0.613715,36556,22522,0.38,0.381225,https://www.in.gov/sos/elections/voter-information/files/2024-General-Election-Turnout-and-Registration-Report.pdf,9,no
2024,Indiana,9,US House,Clark,18019,Clark,0046 JEFFERSONVILLE 37,"Timothy ""Tim"" Peck",Erin Houchin,"Russell ""Russ"" Brooksbank",362,408,35,0,805,0.449689,0.506832,0.043478,0.47013,46,0.05974,Republican,96263,59078,0.61,0.613715,36556,22522,0.38,0.381225,https://www.in.gov/sos/elections/voter-information/files/2024-General-Election-Turnout-and-Registration-Report.pdf,9,no
2024,Indiana,9,US House,Clark,18019,Clark,0047 JEFFERSONVILLE 38,"Timothy ""Tim"" Peck",Erin Houchin,"Russell ""Russ"" Brooksbank",349,354,24,0,727,0.480055,0.486933,0.033012,0.496444,5,0.007112,Republican,96263,59078,0.61,0.613715,36556,22522,0.38,0.381225,https://www.in.gov/sos/elections/voter-information/files/2024-General-Election-Turnout-and-Registration-Report.pdf,9,no
2024,Indiana,9,US House,Clark,18019,Clark,0048 JEFFERSONVILLE 39,"Timothy ""Tim"" Peck",Erin Houchin,"Russell ""Russ"" Brooksbank",215,213,19,0,447,0.480984,0.47651,0.042506,0.502336,-2,-0.004673,Democratic,96263,59078,0.61,0.613715,36556,22522,0.38,0.381225,https://www.in.gov/sos/elections/voter-information/files/2024-General-Election-Turnout-and-Registration-Report.pdf,9,no
2024,Indiana,9,US House,Clark,18019,Clark,0049 JEFFERSONVILLE 40,"Timothy ""Tim"" Peck",Erin Houchin,"Russell ""Russ"" Brooksbank",357,420,33,0,810,0.440741,0.518519,0.040741,0.459459,63,0.081081,Republican,96263,59078,0.61,0.613715,36556,22522,0.38,0.381225,https://www.in.gov/sos/elections/voter-information/files/2024-General-Election-Turnout-and-Registration-Report.pdf,9,no
2024,Indiana,9,US House,Clark,18019,Clark,0050 JEFFERSONVILLE 41,"Timothy ""Tim"" Peck",Erin Houchin,"Russell ""Russ"" Brooksbank",229,228,24,0,481,0.476091,0.474012,0.049896,0.501094,-1,-0.002188,Democratic,96263,59078,0.61,0.613715,36556,22522,0.38,0.381225,https://www.in.gov/sos/elections/voter-information/files/2024-General-Election-Turnout-and-Registration-Report.pdf,9,no
2024,Indiana,9,US House,Clark,18019,Clark,0051 JEFFERSONVILLE 42,"Timothy ""Tim"" Peck",Erin Houchin,"Russell ""Russ"" Brooksbank",223,315,17,0,555,0.401802,0.567568,0.030631,0.414498,92,0.171004,Republican,96263,59078,0.61,0.613715,36556,22522,0.38,0.381225,https://www.in.gov/sos/elections/voter-information/files/2024-General-Election-Turnout-and-Registration-Report.pdf,9,no
2024,Indiana,9,US House,Clark,18019,Clark,0052 MONROE 01,"Timothy ""Tim"" Peck",Erin Houchin,"Russell ""Russ"" Brooksbank",189,601,27,0,817,0.231334,0.735618,0.033048,0.239241,412,0.521519,Republican,96263,59078,0.61,0.613715,36556,22522,0.38,0.381225,https://www.in.gov/sos/elections/voter-information/files/2024-General-Election-Turnout-and-Registration-Report.pdf,9,no
2024,Indiana,9,US House,Clark,18019,Clark,0053 MONROE 02,"Timothy ""Tim"" Peck",Erin Houchin,"Russell ""Russ"" Brooksbank",304,1096,46,0,1446,0.210235,0.757953,0.031812,0.217143,792,0.565714,Republican,96263,59078,0.61,0.613715,36556,22522,0.38,0.381225,https://www.in.gov/sos/elections/voter-information/files/2024-General-Election-Turnout-and-Registration-Report.pdf,9,no
2024,Indiana,9,US House,Clark,18019,Clark,0054 MONROE 03,"Timothy ""Tim"" Peck",Erin Houchin,"Russell ""Russ"" Brooksbank",191,535,39,0,765,0.249673,0.699346,0.05098,0.263085,344,0.473829,Republican,96263,59078,0.61,0.613715,36556,22522,0.38,0.381225,https://www.in.gov/sos/elections/voter-information/files/2024-General-Election-Turnout-and-Registration-Report.pdf,9,no
2024,Indiana,9,US House,Clark,18019,Clark,0055 OREGON 01,"Timothy ""Tim"" Peck",Erin Houchin,"Russell ""Russ"" Brooksbank",237,643,22,0,902,0.262749,0.71286,0.02439,0.269318,406,0.461364,Republican,96263,59078,0.61,0.613715,36556,22522,0.38,0.381225,https://www.in.gov/sos/elections/voter-information/files/2024-General-Election-Turnout-and-Registration-Report.pdf,9,no
2024,Indiana,9,US House,Clark,18019,Clark,0056 OWEN 01,"Timothy ""Tim"" Peck",Erin Houchin,"Russell ""Russ"" Brooksbank",134,309,4,0,447,0.299776,0.691275,0.008949,0.302483,175,0.395034,Republican,96263,59078,0.61,0.613715,36556,22522,0.38,0.381225,https://www.in.gov/sos/elections/voter-information/files/2024-General-Election-Turnout-and-Registration-Report.pdf,9,no
2024,Indiana,9,US House,Clark,18019,Clark,0057 SILVER CREEK/CLARKSVILLE 43,"Timothy ""Tim"" Peck",Erin Houchin,"Russell ""Russ"" Brooksbank",324,670,26,0,1020,0.317647,0.656863,0.02549,0.325956,346,0.348089,Republican,96263,59078,0.61,0.613715,36556,22522,0.38,0.381225,https://www.in.gov/sos/elections/voter-information/files/2024-General-Election-Turnout-and-Registration-Report.pdf,9,no
2024,Indiana,9,US House,Clark,18019,Clark,0058 SILVER CREEK/CLARKSVILLE 44,"Timothy ""Tim"" Peck",Erin Houchin,"Russell ""Russ"" Brooksbank",258,410,17,0,685,0.376642,0.59854,0.024818,0.386228,152,0.227545,Republican,96263,59078,0.61,0.613715,36556,22522,0.38,0.381225,https://www.in.gov/sos/elections/voter-information/files/2024-General-Election-Turnout-and-Registration-Report.pdf,9,no
2024,Indiana,9,US House,Clark,18019,Clark,0059 SILVER CREEK 01,"Timothy ""Tim"" Peck",Erin Houchin,"Russell ""Russ"" Brooksbank",148,340,16,0,504,0.293651,0.674603,0.031746,0.303279,192,0.393443,Republican,96263,59078,0.61,0.613715,36556,22522,0.38,0.381225,https://www.in.gov/sos/elections/voter-information/files/2024-General-Election-Turnout-and-Registration-Report.pdf,9,no
2024,Indiana,9,US House,Clark,18019,Clark,0060 SILVER CREEK 02,"Timothy ""Tim"" Peck",Erin Houchin,"Russell ""Russ"" Brooksbank",155,292,16,0,463,0.334773,0.63067,0.034557,0.346756,137,0.306488,Republican,96263,59078,0.61,0.613715,36556,22522,0.38,0.381225,https://www.in.gov/sos/elections/voter-information/files/2024-General-Election-Turnout-and-Registration-Report.pdf,9,no
2024,Indiana,9,US House,Clark,18019,Clark,0061 SILVER CREEK 03,"Timothy ""Tim"" Peck",Erin Houchin,"Russell ""Russ"" Brooksbank",240,512,15,0,767,0.312907,0.667536,0.019557,0.319149,272,0.361702,Republican,96263,59078,0.61,0.613715,36556,22522,0.38,0.381225,https://www.in.gov/sos/elections/voter-information/files/2024-General-Election-Turnout-and-Registration-Report.pdf,9,no
2024,Indiana,9,US House,Clark,18019,Clark,0062 SILVER CREEK 04,"Timothy ""Tim"" Peck",Erin Houchin,"Russell ""Russ"" Brooksbank",355,645,33,0,1033,0.343659,0.624395,0.031946,0.355,290,0.29,Republican,96263,59078,0.61,0.613715,36556,22522,0.38,0.381225,https://www.in.gov/sos/elections/voter-information/files/2024-General-Election-Turnout-and-Registration-Report.pdf,9,no
2024,Indiana,9,US House,Clark,18019,Clark,0063 SILVER CREEK 05,"Timothy ""Tim"" Peck",Erin Houchin,"Russell ""Russ"" Brooksbank",140,213,13,0,366,0.382514,0.581967,0.035519,0.396601,73,0.206799,Republican,96263,59078,0.61,0.613715,36556,22522,0.38,0.381225,https://www.in.gov/sos/elections/voter-information/files/2024-General-Election-Turnout-and-Registration-Report.pdf,9,no
2024,Indiana,9,US House,Clark,18019,Clark,0064 SILVER CREEK 06,"Timothy ""Tim"" Peck",Erin Houchin,"Russell ""Russ"" Brooksbank",559,1031,50,0,1640,0.340854,0.628659,0.030488,0.351572,472,0.296855,Republican,96263,59078,0.61,0.613715,36556,22522,0.38,0.381225,https://www.in.gov/sos/elections/voter-information/files/2024-General-Election-Turnout-and-Registration-Report.pdf,9,no
2024,Indiana,9,US House,Clark,18019,Clark,0065 SILVER CREEK 07,"Timothy ""Tim"" Peck",Erin Houchin,"Russell ""Russ"" Brooksbank",86,175,7,0,268,0.320896,0.652985,0.026119,0.329502,89,0.340996,Republican,96263,59078,0.61,0.613715,36556,22522,0.38,0.381225,https://www.in.gov/sos/elections/voter-information/files/2024-General-Election-Turnout-and-Registration-Report.pdf,9,no
2024,Indiana,9,US House,Clark,18019,Clark,0066 UNION 01,"Timothy ""Tim"" Peck",Erin Houchin,"Russell ""Russ"" Brooksbank",312,857,56,0,1225,0.254694,0.699592,0.045714,0.266895,545,0.46621,Republican,96263,59078,0.61,0.613715,36556,22522,0.38,0.381225,https://www.in.gov/sos/elections/voter-information/files/2024-General-Election-Turnout-and-Registration-Report.pdf,9,no
2024,Indiana,9,US House,Clark,18019,Clark,0067 UNION 02,"Timothy ""Tim"" Peck",Erin Houchin,"Russell ""Russ"" Brooksbank",272,726,35,0,1033,0.263311,0.702807,0.033882,0.272545,454,0.45491,Republican,96263,59078,0.61,0.613715,36556,22522,0.38,0.381225,https://www.in.gov/sos/elections/voter-information/files/2024-General-Election-Turnout-and-Registration-Report.pdf,9,no
2024,Indiana,9,US House,Clark,18019,Clark,0068 UTICA 01,"Timothy ""Tim"" Peck",Erin Houchin,"Russell ""Russ"" Brooksbank",101,202,11,0,314,0.321656,0.643312,0.035032,0.333333,101,0.333333,Republican,96263,59078,0.61,0.613715,36556,22522,0.38,0.381225,https://www.in.gov/sos/elections/voter-information/files/2024-General-Election-Turnout-and-Registration-Report.pdf,9,no
2024,Indiana,9,US House,Clark,18019,Clark,0069 UTICA 02,"Timothy ""Tim"" Peck",Erin Houchin,"Russell ""Russ"" Brooksbank",798,889,53,0,1740,0.458621,0.51092,0.03046,0.473029,91,0.053942,Republican,96263,59078,0.61,0.613715,36556,22522,0.38,0.381225,https://www.in.gov/sos/elections/voter-information/files/2024-General-Election-Turnout-and-Registration-Report.pdf,9,no
2024,Indiana,9,US House,Clark,18019,Clark,0070 UTICA 03,"Timothy ""Tim"" Peck",Erin Houchin,"Russell ""Russ"" Brooksbank",587,963,43,0,1593,0.368487,0.60452,0.026993,0.37871,376,0.242581,Republican,96263,59078,0.61,0.613715,36556,22522,0.38,0.381225,https://www.in.gov/sos/elections/voter-information/files/2024-General-Election-Turnout-and-Registration-Report.pdf,9,no
2024,Indiana,9,US House,Clark,18019,Clark,0071 UTICA 04,"Timothy ""Tim"" Peck",Erin Houchin,"Russell ""Russ"" Brooksbank",762,913,53,0,1728,0.440972,0.528356,0.030671,0.454925,151,0.090149,Republican,96263,59078,0.61,0.613715,36556,22522,0.38,0.381225,https://www.in.gov/sos/elections/voter-information/files/2024-General-Election-Turnout-and-Registration-Report.pdf,9,no
2024,Indiana,9,US House,Clark,18019,Clark,0072 WASHINGTON 01,"Timothy ""Tim"" Peck",Erin Houchin,"Russell ""Russ"" Brooksbank",266,581,20,0,867,0.306805,0.670127,0.023068,0.31405,315,0.371901,Republican,96263,59078,0.61,0.613715,36556,22522,0.38,0.381225,https://www.in.gov/sos/elections/voter-information/files/2024-General-Election-Turnout-and-Registration-Report.pdf,9,no
2024,Indiana,9,US House,Clark,18019,Clark,0073 WOOD 01,"Timothy ""Tim"" Peck",Erin Houchin,"Russell ""Russ"" Brooksbank",82,239,17,0,338,0.242604,0.707101,0.050296,0.255452,157,0.489097,Republican,96263,59078,0.61,0.613715,36556,22522,0.38,0.381225,https://www.in.gov/sos/elections/voter-information/files/2024-General-Election-Turnout-and-Registration-Report.pdf,9,no
2024,Indiana,9,US House,Clark,18019,Clark,0074 WOOD 02,"Timothy ""Tim"" Peck",Erin Houchin,"Russell ""Russ"" Brooksbank",168,529,40,0,737,0.227951,0.717775,0.054274,0.241033,361,0.517934,Republican,96263,59078,0.61,0.613715,36556,22522,0.38,0.381225,https://www.in.gov/sos/elections/voter-information/files/2024-General-Election-Turnout-and-Registration-Report.pdf,9,no
2024,Indiana,9,US House,Clark,18019,Clark,0075 WOOD 03,"Timothy ""Tim"" Peck",Erin Houchin,"Russell ""Russ"" Brooksbank",71,233,10,0,314,0.226115,0.742038,0.031847,0.233553,162,0.532895,Republican,96263,59078,0.61,0.613715,36556,22522,0.38,0.381225,https://www.in.gov/sos/elections/voter-information/files/2024-General-Election-Turnout-and-Registration-Report.pdf,9,no
2024,Indiana,9,US House,Dearborn,18029,Dearborn,CAESAR CREEK,"Timothy ""Tim"" Peck",Erin Houchin,"Russell ""Russ"" Brooksbank",30,126,6,0,162,0.185185,0.777778,0.037037,0.192308,96,0.615385,Republican,40526,26837,0.66,0.662217,14949,11888,0.44,0.442971,https://www.in.gov/sos/elections/voter-information/files/2024-General-Election-Turnout-and-Registration-Report.pdf,9,no
2024,Indiana,9,US House,Dearborn,18029,Dearborn,CENTER 1,"Timothy ""Tim"" Peck",Erin Houchin,"Russell ""Russ"" Brooksbank",66,144,5,0,215,0.306977,0.669767,0.023256,0.314286,78,0.371429,Republican,40526,26837,0.66,0.662217,14949,11888,0.44,0.442971,https://www.in.gov/sos/elections/voter-information/files/2024-General-Election-Turnout-and-Registration-Report.pdf,9,no
2024,Indiana,9,US House,Dearborn,18029,Dearborn,CENTER 2,"Timothy ""Tim"" Peck",Erin Houchin,"Russell ""Russ"" Brooksbank",91,249,21,0,361,0.252078,0.689751,0.058172,0.267647,158,0.464706,Republican,40526,26837,0.66,0.662217,14949,11888,0.44,0.442971,https://www.in.gov/sos/elections/voter-information/files/2024-General-Election-Turnout-and-Registration-Report.pdf,9,no
2024,Indiana,9,US House,Dearborn,18029,Dearborn,CENTER 3,"Timothy ""Tim"" Peck",Erin Houchin,"Russell ""Russ"" Brooksbank",82,273,11,0,366,0.224044,0.745902,0.030055,0.230986,191,0.538028,Republican,40526,26837,0.66,0.662217,14949,11888,0.44,0.442971,https://www.in.gov/sos/elections/voter-information/files/2024-General-Election-Turnout-and-Registration-Report.pdf,9,no
2024,Indiana,9,US House,Dearborn,18029,Dearborn,CENTER 4,"Timothy ""Tim"" Peck",Erin Houchin,"Russell ""Russ"" Brooksbank",82,255,16,0,353,0.232295,0.72238,0.045326,0.243323,173,0.513353,Republican,40526,26837,0.66,0.662217,14949,11888,0.44,0.442971,https://www.in.gov/sos/elections/voter-information/files/2024-General-Election-Turnout-and-Registration-Report.pdf,9,no
2024,Indiana,9,US House,Dearborn,18029,Dearborn,CENTER 5,"Timothy ""Tim"" Peck",Erin Houchin,"Russell ""Russ"" Brooksbank",88,339,12,0,439,0.200456,0.77221,0.027335,0.206089,251,0.587822,Republican,40526,26837,0.66,0.662217,14949,11888,0.44,0.442971,https://www.in.gov/sos/elections/voter-information/files/2024-General-Election-Turnout-and-Registration-Report.pdf,9,no
2024,Indiana,9,US House,Dearborn,18029,Dearborn,CENTER 6,"Timothy ""Tim"" Peck",Erin Houchin,"Russell ""Russ"" Brooksbank",74,304,6,0,384,0.192708,0.791667,0.015625,0.195767,230,0.608466,Republican,40526,26837,0.66,0.662217,14949,11888,0.44,0.442971,https://www.in.gov/sos/elections/voter-information/files/2024-General-Election-Turnout-and-Registration-Report.pdf,9,no
2024,Indiana,9,US House,Dearborn,18029,Dearborn,CLAY 1,"Timothy ""Tim"" Peck",Erin Houchin,"Russell ""Russ"" Brooksbank",95,384,11,0,490,0.193878,0.783673,0.022449,0.19833,289,0.60334,Republican,40526,26837,0.66,0.662217,14949,11888,0.44,0.442971,https://www.in.gov/sos/elections/voter-information/files/2024-General-Election-Turnout-and-Registration-Report.pdf,9,no
2024,Indiana,9,US House,Dearborn,18029,Dearborn,CLAY 2,"Timothy ""Tim"" Peck",Erin Houchin,"Russell ""Russ"" Brooksbank",83,303,9,0,395,0.210127,0.767089,0.022785,0.215026,220,0.569948,Republican,40526,26837,0.66,0.662217,14949,11888,0.44,0.442971,https://www.in.gov/sos/elections/voter-information/files/2024-General-Election-Turnout-and-Registration-Report.pdf,9,no
2024,Indiana,9,US House,Dearborn,18029,Dearborn,CLAY 3,"Timothy ""Tim"" Peck",Erin Houchin,"Russell ""Russ"" Brooksbank",65,389,15,0,469,0.138593,0.829424,0.031983,0.143172,324,0.713656,Republican,40526,26837,0.66,0.662217,14949,11888,0.44,0.442971,https://www.in.gov/sos/elections/voter-information/files/2024-General-Election-Turnout-and-Registration-Report.pdf,9,no
2024,Indiana,9,US House,Dearborn,18029,Dearborn,GREENDALE 1,"Timothy ""Tim"" Peck",Erin Houchin,"Russell ""Russ"" Brooksbank",146,308,9,0,463,0.315335,0.665227,0.019438,0.321586,162,0.356828,Republican,40526,26837,0.66,0.662217,14949,11888,0.44,0.442971,https://www.in.gov/sos/elections/voter-information/files/2024-General-Election-Turnout-and-Registration-Report.pdf,9,no
2024,Indiana,9,US House,Dearborn,18029,Dearborn,GREENDALE 2,"Timothy ""Tim"" Peck",Erin Houchin,"Russell ""Russ"" Brooksbank",154,305,14,0,473,0.325581,0.64482,0.029598,0.335512,151,0.328976,Republican,40526,26837,0.66,0.662217,14949,11888,0.44,0.442971,https://www.in.gov/sos/elections/voter-information/files/2024-General-Election-Turnout-and-Registration-Report.pdf,9,no
2024,Indiana,9,US House,Dearborn,18029,Dearborn,GREENDALE 3,"Timothy ""Tim"" Peck",Erin Houchin,"Russell ""Russ"" Brooksbank",150,313,18,0,481,0.31185,0.650728,0.037422,0.323974,163,0.352052,Republican,40526,26837,0.66,0.662217,14949,11888,0.44,0.442971,https://www.in.gov/sos/elections/voter-information/files/2024-General-Election-Turnout-and-Registration-Report.pdf,9,no
2024,Indiana,9,US House,Dearborn,18029,Dearborn,GREENDALE 4,"Timothy ""Tim"" Peck",Erin Houchin,"Russell ""Russ"" Brooksbank",134,313,14,0,461,0.290672,0.678959,0.030369,0.299776,179,0.400447,Republican,40526,26837,0.66,0.662217,14949,11888,0.44,0.442971,https://www.in.gov/sos/elections/voter-information/files/2024-General-Election-Turnout-and-Registration-Report.pdf,9,no
2024,Indiana,9,US House,Dearborn,18029,Dearborn,GREENDALE 5,"Timothy ""Tim"" Peck",Erin Houchin,"Russell ""Russ"" Brooksbank",107,368,19,0,494,0.216599,0.744939,0.038462,0.225263,261,0.549474,Republican,40526,26837,0.66,0.662217,14949,11888,0.44,0.442971,https://www.in.gov/sos/elections/voter-information/files/2024-General-Election-Turnout-and-Registration-Report.pdf,9,no
2024,Indiana,9,US House,Dearborn,18029,Dearborn,HARRISON 1,"Timothy ""Tim"" Peck",Erin Houchin,"Russell ""Russ"" Brooksbank",12,54,1,0,67,0.179104,0.80597,0.014925,0.181818,42,0.636364,Republican,40526,26837,0.66,0.662217,14949,11888,0.44,0.442971,https://www.in.gov/sos/elections/voter-information/files/2024-General-Election-Turnout-and-Registration-Report.pdf,9,no
2024,Indiana,9,US House,Dearborn,18029,Dearborn,HARRISON 2,"Timothy ""Tim"" Peck",Erin Houchin,"Russell ""Russ"" Brooksbank",123,671,16,0,810,0.151852,0.828395,0.019753,0.154912,548,0.690176,Republican,40526,26837,0.66,0.662217,14949,11888,0.44,0.442971,https://www.in.gov/sos/elections/voter-information/files/2024-General-Election-Turnout-and-Registration-Report.pdf,9,no
2024,Indiana,9,US House,Dearborn,18029,Dearborn,HARRISON 3,"Timothy ""Tim"" Peck",Erin Houchin,"Russell ""Russ"" Brooksbank",122,769,19,0,910,0.134066,0.845055,0.020879,0.136925,647,0.72615,Republican,40526,26837,0.66,0.662217,14949,11888,0.44,0.442971,https://www.in.gov/sos/elections/voter-information/files/2024-General-Election-Turnout-and-Registration-Report.pdf,9,no
2024,Indiana,9,US House,Dearborn,18029,Dearborn,HOGAN,"Timothy ""Tim"" Peck",Erin Houchin,"Russell ""Russ"" Brooksbank",101,471,13,0,585,0.17265,0.805128,0.022222,0.176573,370,0.646853,Republican,40526,26837,0.66,0.662217,14949,11888,0.44,0.442971,https://www.in.gov/sos/elections/voter-information/files/2024-General-Election-Turnout-and-Registration-Report.pdf,9,no
2024,Indiana,9,US House,Dearborn,18029,Dearborn,JACKSON 1,"Timothy ""Tim"" Peck",Erin Houchin,"Russell ""Russ"" Brooksbank",122,838,27,0,987,0.123607,0.849037,0.027356,0.127083,716,0.745833,Republican,40526,26837,0.66,0.662217,14949,11888,0.44,0.442971,https://www.in.gov/sos/elections/voter-information/files/2024-General-Election-Turnout-and-Registration-Report.pdf,9,no
2024,Indiana,9,US House,Dearborn,18029,Dearborn,KELSO 1,"Timothy ""Tim"" Peck",Erin Houchin,"Russell ""Russ"" Brooksbank",40,313,6,0,359,0.111421,0.871866,0.016713,0.113314,273,0.773371,Republican,40526,26837,0.66,0.662217,14949,11888,0.44,0.442971,https://www.in.gov/sos/elections/voter-information/files/2024-General-Election-Turnout-and-Registration-Report.pdf,9,no
2024,Indiana,9,US House,Dearborn,18029,Dearborn,KELSO 2,"Timothy ""Tim"" Peck",Erin Houchin,"Russell ""Russ"" Brooksbank",65,360,7,0,432,0.150463,0.833333,0.016204,0.152941,295,0.694118,Republican,40526,26837,0.66,0.662217,14949,11888,0.44,0.442971,https://www.in.gov/sos/elections/voter-information/files/2024-General-Election-Turnout-and-Registration-Report.pdf,9,no
2024,Indiana,9,US House,Dearborn,18029,Dearborn,KELSO 3,"Timothy ""Tim"" Peck",Erin Houchin,"Russell ""Russ"" Brooksbank",85,587,12,0,684,0.124269,0.858187,0.017544,0.126488,502,0.747024,Republican,40526,26837,0.66,0.662217,14949,11888,0.44,0.442971,https://www.in.gov/sos/elections/voter-information/files/2024-General-Election-Turnout-and-Registration-Report.pdf,9,no
2024,Indiana,9,US House,Dearborn,18029,Dearborn,LAWRENCEBURG 01,"Timothy ""Tim"" Peck",Erin Houchin,"Russell ""Russ"" Brooksbank",159,313,24,0,496,0.320565,0.631048,0.048387,0.336864,154,0.326271,Republican,40526,26837,0.66,0.662217,14949,11888,0.44,0.442971,https://www.in.gov/sos/elections/voter-information/files/2024-General-Election-Turnout-and-Registration-Report.pdf,9,no
2024,Indiana,9,US House,Dearborn,18029,Dearborn,LAWRENCEBURG 02,"Timothy ""Tim"" Peck",Erin Houchin,"Russell ""Russ"" Brooksbank",112,229,11,0,352,0.318182,0.650568,0.03125,0.328446,117,0.343109,Republican,40526,26837,0.66,0.662217,14949,11888,0.44,0.442971,https://www.in.gov/sos/elections/voter-information/files/2024-General-Election-Turnout-and-Registration-Report.pdf,9,no
2024,Indiana,9,US House,Dearborn,18029,Dearborn,LAWRENCEBURG 03,"Timothy ""Tim"" Peck",Erin Houchin,"Russell ""Russ"" Brooksbank",133,533,7,0,673,0.197623,0.791976,0.010401,0.1997,400,0.600601,Republican,40526,26837,0.66,0.662217,14949,11888,0.44,0.442971,https://www.in.gov/sos/elections/voter-information/files/2024-General-Election-Turnout-and-Registration-Report.pdf,9,no
2024,Indiana,9,US House,Dearborn,18029,Dearborn,LAWRENCEBURG 04,"Timothy ""Tim"" Peck",Erin Houchin,"Russell ""Russ"" Brooksbank",144,347,9,0,500,0.288,0.694,0.018,0.293279,203,0.413442,Republican,40526,26837,0.66,0.662217,14949,11888,0.44,0.442971,https://www.in.gov/sos/elections/voter-information/files/2024-General-Election-Turnout-and-Registration-Report.pdf,9,no
2024,Indiana,9,US House,Dearborn,18029,Dearborn,LAWRENCEBURG 08,"Timothy ""Tim"" Peck",Erin Houchin,"Russell ""Russ"" Brooksbank",64,187,6,0,257,0.249027,0.727626,0.023346,0.25498,123,0.49004,Republican,40526,26837,0.66,0.662217,14949,11888,0.44,0.442971,https://www.in.gov/sos/elections/voter-information/files/2024-General-Election-Turnout-and-Registration-Report.pdf,9,no
2024,Indiana,9,US House,Dearborn,18029,Dearborn,LAWRENCEBURG 09,"Timothy ""Tim"" Peck",Erin Houchin,"Russell ""Russ"" Brooksbank",100,454,17,0,571,0.175131,0.795096,0.029772,0.180505,354,0.638989,Republican,40526,26837,0.66,0.662217,14949,11888,0.44,0.442971,https://www.in.gov/sos/elections/voter-information/files/2024-General-Election-Turnout-and-Registration-Report.pdf,9,no
2024,Indiana,9,US House,Dearborn,18029,Dearborn,LOGAN 1,"Timothy ""Tim"" Peck",Erin Houchin,"Russell ""Russ"" Brooksbank",156,1079,26,0,1261,0.123711,0.85567,0.020619,0.126316,923,0.747368,Republican,40526,26837,0.66,0.662217,14949,11888,0.44,0.442971,https://www.in.gov/sos/elections/voter-information/files/2024-General-Election-Turnout-and-Registration-Report.pdf,9,no
2024,Indiana,9,US House,Dearborn,18029,Dearborn,LOGAN 2,"Timothy ""Tim"" Peck",Erin Houchin,"Russell ""Russ"" Brooksbank",128,920,26,0,1074,0.119181,0.856611,0.024209,0.122137,792,0.755725,Republican,40526,26837,0.66,0.662217,14949,11888,0.44,0.442971,https://www.in.gov/sos/elections/voter-information/files/2024-General-Election-Turnout-and-Registration-Report.pdf,9,no
2024,Indiana,9,US House,Dearborn,18029,Dearborn,MANCHESTER 1,"Timothy ""Tim"" Peck",Erin Houchin,"Russell ""Russ"" Brooksbank",127,639,17,0,783,0.162197,0.816092,0.021711,0.165796,512,0.668407,Republican,40526,26837,0.66,0.662217,14949,11888,0.44,0.442971,https://www.in.gov/sos/elections/voter-information/files/2024-General-Election-Turnout-and-Registration-Report.pdf,9,no
2024,Indiana,9,US House,Dearborn,18029,Dearborn,MANCHESTER 2,"Timothy ""Tim"" Peck",Erin Houchin,"Russell ""Russ"" Brooksbank",136,803,17,0,956,0.142259,0.839958,0.017782,0.144835,667,0.71033,Republican,40526,26837,0.66,0.662217,14949,11888,0.44,0.442971,https://www.in.gov/sos/elections/voter-information/files/2024-General-Election-Turnout-and-Registration-Report.pdf,9,no
2024,Indiana,9,US House,Dearborn,18029,Dearborn,MILLER 1,"Timothy ""Tim"" Peck",Erin Houchin,"Russell ""Russ"" Brooksbank",146,715,24,0,885,0.164972,0.80791,0.027119,0.16957,569,0.660859,Republican,40526,26837,0.66,0.662217,14949,11888,0.44,0.442971,https://www.in.gov/sos/elections/voter-information/files/2024-General-Election-Turnout-and-Registration-Report.pdf,9,no
2024,Indiana,9,US House,Dearborn,18029,Dearborn,MILLER 2,"Timothy ""Tim"" Peck",Erin Houchin,"Russell ""Russ"" Brooksbank",142,675,20,0,837,0.169654,0.806452,0.023895,0.173807,533,0.652387,Republican,40526,26837,0.66,0.662217,14949,11888,0.44,0.442971,https://www.in.gov/sos/elections/voter-information/files/2024-General-Election-Turnout-and-Registration-Report.pdf,9,no
2024,Indiana,9,US House,Dearborn,18029,Dearborn,MILLER 3,"Timothy ""Tim"" Peck",Erin Houchin,"Russell ""Russ"" Brooksbank",196,676,24,0,896,0.21875,0.754464,0.026786,0.224771,480,0.550459,Republican,40526,26837,0.66,0.662217,14949,11888,0.44,0.442971,https://www.in.gov/sos/elections/voter-information/files/2024-General-Election-Turnout-and-Registration-Report.pdf,9,no
2024,Indiana,9,US House,Dearborn,18029,Dearborn,MILLER 4,"Timothy ""Tim"" Peck",Erin Houchin,"Russell ""Russ"" Brooksbank",110,724,20,0,854,0.128806,0.847775,0.023419,0.131894,614,0.736211,Republican,40526,26837,0.66,0.662217,14949,11888,0.44,0.442971,https://www.in.gov/sos/elections/voter-information/files/2024-General-Election-Turnout-and-Registration-Report.pdf,9,no
2024,Indiana,9,US House,Dearborn,18029,Dearborn,MILLER 5,"Timothy ""Tim"" Peck",Erin Houchin,"Russell ""Russ"" Brooksbank",69,518,23,0,610,0.113115,0.84918,0.037705,0.117547,449,0.764906,Republican,40526,26837,0.66,0.662217,14949,11888,0.44,0.442971,https://www.in.gov/sos/elections/voter-information/files/2024-General-Election-Turnout-and-Registration-Report.pdf,9,no
2024,Indiana,9,US House,Dearborn,18029,Dearborn,MILLER 6,"Timothy ""Tim"" Peck",Erin Houchin,"Russell ""Russ"" Brooksbank",201,792,20,0,1013,0.198421,0.781836,0.019743,0.202417,591,0.595166,Republican,40526,26837,0.66,0.662217,14949,11888,0.44,0.442971,https://www.in.gov/sos/elections/voter-information/files/2024-General-Election-Turnout-and-Registration-Report.pdf,9,no
2024,Indiana,9,US House,Dearborn,18029,Dearborn,MILLER 7,"Timothy ""Tim"" Peck",Erin Houchin,"Russell ""Russ"" Brooksbank",142,581,26,0,749,0.189586,0.775701,0.034713,0.196404,439,0.607192,Republican,40526,26837,0.66,0.662217,14949,11888,0.44,0.442971,https://www.in.gov/sos/elections/voter-information/files/2024-General-Election-Turnout-and-Registration-Report.pdf,9,no
2024,Indiana,9,US House,Dearborn,18029,Dearborn,SPARTA 1,"Timothy ""Tim"" Peck",Erin Houchin,"Russell ""Russ"" Brooksbank",50,175,11,0,236,0.211864,0.741525,0.04661,0.222222,125,0.555556,Republican,40526,26837,0.66,0.662217,14949,11888,0.44,0.442971,https://www.in.gov/sos/elections/voter-information/files/2024-General-Election-Turnout-and-Registration-Report.pdf,9,no
2024,Indiana,9,US House,Dearborn,18029,Dearborn,SPARTA 2,"Timothy ""Tim"" Peck",Erin Houchin,"Russell ""Russ"" Brooksbank",121,581,18,0,720,0.168056,0.806944,0.025,0.172365,460,0.655271,Republican,40526,26837,0.66,0.662217,14949,11888,0.44,0.442971,https://www.in.gov/sos/elections/voter-information/files/2024-General-Election-Turnout-and-Registration-Report.pdf,9,no
2024,Indiana,9,US House,Dearborn,18029,Dearborn,SPARTA 3,"Timothy ""Tim"" Peck",Erin Houchin,"Russell ""Russ"" Brooksbank",56,332,12,0,400,0.14,0.83,0.03,0.14433,276,0.71134,Republican,40526,26837,0.66,0.662217,14949,11888,0.44,0.442971,https://www.in.gov/sos/elections/voter-information/files/2024-General-Election-Turnout-and-Registration-Report.pdf,9,no
2024,Indiana,9,US House,Dearborn,18029,Dearborn,WASHINGTON 1,"Timothy ""Tim"" Peck",Erin Houchin,"Russell ""Russ"" Brooksbank",168,573,25,0,766,0.219321,0.748042,0.032637,0.226721,405,0.546559,Republican,40526,26837,0.66,0.662217,14949,11888,0.44,0.442971,https://www.in.gov/sos/elections/voter-information/files/2024-General-Election-Turnout-and-Registration-Report.pdf,9,no
2024,Indiana,9,US House,Dearborn,18029,Dearborn,YORK 1,"Timothy ""Tim"" Peck",Erin Houchin,"Russell ""Russ"" Brooksbank",107,531,10,0,648,0.165123,0.819444,0.015432,0.167712,424,0.664577,Republican,40526,26837,0.66,0.662217,14949,11888,0.44,0.442971,https://www.in.gov/sos/elections/voter-information/files/2024-General-Election-Turnout-and-Registration-Report.pdf,9,no
2024,Indiana,9,US House,Decatur,18031,Decatur,ADAMS TOWNSHIP,"Timothy ""Tim"" Peck",Erin Houchin,"Russell ""Russ"" Brooksbank",110,473,26,0,609,0.180624,0.776683,0.042693,0.188679,363,0.622642,Republican,17631,12281,0.7,0.696557,6566,5715,0.47,0.465353,https://www.in.gov/sos/elections/voter-information/files/2024-General-Election-Turnout-and-Registration-Report.pdf,9,no
2024,Indiana,9,US House,Decatur,18031,Decatur,CLAY TOWNSHIP,"Timothy ""Tim"" Peck",Erin Houchin,"Russell ""Russ"" Brooksbank",71,465,20,0,556,0.127698,0.836331,0.035971,0.132463,394,0.735075,Republican,17631,12281,0.7,0.696557,6566,5715,0.47,0.465353,https://www.in.gov/sos/elections/voter-information/files/2024-General-Election-Turnout-and-Registration-Report.pdf,9,no
2024,Indiana,9,US House,Decatur,18031,Decatur,CLINTON TOWNSHIP,"Timothy ""Tim"" Peck",Erin Houchin,"Russell ""Russ"" Brooksbank",27,224,5,0,256,0.105469,0.875,0.019531,0.10757,197,0.784861,Republican,17631,12281,0.7,0.696557,6566,5715,0.47,0.465353,https://www.in.gov/sos/elections/voter-information/files/2024-General-Election-Turnout-and-Registration-Report.pdf,9,no
2024,Indiana,9,US House,Decatur,18031,Decatur,FUGIT TOWNSHIP,"Timothy ""Tim"" Peck",Erin Houchin,"Russell ""Russ"" Brooksbank",183,865,24,0,1072,0.170709,0.806903,0.022388,0.174618,682,0.650763,Republican,17631,12281,0.7,0.696557,6566,5715,0.47,0.465353,https://www.in.gov/sos/elections/voter-information/files/2024-General-Election-Turnout-and-Registration-Report.pdf,9,no
2024,Indiana,9,US House,Decatur,18031,Decatur,GREENSBURG 01,"Timothy ""Tim"" Peck",Erin Houchin,"Russell ""Russ"" Brooksbank",147,439,23,0,609,0.241379,0.720854,0.037767,0.250853,292,0.498294,Republican,17631,12281,0.7,0.696557,6566,5715,0.47,0.465353,https://www.in.gov/sos/elections/voter-information/files/2024-General-Election-Turnout-and-Registration-Report.pdf,9,no
2024,Indiana,9,US House,Decatur,18031,Decatur,GREENSBURG 02,"Timothy ""Tim"" Peck",Erin Houchin,"Russell ""Russ"" Brooksbank",140,399,14,0,553,0.253165,0.721519,0.025316,0.25974,259,0.480519,Republican,17631,12281,0.7,0.696557,6566,5715,0.47,0.465353,https://www.in.gov/sos/elections/voter-information/files/2024-General-Election-Turnout-and-Registration-Report.pdf,9,no
2024,Indiana,9,US House,Decatur,18031,Decatur,GREENSBURG 03,"Timothy ""Tim"" Peck",Erin Houchin,"Russell ""Russ"" Brooksbank",126,328,12,0,466,0.270386,0.703863,0.025751,0.277533,202,0.444934,Republican,17631,12281,0.7,0.696557,6566,5715,0.47,0.465353,https://www.in.gov/sos/elections/voter-information/files/2024-General-Election-Turnout-and-Registration-Report.pdf,9,no
2024,Indiana,9,US House,Decatur,18031,Decatur,GREENSBURG 04,"Timothy ""Tim"" Peck",Erin Houchin,"Russell ""Russ"" Brooksbank",167,655,20,0,842,0.198337,0.77791,0.023753,0.203163,488,0.593674,Republican,17631,12281,0.7,0.696557,6566,5715,0.47,0.465353,https://www.in.gov/sos/elections/voter-information/files/2024-General-Election-Turnout-and-Registration-Report.pdf,9,no
2024,Indiana,9,US House,Decatur,18031,Decatur,GREENSBURG 05,"Timothy ""Tim"" Peck",Erin Houchin,"Russell ""Russ"" Brooksbank",119,428,26,0,573,0.207679,0.746946,0.045375,0.21755,309,0.564899,Republican,17631,12281,0.7,0.696557,6566,5715,0.47,0.465353,https://www.in.gov/sos/elections/voter-information/files/2024-General-Election-Turnout-and-Registration-Report.pdf,9,no
2024,Indiana,9,US House,Decatur,18031,Decatur,GREENSBURG 06,"Timothy ""Tim"" Peck",Erin Houchin,"Russell ""Russ"" Brooksbank",87,249,15,0,351,0.247863,0.709402,0.042735,0.258929,162,0.482143,Republican,17631,12281,0.7,0.696557,6566,5715,0.47,0.465353,https://www.in.gov/sos/elections/voter-information/files/2024-General-Election-Turnout-and-Registration-Report.pdf,9,no
2024,Indiana,9,US House,Decatur,18031,Decatur,GREENSBURG 07,"Timothy ""Tim"" Peck",Erin Houchin,"Russell ""Russ"" Brooksbank",138,492,27,0,657,0.210046,0.748858,0.041096,0.219048,354,0.561905,Republican,17631,12281,0.7,0.696557,6566,5715,0.47,0.465353,https://www.in.gov/sos/elections/voter-information/files/2024-General-Election-Turnout-and-Registration-Report.pdf,9,no
2024,Indiana,9,US House,Decatur,18031,Decatur,GREENSBURG 07 / ADAMS (NV),"Timothy ""Tim"" Peck",Erin Houchin,"Russell ""Russ"" Brooksbank",0,0,0,0,0,,,,,0,,Tie,17631,12281,0.7,0.696557,6566,5715,0.47,0.465353,https://www.in.gov/sos/elections/voter-information/files/2024-General-Election-Turnout-and-Registration-Report.pdf,9,no
2024,Indiana,9,US House,Decatur,18031,Decatur,GREENSBURG 07 / CLAY (NV),"Timothy ""Tim"" Peck",Erin Houchin,"Russell ""Russ"" Brooksbank",0,0,0,0,0,,,,,0,,Tie,17631,12281,0.7,0.696557,6566,5715,0.47,0.465353,https://www.in.gov/sos/elections/voter-information/files/2024-General-Election-Turnout-and-Registration-Report.pdf,9,no
2024,Indiana,9,US House,Decatur,18031,Decatur,GREENSBURG 08,"Timothy ""Tim"" Peck",Erin Houchin,"Russell ""Russ"" Brooksbank",116,412,21,0,549,0.211293,0.750455,0.038251,0.219697,296,0.560606,Republican,17631,12281,0.7,0.696557,6566,5715,0.47,0.465353,https://www.in.gov/sos/elections/voter-information/files/2024-General-Election-Turnout-and-Registration-Report.pdf,9,no
2024,Indiana,9,US House,Decatur,18031,Decatur,JACKSON TOWNSHIP,"Timothy ""Tim"" Peck",Erin Houchin,"Russell ""Russ"" Brooksbank",65,398,29,0,492,0.132114,0.808943,0.058943,0.140389,333,0.719222,Republican,17631,12281,0.7,0.696557,6566,5715,0.47,0.465353,https://www.in.gov/sos/elections/voter-information/files/2024-General-Election-Turnout-and-Registration-Report.pdf,9,no
2024,Indiana,9,US House,Decatur,18031,Decatur,MARION TOWNSHIP,"Timothy ""Tim"" Peck",Erin Houchin,"Russell ""Russ"" Brooksbank",99,787,27,0,913,0.108434,0.861993,0.029573,0.111738,688,0.776524,Republican,17631,12281,0.7,0.696557,6566,5715,0.47,0.465353,https://www.in.gov/sos/elections/voter-information/files/2024-General-Election-Turnout-and-Registration-Report.pdf,9,no
2024,Indiana,9,US House,Decatur,18031,Decatur,SALTCREEK TOWNSHIP,"Timothy ""Tim"" Peck",Erin Houchin,"Russell ""Russ"" Brooksbank",69,536,20,0,625,0.1104,0.8576,0.032,0.11405,467,0.771901,Republican,17631,12281,0.7,0.696557,6566,5715,0.47,0.465353,https://www.in.gov/sos/elections/voter-information/files/2024-General-Election-Turnout-and-Registration-Report.pdf,9,no
2024,Indiana,9,US House,Decatur,18031,Decatur,SANDCREEK NORTH,"Timothy ""Tim"" Peck",Erin Houchin,"Russell ""Russ"" Brooksbank",45,361,12,0,418,0.107656,0.863636,0.028708,0.110837,316,0.778325,Republican,17631,12281,0.7,0.696557,6566,5715,0.47,0.465353,https://www.in.gov/sos/elections/voter-information/files/2024-General-Election-Turnout-and-Registration-Report.pdf,9,no
2024,Indiana,9,US House,Decatur,18031,Decatur,SANDCREEK SOUTH,"Timothy ""Tim"" Peck",Erin Houchin,"Russell ""Russ"" Brooksbank",60,326,14,0,400,0.15,0.815,0.035,0.15544,266,0.689119,Republican,17631,12281,0.7,0.696557,6566,5715,0.47,0.465353,https://www.in.gov/sos/elections/voter-information/files/2024-General-Election-Turnout-and-Registration-Report.pdf,9,no
2024,Indiana,9,US House,Decatur,18031,Decatur,ST. PAUL,"Timothy ""Tim"" Peck",Erin Houchin,"Russell ""Russ"" Brooksbank",54,174,11,0,239,0.225941,0.728033,0.046025,0.236842,120,0.526316,Republican,17631,12281,0.7,0.696557,6566,5715,0.47,0.465353,https://www.in.gov/sos/elections/voter-information/files/2024-General-Election-Turnout-and-Registration-Report.pdf,9,no
2024,Indiana,9,US House,Decatur,18031,Decatur,WASHINGTON TOWNSHIP,"Timothy ""Tim"" Peck",Erin Houchin,"Russell ""Russ"" Brooksbank",154,775,28,0,957,0.16092,0.809822,0.029258,0.16577,621,0.668461,Republican,17631,12281,0.7,0.696557,6566,5715,0.47,0.465353,https://www.in.gov/sos/elections/voter-information/files/2024-General-Election-Turnout-and-Registration-Report.pdf,9,no
2024,Indiana,9,US House,Decatur,18031,Decatur,WESTPORT,"Timothy ""Tim"" Peck",Erin Houchin,"Russell ""Russ"" Brooksbank",92,415,19,0,526,0.174905,0.788973,0.036122,0.18146,323,0.637081,Republican,17631,12281,0.7,0.696557,6566,5715,0.47,0.465353,https://www.in.gov/sos/elections/voter-information/files/2024-General-Election-Turnout-and-Registration-Report.pdf,9,no
2024,Indiana,9,US House,Floyd,18043,Floyd,Franklin - 1,"Timothy ""Tim"" Peck",Erin Houchin,"Russell ""Russ"" Brooksbank",213,509,20,0,742,0.287062,0.685984,0.026954,0.295014,296,0.409972,Republican,62972,41686,0.66,0.661977,13566,28120,0.67,0.674567,https://www.in.gov/sos/elections/voter-information/files/2024-General-Election-Turnout-and-Registration-Report.pdf,9,no
2024,Indiana,9,US House,Floyd,18043,Floyd,Georgetown - 1,"Timothy ""Tim"" Peck",Erin Houchin,"Russell ""Russ"" Brooksbank",313,594,26,0,933,0.335477,0.636656,0.027867,0.345094,281,0.309813,Republican,62972,41686,0.66,0.661977,13566,28120,0.67,0.674567,https://www.in.gov/sos/elections/voter-information/files/2024-General-Election-Turnout-and-Registration-Report.pdf,9,no
2024,Indiana,9,US House,Floyd,18043,Floyd,Georgetown - 2,"Timothy ""Tim"" Peck",Erin Houchin,"Russell ""Russ"" Brooksbank",339,709,29,0,1077,0.314763,0.65831,0.026927,0.323473,370,0.353053,Republican,62972,41686,0.66,0.661977,13566,28120,0.67,0.674567,https://www.in.gov/sos/elections/voter-information/files/2024-General-Election-Turnout-and-Registration-Report.pdf,9,no
2024,Indiana,9,US House,Floyd,18043,Floyd,Georgetown - 3,"Timothy ""Tim"" Peck",Erin Houchin,"Russell ""Russ"" Brooksbank",320,697,12,0,1029,0.310982,0.677357,0.011662,0.314651,377,0.370698,Republican,62972,41686,0.66,0.661977,13566,28120,0.67,0.674567,https://www.in.gov/sos/elections/voter-information/files/2024-General-Election-Turnout-and-Registration-Report.pdf,9,no
2024,Indiana,9,US House,Floyd,18043,Floyd,Georgetown - 4,"Timothy ""Tim"" Peck",Erin Houchin,"Russell ""Russ"" Brooksbank",363,911,30,0,1304,0.278374,0.69862,0.023006,0.284929,548,0.430141,Republican,62972,41686,0.66,0.661977,13566,28120,0.67,0.674567,https://www.in.gov/sos/elections/voter-information/files/2024-General-Election-Turnout-and-Registration-Report.pdf,9,no
2024,Indiana,9,US House,Floyd,18043,Floyd,Georgetown - 5,"Timothy ""Tim"" Peck",Erin Houchin,"Russell ""Russ"" Brooksbank",365,775,33,0,1173,0.311168,0.660699,0.028133,0.320175,410,0.359649,Republican,62972,41686,0.66,0.661977,13566,28120,0.67,0.674567,https://www.in.gov/sos/elections/voter-information/files/2024-General-Election-Turnout-and-Registration-Report.pdf,9,no
2024,Indiana,9,US House,Floyd,18043,Floyd,Georgetown - 6,"Timothy ""Tim"" Peck",Erin Houchin,"Russell ""Russ"" Brooksbank",230,494,27,0,751,0.306258,0.65779,0.035952,0.31768,264,0.364641,Republican,62972,41686,0.66,0.661977,13566,28120,0.67,0.674567,https://www.in.gov/sos/elections/voter-information/files/2024-General-Election-Turnout-and-Registration-Report.pdf,9,no
2024,Indiana,9,US House,Floyd,18043,Floyd,Georgetown - 7,"Timothy ""Tim"" Peck",Erin Houchin,"Russell ""Russ"" Brooksbank",170,446,10,0,626,0.271565,0.71246,0.015974,0.275974,276,0.448052,Republican,62972,41686,0.66,0.661977,13566,28120,0.67,0.674567,https://www.in.gov/sos/elections/voter-information/files/2024-General-Election-Turnout-and-Registration-Report.pdf,9,no
2024,Indiana,9,US House,Floyd,18043,Floyd,Greenville - 1,"Timothy ""Tim"" Peck",Erin Houchin,"Russell ""Russ"" Brooksbank",253,649,17,0,919,0.275299,0.706202,0.018498,0.280488,396,0.439024,Republican,62972,41686,0.66,0.661977,13566,28120,0.67,0.674567,https://www.in.gov/sos/elections/voter-information/files/2024-General-Election-Turnout-and-Registration-Report.pdf,9,no
2024,Indiana,9,US House,Floyd,18043,Floyd,Greenville - 2,"Timothy ""Tim"" Peck",Erin Houchin,"Russell ""Russ"" Brooksbank",247,551,18,0,816,0.302696,0.675245,0.022059,0.309524,304,0.380952,Republican,62972,41686,0.66,0.661977,13566,28120,0.67,0.674567,https://www.in.gov/sos/elections/voter-information/files/2024-General-Election-Turnout-and-Registration-Report.pdf,9,no
2024,Indiana,9,US House,Floyd,18043,Floyd,Greenville - 3,"Timothy ""Tim"" Peck",Erin Houchin,"Russell ""Russ"" Brooksbank",182,483,14,0,679,0.268041,0.71134,0.020619,0.273684,301,0.452632,Republican,62972,41686,0.66,0.661977,13566,28120,0.67,0.674567,https://www.in.gov/sos/elections/voter-information/files/2024-General-Election-Turnout-and-Registration-Report.pdf,9,no
2024,Indiana,9,US House,Floyd,18043,Floyd,Greenville - 4,"Timothy ""Tim"" Peck",Erin Houchin,"Russell ""Russ"" Brooksbank",283,577,19,0,879,0.321957,0.656428,0.021615,0.32907,294,0.34186,Republican,62972,41686,0.66,0.661977,13566,28120,0.67,0.674567,https://www.in.gov/sos/elections/voter-information/files/2024-General-Election-Turnout-and-Registration-Report.pdf,9,no
2024,Indiana,9,US House,Floyd,18043,Floyd,Greenville - 5,"Timothy ""Tim"" Peck",Erin Houchin,"Russell ""Russ"" Brooksbank",219,533,23,0,775,0.282581,0.687742,0.029677,0.291223,314,0.417553,Republican,62972,41686,0.66,0.661977,13566,28120,0.67,0.674567,https://www.in.gov/sos/elections/voter-information/files/2024-General-Election-Turnout-and-Registration-Report.pdf,9,no
2024,Indiana,9,US House,Floyd,18043,Floyd,Greenville - 6,"Timothy ""Tim"" Peck",Erin Houchin,"Russell ""Russ"" Brooksbank",96,257,17,0,370,0.259459,0.694595,0.045946,0.271955,161,0.456091,Republican,62972,41686,0.66,0.661977,13566,28120,0.67,0.674567,https://www.in.gov/sos/elections/voter-information/files/2024-General-Election-Turnout-and-Registration-Report.pdf,9,no
2024,Indiana,9,US House,Floyd,18043,Floyd,Lafayette - 1,"Timothy ""Tim"" Peck",Erin Houchin,"Russell ""Russ"" Brooksbank",330,714,18,0,1062,0.310734,0.672316,0.016949,0.316092,384,0.367816,Republican,62972,41686,0.66,0.661977,13566,28120,0.67,0.674567,https://www.in.gov/sos/elections/voter-information/files/2024-General-Election-Turnout-and-Registration-Report.pdf,9,no
2024,Indiana,9,US House,Floyd,18043,Floyd,Lafayette - 2,"Timothy ""Tim"" Peck",Erin Houchin,"Russell ""Russ"" Brooksbank",173,378,15,0,566,0.305654,0.667845,0.026502,0.313975,205,0.372051,Republican,62972,41686,0.66,0.661977,13566,28120,0.67,0.674567,https://www.in.gov/sos/elections/voter-information/files/2024-General-Election-Turnout-and-Registration-Report.pdf,9,no
2024,Indiana,9,US House,Floyd,18043,Floyd,Lafayette - 3,"Timothy ""Tim"" Peck",Erin Houchin,"Russell ""Russ"" Brooksbank",176,347,10,0,533,0.330206,0.651032,0.018762,0.33652,171,0.32696,Republican,62972,41686,0.66,0.661977,13566,28120,0.67,0.674567,https://www.in.gov/sos/elections/voter-information/files/2024-General-Election-Turnout-and-Registration-Report.pdf,9,no
2024,Indiana,9,US House,Floyd,18043,Floyd,Lafayette - 4,"Timothy ""Tim"" Peck",Erin Houchin,"Russell ""Russ"" Brooksbank",223,483,19,0,725,0.307586,0.666207,0.026207,0.315864,260,0.368272,Republican,62972,41686,0.66,0.661977,13566,28120,0.67,0.674567,https://www.in.gov/sos/elections/voter-information/files/2024-General-Election-Turnout-and-Registration-Report.pdf,9,no
2024,Indiana,9,US House,Floyd,18043,Floyd,Lafayette - 5,"Timothy ""Tim"" Peck",Erin Houchin,"Russell ""Russ"" Brooksbank",349,637,27,0,1013,0.344521,0.628825,0.026654,0.353955,288,0.292089,Republican,62972,41686,0.66,0.661977,13566,28120,0.67,0.674567,https://www.in.gov/sos/elections/voter-information/files/2024-General-Election-Turnout-and-Registration-Report.pdf,9,no
2024,Indiana,9,US House,Floyd,18043,Floyd,Lafayette - 6,"Timothy ""Tim"" Peck",Erin Houchin,"Russell ""Russ"" Brooksbank",207,380,14,0,601,0.344426,0.63228,0.023295,0.352641,173,0.294719,Republican,62972,41686,0.66,0.661977,13566,28120,0.67,0.674567,https://www.in.gov/sos/elections/voter-information/files/2024-General-Election-Turnout-and-Registration-Report.pdf,9,no
2024,Indiana,9,US House,Floyd,18043,Floyd,Lafayette - 7,"Timothy ""Tim"" Peck",Erin Houchin,"Russell ""Russ"" Brooksbank",159,373,12,0,544,0.292279,0.685662,0.022059,0.298872,214,0.402256,Republican,62972,41686,0.66,0.661977,13566,28120,0.67,0.674567,https://www.in.gov/sos/elections/voter-information/files/2024-General-Election-Turnout-and-Registration-Report.pdf,9,no
2024,Indiana,9,US House,Floyd,18043,Floyd,New Albany - 01,"Timothy ""Tim"" Peck",Erin Houchin,"Russell ""Russ"" Brooksbank",306,346,27,0,679,0.450663,0.509573,0.039764,0.469325,40,0.06135,Republican,62972,41686,0.66,0.661977,13566,28120,0.67,0.674567,https://www.in.gov/sos/elections/voter-information/files/2024-General-Election-Turnout-and-Registration-Report.pdf,9,no
2024,Indiana,9,US House,Floyd,18043,Floyd,New Albany - 03,"Timothy ""Tim"" Peck",Erin Houchin,"Russell ""Russ"" Brooksbank",315,229,15,0,559,0.563506,0.40966,0.026834,0.579044,-86,-0.158088,Democratic,62972,41686,0.66,0.661977,13566,28120,0.67,0.674567,https://www.in.gov/sos/elections/voter-information/files/2024-General-Election-Turnout-and-Registration-Report.pdf,9,no
2024,Indiana,9,US House,Floyd,18043,Floyd,New Albany - 05,"Timothy ""Tim"" Peck",Erin Houchin,"Russell ""Russ"" Brooksbank",401,279,24,0,704,0.569602,0.396307,0.034091,0.589706,-122,-0.179412,Democratic,62972,41686,0.66,0.661977,13566,28120,0.67,0.674567,https://www.in.gov/sos/elections/voter-information/files/2024-General-Election-Turnout-and-Registration-Report.pdf,9,no
2024,Indiana,9,US House,Floyd,18043,Floyd,New Albany - 07,"Timothy ""Tim"" Peck",Erin Houchin,"Russell ""Russ"" Brooksbank",241,167,6,0,414,0.582126,0.403382,0.014493,0.590686,-74,-0.181373,Democratic,62972,41686,0.66,0.661977,13566,28120,0.67,0.674567,https://www.in.gov/sos/elections/voter-information/files/2024-General-Election-Turnout-and-Registration-Report.pdf,9,no
2024,Indiana,9,US House,Floyd,18043,Floyd,New Albany - 09,"Timothy ""Tim"" Peck",Erin Houchin,"Russell ""Russ"" Brooksbank",317,307,23,0,647,0.489954,0.474498,0.035549,0.508013,-10,-0.016026,Democratic,62972,41686,0.66,0.661977,13566,28120,0.67,0.674567,https://www.in.gov/sos/elections/voter-information/files/2024-General-Election-Turnout-and-Registration-Report.pdf,9,no
2024,Indiana,9,US House,Floyd,18043,Floyd,New Albany - 10,"Timothy ""Tim"" Peck",Erin Houchin,"Russell ""Russ"" Brooksbank",355,280,17,0,652,0.544479,0.429448,0.026074,0.559055,-75,-0.11811,Democratic,62972,41686,0.66,0.661977,13566,28120,0.67,0.674567,https://www.in.gov/sos/elections/voter-information/files/2024-General-Election-Turnout-and-Registration-Report.pdf,9,no
2024,Indiana,9,US House,Floyd,18043,Floyd,New Albany - 11,"Timothy ""Tim"" Peck",Erin Houchin,"Russell ""Russ"" Brooksbank",462,268,20,0,750,0.616,0.357333,0.026667,0.632877,-194,-0.265753,Democratic,62972,41686,0.66,0.661977,13566,28120,0.67,0.674567,https://www.in.gov/sos/elections/voter-information/files/2024-General-Election-Turnout-and-Registration-Report.pdf,9,no
2024,Indiana,9,US House,Floyd,18043,Floyd,New Albany - 13,"Timothy ""Tim"" Peck",Erin Houchin,"Russell ""Russ"" Brooksbank",186,162,9,0,357,0.521008,0.453782,0.02521,0.534483,-24,-0.068966,Democratic,62972,41686,0.66,0.661977,13566,28120,0.67,0.674567,https://www.in.gov/sos/elections/voter-information/files/2024-General-Election-Turnout-and-Registration-Report.pdf,9,no
2024,Indiana,9,US House,Floyd,18043,Floyd,New Albany - 14,"Timothy ""Tim"" Peck",Erin Houchin,"Russell ""Russ"" Brooksbank",367,287,16,0,670,0.547761,0.428358,0.023881,0.561162,-80,-0.122324,Democratic,62972,41686,0.66,0.661977,13566,28120,0.67,0.674567,https://www.in.gov/sos/elections/voter-information/files/2024-General-Election-Turnout-and-Registration-Report.pdf,9,no
2024,Indiana,9,US House,Floyd,18043,Floyd,New Albany - 16,"Timothy ""Tim"" Peck",Erin Houchin,"Russell ""Russ"" Brooksbank",277,256,10,0,543,0.510129,0.471455,0.018416,0.5197,-21,-0.0394,Democratic,62972,41686,0.66,0.661977,13566,28120,0.67,0.674567,https://www.in.gov/sos/elections/voter-information/files/2024-General-Election-Turnout-and-Registration-Report.pdf,9,no
2024,Indiana,9,US House,Floyd,18043,Floyd,New Albany - 18,"Timothy ""Tim"" Peck",Erin Houchin,"Russell ""Russ"" Brooksbank",318,230,17,0,565,0.562832,0.40708,0.030088,0.580292,-88,-0.160584,Democratic,62972,41686,0.66,0.661977,13566,28120,0.67,0.674567,https://www.in.gov/sos/elections/voter-information/files/2024-General-Election-Turnout-and-Registration-Report.pdf,9,no
2024,Indiana,9,US House,Floyd,18043,Floyd,New Albany - 19,"Timothy ""Tim"" Peck",Erin Houchin,"Russell ""Russ"" Brooksbank",247,269,10,0,526,0.469582,0.511407,0.019011,0.478682,22,0.042636,Republican,62972,41686,0.66,0.661977,13566,28120,0.67,0.674567,https://www.in.gov/sos/elections/voter-information/files/2024-General-Election-Turnout-and-Registration-Report.pdf,9,no
2024,Indiana,9,US House,Floyd,18043,Floyd,New Albany - 20,"Timothy ""Tim"" Peck",Erin Houchin,"Russell ""Russ"" Brooksbank",318,405,17,0,740,0.42973,0.547297,0.022973,0.439834,87,0.120332,Republican,62972,41686,0.66,0.661977,13566,28120,0.67,0.674567,https://www.in.gov/sos/elections/voter-information/files/2024-General-Election-Turnout-and-Registration-Report.pdf,9,no
2024,Indiana,9,US House,Floyd,18043,Floyd,New Albany - 21,"Timothy ""Tim"" Peck",Erin Houchin,"Russell ""Russ"" Brooksbank",173,159,8,0,340,0.508824,0.467647,0.023529,0.521084,-14,-0.042169,Democratic,62972,41686,0.66,0.661977,13566,28120,0.67,0.674567,https://www.in.gov/sos/elections/voter-information/files/2024-General-Election-Turnout-and-Registration-Report.pdf,9,no
2024,Indiana,9,US House,Floyd,18043,Floyd,New Albany - 22,"Timothy ""Tim"" Peck",Erin Houchin,"Russell ""Russ"" Brooksbank",245,223,12,0,480,0.510417,0.464583,0.025,0.523504,-22,-0.047009,Democratic,62972,41686,0.66,0.661977,13566,28120,0.67,0.674567,https://www.in.gov/sos/elections/voter-information/files/2024-General-Election-Turnout-and-Registration-Report.pdf,9,no
2024,Indiana,9,US House,Floyd,18043,Floyd,New Albany - 23,"Timothy ""Tim"" Peck",Erin Houchin,"Russell ""Russ"" Brooksbank",313,238,18,0,569,0.550088,0.418278,0.031634,0.568058,-75,-0.136116,Democratic,62972,41686,0.66,0.661977,13566,28120,0.67,0.674567,https://www.in.gov/sos/elections/voter-information/files/2024-General-Election-Turnout-and-Registration-Report.pdf,9,no
2024,Indiana,9,US House,Floyd,18043,Floyd,New Albany - 24,"Timothy ""Tim"" Peck",Erin Houchin,"Russell ""Russ"" Brooksbank",168,170,7,0,345,0.486957,0.492754,0.02029,0.497041,2,0.005917,Republican,62972,41686,0.66,0.661977,13566,28120,0.67,0.674567,https://www.in.gov/sos/elections/voter-information/files/2024-General-Election-Turnout-and-Registration-Report.pdf,9,no
2024,Indiana,9,US House,Floyd,18043,Floyd,New Albany - 25,"Timothy ""Tim"" Peck",Erin Houchin,"Russell ""Russ"" Brooksbank",155,179,4,0,338,0.45858,0.529586,0.011834,0.464072,24,0.071856,Republican,62972,41686,0.66,0.661977,13566,28120,0.67,0.674567,https://www.in.gov/sos/elections/voter-information/files/2024-General-Election-Turnout-and-Registration-Report.pdf,9,no
2024,Indiana,9,US House,Floyd,18043,Floyd,New Albany - 26,"Timothy ""Tim"" Peck",Erin Houchin,"Russell ""Russ"" Brooksbank",290,354,12,0,656,0.442073,0.539634,0.018293,0.450311,64,0.099379,Republican,62972,41686,0.66,0.661977,13566,28120,0.67,0.674567,https://www.in.gov/sos/elections/voter-information/files/2024-General-Election-Turnout-and-Registration-Report.pdf,9,no
2024,Indiana,9,US House,Floyd,18043,Floyd,New Albany - 27,"Timothy ""Tim"" Peck",Erin Houchin,"Russell ""Russ"" Brooksbank",253,260,14,0,527,0.480076,0.493359,0.026565,0.493177,7,0.013645,Republican,62972,41686,0.66,0.661977,13566,28120,0.67,0.674567,https://www.in.gov/sos/elections/voter-information/files/2024-General-Election-Turnout-and-Registration-Report.pdf,9,no
2024,Indiana,9,US House,Floyd,18043,Floyd,New Albany - 28,"Timothy ""Tim"" Peck",Erin Houchin,"Russell ""Russ"" Brooksbank",318,404,19,0,741,0.42915,0.545209,0.025641,0.440443,86,0.119114,Republican,62972,41686,0.66,0.661977,13566,28120,0.67,0.674567,https://www.in.gov/sos/elections/voter-information/files/2024-General-Election-Turnout-and-Registration-Report.pdf,9,no
2024,Indiana,9,US House,Floyd,18043,Floyd,New Albany - 29,"Timothy ""Tim"" Peck",Erin Houchin,"Russell ""Russ"" Brooksbank",287,287,15,0,589,0.487267,0.487267,0.025467,0.5,0,0.0,Tie,62972,41686,0.66,0.661977,13566,28120,0.67,0.674567,https://www.in.gov/sos/elections/voter-information/files/2024-General-Election-Turnout-and-Registration-Report.pdf,9,no
2024,Indiana,9,US House,Floyd,18043,Floyd,New Albany - 30,"Timothy ""Tim"" Peck",Erin Houchin,"Russell ""Russ"" Brooksbank",236,438,15,0,689,0.342525,0.635704,0.021771,0.350148,202,0.299703,Republican,62972,41686,0.66,0.661977,13566,28120,0.67,0.674567,https://www.in.gov/sos/elections/voter-information/files/2024-General-Election-Turnout-and-Registration-Report.pdf,9,no
2024,Indiana,9,US House,Floyd,18043,Floyd,New Albany - 31,"Timothy ""Tim"" Peck",Erin Houchin,"Russell ""Russ"" Brooksbank",368,738,20,0,1126,0.326821,0.655417,0.017762,0.332731,370,0.334539,Republican,62972,41686,0.66,0.661977,13566,28120,0.67,0.674567,https://www.in.gov/sos/elections/voter-information/files/2024-General-Election-Turnout-and-Registration-Report.pdf,9,no
2024,Indiana,9,US House,Floyd,18043,Floyd,New Albany - 32,"Timothy ""Tim"" Peck",Erin Houchin,"Russell ""Russ"" Brooksbank",264,360,18,0,642,0.411215,0.560748,0.028037,0.423077,96,0.153846,Republican,62972,41686,0.66,0.661977,13566,28120,0.67,0.674567,https://www.in.gov/sos/elections/voter-information/files/2024-General-Election-Turnout-and-Registration-Report.pdf,9,no
2024,Indiana,9,US House,Floyd,18043,Floyd,New Albany - 33,"Timothy ""Tim"" Peck",Erin Houchin,"Russell ""Russ"" Brooksbank",181,347,12,0,540,0.335185,0.642593,0.022222,0.342803,166,0.314394,Republican,62972,41686,0.66,0.661977,13566,28120,0.67,0.674567,https://www.in.gov/sos/elections/voter-information/files/2024-General-Election-Turnout-and-Registration-Report.pdf,9,no
2024,Indiana,9,US House,Floyd,18043,Floyd,New Albany - 34,"Timothy ""Tim"" Peck",Erin Houchin,"Russell ""Russ"" Brooksbank",270,440,13,0,723,0.373444,0.608575,0.017981,0.380282,170,0.239437,Republican,62972,41686,0.66,0.661977,13566,28120,0.67,0.674567,https://www.in.gov/sos/elections/voter-information/files/2024-General-Election-Turnout-and-Registration-Report.pdf,9,no
2024,Indiana,9,US House,Floyd,18043,Floyd,New Albany - 35,"Timothy ""Tim"" Peck",Erin Houchin,"Russell ""Russ"" Brooksbank",362,473,18,0,853,0.424385,0.554513,0.021102,0.433533,111,0.132934,Republican,62972,41686,0.66,0.661977,13566,28120,0.67,0.674567,https://www.in.gov/sos/elections/voter-information/files/2024-General-Election-Turnout-and-Registration-Report.pdf,9,no
2024,Indiana,9,US House,Floyd,18043,Floyd,New Albany - 36,"Timothy ""Tim"" Peck",Erin Houchin,"Russell ""Russ"" Brooksbank",287,378,19,0,684,0.419591,0.552632,0.027778,0.431579,91,0.136842,Republican,62972,41686,0.66,0.661977,13566,28120,0.67,0.674567,https://www.in.gov/sos/elections/voter-information/files/2024-General-Election-Turnout-and-Registration-Report.pdf,9,no
2024,Indiana,9,US House,Floyd,18043,Floyd,New Albany - 37,"Timothy ""Tim"" Peck",Erin Houchin,"Russell ""Russ"" Brooksbank",286,377,15,0,678,0.421829,0.556047,0.022124,0.431373,91,0.137255,Republican,62972,41686,0.66,0.661977,13566,28120,0.67,0.674567,https://www.in.gov/sos/elections/voter-information/files/2024-General-Election-Turnout-and-Registration-Report.pdf,9,no
2024,Indiana,9,US House,Floyd,18043,Floyd,New Albany - 38,"Timothy ""Tim"" Peck",Erin Houchin,"Russell ""Russ"" Brooksbank",323,448,17,0,788,0.409898,0.568528,0.021574,0.418936,125,0.162127,Republican,62972,41686,0.66,0.661977,13566,28120,0.67,0.674567,https://www.in.gov/sos/elections/voter-information/files/2024-General-Election-Turnout-and-Registration-Report.pdf,9,no
2024,Indiana,9,US House,Floyd,18043,Floyd,New Albany - 39,"Timothy ""Tim"" Peck",Erin Houchin,"Russell ""Russ"" Brooksbank",224,494,8,0,726,0.30854,0.680441,0.011019,0.311978,270,0.376045,Republican,62972,41686,0.66,0.661977,13566,28120,0.67,0.674567,https://www.in.gov/sos/elections/voter-information/files/2024-General-Election-Turnout-and-Registration-Report.pdf,9,no
2024,Indiana,9,US House,Floyd,18043,Floyd,New Albany - 40,"Timothy ""Tim"" Peck",Erin Houchin,"Russell ""Russ"" Brooksbank",285,296,20,0,601,0.47421,0.492512,0.033278,0.490534,11,0.018933,Republican,62972,41686,0.66,0.661977,13566,28120,0.67,0.674567,https://www.in.gov/sos/elections/voter-information/files/2024-General-Election-Turnout-and-Registration-Report.pdf,9,no
2024,Indiana,9,US House,Floyd,18043,Floyd,New Albany - 41,"Timothy ""Tim"" Peck",Erin Houchin,"Russell ""Russ"" Brooksbank",291,411,12,0,714,0.407563,0.57563,0.016807,0.41453,120,0.17094,Republican,62972,41686,0.66,0.661977,13566,28120,0.67,0.674567,https://www.in.gov/sos/elections/voter-information/files/2024-General-Election-Turnout-and-Registration-Report.pdf,9,no
2024,Indiana,9,US House,Floyd,18043,Floyd,New Albany - 42,"Timothy ""Tim"" Peck",Erin Houchin,"Russell ""Russ"" Brooksbank",249,293,10,0,552,0.451087,0.530797,0.018116,0.45941,44,0.081181,Republican,62972,41686,0.66,0.661977,13566,28120,0.67,0.674567,https://www.in.gov/sos/elections/voter-information/files/2024-General-Election-Turnout-and-Registration-Report.pdf,9,no
2024,Indiana,9,US House,Floyd,18043,Floyd,New Albany - 43,"Timothy ""Tim"" Peck",Erin Houchin,"Russell ""Russ"" Brooksbank",175,174,9,0,358,0.488827,0.486034,0.02514,0.501433,-1,-0.002865,Democratic,62972,41686,0.66,0.661977,13566,28120,0.67,0.674567,https://www.in.gov/sos/elections/voter-information/files/2024-General-Election-Turnout-and-Registration-Report.pdf,9,no
2024,Indiana,9,US House,Floyd,18043,Floyd,New Albany - 44,"Timothy ""Tim"" Peck",Erin Houchin,"Russell ""Russ"" Brooksbank",330,418,21,0,769,0.429129,0.543563,0.027308,0.441176,88,0.117647,Republican,62972,41686,0.66,0.661977,13566,28120,0.67,0.674567,https://www.in.gov/sos/elections/voter-information/files/2024-General-Election-Turnout-and-Registration-Report.pdf,9,no
2024,Indiana,9,US House,Floyd,18043,Floyd,New Albany - 45,"Timothy ""Tim"" Peck",Erin Houchin,"Russell ""Russ"" Brooksbank",145,207,10,0,362,0.400552,0.571823,0.027624,0.411932,62,0.176136,Republican,62972,41686,0.66,0.661977,13566,28120,0.67,0.674567,https://www.in.gov/sos/elections/voter-information/files/2024-General-Election-Turnout-and-Registration-Report.pdf,9,no
2024,Indiana,9,US House,Floyd,18043,Floyd,New Albany - 46,"Timothy ""Tim"" Peck",Erin Houchin,"Russell ""Russ"" Brooksbank",143,293,9,0,445,0.321348,0.658427,0.020225,0.327982,150,0.344037,Republican,62972,41686,0.66,0.661977,13566,28120,0.67,0.674567,https://www.in.gov/sos/elections/voter-information/files/2024-General-Election-Turnout-and-Registration-Report.pdf,9,no
2024,Indiana,9,US House,Franklin,18047,Franklin,BATESVILLE 1,"Timothy ""Tim"" Peck",Erin Houchin,"Russell ""Russ"" Brooksbank",257,747,19,0,1023,0.251222,0.730205,0.018573,0.255976,490,0.488048,Republican,17922,12204,0.68,0.680951,5887,6317,0.52,0.517617,https://www.in.gov/sos/elections/voter-information/files/2024-General-Election-Turnout-and-Registration-Report.pdf,9,no
2024,Indiana,9,US House,Franklin,18047,Franklin,BATH,"Timothy ""Tim"" Peck",Erin Houchin,"Russell ""Russ"" Brooksbank",31,157,12,0,200,0.155,0.785,0.06,0.164894,126,0.670213,Republican,17922,12204,0.68,0.680951,5887,6317,0.52,0.517617,https://www.in.gov/sos/elections/voter-information/files/2024-General-Election-Turnout-and-Registration-Report.pdf,9,no
2024,Indiana,9,US House,Franklin,18047,Franklin,BLOOMING GROVE,"Timothy ""Tim"" Peck",Erin Houchin,"Russell ""Russ"" Brooksbank",68,441,7,0,516,0.131783,0.854651,0.013566,0.133595,373,0.732809,Republican,17922,12204,0.68,0.680951,5887,6317,0.52,0.517617,https://www.in.gov/sos/elections/voter-information/files/2024-General-Election-Turnout-and-Registration-Report.pdf,9,no
2024,Indiana,9,US House,Franklin,18047,Franklin,BROOKVILLE 1,"Timothy ""Tim"" Peck",Erin Houchin,"Russell ""Russ"" Brooksbank",60,262,6,0,328,0.182927,0.79878,0.018293,0.186335,202,0.627329,Republican,17922,12204,0.68,0.680951,5887,6317,0.52,0.517617,https://www.in.gov/sos/elections/voter-information/files/2024-General-Election-Turnout-and-Registration-Report.pdf,9,no
2024,Indiana,9,US House,Franklin,18047,Franklin,BROOKVILLE 2,"Timothy ""Tim"" Peck",Erin Houchin,"Russell ""Russ"" Brooksbank",92,532,4,0,628,0.146497,0.847134,0.006369,0.147436,440,0.705128,Republican,17922,12204,0.68,0.680951,5887,6317,0.52,0.517617,https://www.in.gov/sos/elections/voter-information/files/2024-General-Election-Turnout-and-Registration-Report.pdf,9,no
2024,Indiana,9,US House,Franklin,18047,Franklin,BROOKVILLE 3,"Timothy ""Tim"" Peck",Erin Houchin,"Russell ""Russ"" Brooksbank",93,454,12,0,559,0.166369,0.812165,0.021467,0.170018,361,0.659963,Republican,17922,12204,0.68,0.680951,5887,6317,0.52,0.517617,https://www.in.gov/sos/elections/voter-information/files/2024-General-Election-Turnout-and-Registration-Report.pdf,9,no
2024,Indiana,9,US House,Franklin,18047,Franklin,BROOKVILLE 4,"Timothy ""Tim"" Peck",Erin Houchin,"Russell ""Russ"" Brooksbank",64,476,13,0,553,0.115732,0.860759,0.023508,0.118519,412,0.762963,Republican,17922,12204,0.68,0.680951,5887,6317,0.52,0.517617,https://www.in.gov/sos/elections/voter-information/files/2024-General-Election-Turnout-and-Registration-Report.pdf,9,no
2024,Indiana,9,US House,Franklin,18047,Franklin,BROOKVILLE 5,"Timothy ""Tim"" Peck",Erin Houchin,"Russell ""Russ"" Brooksbank",131,582,11,0,724,0.180939,0.803867,0.015193,0.183731,451,0.632539,Republican,17922,12204,0.68,0.680951,5887,6317,0.52,0.517617,https://www.in.gov/sos/elections/voter-information/files/2024-General-Election-Turnout-and-Registration-Report.pdf,9,no
2024,Indiana,9,US House,Franklin,18047,Franklin,BUTLER,"Timothy ""Tim"" Peck",Erin Houchin,"Russell ""Russ"" Brooksbank",104,538,21,0,663,0.156863,0.811463,0.031674,0.161994,434,0.676012,Republican,17922,12204,0.68,0.680951,5887,6317,0.52,0.517617,https://www.in.gov/sos/elections/voter-information/files/2024-General-Election-Turnout-and-Registration-Report.pdf,9,no
2024,Indiana,9,US House,Franklin,18047,Franklin,FAIRFIELD,"Timothy ""Tim"" Peck",Erin Houchin,"Russell ""Russ"" Brooksbank",32,226,5,0,263,0.121673,0.859316,0.019011,0.124031,194,0.751938,Republican,17922,12204,0.68,0.680951,5887,6317,0.52,0.517617,https://www.in.gov/sos/elections/voter-information/files/2024-General-Election-Turnout-and-Registration-Report.pdf,9,no
2024,Indiana,9,US House,Franklin,18047,Franklin,HIGHLAND 1,"Timothy ""Tim"" Peck",Erin Houchin,"Russell ""Russ"" Brooksbank",51,305,6,0,362,0.140884,0.842541,0.016575,0.143258,254,0.713483,Republican,17922,12204,0.68,0.680951,5887,6317,0.52,0.517617,https://www.in.gov/sos/elections/voter-information/files/2024-General-Election-Turnout-and-Registration-Report.pdf,9,no
2024,Indiana,9,US House,Franklin,18047,Franklin,HIGHLAND 2,"Timothy ""Tim"" Peck",Erin Houchin,"Russell ""Russ"" Brooksbank",50,341,6,0,397,0.125945,0.858942,0.015113,0.127877,291,0.744246,Republican,17922,12204,0.68,0.680951,5887,6317,0.52,0.517617,https://www.in.gov/sos/elections/voter-information/files/2024-General-Election-Turnout-and-Registration-Report.pdf,9,no
2024,Indiana,9,US House,Franklin,18047,Franklin,LAUREL 1,"Timothy ""Tim"" Peck",Erin Houchin,"Russell ""Russ"" Brooksbank",45,512,13,0,570,0.078947,0.898246,0.022807,0.08079,467,0.83842,Republican,17922,12204,0.68,0.680951,5887,6317,0.52,0.517617,https://www.in.gov/sos/elections/voter-information/files/2024-General-Election-Turnout-and-Registration-Report.pdf,9,no
2024,Indiana,9,US House,Franklin,18047,Franklin,METAMORA,"Timothy ""Tim"" Peck",Erin Houchin,"Russell ""Russ"" Brooksbank",55,360,17,0,432,0.127315,0.833333,0.039352,0.13253,305,0.73494,Republican,17922,12204,0.68,0.680951,5887,6317,0.52,0.517617,https://www.in.gov/sos/elections/voter-information/files/2024-General-Election-Turnout-and-Registration-Report.pdf,9,no
2024,Indiana,9,US House,Franklin,18047,Franklin,OLDENBURG,"Timothy ""Tim"" Peck",Erin Houchin,"Russell ""Russ"" Brooksbank",146,207,8,0,361,0.404432,0.573407,0.022161,0.413598,61,0.172805,Republican,17922,12204,0.68,0.680951,5887,6317,0.52,0.517617,https://www.in.gov/sos/elections/voter-information/files/2024-General-Election-Turnout-and-Registration-Report.pdf,9,no
2024,Indiana,9,US House,Franklin,18047,Franklin,POSEY,"Timothy ""Tim"" Peck",Erin Houchin,"Russell ""Russ"" Brooksbank",39,312,10,0,361,0.108033,0.864266,0.027701,0.111111,273,0.777778,Republican,17922,12204,0.68,0.680951,5887,6317,0.52,0.517617,https://www.in.gov/sos/elections/voter-information/files/2024-General-Election-Turnout-and-Registration-Report.pdf,9,no
2024,Indiana,9,US House,Franklin,18047,Franklin,RAY 1,"Timothy ""Tim"" Peck",Erin Houchin,"Russell ""Russ"" Brooksbank",102,380,9,0,491,0.207739,0.773931,0.01833,0.211618,278,0.576763,Republican,17922,12204,0.68,0.680951,5887,6317,0.52,0.517617,https://www.in.gov/sos/elections/voter-information/files/2024-General-Election-Turnout-and-Registration-Report.pdf,9,no
2024,Indiana,9,US House,Franklin,18047,Franklin,RAY 2,"Timothy ""Tim"" Peck",Erin Houchin,"Russell ""Russ"" Brooksbank",84,414,4,0,502,0.167331,0.824701,0.007968,0.168675,330,0.662651,Republican,17922,12204,0.68,0.680951,5887,6317,0.52,0.517617,https://www.in.gov/sos/elections/voter-information/files/2024-General-Election-Turnout-and-Registration-Report.pdf,9,no
2024,Indiana,9,US House,Franklin,18047,Franklin,SALT CREEK 1,"Timothy ""Tim"" Peck",Erin Houchin,"Russell ""Russ"" Brooksbank",37,192,8,0,237,0.156118,0.810127,0.033755,0.161572,155,0.676856,Republican,17922,12204,0.68,0.680951,5887,6317,0.52,0.517617,https://www.in.gov/sos/elections/voter-information/files/2024-General-Election-Turnout-and-Registration-Report.pdf,9,no
2024,Indiana,9,US House,Franklin,18047,Franklin,SALT CREEK 2,"Timothy ""Tim"" Peck",Erin Houchin,"Russell ""Russ"" Brooksbank",33,191,7,0,231,0.142857,0.82684,0.030303,0.147321,158,0.705357,Republican,17922,12204,0.68,0.680951,5887,6317,0.52,0.517617,https://www.in.gov/sos/elections/voter-information/files/2024-General-Election-Turnout-and-Registration-Report.pdf,9,no
2024,Indiana,9,US House,Franklin,18047,Franklin,SPRINGFIELD,"Timothy ""Tim"" Peck",Erin Houchin,"Russell ""Russ"" Brooksbank",76,446,5,0,527,0.144213,0.8463,0.009488,0.145594,370,0.708812,Republican,17922,12204,0.68,0.680951,5887,6317,0.52,0.517617,https://www.in.gov/sos/elections/voter-information/files/2024-General-Election-Turnout-and-Registration-Report.pdf,9,no
2024,Indiana,9,US House,Franklin,18047,Franklin,WHITEWATER 1,"Timothy ""Tim"" Peck",Erin Houchin,"Russell ""Russ"" Brooksbank",108,798,17,0,923,0.11701,0.864572,0.018418,0.119205,690,0.761589,Republican,17922,12204,0.68,0.680951,5887,6317,0.52,0.517617,https://www.in.gov/sos/elections/voter-information/files/2024-General-Election-Turnout-and-Registration-Report.pdf,9,no
2024,Indiana,9,US House,Franklin,18047,Franklin,WHITEWATER 2,"Timothy ""Tim"" Peck",Erin Houchin,"Russell ""Russ"" Brooksbank",85,542,14,0,641,0.132605,0.845554,0.021841,0.135566,457,0.728868,Republican,17922,12204,0.68,0.680951,5887,6317,0.52,0.517617,https://www.in.gov/sos/elections/voter-information/files/2024-General-Election-Turnout-and-Registration-Report.pdf,9,no
2024,Indiana,9,US House,Harrison,18061,Harrison,BLUE RIVER NORTH,"Timothy ""Tim"" Peck",Erin Houchin,"Russell ""Russ"" Brooksbank",109,340,5,0,454,0.240088,0.748899,0.011013,0.242762,231,0.514477,Republican,30280,20637,0.68,0.681539,12760,7877,0.38,0.381693,https://www.in.gov/sos/elections/voter-information/files/2024-General-Election-Turnout-and-Registration-Report.pdf,9,no
2024,Indiana,9,US House,Harrison,18061,Harrison,BLUE RIVER SOUTH,"Timothy ""Tim"" Peck",Erin Houchin,"Russell ""Russ"" Brooksbank",149,417,14,0,580,0.256897,0.718966,0.024138,0.263251,268,0.473498,Republican,30280,20637,0.68,0.681539,12760,7877,0.38,0.381693,https://www.in.gov/sos/elections/voter-information/files/2024-General-Election-Turnout-and-Registration-Report.pdf,9,no
2024,Indiana,9,US House,Harrison,18061,Harrison,BOONE EAST,"Timothy ""Tim"" Peck",Erin Houchin,"Russell ""Russ"" Brooksbank",49,247,7,0,303,0.161716,0.815182,0.023102,0.165541,198,0.668919,Republican,30280,20637,0.68,0.681539,12760,7877,0.38,0.381693,https://www.in.gov/sos/elections/voter-information/files/2024-General-Election-Turnout-and-Registration-Report.pdf,9,no
2024,Indiana,9,US House,Harrison,18061,Harrison,BOONE WEST,"Timothy ""Tim"" Peck",Erin Houchin,"Russell ""Russ"" Brooksbank",50,320,9,0,379,0.131926,0.844327,0.023747,0.135135,270,0.72973,Republican,30280,20637,0.68,0.681539,12760,7877,0.38,0.381693,https://www.in.gov/sos/elections/voter-information/files/2024-General-Election-Turnout-and-Registration-Report.pdf,9,no
2024,Indiana,9,US House,Harrison,18061,Harrison,CORYDON EAST,"Timothy ""Tim"" Peck",Erin Houchin,"Russell ""Russ"" Brooksbank",134,286,11,0,431,0.310905,0.663573,0.025522,0.319048,152,0.361905,Republican,30280,20637,0.68,0.681539,12760,7877,0.38,0.381693,https://www.in.gov/sos/elections/voter-information/files/2024-General-Election-Turnout-and-Registration-Report.pdf,9,no
2024,Indiana,9,US House,Harrison,18061,Harrison,CORYDON SOUTH,"Timothy ""Tim"" Peck",Erin Houchin,"Russell ""Russ"" Brooksbank",133,290,12,0,435,0.305747,0.666667,0.027586,0.314421,157,0.371158,Republican,30280,20637,0.68,0.681539,12760,7877,0.38,0.381693,https://www.in.gov/sos/elections/voter-information/files/2024-General-Election-Turnout-and-Registration-Report.pdf,9,no
2024,Indiana,9,US House,Harrison,18061,Harrison,CORYDON WEST,"Timothy ""Tim"" Peck",Erin Houchin,"Russell ""Russ"" Brooksbank",131,309,3,0,443,0.295711,0.697517,0.006772,0.297727,178,0.404545,Republican,30280,20637,0.68,0.681539,12760,7877,0.38,0.381693,https://www.in.gov/sos/elections/voter-information/files/2024-General-Election-Turnout-and-Registration-Report.pdf,9,no
2024,Indiana,9,US House,Harrison,18061,Harrison,FRANKLIN CENTRAL,"Timothy ""Tim"" Peck",Erin Houchin,"Russell ""Russ"" Brooksbank",98,355,10,0,463,0.211663,0.766739,0.021598,0.216336,257,0.567329,Republican,30280,20637,0.68,0.681539,12760,7877,0.38,0.381693,https://www.in.gov/sos/elections/voter-information/files/2024-General-Election-Turnout-and-Registration-Report.pdf,9,no
2024,Indiana,9,US House,Harrison,18061,Harrison,FRANKLIN LANESVILLE,"Timothy ""Tim"" Peck",Erin Houchin,"Russell ""Russ"" Brooksbank",129,389,14,0,532,0.242481,0.731203,0.026316,0.249035,260,0.501931,Republican,30280,20637,0.68,0.681539,12760,7877,0.38,0.381693,https://www.in.gov/sos/elections/voter-information/files/2024-General-Election-Turnout-and-Registration-Report.pdf,9,no
2024,Indiana,9,US House,Harrison,18061,Harrison,FRANKLIN NORTH,"Timothy ""Tim"" Peck",Erin Houchin,"Russell ""Russ"" Brooksbank",86,346,8,0,440,0.195455,0.786364,0.018182,0.199074,260,0.601852,Republican,30280,20637,0.68,0.681539,12760,7877,0.38,0.381693,https://www.in.gov/sos/elections/voter-information/files/2024-General-Election-Turnout-and-Registration-Report.pdf,9,no
2024,Indiana,9,US House,Harrison,18061,Harrison,FRANKLIN SOUTH,"Timothy ""Tim"" Peck",Erin Houchin,"Russell ""Russ"" Brooksbank",127,394,8,0,529,0.240076,0.744802,0.015123,0.243762,267,0.512476,Republican,30280,20637,0.68,0.681539,12760,7877,0.38,0.381693,https://www.in.gov/sos/elections/voter-information/files/2024-General-Election-Turnout-and-Registration-Report.pdf,9,no
2024,Indiana,9,US House,Harrison,18061,Harrison,FRANKLIN WEST,"Timothy ""Tim"" Peck",Erin Houchin,"Russell ""Russ"" Brooksbank",139,384,8,0,531,0.26177,0.723164,0.015066,0.265774,245,0.468451,Republican,30280,20637,0.68,0.681539,12760,7877,0.38,0.381693,https://www.in.gov/sos/elections/voter-information/files/2024-General-Election-Turnout-and-Registration-Report.pdf,9,no
2024,Indiana,9,US House,Harrison,18061,Harrison,HARRISON CENTRAL,"Timothy ""Tim"" Peck",Erin Houchin,"Russell ""Russ"" Brooksbank",134,260,5,0,399,0.33584,0.651629,0.012531,0.340102,126,0.319797,Republican,30280,20637,0.68,0.681539,12760,7877,0.38,0.381693,https://www.in.gov/sos/elections/voter-information/files/2024-General-Election-Turnout-and-Registration-Report.pdf,9,no
2024,Indiana,9,US House,Harrison,18061,Harrison,HARRISON EAST,"Timothy ""Tim"" Peck",Erin Houchin,"Russell ""Russ"" Brooksbank",126,370,12,0,508,0.248031,0.728346,0.023622,0.254032,244,0.491935,Republican,30280,20637,0.68,0.681539,12760,7877,0.38,0.381693,https://www.in.gov/sos/elections/voter-information/files/2024-General-Election-Turnout-and-Registration-Report.pdf,9,no
2024,Indiana,9,US House,Harrison,18061,Harrison,HARRISON EAST SOUTHEAST,"Timothy ""Tim"" Peck",Erin Houchin,"Russell ""Russ"" Brooksbank",157,373,15,0,545,0.288073,0.684404,0.027523,0.296226,216,0.407547,Republican,30280,20637,0.68,0.681539,12760,7877,0.38,0.381693,https://www.in.gov/sos/elections/voter-information/files/2024-General-Election-Turnout-and-Registration-Report.pdf,9,no
2024,Indiana,9,US House,Harrison,18061,Harrison,HARRISON NORTH,"Timothy ""Tim"" Peck",Erin Houchin,"Russell ""Russ"" Brooksbank",125,339,4,0,468,0.267094,0.724359,0.008547,0.269397,214,0.461207,Republican,30280,20637,0.68,0.681539,12760,7877,0.38,0.381693,https://www.in.gov/sos/elections/voter-information/files/2024-General-Election-Turnout-and-Registration-Report.pdf,9,no
2024,Indiana,9,US House,Harrison,18061,Harrison,HARRISON NORTHEAST,"Timothy ""Tim"" Peck",Erin Houchin,"Russell ""Russ"" Brooksbank",135,344,16,0,495,0.272727,0.694949,0.032323,0.281837,209,0.436326,Republican,30280,20637,0.68,0.681539,12760,7877,0.38,0.381693,https://www.in.gov/sos/elections/voter-information/files/2024-General-Election-Turnout-and-Registration-Report.pdf,9,no
2024,Indiana,9,US House,Harrison,18061,Harrison,HARRISON NORTHWEST,"Timothy ""Tim"" Peck",Erin Houchin,"Russell ""Russ"" Brooksbank",170,403,11,0,584,0.291096,0.690068,0.018836,0.296684,233,0.406632,Republican,30280,20637,0.68,0.681539,12760,7877,0.38,0.381693,https://www.in.gov/sos/elections/voter-information/files/2024-General-Election-Turnout-and-Registration-Report.pdf,9,no
2024,Indiana,9,US House,Harrison,18061,Harrison,HARRISON SOUTH,"Timothy ""Tim"" Peck",Erin Houchin,"Russell ""Russ"" Brooksbank",99,319,11,0,429,0.230769,0.74359,0.025641,0.236842,220,0.526316,Republican,30280,20637,0.68,0.681539,12760,7877,0.38,0.381693,https://www.in.gov/sos/elections/voter-information/files/2024-General-Election-Turnout-and-Registration-Report.pdf,9,no
2024,Indiana,9,US House,Harrison,18061,Harrison,HARRISON SOUTHEAST,"Timothy ""Tim"" Peck",Erin Houchin,"Russell ""Russ"" Brooksbank",85,343,6,0,434,0.195853,0.790323,0.013825,0.198598,258,0.602804,Republican,30280,20637,0.68,0.681539,12760,7877,0.38,0.381693,https://www.in.gov/sos/elections/voter-information/files/2024-General-Election-Turnout-and-Registration-Report.pdf,9,no
2024,Indiana,9,US House,Harrison,18061,Harrison,HARRISON SOUTHWEST,"Timothy ""Tim"" Peck",Erin Houchin,"Russell ""Russ"" Brooksbank",101,372,18,0,491,0.205703,0.757637,0.03666,0.213531,271,0.572939,Republican,30280,20637,0.68,0.681539,12760,7877,0.38,0.381693,https://www.in.gov/sos/elections/voter-information/files/2024-General-Election-Turnout-and-Registration-Report.pdf,9,no
2024,Indiana,9,US House,Harrison,18061,Harrison,HARRISON WEST,"Timothy ""Tim"" Peck",Erin Houchin,"Russell ""Russ"" Brooksbank",176,447,11,0,634,0.277603,0.705047,0.01735,0.282504,271,0.434992,Republican,30280,20637,0.68,0.681539,12760,7877,0.38,0.381693,https://www.in.gov/sos/elections/voter-information/files/2024-General-Election-Turnout-and-Registration-Report.pdf,9,no
2024,Indiana,9,US House,Harrison,18061,Harrison,HETH EAST,"Timothy ""Tim"" Peck",Erin Houchin,"Russell ""Russ"" Brooksbank",59,249,3,0,311,0.189711,0.800643,0.009646,0.191558,190,0.616883,Republican,30280,20637,0.68,0.681539,12760,7877,0.38,0.381693,https://www.in.gov/sos/elections/voter-information/files/2024-General-Election-Turnout-and-Registration-Report.pdf,9,no
2024,Indiana,9,US House,Harrison,18061,Harrison,HETH WEST,"Timothy ""Tim"" Peck",Erin Houchin,"Russell ""Russ"" Brooksbank",41,221,8,0,270,0.151852,0.818519,0.02963,0.156489,180,0.687023,Republican,30280,20637,0.68,0.681539,12760,7877,0.38,0.381693,https://www.in.gov/sos/elections/voter-information/files/2024-General-Election-Turnout-and-Registration-Report.pdf,9,no
2024,Indiana,9,US House,Harrison,18061,Harrison,JACKSON CRANDALL,"Timothy ""Tim"" Peck",Erin Houchin,"Russell ""Russ"" Brooksbank",27,33,2,0,62,0.435484,0.532258,0.032258,0.45,6,0.1,Republican,30280,20637,0.68,0.681539,12760,7877,0.38,0.381693,https://www.in.gov/sos/elections/voter-information/files/2024-General-Election-Turnout-and-Registration-Report.pdf,9,no
2024,Indiana,9,US House,Harrison,18061,Harrison,JACKSON EAST,"Timothy ""Tim"" Peck",Erin Houchin,"Russell ""Russ"" Brooksbank",110,370,10,0,490,0.22449,0.755102,0.020408,0.229167,260,0.541667,Republican,30280,20637,0.68,0.681539,12760,7877,0.38,0.381693,https://www.in.gov/sos/elections/voter-information/files/2024-General-Election-Turnout-and-Registration-Report.pdf,9,no
2024,Indiana,9,US House,Harrison,18061,Harrison,JACKSON NORTH,"Timothy ""Tim"" Peck",Erin Houchin,"Russell ""Russ"" Brooksbank",143,340,15,0,498,0.287149,0.682731,0.03012,0.296066,197,0.407867,Republican,30280,20637,0.68,0.681539,12760,7877,0.38,0.381693,https://www.in.gov/sos/elections/voter-information/files/2024-General-Election-Turnout-and-Registration-Report.pdf,9,no
2024,Indiana,9,US House,Harrison,18061,Harrison,JACKSON NORTHEAST,"Timothy ""Tim"" Peck",Erin Houchin,"Russell ""Russ"" Brooksbank",122,310,11,0,443,0.275395,0.699774,0.024831,0.282407,188,0.435185,Republican,30280,20637,0.68,0.681539,12760,7877,0.38,0.381693,https://www.in.gov/sos/elections/voter-information/files/2024-General-Election-Turnout-and-Registration-Report.pdf,9,no
2024,Indiana,9,US House,Harrison,18061,Harrison,JACKSON NORTHWEST,"Timothy ""Tim"" Peck",Erin Houchin,"Russell ""Russ"" Brooksbank",122,383,10,0,515,0.236893,0.743689,0.019417,0.241584,261,0.516832,Republican,30280,20637,0.68,0.681539,12760,7877,0.38,0.381693,https://www.in.gov/sos/elections/voter-information/files/2024-General-Election-Turnout-and-Registration-Report.pdf,9,no
2024,Indiana,9,US House,Harrison,18061,Harrison,JACKSON SOUTHEAST,"Timothy ""Tim"" Peck",Erin Houchin,"Russell ""Russ"" Brooksbank",132,389,15,0,536,0.246269,0.725746,0.027985,0.253359,257,0.493282,Republican,30280,20637,0.68,0.681539,12760,7877,0.38,0.381693,https://www.in.gov/sos/elections/voter-information/files/2024-General-Election-Turnout-and-Registration-Report.pdf,9,no
2024,Indiana,9,US House,Harrison,18061,Harrison,JACKSON SOUTHWEST,"Timothy ""Tim"" Peck",Erin Houchin,"Russell ""Russ"" Brooksbank",137,415,10,0,562,0.243772,0.738434,0.017794,0.248188,278,0.503623,Republican,30280,20637,0.68,0.681539,12760,7877,0.38,0.381693,https://www.in.gov/sos/elections/voter-information/files/2024-General-Election-Turnout-and-Registration-Report.pdf,9,no
2024,Indiana,9,US House,Harrison,18061,Harrison,MORGAN NORTHEAST,"Timothy ""Tim"" Peck",Erin Houchin,"Russell ""Russ"" Brooksbank",135,360,14,0,509,0.265226,0.707269,0.027505,0.272727,225,0.454545,Republican,30280,20637,0.68,0.681539,12760,7877,0.38,0.381693,https://www.in.gov/sos/elections/voter-information/files/2024-General-Election-Turnout-and-Registration-Report.pdf,9,no
2024,Indiana,9,US House,Harrison,18061,Harrison,MORGAN PALMYRA,"Timothy ""Tim"" Peck",Erin Houchin,"Russell ""Russ"" Brooksbank",94,284,12,0,390,0.241026,0.728205,0.030769,0.248677,190,0.502646,Republican,30280,20637,0.68,0.681539,12760,7877,0.38,0.381693,https://www.in.gov/sos/elections/voter-information/files/2024-General-Election-Turnout-and-Registration-Report.pdf,9,no
2024,Indiana,9,US House,Harrison,18061,Harrison,MORGAN SOUTHEAST,"Timothy ""Tim"" Peck",Erin Houchin,"Russell ""Russ"" Brooksbank",134,331,10,0,475,0.282105,0.696842,0.021053,0.288172,197,0.423656,Republican,30280,20637,0.68,0.681539,12760,7877,0.38,0.381693,https://www.in.gov/sos/elections/voter-information/files/2024-General-Election-Turnout-and-Registration-Report.pdf,9,no
2024,Indiana,9,US House,Harrison,18061,Harrison,MORGAN WEST,"Timothy ""Tim"" Peck",Erin Houchin,"Russell ""Russ"" Brooksbank",117,418,12,0,547,0.213894,0.764168,0.021938,0.218692,301,0.562617,Republican,30280,20637,0.68,0.681539,12760,7877,0.38,0.381693,https://www.in.gov/sos/elections/voter-information/files/2024-General-Election-Turnout-and-Registration-Report.pdf,9,no
2024,Indiana,9,US House,Harrison,18061,Harrison,POSEY ELIZABETH,"Timothy ""Tim"" Peck",Erin Houchin,"Russell ""Russ"" Brooksbank",14,90,7,0,111,0.126126,0.810811,0.063063,0.134615,76,0.730769,Republican,30280,20637,0.68,0.681539,12760,7877,0.38,0.381693,https://www.in.gov/sos/elections/voter-information/files/2024-General-Election-Turnout-and-Registration-Report.pdf,9,no
2024,Indiana,9,US House,Harrison,18061,Harrison,POSEY NORTHEAST,"Timothy ""Tim"" Peck",Erin Houchin,"Russell ""Russ"" Brooksbank",86,412,13,0,511,0.168297,0.806262,0.02544,0.172691,326,0.654618,Republican,30280,20637,0.68,0.681539,12760,7877,0.38,0.381693,https://www.in.gov/sos/elections/voter-information/files/2024-General-Election-Turnout-and-Registration-Report.pdf,9,no
2024,Indiana,9,US House,Harrison,18061,Harrison,POSEY SOUTHEAST,"Timothy ""Tim"" Peck",Erin Houchin,"Russell ""Russ"" Brooksbank",88,404,11,0,503,0.17495,0.803181,0.021869,0.178862,316,0.642276,Republican,30280,20637,0.68,0.681539,12760,7877,0.38,0.381693,https://www.in.gov/sos/elections/voter-information/files/2024-General-Election-Turnout-and-Registration-Report.pdf,9,no
2024,Indiana,9,US House,Harrison,18061,Harrison,POSEY WEST,"Timothy ""Tim"" Peck",Erin Houchin,"Russell ""Russ"" Brooksbank",109,353,15,0,477,0.228512,0.740042,0.031447,0.235931,244,0.528139,Republican,30280,20637,0.68,0.681539,12760,7877,0.38,0.381693,https://www.in.gov/sos/elections/voter-information/files/2024-General-Election-Turnout-and-Registration-Report.pdf,9,no
2024,Indiana,9,US House,Harrison,18061,Harrison,SPENCER NORTH,"Timothy ""Tim"" Peck",Erin Houchin,"Russell ""Russ"" Brooksbank",127,390,7,0,524,0.242366,0.744275,0.013359,0.245648,263,0.508704,Republican,30280,20637,0.68,0.681539,12760,7877,0.38,0.381693,https://www.in.gov/sos/elections/voter-information/files/2024-General-Election-Turnout-and-Registration-Report.pdf,9,no
2024,Indiana,9,US House,Harrison,18061,Harrison,SPENCER SOUTH,"Timothy ""Tim"" Peck",Erin Houchin,"Russell ""Russ"" Brooksbank",128,341,6,0,475,0.269474,0.717895,0.012632,0.272921,213,0.454158,Republican,30280,20637,0.68,0.681539,12760,7877,0.38,0.381693,https://www.in.gov/sos/elections/voter-information/files/2024-General-Election-Turnout-and-Registration-Report.pdf,9,no
2024,Indiana,9,US House,Harrison,18061,Harrison,TAYLOR,"Timothy ""Tim"" Peck",Erin Houchin,"Russell ""Russ"" Brooksbank",102,285,6,0,393,0.259542,0.725191,0.015267,0.263566,183,0.472868,Republican,30280,20637,0.68,0.681539,12760,7877,0.38,0.381693,https://www.in.gov/sos/elections/voter-information/files/2024-General-Election-Turnout-and-Registration-Report.pdf,9,no
2024,Indiana,9,US House,Harrison,18061,Harrison,WASHINGTON,"Timothy ""Tim"" Peck",Erin Houchin,"Russell ""Russ"" Brooksbank",36,186,6,0,228,0.157895,0.815789,0.026316,0.162162,150,0.675676,Republican,30280,20637,0.68,0.681539,12760,7877,0.38,0.381693,https://www.in.gov/sos/elections/voter-information/files/2024-General-Election-Turnout-and-Registration-Report.pdf,9,no
2024,Indiana,9,US House,Harrison,18061,Harrison,WEBSTER EAST,"Timothy ""Tim"" Peck",Erin Houchin,"Russell ""Russ"" Brooksbank",93,364,13,0,470,0.197872,0.774468,0.02766,0.203501,271,0.592998,Republican,30280,20637,0.68,0.681539,12760,7877,0.38,0.381693,https://www.in.gov/sos/elections/voter-information/files/2024-General-Election-Turnout-and-Registration-Report.pdf,9,no
2024,Indiana,9,US House,Harrison,18061,Harrison,WEBSTER WEST,"Timothy ""Tim"" Peck",Erin Houchin,"Russell ""Russ"" Brooksbank",96,309,7,0,412,0.23301,0.75,0.01699,0.237037,213,0.525926,Republican,30280,20637,0.68,0.681539,12760,7877,0.38,0.381693,https://www.in.gov/sos/elections/voter-information/files/2024-General-Election-Turnout-and-Registration-Report.pdf,9,no
2024,Indiana,9,US House,Jackson,18071,Jackson,BROWNSTOWN TOWN 1,"Timothy ""Tim"" Peck",Erin Houchin,"Russell ""Russ"" Brooksbank",75,431,7,0,513,0.146199,0.840156,0.013645,0.148221,356,0.703557,Republican,26143,18867,0.72,0.721685,7954,10913,0.58,0.578417,https://www.in.gov/sos/elections/voter-information/files/2024-General-Election-Turnout-and-Registration-Report.pdf,9,no
2024,Indiana,9,US House,Jackson,18071,Jackson,BROWNSTOWN TOWN 2,"Timothy ""Tim"" Peck",Erin Houchin,"Russell ""Russ"" Brooksbank",99,515,19,0,633,0.156398,0.813586,0.030016,0.161238,416,0.677524,Republican,26143,18867,0.72,0.721685,7954,10913,0.58,0.578417,https://www.in.gov/sos/elections/voter-information/files/2024-General-Election-Turnout-and-Registration-Report.pdf,9,no
2024,Indiana,9,US House,Jackson,18071,Jackson,BROWNSTOWN TOWN 4,"Timothy ""Tim"" Peck",Erin Houchin,"Russell ""Russ"" Brooksbank",13,93,6,0,112,0.116071,0.830357,0.053571,0.122642,80,0.754717,Republican,26143,18867,0.72,0.721685,7954,10913,0.58,0.578417,https://www.in.gov/sos/elections/voter-information/files/2024-General-Election-Turnout-and-Registration-Report.pdf,9,no
2024,Indiana,9,US House,Jackson,18071,Jackson,BROWNSTOWN TOWNSHIP EAST,"Timothy ""Tim"" Peck",Erin Houchin,"Russell ""Russ"" Brooksbank",120,787,16,0,923,0.130011,0.852654,0.017335,0.132304,667,0.735391,Republican,26143,18867,0.72,0.721685,7954,10913,0.58,0.578417,https://www.in.gov/sos/elections/voter-information/files/2024-General-Election-Turnout-and-Registration-Report.pdf,9,no
2024,Indiana,9,US House,Jackson,18071,Jackson,BROWNSTOWN TOWNSHIP WEST,"Timothy ""Tim"" Peck",Erin Houchin,"Russell ""Russ"" Brooksbank",77,329,14,0,420,0.183333,0.783333,0.033333,0.189655,252,0.62069,Republican,26143,18867,0.72,0.721685,7954,10913,0.58,0.578417,https://www.in.gov/sos/elections/voter-information/files/2024-General-Election-Turnout-and-Registration-Report.pdf,9,no
2024,Indiana,9,US House,Jackson,18071,Jackson,CARR,"Timothy ""Tim"" Peck",Erin Houchin,"Russell ""Russ"" Brooksbank",93,477,15,0,585,0.158974,0.815385,0.025641,0.163158,384,0.673684,Republican,26143,18867,0.72,0.721685,7954,10913,0.58,0.578417,https://www.in.gov/sos/elections/voter-information/files/2024-General-Election-Turnout-and-Registration-Report.pdf,9,no
2024,Indiana,9,US House,Jackson,18071,Jackson,DRIFTWOOD,"Timothy ""Tim"" Peck",Erin Houchin,"Russell ""Russ"" Brooksbank",74,423,16,0,513,0.14425,0.824561,0.031189,0.148893,349,0.702213,Republican,26143,18867,0.72,0.721685,7954,10913,0.58,0.578417,https://www.in.gov/sos/elections/voter-information/files/2024-General-Election-Turnout-and-Registration-Report.pdf,9,no
2024,Indiana,9,US House,Jackson,18071,Jackson,GRASSY FORK,"Timothy ""Tim"" Peck",Erin Houchin,"Russell ""Russ"" Brooksbank",35,313,5,0,353,0.09915,0.886686,0.014164,0.100575,278,0.798851,Republican,26143,18867,0.72,0.721685,7954,10913,0.58,0.578417,https://www.in.gov/sos/elections/voter-information/files/2024-General-Election-Turnout-and-Registration-Report.pdf,9,no
2024,Indiana,9,US House,Jackson,18071,Jackson,HAMILTON,"Timothy ""Tim"" Peck",Erin Houchin,"Russell ""Russ"" Brooksbank",173,730,28,0,931,0.185822,0.784103,0.030075,0.191584,557,0.616833,Republican,26143,18867,0.72,0.721685,7954,10913,0.58,0.578417,https://www.in.gov/sos/elections/voter-information/files/2024-General-Election-Turnout-and-Registration-Report.pdf,9,no
2024,Indiana,9,US House,Jackson,18071,Jackson,JACKSON 1 EAST,"Timothy ""Tim"" Peck",Erin Houchin,"Russell ""Russ"" Brooksbank",155,504,23,0,682,0.227273,0.739003,0.033724,0.235205,349,0.52959,Republican,26143,18867,0.72,0.721685,7954,10913,0.58,0.578417,https://www.in.gov/sos/elections/voter-information/files/2024-General-Election-Turnout-and-Registration-Report.pdf,9,no
2024,Indiana,9,US House,Jackson,18071,Jackson,JACKSON 2 EAST,"Timothy ""Tim"" Peck",Erin Houchin,"Russell ""Russ"" Brooksbank",129,329,10,0,468,0.275641,0.702991,0.021368,0.281659,200,0.436681,Republican,26143,18867,0.72,0.721685,7954,10913,0.58,0.578417,https://www.in.gov/sos/elections/voter-information/files/2024-General-Election-Turnout-and-Registration-Report.pdf,9,no
2024,Indiana,9,US House,Jackson,18071,Jackson,JACKSON 2 WEST,"Timothy ""Tim"" Peck",Erin Houchin,"Russell ""Russ"" Brooksbank",61,150,6,0,217,0.281106,0.691244,0.02765,0.2891,89,0.421801,Republican,26143,18867,0.72,0.721685,7954,10913,0.58,0.578417,https://www.in.gov/sos/elections/voter-information/files/2024-General-Election-Turnout-and-Registration-Report.pdf,9,no
2024,Indiana,9,US House,Jackson,18071,Jackson,JACKSON 3 NORTH,"Timothy ""Tim"" Peck",Erin Houchin,"Russell ""Russ"" Brooksbank",102,304,15,0,421,0.24228,0.72209,0.035629,0.251232,202,0.497537,Republican,26143,18867,0.72,0.721685,7954,10913,0.58,0.578417,https://www.in.gov/sos/elections/voter-information/files/2024-General-Election-Turnout-and-Registration-Report.pdf,9,no
2024,Indiana,9,US House,Jackson,18071,Jackson,JACKSON 3 SOUTH,"Timothy ""Tim"" Peck",Erin Houchin,"Russell ""Russ"" Brooksbank",163,477,18,0,658,0.24772,0.724924,0.027356,0.254688,314,0.490625,Republican,26143,18867,0.72,0.721685,7954,10913,0.58,0.578417,https://www.in.gov/sos/elections/voter-information/files/2024-General-Election-Turnout-and-Registration-Report.pdf,9,no
2024,Indiana,9,US House,Jackson,18071,Jackson,JACKSON 4 NORTH,"Timothy ""Tim"" Peck",Erin Houchin,"Russell ""Russ"" Brooksbank",243,779,14,0,1036,0.234556,0.751931,0.013514,0.237769,536,0.524462,Republican,26143,18867,0.72,0.721685,7954,10913,0.58,0.578417,https://www.in.gov/sos/elections/voter-information/files/2024-General-Election-Turnout-and-Registration-Report.pdf,9,no
2024,Indiana,9,US House,Jackson,18071,Jackson,JACKSON 4 SOUTH,"Timothy ""Tim"" Peck",Erin Houchin,"Russell ""Russ"" Brooksbank",114,466,15,0,595,0.191597,0.783193,0.02521,0.196552,352,0.606897,Republican,26143,18867,0.72,0.721685,7954,10913,0.58,0.578417,https://www.in.gov/sos/elections/voter-information/files/2024-General-Election-Turnout-and-Registration-Report.pdf,9,no
2024,Indiana,9,US House,Jackson,18071,Jackson,JACKSON 5 EAST,"Timothy ""Tim"" Peck",Erin Houchin,"Russell ""Russ"" Brooksbank",212,503,24,0,739,0.286874,0.68065,0.032476,0.296503,291,0.406993,Republican,26143,18867,0.72,0.721685,7954,10913,0.58,0.578417,https://www.in.gov/sos/elections/voter-information/files/2024-General-Election-Turnout-and-Registration-Report.pdf,9,no
2024,Indiana,9,US House,Jackson,18071,Jackson,JACKSON 5 NORTH,"Timothy ""Tim"" Peck",Erin Houchin,"Russell ""Russ"" Brooksbank",257,688,23,0,968,0.265496,0.710744,0.02376,0.271958,431,0.456085,Republican,26143,18867,0.72,0.721685,7954,10913,0.58,0.578417,https://www.in.gov/sos/elections/voter-information/files/2024-General-Election-Turnout-and-Registration-Report.pdf,9,no
2024,Indiana,9,US House,Jackson,18071,Jackson,JACKSON 6,"Timothy ""Tim"" Peck",Erin Houchin,"Russell ""Russ"" Brooksbank",143,513,16,0,672,0.212798,0.763393,0.02381,0.217988,370,0.564024,Republican,26143,18867,0.72,0.721685,7954,10913,0.58,0.578417,https://www.in.gov/sos/elections/voter-information/files/2024-General-Election-Turnout-and-Registration-Report.pdf,9,no
2024,Indiana,9,US House,Jackson,18071,Jackson,JACKSON 7,"Timothy ""Tim"" Peck",Erin Houchin,"Russell ""Russ"" Brooksbank",197,733,23,0,953,0.206716,0.76915,0.024134,0.211828,536,0.576344,Republican,26143,18867,0.72,0.721685,7954,10913,0.58,0.578417,https://www.in.gov/sos/elections/voter-information/files/2024-General-Election-Turnout-and-Registration-Report.pdf,9,no
2024,Indiana,9,US House,Jackson,18071,Jackson,OWEN,"Timothy ""Tim"" Peck",Erin Houchin,"Russell ""Russ"" Brooksbank",94,618,15,0,727,0.129298,0.850069,0.020633,0.132022,524,0.735955,Republican,26143,18867,0.72,0.721685,7954,10913,0.58,0.578417,https://www.in.gov/sos/elections/voter-information/files/2024-General-Election-Turnout-and-Registration-Report.pdf,9,no
2024,Indiana,9,US House,Jackson,18071,Jackson,PERSHING,"Timothy ""Tim"" Peck",Erin Houchin,"Russell ""Russ"" Brooksbank",97,581,15,0,693,0.139971,0.838384,0.021645,0.143068,484,0.713864,Republican,26143,18867,0.72,0.721685,7954,10913,0.58,0.578417,https://www.in.gov/sos/elections/voter-information/files/2024-General-Election-Turnout-and-Registration-Report.pdf,9,no
2024,Indiana,9,US House,Jackson,18071,Jackson,REDDING EAST,"Timothy ""Tim"" Peck",Erin Houchin,"Russell ""Russ"" Brooksbank",143,781,18,0,942,0.151805,0.829087,0.019108,0.154762,638,0.690476,Republican,26143,18867,0.72,0.721685,7954,10913,0.58,0.578417,https://www.in.gov/sos/elections/voter-information/files/2024-General-Election-Turnout-and-Registration-Report.pdf,9,no
2024,Indiana,9,US House,Jackson,18071,Jackson,REDDING SEYMOUR CITY,"Timothy ""Tim"" Peck",Erin Houchin,"Russell ""Russ"" Brooksbank",162,436,23,0,621,0.26087,0.702093,0.037037,0.270903,274,0.458194,Republican,26143,18867,0.72,0.721685,7954,10913,0.58,0.578417,https://www.in.gov/sos/elections/voter-information/files/2024-General-Election-Turnout-and-Registration-Report.pdf,9,no
2024,Indiana,9,US House,Jackson,18071,Jackson,REDDING WEST,"Timothy ""Tim"" Peck",Erin Houchin,"Russell ""Russ"" Brooksbank",147,628,18,0,793,0.185372,0.791929,0.022699,0.189677,481,0.620645,Republican,26143,18867,0.72,0.721685,7954,10913,0.58,0.578417,https://www.in.gov/sos/elections/voter-information/files/2024-General-Election-Turnout-and-Registration-Report.pdf,9,no
2024,Indiana,9,US House,Jackson,18071,Jackson,SALT CREEK,"Timothy ""Tim"" Peck",Erin Houchin,"Russell ""Russ"" Brooksbank",25,154,4,0,183,0.136612,0.84153,0.021858,0.139665,129,0.72067,Republican,26143,18867,0.72,0.721685,7954,10913,0.58,0.578417,https://www.in.gov/sos/elections/voter-information/files/2024-General-Election-Turnout-and-Registration-Report.pdf,9,no
2024,Indiana,9,US House,Jackson,18071,Jackson,VERNON CROTHERSVILLE,"Timothy ""Tim"" Peck",Erin Houchin,"Russell ""Russ"" Brooksbank",91,374,10,0,475,0.191579,0.787368,0.021053,0.195699,283,0.608602,Republican,26143,18867,0.72,0.721685,7954,10913,0.58,0.578417,https://www.in.gov/sos/elections/voter-information/files/2024-General-Election-Turnout-and-Registration-Report.pdf,9,no
2024,Indiana,9,US House,Jackson,18071,Jackson,VERNON NORTH,"Timothy ""Tim"" Peck",Erin Houchin,"Russell ""Russ"" Brooksbank",56,338,3,0,397,0.141058,0.851385,0.007557,0.142132,282,0.715736,Republican,26143,18867,0.72,0.721685,7954,10913,0.58,0.578417,https://www.in.gov/sos/elections/voter-information/files/2024-General-Election-Turnout-and-Registration-Report.pdf,9,no
2024,Indiana,9,US House,Jackson,18071,Jackson,VERNON SOUTH,"Timothy ""Tim"" Peck",Erin Houchin,"Russell ""Russ"" Brooksbank",90,400,8,0,498,0.180723,0.803213,0.016064,0.183673,310,0.632653,Republican,26143,18867,0.72,0.721685,7954,10913,0.58,0.578417,https://www.in.gov/sos/elections/voter-information/files/2024-General-Election-Turnout-and-Registration-Report.pdf,9,no
2024,Indiana,9,US House,Jackson,18071,Jackson,WASHINGTON,"Timothy ""Tim"" Peck",Erin Houchin,"Russell ""Russ"" Brooksbank",94,605,10,0,709,0.132581,0.853315,0.014104,0.134478,511,0.731044,Republican,26143,18867,0.72,0.721685,7954,10913,0.58,0.578417,https://www.in.gov/sos/elections/voter-information/files/2024-General-Election-Turnout-and-Registration-Report.pdf,9,no
2024,Indiana,9,US House,Jefferson,18077,Jefferson,1-1,"Timothy ""Tim"" Peck",Erin Houchin,"Russell ""Russ"" Brooksbank",200,201,11,0,412,0.485437,0.487864,0.026699,0.498753,1,0.002494,Republican,22105,14514,0.66,0.656594,8081,6433,0.44,0.443227,https://www.in.gov/sos/elections/voter-information/files/2024-General-Election-Turnout-and-Registration-Report.pdf,9,no
2024,Indiana,9,US House,Jefferson,18077,Jefferson,1-2,"Timothy ""Tim"" Peck",Erin Houchin,"Russell ""Russ"" Brooksbank",171,149,5,0,325,0.526154,0.458462,0.015385,0.534375,-22,-0.06875,Democratic,22105,14514,0.66,0.656594,8081,6433,0.44,0.443227,https://www.in.gov/sos/elections/voter-information/files/2024-General-Election-Turnout-and-Registration-Report.pdf,9,no
2024,Indiana,9,US House,Jefferson,18077,Jefferson,2-1,"Timothy ""Tim"" Peck",Erin Houchin,"Russell ""Russ"" Brooksbank",237,287,8,0,532,0.445489,0.539474,0.015038,0.45229,50,0.09542,Republican,22105,14514,0.66,0.656594,8081,6433,0.44,0.443227,https://www.in.gov/sos/elections/voter-information/files/2024-General-Election-Turnout-and-Registration-Report.pdf,9,no
2024,Indiana,9,US House,Jefferson,18077,Jefferson,2-2,"Timothy ""Tim"" Peck",Erin Houchin,"Russell ""Russ"" Brooksbank",215,387,10,0,612,0.351307,0.632353,0.01634,0.357143,172,0.285714,Republican,22105,14514,0.66,0.656594,8081,6433,0.44,0.443227,https://www.in.gov/sos/elections/voter-information/files/2024-General-Election-Turnout-and-Registration-Report.pdf,9,no
2024,Indiana,9,US House,Jefferson,18077,Jefferson,4-1,"Timothy ""Tim"" Peck",Erin Houchin,"Russell ""Russ"" Brooksbank",214,422,9,0,645,0.331783,0.654264,0.013953,0.336478,208,0.327044,Republican,22105,14514,0.66,0.656594,8081,6433,0.44,0.443227,https://www.in.gov/sos/elections/voter-information/files/2024-General-Election-Turnout-and-Registration-Report.pdf,9,no
2024,Indiana,9,US House,Jefferson,18077,Jefferson,4-1A,"Timothy ""Tim"" Peck",Erin Houchin,"Russell ""Russ"" Brooksbank",124,293,4,0,421,0.294537,0.695962,0.009501,0.297362,169,0.405276,Republican,22105,14514,0.66,0.656594,8081,6433,0.44,0.443227,https://www.in.gov/sos/elections/voter-information/files/2024-General-Election-Turnout-and-Registration-Report.pdf,9,no
2024,Indiana,9,US House,Jefferson,18077,Jefferson,4-2,"Timothy ""Tim"" Peck",Erin Houchin,"Russell ""Russ"" Brooksbank",83,154,4,0,241,0.344398,0.639004,0.016598,0.350211,71,0.299578,Republican,22105,14514,0.66,0.656594,8081,6433,0.44,0.443227,https://www.in.gov/sos/elections/voter-information/files/2024-General-Election-Turnout-and-Registration-Report.pdf,9,no
2024,Indiana,9,US House,Jefferson,18077,Jefferson,4-3,"Timothy ""Tim"" Peck",Erin Houchin,"Russell ""Russ"" Brooksbank",171,313,15,0,499,0.342685,0.627255,0.03006,0.353306,142,0.293388,Republican,22105,14514,0.66,0.656594,8081,6433,0.44,0.443227,https://www.in.gov/sos/elections/voter-information/files/2024-General-Election-Turnout-and-Registration-Report.pdf,9,no
2024,Indiana,9,US House,Jefferson,18077,Jefferson,5-1,"Timothy ""Tim"" Peck",Erin Houchin,"Russell ""Russ"" Brooksbank",200,367,8,0,575,0.347826,0.638261,0.013913,0.352734,167,0.294533,Republican,22105,14514,0.66,0.656594,8081,6433,0.44,0.443227,https://www.in.gov/sos/elections/voter-information/files/2024-General-Election-Turnout-and-Registration-Report.pdf,9,no
2024,Indiana,9,US House,Jefferson,18077,Jefferson,5-2,"Timothy ""Tim"" Peck",Erin Houchin,"Russell ""Russ"" Brooksbank",208,379,15,0,602,0.345515,0.629568,0.024917,0.354344,171,0.291312,Republican,22105,14514,0.66,0.656594,8081,6433,0.44,0.443227,https://www.in.gov/sos/elections/voter-information/files/2024-General-Election-Turnout-and-Registration-Report.pdf,9,no
2024,Indiana,9,US House,Jefferson,18077,Jefferson,GRAHAM,"Timothy ""Tim"" Peck",Erin Houchin,"Russell ""Russ"" Brooksbank",146,551,13,0,710,0.205634,0.776056,0.01831,0.209469,405,0.581062,Republican,22105,14514,0.66,0.656594,8081,6433,0.44,0.443227,https://www.in.gov/sos/elections/voter-information/files/2024-General-Election-Turnout-and-Registration-Report.pdf,9,no
2024,Indiana,9,US House,Jefferson,18077,Jefferson,HANOVER 1,"Timothy ""Tim"" Peck",Erin Houchin,"Russell ""Russ"" Brooksbank",194,251,15,0,460,0.421739,0.545652,0.032609,0.435955,57,0.12809,Republican,22105,14514,0.66,0.656594,8081,6433,0.44,0.443227,https://www.in.gov/sos/elections/voter-information/files/2024-General-Election-Turnout-and-Registration-Report.pdf,9,no
2024,Indiana,9,US House,Jefferson,18077,Jefferson,HANOVER 2,"Timothy ""Tim"" Peck",Erin Houchin,"Russell ""Russ"" Brooksbank",128,356,11,0,495,0.258586,0.719192,0.022222,0.264463,228,0.471074,Republican,22105,14514,0.66,0.656594,8081,6433,0.44,0.443227,https://www.in.gov/sos/elections/voter-information/files/2024-General-Election-Turnout-and-Registration-Report.pdf,9,no
2024,Indiana,9,US House,Jefferson,18077,Jefferson,HANOVER 2A,"Timothy ""Tim"" Peck",Erin Houchin,"Russell ""Russ"" Brooksbank",121,304,16,0,441,0.274376,0.689342,0.036281,0.284706,183,0.430588,Republican,22105,14514,0.66,0.656594,8081,6433,0.44,0.443227,https://www.in.gov/sos/elections/voter-information/files/2024-General-Election-Turnout-and-Registration-Report.pdf,9,no
2024,Indiana,9,US House,Jefferson,18077,Jefferson,HANOVER 3,"Timothy ""Tim"" Peck",Erin Houchin,"Russell ""Russ"" Brooksbank",191,263,12,0,466,0.409871,0.564378,0.025751,0.420705,72,0.15859,Republican,22105,14514,0.66,0.656594,8081,6433,0.44,0.443227,https://www.in.gov/sos/elections/voter-information/files/2024-General-Election-Turnout-and-Registration-Report.pdf,9,no
2024,Indiana,9,US House,Jefferson,18077,Jefferson,LANCASTER,"Timothy ""Tim"" Peck",Erin Houchin,"Russell ""Russ"" Brooksbank",134,496,11,0,641,0.209048,0.773791,0.017161,0.212698,362,0.574603,Republican,22105,14514,0.66,0.656594,8081,6433,0.44,0.443227,https://www.in.gov/sos/elections/voter-information/files/2024-General-Election-Turnout-and-Registration-Report.pdf,9,no
2024,Indiana,9,US House,Jefferson,18077,Jefferson,MADISON 1,"Timothy ""Tim"" Peck",Erin Houchin,"Russell ""Russ"" Brooksbank",205,596,19,0,820,0.25,0.726829,0.023171,0.25593,391,0.48814,Republican,22105,14514,0.66,0.656594,8081,6433,0.44,0.443227,https://www.in.gov/sos/elections/voter-information/files/2024-General-Election-Turnout-and-Registration-Report.pdf,9,no
2024,Indiana,9,US House,Jefferson,18077,Jefferson,MADISON 2,"Timothy ""Tim"" Peck",Erin Houchin,"Russell ""Russ"" Brooksbank",278,672,23,0,973,0.285714,0.690647,0.023638,0.292632,394,0.414737,Republican,22105,14514,0.66,0.656594,8081,6433,0.44,0.443227,https://www.in.gov/sos/elections/voter-information/files/2024-General-Election-Turnout-and-Registration-Report.pdf,9,no
2024,Indiana,9,US House,Jefferson,18077,Jefferson,MADISON 3,"Timothy ""Tim"" Peck",Erin Houchin,"Russell ""Russ"" Brooksbank",163,428,21,0,612,0.26634,0.699346,0.034314,0.275804,265,0.448393,Republican,22105,14514,0.66,0.656594,8081,6433,0.44,0.443227,https://www.in.gov/sos/elections/voter-information/files/2024-General-Election-Turnout-and-Registration-Report.pdf,9,no
2024,Indiana,9,US House,Jefferson,18077,Jefferson,MILTON TWP,"Timothy ""Tim"" Peck",Erin Houchin,"Russell ""Russ"" Brooksbank",110,302,13,0,425,0.258824,0.710588,0.030588,0.26699,192,0.466019,Republican,22105,14514,0.66,0.656594,8081,6433,0.44,0.443227,https://www.in.gov/sos/elections/voter-information/files/2024-General-Election-Turnout-and-Registration-Report.pdf,9,no
2024,Indiana,9,US House,Jefferson,18077,Jefferson,MONROE TWP,"Timothy ""Tim"" Peck",Erin Houchin,"Russell ""Russ"" Brooksbank",31,128,4,0,163,0.190184,0.785276,0.02454,0.194969,97,0.610063,Republican,22105,14514,0.66,0.656594,8081,6433,0.44,0.443227,https://www.in.gov/sos/elections/voter-information/files/2024-General-Election-Turnout-and-Registration-Report.pdf,9,no
2024,Indiana,9,US House,Jefferson,18077,Jefferson,REPUBLICAN TWP,"Timothy ""Tim"" Peck",Erin Houchin,"Russell ""Russ"" Brooksbank",182,536,15,0,733,0.248295,0.731241,0.020464,0.253482,354,0.493036,Republican,22105,14514,0.66,0.656594,8081,6433,0.44,0.443227,https://www.in.gov/sos/elections/voter-information/files/2024-General-Election-Turnout-and-Registration-Report.pdf,9,no
2024,Indiana,9,US House,Jefferson,18077,Jefferson,SALUDA TWP,"Timothy ""Tim"" Peck",Erin Houchin,"Russell ""Russ"" Brooksbank",123,422,18,0,563,0.218472,0.749556,0.031972,0.225688,299,0.548624,Republican,22105,14514,0.66,0.656594,8081,6433,0.44,0.443227,https://www.in.gov/sos/elections/voter-information/files/2024-General-Election-Turnout-and-Registration-Report.pdf,9,no
2024,Indiana,9,US House,Jefferson,18077,Jefferson,SHELBY TWP,"Timothy ""Tim"" Peck",Erin Houchin,"Russell ""Russ"" Brooksbank",90,447,8,0,545,0.165138,0.820183,0.014679,0.167598,357,0.664804,Republican,22105,14514,0.66,0.656594,8081,6433,0.44,0.443227,https://www.in.gov/sos/elections/voter-information/files/2024-General-Election-Turnout-and-Registration-Report.pdf,9,no
2024,Indiana,9,US House,Jefferson,18077,Jefferson,SMYRNA,"Timothy ""Tim"" Peck",Erin Houchin,"Russell ""Russ"" Brooksbank",116,381,13,0,510,0.227451,0.747059,0.02549,0.2334,265,0.533199,Republican,22105,14514,0.66,0.656594,8081,6433,0.44,0.443227,https://www.in.gov/sos/elections/voter-information/files/2024-General-Election-Turnout-and-Registration-Report.pdf,9,no
2024,Indiana,9,US House,Jefferson,18077,Jefferson,WARD 3,"Timothy ""Tim"" Peck",Erin Houchin,"Russell ""Russ"" Brooksbank",174,242,9,0,425,0.409412,0.569412,0.021176,0.418269,68,0.163462,Republican,22105,14514,0.66,0.656594,8081,6433,0.44,0.443227,https://www.in.gov/sos/elections/voter-information/files/2024-General-Election-Turnout-and-Registration-Report.pdf,9,no
2024,Indiana,9,US House,Jennings,18079,Jennings,BIGGER,"Timothy ""Tim"" Peck",Erin Houchin,"Russell ""Russ"" Brooksbank",39,264,14,0,317,0.123028,0.832808,0.044164,0.128713,225,0.742574,Republican,18351,11931,0.65,0.650155,7979,3952,0.33,0.331238,https://www.in.gov/sos/elections/voter-information/files/2024-General-Election-Turnout-and-Registration-Report.pdf,9,no
2024,Indiana,9,US House,Jennings,18079,Jennings,CAMPBELL,"Timothy ""Tim"" Peck",Erin Houchin,"Russell ""Russ"" Brooksbank",89,348,14,0,451,0.197339,0.771619,0.031042,0.203661,259,0.592677,Republican,18351,11931,0.65,0.650155,7979,3952,0.33,0.331238,https://www.in.gov/sos/elections/voter-information/files/2024-General-Election-Turnout-and-Registration-Report.pdf,9,no
2024,Indiana,9,US House,Jennings,18079,Jennings,CENTER EAST,"Timothy ""Tim"" Peck",Erin Houchin,"Russell ""Russ"" Brooksbank",82,318,13,0,413,0.198547,0.769976,0.031477,0.205,236,0.59,Republican,18351,11931,0.65,0.650155,7979,3952,0.33,0.331238,https://www.in.gov/sos/elections/voter-information/files/2024-General-Election-Turnout-and-Registration-Report.pdf,9,no
2024,Indiana,9,US House,Jennings,18079,Jennings,CENTER WEST,"Timothy ""Tim"" Peck",Erin Houchin,"Russell ""Russ"" Brooksbank",110,373,24,0,507,0.216963,0.7357,0.047337,0.227743,263,0.544513,Republican,18351,11931,0.65,0.650155,7979,3952,0.33,0.331238,https://www.in.gov/sos/elections/voter-information/files/2024-General-Election-Turnout-and-Registration-Report.pdf,9,no
2024,Indiana,9,US House,Jennings,18079,Jennings,COLUMBIA,"Timothy ""Tim"" Peck",Erin Houchin,"Russell ""Russ"" Brooksbank",63,274,6,0,343,0.183673,0.798834,0.017493,0.186944,211,0.626113,Republican,18351,11931,0.65,0.650155,7979,3952,0.33,0.331238,https://www.in.gov/sos/elections/voter-information/files/2024-General-Election-Turnout-and-Registration-Report.pdf,9,no
2024,Indiana,9,US House,Jennings,18079,Jennings,GENEVA 01 EAST,"Timothy ""Tim"" Peck",Erin Houchin,"Russell ""Russ"" Brooksbank",114,529,23,0,666,0.171171,0.794294,0.034535,0.177294,415,0.645412,Republican,18351,11931,0.65,0.650155,7979,3952,0.33,0.331238,https://www.in.gov/sos/elections/voter-information/files/2024-General-Election-Turnout-and-Registration-Report.pdf,9,no
2024,Indiana,9,US House,Jennings,18079,Jennings,GENEVA 01 WEST,"Timothy ""Tim"" Peck",Erin Houchin,"Russell ""Russ"" Brooksbank",160,508,35,0,703,0.227596,0.722617,0.049787,0.239521,348,0.520958,Republican,18351,11931,0.65,0.650155,7979,3952,0.33,0.331238,https://www.in.gov/sos/elections/voter-information/files/2024-General-Election-Turnout-and-Registration-Report.pdf,9,no
2024,Indiana,9,US House,Jennings,18079,Jennings,GENEVA 02,"Timothy ""Tim"" Peck",Erin Houchin,"Russell ""Russ"" Brooksbank",94,632,23,0,749,0.125501,0.843792,0.030708,0.129477,538,0.741047,Republican,18351,11931,0.65,0.650155,7979,3952,0.33,0.331238,https://www.in.gov/sos/elections/voter-information/files/2024-General-Election-Turnout-and-Registration-Report.pdf,9,no
2024,Indiana,9,US House,Jennings,18079,Jennings,GENEVA 03,"Timothy ""Tim"" Peck",Erin Houchin,"Russell ""Russ"" Brooksbank",75,397,16,0,488,0.153689,0.813525,0.032787,0.158898,322,0.682203,Republican,18351,11931,0.65,0.650155,7979,3952,0.33,0.331238,https://www.in.gov/sos/elections/voter-information/files/2024-General-Election-Turnout-and-Registration-Report.pdf,9,no
2024,Indiana,9,US House,Jennings,18079,Jennings,LOVETT,"Timothy ""Tim"" Peck",Erin Houchin,"Russell ""Russ"" Brooksbank",100,449,19,0,568,0.176056,0.790493,0.033451,0.182149,349,0.635701,Republican,18351,11931,0.65,0.650155,7979,3952,0.33,0.331238,https://www.in.gov/sos/elections/voter-information/files/2024-General-Election-Turnout-and-Registration-Report.pdf,9,no
2024,Indiana,9,US House,Jennings,18079,Jennings,MARION,"Timothy ""Tim"" Peck",Erin Houchin,"Russell ""Russ"" Brooksbank",67,437,21,0,525,0.127619,0.832381,0.04,0.132937,370,0.734127,Republican,18351,11931,0.65,0.650155,7979,3952,0.33,0.331238,https://www.in.gov/sos/elections/voter-information/files/2024-General-Election-Turnout-and-Registration-Report.pdf,9,no
2024,Indiana,9,US House,Jennings,18079,Jennings,MONTGOMERY,"Timothy ""Tim"" Peck",Erin Houchin,"Russell ""Russ"" Brooksbank",73,340,15,0,428,0.170561,0.794393,0.035047,0.176755,267,0.646489,Republican,18351,11931,0.65,0.650155,7979,3952,0.33,0.331238,https://www.in.gov/sos/elections/voter-information/files/2024-General-Election-Turnout-and-Registration-Report.pdf,9,no
2024,Indiana,9,US House,Jennings,18079,Jennings,NORTH VERNON 01A,"Timothy ""Tim"" Peck",Erin Houchin,"Russell ""Russ"" Brooksbank",81,208,5,0,294,0.27551,0.707483,0.017007,0.280277,127,0.439446,Republican,18351,11931,0.65,0.650155,7979,3952,0.33,0.331238,https://www.in.gov/sos/elections/voter-information/files/2024-General-Election-Turnout-and-Registration-Report.pdf,9,no
2024,Indiana,9,US House,Jennings,18079,Jennings,NORTH VERNON 01B,"Timothy ""Tim"" Peck",Erin Houchin,"Russell ""Russ"" Brooksbank",92,201,13,0,306,0.300654,0.656863,0.042484,0.313993,109,0.372014,Republican,18351,11931,0.65,0.650155,7979,3952,0.33,0.331238,https://www.in.gov/sos/elections/voter-information/files/2024-General-Election-Turnout-and-Registration-Report.pdf,9,no
2024,Indiana,9,US House,Jennings,18079,Jennings,NORTH VERNON 02A,"Timothy ""Tim"" Peck",Erin Houchin,"Russell ""Russ"" Brooksbank",56,167,9,0,232,0.241379,0.719828,0.038793,0.251121,111,0.497758,Republican,18351,11931,0.65,0.650155,7979,3952,0.33,0.331238,https://www.in.gov/sos/elections/voter-information/files/2024-General-Election-Turnout-and-Registration-Report.pdf,9,no
2024,Indiana,9,US House,Jennings,18079,Jennings,NORTH VERNON 02B,"Timothy ""Tim"" Peck",Erin Houchin,"Russell ""Russ"" Brooksbank",95,340,11,0,446,0.213004,0.762332,0.024664,0.218391,245,0.563218,Republican,18351,11931,0.65,0.650155,7979,3952,0.33,0.331238,https://www.in.gov/sos/elections/voter-information/files/2024-General-Election-Turnout-and-Registration-Report.pdf,9,no
2024,Indiana,9,US House,Jennings,18079,Jennings,NORTH VERNON 03A,"Timothy ""Tim"" Peck",Erin Houchin,"Russell ""Russ"" Brooksbank",76,190,10,0,276,0.275362,0.688406,0.036232,0.285714,114,0.428571,Republican,18351,11931,0.65,0.650155,7979,3952,0.33,0.331238,https://www.in.gov/sos/elections/voter-information/files/2024-General-Election-Turnout-and-Registration-Report.pdf,9,no
2024,Indiana,9,US House,Jennings,18079,Jennings,NORTH VERNON 03B,"Timothy ""Tim"" Peck",Erin Houchin,"Russell ""Russ"" Brooksbank",80,176,4,0,260,0.307692,0.676923,0.015385,0.3125,96,0.375,Republican,18351,11931,0.65,0.650155,7979,3952,0.33,0.331238,https://www.in.gov/sos/elections/voter-information/files/2024-General-Election-Turnout-and-Registration-Report.pdf,9,no
2024,Indiana,9,US House,Jennings,18079,Jennings,NORTH VERNON 04A,"Timothy ""Tim"" Peck",Erin Houchin,"Russell ""Russ"" Brooksbank",116,296,13,0,425,0.272941,0.696471,0.030588,0.281553,180,0.436893,Republican,18351,11931,0.65,0.650155,7979,3952,0.33,0.331238,https://www.in.gov/sos/elections/voter-information/files/2024-General-Election-Turnout-and-Registration-Report.pdf,9,no
2024,Indiana,9,US House,Jennings,18079,Jennings,NORTH VERNON 04B,"Timothy ""Tim"" Peck",Erin Houchin,"Russell ""Russ"" Brooksbank",37,132,6,0,175,0.211429,0.754286,0.034286,0.218935,95,0.56213,Republican,18351,11931,0.65,0.650155,7979,3952,0.33,0.331238,https://www.in.gov/sos/elections/voter-information/files/2024-General-Election-Turnout-and-Registration-Report.pdf,9,no
2024,Indiana,9,US House,Jennings,18079,Jennings,SANDCREEK,"Timothy ""Tim"" Peck",Erin Houchin,"Russell ""Russ"" Brooksbank",80,344,19,0,443,0.180587,0.776524,0.042889,0.188679,264,0.622642,Republican,18351,11931,0.65,0.650155,7979,3952,0.33,0.331238,https://www.in.gov/sos/elections/voter-information/files/2024-General-Election-Turnout-and-Registration-Report.pdf,9,no
2024,Indiana,9,US House,Jennings,18079,Jennings,SPENCER NORTH,"Timothy ""Tim"" Peck",Erin Houchin,"Russell ""Russ"" Brooksbank",110,484,21,0,615,0.178862,0.786992,0.034146,0.185185,374,0.62963,Republican,18351,11931,0.65,0.650155,7979,3952,0.33,0.331238,https://www.in.gov/sos/elections/voter-information/files/2024-General-Election-Turnout-and-Registration-Report.pdf,9,no
2024,Indiana,9,US House,Jennings,18079,Jennings,SPENCER SOUTH,"Timothy ""Tim"" Peck",Erin Houchin,"Russell ""Russ"" Brooksbank",109,410,22,0,541,0.201479,0.757856,0.040665,0.210019,301,0.579961,Republican,18351,11931,0.65,0.650155,7979,3952,0.33,0.331238,https://www.in.gov/sos/elections/voter-information/files/2024-General-Election-Turnout-and-Registration-Report.pdf,9,no
2024,Indiana,9,US House,Jennings,18079,Jennings,VERNON EAST,"Timothy ""Tim"" Peck",Erin Houchin,"Russell ""Russ"" Brooksbank",132,600,35,0,767,0.172099,0.782269,0.045632,0.180328,468,0.639344,Republican,18351,11931,0.65,0.650155,7979,3952,0.33,0.331238,https://www.in.gov/sos/elections/voter-information/files/2024-General-Election-Turnout-and-Registration-Report.pdf,9,no
2024,Indiana,9,US House,Jennings,18079,Jennings,VERNON WEST,"Timothy ""Tim"" Peck",Erin Houchin,"Russell ""Russ"" Brooksbank",130,430,21,0,581,0.223752,0.740103,0.036145,0.232143,300,0.535714,Republican,18351,11931,0.65,0.650155,7979,3952,0.33,0.331238,https://www.in.gov/sos/elections/voter-information/files/2024-General-Election-Turnout-and-Registration-Report.pdf,9,no
2024,Indiana,9,US House,Lawrence,18093,Lawrence,01 SHAWSWICK 01A,"Timothy ""Tim"" Peck",Erin Houchin,"Russell ""Russ"" Brooksbank",78,155,13,0,246,0.317073,0.630081,0.052846,0.334764,77,0.330472,Republican,34759,21468,0.62,0.617624,7617,13851,0.65,0.645193,https://www.in.gov/sos/elections/voter-information/files/2024-General-Election-Turnout-and-Registration-Report.pdf,9,no
2024,Indiana,9,US House,Lawrence,18093,Lawrence,02 SHAWSWICK 01B,"Timothy ""Tim"" Peck",Erin Houchin,"Russell ""Russ"" Brooksbank",79,233,6,0,318,0.248428,0.732704,0.018868,0.253205,154,0.49359,Republican,34759,21468,0.62,0.617624,7617,13851,0.65,0.645193,https://www.in.gov/sos/elections/voter-information/files/2024-General-Election-Turnout-and-Registration-Report.pdf,9,no
2024,Indiana,9,US House,Lawrence,18093,Lawrence,03 SHAWSWICK 02,"Timothy ""Tim"" Peck",Erin Houchin,"Russell ""Russ"" Brooksbank",81,335,6,0,422,0.191943,0.793839,0.014218,0.194712,254,0.610577,Republican,34759,21468,0.62,0.617624,7617,13851,0.65,0.645193,https://www.in.gov/sos/elections/voter-information/files/2024-General-Election-Turnout-and-Registration-Report.pdf,9,no
2024,Indiana,9,US House,Lawrence,18093,Lawrence,04 SHAWSWICK 03,"Timothy ""Tim"" Peck",Erin Houchin,"Russell ""Russ"" Brooksbank",95,251,11,0,357,0.266106,0.703081,0.030812,0.274566,156,0.450867,Republican,34759,21468,0.62,0.617624,7617,13851,0.65,0.645193,https://www.in.gov/sos/elections/voter-information/files/2024-General-Election-Turnout-and-Registration-Report.pdf,9,no
2024,Indiana,9,US House,Lawrence,18093,Lawrence,05 SHAWSWICK 04,"Timothy ""Tim"" Peck",Erin Houchin,"Russell ""Russ"" Brooksbank",107,289,9,0,405,0.264198,0.71358,0.022222,0.270202,182,0.459596,Republican,34759,21468,0.62,0.617624,7617,13851,0.65,0.645193,https://www.in.gov/sos/elections/voter-information/files/2024-General-Election-Turnout-and-Registration-Report.pdf,9,no
2024,Indiana,9,US House,Lawrence,18093,Lawrence,06 SHAWSWICK 05A,"Timothy ""Tim"" Peck",Erin Houchin,"Russell ""Russ"" Brooksbank",128,256,10,0,394,0.324873,0.649746,0.025381,0.333333,128,0.333333,Republican,34759,21468,0.62,0.617624,7617,13851,0.65,0.645193,https://www.in.gov/sos/elections/voter-information/files/2024-General-Election-Turnout-and-Registration-Report.pdf,9,no
2024,Indiana,9,US House,Lawrence,18093,Lawrence,07 SHAWSWICK 05B,"Timothy ""Tim"" Peck",Erin Houchin,"Russell ""Russ"" Brooksbank",94,304,18,0,416,0.225962,0.730769,0.043269,0.236181,210,0.527638,Republican,34759,21468,0.62,0.617624,7617,13851,0.65,0.645193,https://www.in.gov/sos/elections/voter-information/files/2024-General-Election-Turnout-and-Registration-Report.pdf,9,no
2024,Indiana,9,US House,Lawrence,18093,Lawrence,08 SHAWSWICK 06,"Timothy ""Tim"" Peck",Erin Houchin,"Russell ""Russ"" Brooksbank",101,212,16,0,329,0.306991,0.644377,0.048632,0.322684,111,0.354633,Republican,34759,21468,0.62,0.617624,7617,13851,0.65,0.645193,https://www.in.gov/sos/elections/voter-information/files/2024-General-Election-Turnout-and-Registration-Report.pdf,9,no
2024,Indiana,9,US House,Lawrence,18093,Lawrence,09 SHAWSWICK 07A,"Timothy ""Tim"" Peck",Erin Houchin,"Russell ""Russ"" Brooksbank",64,209,9,0,282,0.22695,0.741135,0.031915,0.234432,145,0.531136,Republican,34759,21468,0.62,0.617624,7617,13851,0.65,0.645193,https://www.in.gov/sos/elections/voter-information/files/2024-General-Election-Turnout-and-Registration-Report.pdf,9,no
2024,Indiana,9,US House,Lawrence,18093,Lawrence,10 SHAWSWICK 07B,"Timothy ""Tim"" Peck",Erin Houchin,"Russell ""Russ"" Brooksbank",168,317,19,0,504,0.333333,0.628968,0.037698,0.346392,149,0.307216,Republican,34759,21468,0.62,0.617624,7617,13851,0.65,0.645193,https://www.in.gov/sos/elections/voter-information/files/2024-General-Election-Turnout-and-Registration-Report.pdf,9,no
2024,Indiana,9,US House,Lawrence,18093,Lawrence,11 SHAWSWICK 08,"Timothy ""Tim"" Peck",Erin Houchin,"Russell ""Russ"" Brooksbank",140,286,13,0,439,0.318907,0.651481,0.029613,0.328638,146,0.342723,Republican,34759,21468,0.62,0.617624,7617,13851,0.65,0.645193,https://www.in.gov/sos/elections/voter-information/files/2024-General-Election-Turnout-and-Registration-Report.pdf,9,no
2024,Indiana,9,US House,Lawrence,18093,Lawrence,12 SHAWSWICK 09,"Timothy ""Tim"" Peck",Erin Houchin,"Russell ""Russ"" Brooksbank",93,193,11,0,297,0.313131,0.649832,0.037037,0.325175,100,0.34965,Republican,34759,21468,0.62,0.617624,7617,13851,0.65,0.645193,https://www.in.gov/sos/elections/voter-information/files/2024-General-Election-Turnout-and-Registration-Report.pdf,9,no
2024,Indiana,9,US House,Lawrence,18093,Lawrence,13 SHAWSWICK 10,"Timothy ""Tim"" Peck",Erin Houchin,"Russell ""Russ"" Brooksbank",70,267,14,0,351,0.19943,0.760684,0.039886,0.207715,197,0.58457,Republican,34759,21468,0.62,0.617624,7617,13851,0.65,0.645193,https://www.in.gov/sos/elections/voter-information/files/2024-General-Election-Turnout-and-Registration-Report.pdf,9,no
2024,Indiana,9,US House,Lawrence,18093,Lawrence,14 SHAWSWICK 11,"Timothy ""Tim"" Peck",Erin Houchin,"Russell ""Russ"" Brooksbank",59,194,7,0,260,0.226923,0.746154,0.026923,0.233202,135,0.533597,Republican,34759,21468,0.62,0.617624,7617,13851,0.65,0.645193,https://www.in.gov/sos/elections/voter-information/files/2024-General-Election-Turnout-and-Registration-Report.pdf,9,no
2024,Indiana,9,US House,Lawrence,18093,Lawrence,15 SHAWSWICK 12,"Timothy ""Tim"" Peck",Erin Houchin,"Russell ""Russ"" Brooksbank",135,361,23,0,519,0.260116,0.695568,0.044316,0.272177,226,0.455645,Republican,34759,21468,0.62,0.617624,7617,13851,0.65,0.645193,https://www.in.gov/sos/elections/voter-information/files/2024-General-Election-Turnout-and-Registration-Report.pdf,9,no
2024,Indiana,9,US House,Lawrence,18093,Lawrence,16 SHAWSWICK 13,"Timothy ""Tim"" Peck",Erin Houchin,"Russell ""Russ"" Brooksbank",107,374,18,0,499,0.214429,0.749499,0.036072,0.222453,267,0.555094,Republican,34759,21468,0.62,0.617624,7617,13851,0.65,0.645193,https://www.in.gov/sos/elections/voter-information/files/2024-General-Election-Turnout-and-Registration-Report.pdf,9,no
2024,Indiana,9,US House,Lawrence,18093,Lawrence,17 SHAWSWICK 14A,"Timothy ""Tim"" Peck",Erin Houchin,"Russell ""Russ"" Brooksbank",116,553,18,0,687,0.16885,0.804949,0.026201,0.173393,437,0.653214,Republican,34759,21468,0.62,0.617624,7617,13851,0.65,0.645193,https://www.in.gov/sos/elections/voter-information/files/2024-General-Election-Turnout-and-Registration-Report.pdf,9,no
2024,Indiana,9,US House,Lawrence,18093,Lawrence,18 SHAWSWICK 14B,"Timothy ""Tim"" Peck",Erin Houchin,"Russell ""Russ"" Brooksbank",131,608,21,0,760,0.172368,0.8,0.027632,0.177267,477,0.645467,Republican,34759,21468,0.62,0.617624,7617,13851,0.65,0.645193,https://www.in.gov/sos/elections/voter-information/files/2024-General-Election-Turnout-and-Registration-Report.pdf,9,no
2024,Indiana,9,US House,Lawrence,18093,Lawrence,19 SHAWSWICK 15A,"Timothy ""Tim"" Peck",Erin Houchin,"Russell ""Russ"" Brooksbank",66,220,8,0,294,0.22449,0.748299,0.027211,0.230769,154,0.538462,Republican,34759,21468,0.62,0.617624,7617,13851,0.65,0.645193,https://www.in.gov/sos/elections/voter-information/files/2024-General-Election-Turnout-and-Registration-Report.pdf,9,no
2024,Indiana,9,US House,Lawrence,18093,Lawrence,20 SHAWSWICK 15B,"Timothy ""Tim"" Peck",Erin Houchin,"Russell ""Russ"" Brooksbank",144,499,18,0,661,0.217852,0.754917,0.027231,0.22395,355,0.5521,Republican,34759,21468,0.62,0.617624,7617,13851,0.65,0.645193,https://www.in.gov/sos/elections/voter-information/files/2024-General-Election-Turnout-and-Registration-Report.pdf,9,no
2024,Indiana,9,US House,Lawrence,18093,Lawrence,21 SHAWSWICK 16,"Timothy ""Tim"" Peck",Erin Houchin,"Russell ""Russ"" Brooksbank",156,436,18,0,610,0.255738,0.714754,0.029508,0.263514,280,0.472973,Republican,34759,21468,0.62,0.617624,7617,13851,0.65,0.645193,https://www.in.gov/sos/elections/voter-information/files/2024-General-Election-Turnout-and-Registration-Report.pdf,9,no
2024,Indiana,9,US House,Lawrence,18093,Lawrence,22 MARION 01,"Timothy ""Tim"" Peck",Erin Houchin,"Russell ""Russ"" Brooksbank",77,232,16,0,325,0.236923,0.713846,0.049231,0.249191,155,0.501618,Republican,34759,21468,0.62,0.617624,7617,13851,0.65,0.645193,https://www.in.gov/sos/elections/voter-information/files/2024-General-Election-Turnout-and-Registration-Report.pdf,9,no
2024,Indiana,9,US House,Lawrence,18093,Lawrence,23 MARION 02,"Timothy ""Tim"" Peck",Erin Houchin,"Russell ""Russ"" Brooksbank",126,329,9,0,464,0.271552,0.709052,0.019397,0.276923,203,0.446154,Republican,34759,21468,0.62,0.617624,7617,13851,0.65,0.645193,https://www.in.gov/sos/elections/voter-information/files/2024-General-Election-Turnout-and-Registration-Report.pdf,9,no
2024,Indiana,9,US House,Lawrence,18093,Lawrence,24 MARION 03,"Timothy ""Tim"" Peck",Erin Houchin,"Russell ""Russ"" Brooksbank",83,264,12,0,359,0.231198,0.735376,0.033426,0.239193,181,0.521614,Republican,34759,21468,0.62,0.617624,7617,13851,0.65,0.645193,https://www.in.gov/sos/elections/voter-information/files/2024-General-Election-Turnout-and-Registration-Report.pdf,9,no
2024,Indiana,9,US House,Lawrence,18093,Lawrence,25 MARION 04,"Timothy ""Tim"" Peck",Erin Houchin,"Russell ""Russ"" Brooksbank",54,171,10,0,235,0.229787,0.72766,0.042553,0.24,117,0.52,Republican,34759,21468,0.62,0.617624,7617,13851,0.65,0.645193,https://www.in.gov/sos/elections/voter-information/files/2024-General-Election-Turnout-and-Registration-Report.pdf,9,no
2024,Indiana,9,US House,Lawrence,18093,Lawrence,26 MARION 05A,"Timothy ""Tim"" Peck",Erin Houchin,"Russell ""Russ"" Brooksbank",127,481,27,0,635,0.2,0.75748,0.04252,0.208882,354,0.582237,Republican,34759,21468,0.62,0.617624,7617,13851,0.65,0.645193,https://www.in.gov/sos/elections/voter-information/files/2024-General-Election-Turnout-and-Registration-Report.pdf,9,no
2024,Indiana,9,US House,Lawrence,18093,Lawrence,27 MARION 05B,"Timothy ""Tim"" Peck",Erin Houchin,"Russell ""Russ"" Brooksbank",127,588,18,0,733,0.173261,0.802183,0.024557,0.177622,461,0.644755,Republican,34759,21468,0.62,0.617624,7617,13851,0.65,0.645193,https://www.in.gov/sos/elections/voter-information/files/2024-General-Election-Turnout-and-Registration-Report.pdf,9,no
2024,Indiana,9,US House,Lawrence,18093,Lawrence,28 MARION 05C,"Timothy ""Tim"" Peck",Erin Houchin,"Russell ""Russ"" Brooksbank",41,112,2,0,155,0.264516,0.722581,0.012903,0.267974,71,0.464052,Republican,34759,21468,0.62,0.617624,7617,13851,0.65,0.645193,https://www.in.gov/sos/elections/voter-information/files/2024-General-Election-Turnout-and-Registration-Report.pdf,9,no
2024,Indiana,9,US House,Lawrence,18093,Lawrence,29 MARION 06,"Timothy ""Tim"" Peck",Erin Houchin,"Russell ""Russ"" Brooksbank",133,662,16,0,811,0.163995,0.816276,0.019729,0.167296,529,0.665409,Republican,34759,21468,0.62,0.617624,7617,13851,0.65,0.645193,https://www.in.gov/sos/elections/voter-information/files/2024-General-Election-Turnout-and-Registration-Report.pdf,9,no
2024,Indiana,9,US House,Lawrence,18093,Lawrence,30 BONO,"Timothy ""Tim"" Peck",Erin Houchin,"Russell ""Russ"" Brooksbank",71,301,9,0,381,0.186352,0.790026,0.023622,0.19086,230,0.61828,Republican,34759,21468,0.62,0.617624,7617,13851,0.65,0.645193,https://www.in.gov/sos/elections/voter-information/files/2024-General-Election-Turnout-and-Registration-Report.pdf,9,no
2024,Indiana,9,US House,Lawrence,18093,Lawrence,31 GUTHRIE,"Timothy ""Tim"" Peck",Erin Houchin,"Russell ""Russ"" Brooksbank",89,465,21,0,575,0.154783,0.808696,0.036522,0.16065,376,0.6787,Republican,34759,21468,0.62,0.617624,7617,13851,0.65,0.645193,https://www.in.gov/sos/elections/voter-information/files/2024-General-Election-Turnout-and-Registration-Report.pdf,9,no
2024,Indiana,9,US House,Lawrence,18093,Lawrence,32 INDIAN CREEK NORTH,"Timothy ""Tim"" Peck",Erin Houchin,"Russell ""Russ"" Brooksbank",132,680,15,0,827,0.159613,0.822249,0.018138,0.162562,548,0.674877,Republican,34759,21468,0.62,0.617624,7617,13851,0.65,0.645193,https://www.in.gov/sos/elections/voter-information/files/2024-General-Election-Turnout-and-Registration-Report.pdf,9,no
2024,Indiana,9,US House,Lawrence,18093,Lawrence,33 INDIAN CREEK SOUTH,"Timothy ""Tim"" Peck",Erin Houchin,"Russell ""Russ"" Brooksbank",78,413,9,0,500,0.156,0.826,0.018,0.158859,335,0.682281,Republican,34759,21468,0.62,0.617624,7617,13851,0.65,0.645193,https://www.in.gov/sos/elections/voter-information/files/2024-General-Election-Turnout-and-Registration-Report.pdf,9,no
2024,Indiana,9,US House,Lawrence,18093,Lawrence,34 MARSHALL 01,"Timothy ""Tim"" Peck",Erin Houchin,"Russell ""Russ"" Brooksbank",198,771,21,0,990,0.2,0.778788,0.021212,0.204334,573,0.591331,Republican,34759,21468,0.62,0.617624,7617,13851,0.65,0.645193,https://www.in.gov/sos/elections/voter-information/files/2024-General-Election-Turnout-and-Registration-Report.pdf,9,no
2024,Indiana,9,US House,Lawrence,18093,Lawrence,35 MARSHALL 02,"Timothy ""Tim"" Peck",Erin Houchin,"Russell ""Russ"" Brooksbank",131,447,14,0,592,0.221284,0.755068,0.023649,0.226644,316,0.546713,Republican,34759,21468,0.62,0.617624,7617,13851,0.65,0.645193,https://www.in.gov/sos/elections/voter-information/files/2024-General-Election-Turnout-and-Registration-Report.pdf,9,no
2024,Indiana,9,US House,Lawrence,18093,Lawrence,36 MARSHALL 03,"Timothy ""Tim"" Peck",Erin Houchin,"Russell ""Russ"" Brooksbank",194,584,22,0,800,0.2425,0.73,0.0275,0.249357,390,0.501285,Republican,34759,21468,0.62,0.617624,7617,13851,0.65,0.645193,https://www.in.gov/sos/elections/voter-information/files/2024-General-Election-Turnout-and-Registration-Report.pdf,9,no
2024,Indiana,9,US House,Lawrence,18093,Lawrence,37 PERRY,"Timothy ""Tim"" Peck",Erin Houchin,"Russell ""Russ"" Brooksbank",210,916,48,0,1174,0.178876,0.780239,0.040886,0.186501,706,0.626998,Republican,34759,21468,0.62,0.617624,7617,13851,0.65,0.645193,https://www.in.gov/sos/elections/voter-information/files/2024-General-Election-Turnout-and-Registration-Report.pdf,9,no
2024,Indiana,9,US House,Lawrence,18093,Lawrence,38 PLEASANT RUN,"Timothy ""Tim"" Peck",Erin Houchin,"Russell ""Russ"" Brooksbank",132,640,24,0,796,0.165829,0.80402,0.030151,0.170984,508,0.658031,Republican,34759,21468,0.62,0.617624,7617,13851,0.65,0.645193,https://www.in.gov/sos/elections/voter-information/files/2024-General-Election-Turnout-and-Registration-Report.pdf,9,no
2024,Indiana,9,US House,Lawrence,18093,Lawrence,39 SPICE VALLEY NORTH,"Timothy ""Tim"" Peck",Erin Houchin,"Russell ""Russ"" Brooksbank",41,238,12,0,291,0.140893,0.817869,0.041237,0.146953,197,0.706093,Republican,34759,21468,0.62,0.617624,7617,13851,0.65,0.645193,https://www.in.gov/sos/elections/voter-information/files/2024-General-Election-Turnout-and-Registration-Report.pdf,9,no
2024,Indiana,9,US House,Lawrence,18093,Lawrence,40 SPICE VALLEY SOUTH,"Timothy ""Tim"" Peck",Erin Houchin,"Russell ""Russ"" Brooksbank",116,571,34,0,721,0.160888,0.791956,0.047157,0.16885,455,0.6623,Republican,34759,21468,0.62,0.617624,7617,13851,0.65,0.645193,https://www.in.gov/sos/elections/voter-information/files/2024-General-Election-Turnout-and-Registration-Report.pdf,9,no
2024,Indiana,9,US House,Monroe,18105,Monroe,11-PERRY 09,"Timothy ""Tim"" Peck",Erin Houchin,"Russell ""Russ"" Brooksbank",521,159,12,0,692,0.75289,0.229769,0.017341,0.766176,-362,-0.532353,Democratic,93146,59855,0.64,0.642593,23965,35890,0.6,0.599616,https://www.in.gov/sos/elections/voter-information/files/2024-General-Election-Turnout-and-Registration-Report.pdf,9,no
2024,Indiana,9,US House,Monroe,18105,Monroe,12-RICHLAND 09,"Timothy ""Tim"" Peck",Erin Houchin,"Russell ""Russ"" Brooksbank",6,0,0,0,6,1.0,0.0,0.0,1.0,-6,-1.0,Democratic,93146,59855,0.64,0.642593,23965,35890,0.6,0.599616,https://www.in.gov/sos/elections/voter-information/files/2024-General-Election-Turnout-and-Registration-Report.pdf,9,no
2024,Indiana,9,US House,Monroe,18105,Monroe,13-PERRY 20,"Timothy ""Tim"" Peck",Erin Houchin,"Russell ""Russ"" Brooksbank",423,102,15,0,540,0.783333,0.188889,0.027778,0.805714,-321,-0.611429,Democratic,93146,59855,0.64,0.642593,23965,35890,0.6,0.599616,https://www.in.gov/sos/elections/voter-information/files/2024-General-Election-Turnout-and-Registration-Report.pdf,9,no
2024,Indiana,9,US House,Monroe,18105,Monroe,15-CLEAR CREEK 03,"Timothy ""Tim"" Peck",Erin Houchin,"Russell ""Russ"" Brooksbank",453,534,31,0,1018,0.44499,0.524558,0.030452,0.458967,81,0.082067,Republican,93146,59855,0.64,0.642593,23965,35890,0.6,0.599616,https://www.in.gov/sos/elections/voter-information/files/2024-General-Election-Turnout-and-Registration-Report.pdf,9,no
2024,Indiana,9,US House,Monroe,18105,Monroe,16-PERRY 24,"Timothy ""Tim"" Peck",Erin Houchin,"Russell ""Russ"" Brooksbank",457,517,21,0,995,0.459296,0.519598,0.021106,0.469199,60,0.061602,Republican,93146,59855,0.64,0.642593,23965,35890,0.6,0.599616,https://www.in.gov/sos/elections/voter-information/files/2024-General-Election-Turnout-and-Registration-Report.pdf,9,no
2024,Indiana,9,US House,Monroe,18105,Monroe,172-PERRY 28,"Timothy ""Tim"" Peck",Erin Houchin,"Russell ""Russ"" Brooksbank",118,34,4,0,156,0.75641,0.217949,0.025641,0.776316,-84,-0.552632,Democratic,93146,59855,0.64,0.642593,23965,35890,0.6,0.599616,https://www.in.gov/sos/elections/voter-information/files/2024-General-Election-Turnout-and-Registration-Report.pdf,9,no
2024,Indiana,9,US House,Monroe,18105,Monroe,173-PERRY 05,"Timothy ""Tim"" Peck",Erin Houchin,"Russell ""Russ"" Brooksbank",683,339,28,0,1050,0.650476,0.322857,0.026667,0.668297,-344,-0.336595,Democratic,93146,59855,0.64,0.642593,23965,35890,0.6,0.599616,https://www.in.gov/sos/elections/voter-information/files/2024-General-Election-Turnout-and-Registration-Report.pdf,9,no
2024,Indiana,9,US House,Monroe,18105,Monroe,19-PERRY 03,"Timothy ""Tim"" Peck",Erin Houchin,"Russell ""Russ"" Brooksbank",642,213,34,0,889,0.72216,0.239595,0.038245,0.750877,-429,-0.501754,Democratic,93146,59855,0.64,0.642593,23965,35890,0.6,0.599616,https://www.in.gov/sos/elections/voter-information/files/2024-General-Election-Turnout-and-Registration-Report.pdf,9,no
2024,Indiana,9,US House,Monroe,18105,Monroe,20-PERRY 08,"Timothy ""Tim"" Peck",Erin Houchin,"Russell ""Russ"" Brooksbank",592,54,13,0,659,0.898331,0.081942,0.019727,0.916409,-538,-0.832817,Democratic,93146,59855,0.64,0.642593,23965,35890,0.6,0.599616,https://www.in.gov/sos/elections/voter-information/files/2024-General-Election-Turnout-and-Registration-Report.pdf,9,no
2024,Indiana,9,US House,Monroe,18105,Monroe,28-BLOOMINGTON 15,"Timothy ""Tim"" Peck",Erin Houchin,"Russell ""Russ"" Brooksbank",484,344,27,0,855,0.566082,0.402339,0.031579,0.584541,-140,-0.169082,Democratic,93146,59855,0.64,0.642593,23965,35890,0.6,0.599616,https://www.in.gov/sos/elections/voter-information/files/2024-General-Election-Turnout-and-Registration-Report.pdf,9,no
2024,Indiana,9,US House,Monroe,18105,Monroe,30-BLOOMINGTON 01,"Timothy ""Tim"" Peck",Erin Houchin,"Russell ""Russ"" Brooksbank",114,16,5,0,135,0.844444,0.118519,0.037037,0.876923,-98,-0.753846,Democratic,93146,59855,0.64,0.642593,23965,35890,0.6,0.599616,https://www.in.gov/sos/elections/voter-information/files/2024-General-Election-Turnout-and-Registration-Report.pdf,9,no
2024,Indiana,9,US House,Monroe,18105,Monroe,34-PERRY 12,"Timothy ""Tim"" Peck",Erin Houchin,"Russell ""Russ"" Brooksbank",566,197,14,0,777,0.728443,0.253539,0.018018,0.741809,-369,-0.483617,Democratic,93146,59855,0.64,0.642593,23965,35890,0.6,0.599616,https://www.in.gov/sos/elections/voter-information/files/2024-General-Election-Turnout-and-Registration-Report.pdf,9,no
2024,Indiana,9,US House,Monroe,18105,Monroe,39-BENTON 02,"Timothy ""Tim"" Peck",Erin Houchin,"Russell ""Russ"" Brooksbank",584,379,20,0,983,0.5941,0.385554,0.020346,0.606438,-205,-0.212876,Democratic,93146,59855,0.64,0.642593,23965,35890,0.6,0.599616,https://www.in.gov/sos/elections/voter-information/files/2024-General-Election-Turnout-and-Registration-Report.pdf,9,no
2024,Indiana,9,US House,Monroe,18105,Monroe,40-BEAN BLOSSOM 02,"Timothy ""Tim"" Peck",Erin Houchin,"Russell ""Russ"" Brooksbank",242,470,36,0,748,0.323529,0.628342,0.048128,0.339888,228,0.320225,Republican,93146,59855,0.64,0.642593,23965,35890,0.6,0.599616,https://www.in.gov/sos/elections/voter-information/files/2024-General-Election-Turnout-and-Registration-Report.pdf,9,no
2024,Indiana,9,US House,Monroe,18105,Monroe,42-PERRY 32,"Timothy ""Tim"" Peck",Erin Houchin,"Russell ""Russ"" Brooksbank",503,109,16,0,628,0.800955,0.173567,0.025478,0.821895,-394,-0.643791,Democratic,93146,59855,0.64,0.642593,23965,35890,0.6,0.599616,https://www.in.gov/sos/elections/voter-information/files/2024-General-Election-Turnout-and-Registration-Report.pdf,9,no
2024,Indiana,9,US House,Monroe,18105,Monroe,43-BLOOMINGTON 11,"Timothy ""Tim"" Peck",Erin Houchin,"Russell ""Russ"" Brooksbank",408,279,14,0,701,0.582026,0.398003,0.019971,0.593886,-129,-0.187773,Democratic,93146,59855,0.64,0.642593,23965,35890,0.6,0.599616,https://www.in.gov/sos/elections/voter-information/files/2024-General-Election-Turnout-and-Registration-Report.pdf,9,no
2024,Indiana,9,US House,Monroe,18105,Monroe,47-PERRY 29,"Timothy ""Tim"" Peck",Erin Houchin,"Russell ""Russ"" Brooksbank",353,171,23,0,547,0.645338,0.312614,0.042048,0.673664,-182,-0.347328,Democratic,93146,59855,0.64,0.642593,23965,35890,0.6,0.599616,https://www.in.gov/sos/elections/voter-information/files/2024-General-Election-Turnout-and-Registration-Report.pdf,9,no
2024,Indiana,9,US House,Monroe,18105,Monroe,56-BLOOMINGTON 05,"Timothy ""Tim"" Peck",Erin Houchin,"Russell ""Russ"" Brooksbank",236,43,5,0,284,0.830986,0.151408,0.017606,0.845878,-193,-0.691756,Democratic,93146,59855,0.64,0.642593,23965,35890,0.6,0.599616,https://www.in.gov/sos/elections/voter-information/files/2024-General-Election-Turnout-and-Registration-Report.pdf,9,no
2024,Indiana,9,US House,Monroe,18105,Monroe,67-VAN BUREN 03,"Timothy ""Tim"" Peck",Erin Houchin,"Russell ""Russ"" Brooksbank",540,331,27,0,898,0.601336,0.368597,0.030067,0.619977,-209,-0.239954,Democratic,93146,59855,0.64,0.642593,23965,35890,0.6,0.599616,https://www.in.gov/sos/elections/voter-information/files/2024-General-Election-Turnout-and-Registration-Report.pdf,9,no
2024,Indiana,9,US House,Monroe,18105,Monroe,69-RICHLAND 05,"Timothy ""Tim"" Peck",Erin Houchin,"Russell ""Russ"" Brooksbank",303,424,29,0,756,0.400794,0.560847,0.03836,0.416781,121,0.166437,Republican,93146,59855,0.64,0.642593,23965,35890,0.6,0.599616,https://www.in.gov/sos/elections/voter-information/files/2024-General-Election-Turnout-and-Registration-Report.pdf,9,no
2024,Indiana,9,US House,Monroe,18105,Monroe,70-BLOOMINGTON 19,"Timothy ""Tim"" Peck",Erin Houchin,"Russell ""Russ"" Brooksbank",125,26,4,0,155,0.806452,0.167742,0.025806,0.827815,-99,-0.655629,Democratic,93146,59855,0.64,0.642593,23965,35890,0.6,0.599616,https://www.in.gov/sos/elections/voter-information/files/2024-General-Election-Turnout-and-Registration-Report.pdf,9,no
2024,Indiana,9,US House,Monroe,18105,Monroe,73-PERRY 06,"Timothy ""Tim"" Peck",Erin Houchin,"Russell ""Russ"" Brooksbank",379,65,15,0,459,0.825708,0.141612,0.03268,0.853604,-314,-0.707207,Democratic,93146,59855,0.64,0.642593,23965,35890,0.6,0.599616,https://www.in.gov/sos/elections/voter-information/files/2024-General-Election-Turnout-and-Registration-Report.pdf,9,no
2024,Indiana,9,US House,Monroe,18105,Monroe,76-PERRY 07,"Timothy ""Tim"" Peck",Erin Houchin,"Russell ""Russ"" Brooksbank",168,21,5,0,194,0.865979,0.108247,0.025773,0.888889,-147,-0.777778,Democratic,93146,59855,0.64,0.642593,23965,35890,0.6,0.599616,https://www.in.gov/sos/elections/voter-information/files/2024-General-Election-Turnout-and-Registration-Report.pdf,9,no
2024,Indiana,9,US House,Monroe,18105,Monroe,79-PERRY 18,"Timothy ""Tim"" Peck",Erin Houchin,"Russell ""Russ"" Brooksbank",676,135,14,0,825,0.819394,0.163636,0.01697,0.833539,-541,-0.667078,Democratic,93146,59855,0.64,0.642593,23965,35890,0.6,0.599616,https://www.in.gov/sos/elections/voter-information/files/2024-General-Election-Turnout-and-Registration-Report.pdf,9,no
2024,Indiana,9,US House,Monroe,18105,Monroe,81-BLOOMINGTON 08,"Timothy ""Tim"" Peck",Erin Houchin,"Russell ""Russ"" Brooksbank",235,28,6,0,269,0.873606,0.104089,0.022305,0.893536,-207,-0.787072,Democratic,93146,59855,0.64,0.642593,23965,35890,0.6,0.599616,https://www.in.gov/sos/elections/voter-information/files/2024-General-Election-Turnout-and-Registration-Report.pdf,9,no
2024,Indiana,9,US House,Monroe,18105,Monroe,85-BEAN BLOSSOM 03,"Timothy ""Tim"" Peck",Erin Houchin,"Russell ""Russ"" Brooksbank",0,4,0,0,4,0.0,1.0,0.0,0.0,4,1.0,Republican,93146,59855,0.64,0.642593,23965,35890,0.6,0.599616,https://www.in.gov/sos/elections/voter-information/files/2024-General-Election-Turnout-and-Registration-Report.pdf,9,no
2024,Indiana,9,US House,Ohio,18115,Ohio,CASS 07,"Timothy ""Tim"" Peck",Erin Houchin,"Russell ""Russ"" Brooksbank",74,348,10,0,432,0.171296,0.805556,0.023148,0.175355,274,0.649289,Republican,5231,3117,0.6,0.595871,1522,1595,0.51,0.51171,https://www.in.gov/sos/elections/voter-information/files/2024-General-Election-Turnout-and-Registration-Report.pdf,9,no
2024,Indiana,9,US House,Ohio,18115,Ohio,PIKE 08,"Timothy ""Tim"" Peck",Erin Houchin,"Russell ""Russ"" Brooksbank",35,196,4,0,235,0.148936,0.834043,0.017021,0.151515,161,0.69697,Republican,5231,3117,0.6,0.595871,1522,1595,0.51,0.51171,https://www.in.gov/sos/elections/voter-information/files/2024-General-Election-Turnout-and-Registration-Report.pdf,9,no
2024,Indiana,9,US House,Ohio,18115,Ohio,RANDOLPH 01,"Timothy ""Tim"" Peck",Erin Houchin,"Russell ""Russ"" Brooksbank",70,132,6,0,208,0.336538,0.634615,0.028846,0.346535,62,0.306931,Republican,5231,3117,0.6,0.595871,1522,1595,0.51,0.51171,https://www.in.gov/sos/elections/voter-information/files/2024-General-Election-Turnout-and-Registration-Report.pdf,9,no
2024,Indiana,9,US House,Ohio,18115,Ohio,RANDOLPH 02,"Timothy ""Tim"" Peck",Erin Houchin,"Russell ""Russ"" Brooksbank",59,129,8,0,196,0.30102,0.658163,0.040816,0.31383,70,0.37234,Republican,5231,3117,0.6,0.595871,1522,1595,0.51,0.51171,https://www.in.gov/sos/elections/voter-information/files/2024-General-Election-Turnout-and-Registration-Report.pdf,9,no
2024,Indiana,9,US House,Ohio,18115,Ohio,RANDOLPH 03,"Timothy ""Tim"" Peck",Erin Houchin,"Russell ""Russ"" Brooksbank",81,188,9,0,278,0.291367,0.676259,0.032374,0.301115,107,0.39777,Republican,5231,3117,0.6,0.595871,1522,1595,0.51,0.51171,https://www.in.gov/sos/elections/voter-information/files/2024-General-Election-Turnout-and-Registration-Report.pdf,9,no
2024,Indiana,9,US House,Ohio,18115,Ohio,RANDOLPH 04,"Timothy ""Tim"" Peck",Erin Houchin,"Russell ""Russ"" Brooksbank",78,184,6,0,268,0.291045,0.686567,0.022388,0.29771,106,0.40458,Republican,5231,3117,0.6,0.595871,1522,1595,0.51,0.51171,https://www.in.gov/sos/elections/voter-information/files/2024-General-Election-Turnout-and-Registration-Report.pdf,9,no
2024,Indiana,9,US House,Ohio,18115,Ohio,RANDOLPH 05,"Timothy ""Tim"" Peck",Erin Houchin,"Russell ""Russ"" Brooksbank",113,580,15,0,708,0.159605,0.819209,0.021186,0.163059,467,0.673882,Republican,5231,3117,0.6,0.595871,1522,1595,0.51,0.51171,https://www.in.gov/sos/elections/voter-information/files/2024-General-Election-Turnout-and-Registration-Report.pdf,9,no
2024,Indiana,9,US House,Ohio,18115,Ohio,RANDOLPH 06,"Timothy ""Tim"" Peck",Erin Houchin,"Russell ""Russ"" Brooksbank",39,233,6,0,278,0.140288,0.838129,0.021583,0.143382,194,0.713235,Republican,5231,3117,0.6,0.595871,1522,1595,0.51,0.51171,https://www.in.gov/sos/elections/voter-information/files/2024-General-Election-Turnout-and-Registration-Report.pdf,9,no
2024,Indiana,9,US House,Ohio,18115,Ohio,RANDOLPH 10,"Timothy ""Tim"" Peck",Erin Houchin,"Russell ""Russ"" Brooksbank",20,74,2,0,96,0.208333,0.770833,0.020833,0.212766,54,0.574468,Republican,5231,3117,0.6,0.595871,1522,1595,0.51,0.51171,https://www.in.gov/sos/elections/voter-information/files/2024-General-Election-Turnout-and-Registration-Report.pdf,9,no
2024,Indiana,9,US House,Ohio,18115,Ohio,RANDOLPH 11,"Timothy ""Tim"" Peck",Erin Houchin,"Russell ""Russ"" Brooksbank",9,40,1,0,50,0.18,0.8,0.02,0.183673,31,0.632653,Republican,5231,3117,0.6,0.595871,1522,1595,0.51,0.51171,https://www.in.gov/sos/elections/voter-information/files/2024-General-Election-Turnout-and-Registration-Report.pdf,9,no
2024,Indiana,9,US House,Ohio,18115,Ohio,UNION 09,"Timothy ""Tim"" Peck",Erin Houchin,"Russell ""Russ"" Brooksbank",48,199,4,0,251,0.191235,0.792829,0.015936,0.194332,151,0.611336,Republican,5231,3117,0.6,0.595871,1522,1595,0.51,0.51171,https://www.in.gov/sos/elections/voter-information/files/2024-General-Election-Turnout-and-Registration-Report.pdf,9,no
2024,Indiana,9,US House,Ripley,18137,Ripley,ADAMS 1 - BATESVILLE,"Timothy ""Tim"" Peck",Erin Houchin,"Russell ""Russ"" Brooksbank",93,378,4,0,475,0.195789,0.795789,0.008421,0.197452,285,0.605096,Republican,22603,14523,0.64,0.642525,8888,5635,0.39,0.388005,https://www.in.gov/sos/elections/voter-information/files/2024-General-Election-Turnout-and-Registration-Report.pdf,9,no
2024,Indiana,9,US House,Ripley,18137,Ripley,ADAMS 1 - SUN DEAR,"Timothy ""Tim"" Peck",Erin Houchin,"Russell ""Russ"" Brooksbank",61,343,1,0,405,0.150617,0.846914,0.002469,0.15099,282,0.69802,Republican,22603,14523,0.64,0.642525,8888,5635,0.39,0.388005,https://www.in.gov/sos/elections/voter-information/files/2024-General-Election-Turnout-and-Registration-Report.pdf,9,no
2024,Indiana,9,US House,Ripley,18137,Ripley,ADAMS 2 - COUNTY,"Timothy ""Tim"" Peck",Erin Houchin,"Russell ""Russ"" Brooksbank",73,540,9,0,622,0.117363,0.868167,0.014469,0.119086,467,0.761827,Republican,22603,14523,0.64,0.642525,8888,5635,0.39,0.388005,https://www.in.gov/sos/elections/voter-information/files/2024-General-Election-Turnout-and-Registration-Report.pdf,9,no
2024,Indiana,9,US House,Ripley,18137,Ripley,ADAMS 2 - SUNMAN,"Timothy ""Tim"" Peck",Erin Houchin,"Russell ""Russ"" Brooksbank",60,321,11,0,392,0.153061,0.818878,0.028061,0.15748,261,0.685039,Republican,22603,14523,0.64,0.642525,8888,5635,0.39,0.388005,https://www.in.gov/sos/elections/voter-information/files/2024-General-Election-Turnout-and-Registration-Report.pdf,9,no
2024,Indiana,9,US House,Ripley,18137,Ripley,ADAMS 3,"Timothy ""Tim"" Peck",Erin Houchin,"Russell ""Russ"" Brooksbank",183,479,11,0,673,0.271917,0.711738,0.016345,0.276435,296,0.44713,Republican,22603,14523,0.64,0.642525,8888,5635,0.39,0.388005,https://www.in.gov/sos/elections/voter-information/files/2024-General-Election-Turnout-and-Registration-Report.pdf,9,no
2024,Indiana,9,US House,Ripley,18137,Ripley,BROWN 1,"Timothy ""Tim"" Peck",Erin Houchin,"Russell ""Russ"" Brooksbank",54,375,8,0,437,0.12357,0.858124,0.018307,0.125874,321,0.748252,Republican,22603,14523,0.64,0.642525,8888,5635,0.39,0.388005,https://www.in.gov/sos/elections/voter-information/files/2024-General-Election-Turnout-and-Registration-Report.pdf,9,no
2024,Indiana,9,US House,Ripley,18137,Ripley,BROWN 2,"Timothy ""Tim"" Peck",Erin Houchin,"Russell ""Russ"" Brooksbank",80,413,6,0,499,0.160321,0.827655,0.012024,0.162272,333,0.675456,Republican,22603,14523,0.64,0.642525,8888,5635,0.39,0.388005,https://www.in.gov/sos/elections/voter-information/files/2024-General-Election-Turnout-and-Registration-Report.pdf,9,no
2024,Indiana,9,US House,Ripley,18137,Ripley,CENTER 1,"Timothy ""Tim"" Peck",Erin Houchin,"Russell ""Russ"" Brooksbank",19,90,3,0,112,0.169643,0.803571,0.026786,0.174312,71,0.651376,Republican,22603,14523,0.64,0.642525,8888,5635,0.39,0.388005,https://www.in.gov/sos/elections/voter-information/files/2024-General-Election-Turnout-and-Registration-Report.pdf,9,no
2024,Indiana,9,US House,Ripley,18137,Ripley,CENTER 1 - OSGOOD,"Timothy ""Tim"" Peck",Erin Houchin,"Russell ""Russ"" Brooksbank",19,132,5,0,156,0.121795,0.846154,0.032051,0.125828,113,0.748344,Republican,22603,14523,0.64,0.642525,8888,5635,0.39,0.388005,https://www.in.gov/sos/elections/voter-information/files/2024-General-Election-Turnout-and-Registration-Report.pdf,9,no
2024,Indiana,9,US House,Ripley,18137,Ripley,CENTER 2,"Timothy ""Tim"" Peck",Erin Houchin,"Russell ""Russ"" Brooksbank",38,167,3,0,208,0.182692,0.802885,0.014423,0.185366,129,0.629268,Republican,22603,14523,0.64,0.642525,8888,5635,0.39,0.388005,https://www.in.gov/sos/elections/voter-information/files/2024-General-Election-Turnout-and-Registration-Report.pdf,9,no
2024,Indiana,9,US House,Ripley,18137,Ripley,CENTER 2 - OSGOOD,"Timothy ""Tim"" Peck",Erin Houchin,"Russell ""Russ"" Brooksbank",43,178,9,0,230,0.186957,0.773913,0.03913,0.19457,135,0.61086,Republican,22603,14523,0.64,0.642525,8888,5635,0.39,0.388005,https://www.in.gov/sos/elections/voter-information/files/2024-General-Election-Turnout-and-Registration-Report.pdf,9,no
2024,Indiana,9,US House,Ripley,18137,Ripley,CENTER 3,"Timothy ""Tim"" Peck",Erin Houchin,"Russell ""Russ"" Brooksbank",34,166,4,0,204,0.166667,0.813725,0.019608,0.17,132,0.66,Republican,22603,14523,0.64,0.642525,8888,5635,0.39,0.388005,https://www.in.gov/sos/elections/voter-information/files/2024-General-Election-Turnout-and-Registration-Report.pdf,9,no
2024,Indiana,9,US House,Ripley,18137,Ripley,CENTER 3 - OSGOOD,"Timothy ""Tim"" Peck",Erin Houchin,"Russell ""Russ"" Brooksbank",31,177,4,0,212,0.146226,0.834906,0.018868,0.149038,146,0.701923,Republican,22603,14523,0.64,0.642525,8888,5635,0.39,0.388005,https://www.in.gov/sos/elections/voter-information/files/2024-General-Election-Turnout-and-Registration-Report.pdf,9,no
2024,Indiana,9,US House,Ripley,18137,Ripley,DELAWARE,"Timothy ""Tim"" Peck",Erin Houchin,"Russell ""Russ"" Brooksbank",114,639,14,0,767,0.148631,0.833116,0.018253,0.151394,525,0.697211,Republican,22603,14523,0.64,0.642525,8888,5635,0.39,0.388005,https://www.in.gov/sos/elections/voter-information/files/2024-General-Election-Turnout-and-Registration-Report.pdf,9,no
2024,Indiana,9,US House,Ripley,18137,Ripley,FED9,"Timothy ""Tim"" Peck",Erin Houchin,"Russell ""Russ"" Brooksbank",2,0,0,0,2,1.0,0.0,0.0,1.0,-2,-1.0,Democratic,22603,14523,0.64,0.642525,8888,5635,0.39,0.388005,https://www.in.gov/sos/elections/voter-information/files/2024-General-Election-Turnout-and-Registration-Report.pdf,9,no
2024,Indiana,9,US House,Ripley,18137,Ripley,FRANKLIN 1,"Timothy ""Tim"" Peck",Erin Houchin,"Russell ""Russ"" Brooksbank",90,521,9,0,620,0.145161,0.840323,0.014516,0.1473,431,0.705401,Republican,22603,14523,0.64,0.642525,8888,5635,0.39,0.388005,https://www.in.gov/sos/elections/voter-information/files/2024-General-Election-Turnout-and-Registration-Report.pdf,9,no
2024,Indiana,9,US House,Ripley,18137,Ripley,FRANKLIN 2,"Timothy ""Tim"" Peck",Erin Houchin,"Russell ""Russ"" Brooksbank",76,481,10,0,567,0.134039,0.848325,0.017637,0.136445,405,0.72711,Republican,22603,14523,0.64,0.642525,8888,5635,0.39,0.388005,https://www.in.gov/sos/elections/voter-information/files/2024-General-Election-Turnout-and-Registration-Report.pdf,9,no
2024,Indiana,9,US House,Ripley,18137,Ripley,FRANKLIN 3,"Timothy ""Tim"" Peck",Erin Houchin,"Russell ""Russ"" Brooksbank",83,436,23,0,542,0.153137,0.804428,0.042435,0.159923,353,0.680154,Republican,22603,14523,0.64,0.642525,8888,5635,0.39,0.388005,https://www.in.gov/sos/elections/voter-information/files/2024-General-Election-Turnout-and-Registration-Report.pdf,9,no
2024,Indiana,9,US House,Ripley,18137,Ripley,JACKSON,"Timothy ""Tim"" Peck",Erin Houchin,"Russell ""Russ"" Brooksbank",48,439,9,0,496,0.096774,0.885081,0.018145,0.098563,391,0.802875,Republican,22603,14523,0.64,0.642525,8888,5635,0.39,0.388005,https://www.in.gov/sos/elections/voter-information/files/2024-General-Election-Turnout-and-Registration-Report.pdf,9,no
2024,Indiana,9,US House,Ripley,18137,Ripley,JOHNSON 1,"Timothy ""Tim"" Peck",Erin Houchin,"Russell ""Russ"" Brooksbank",34,242,10,0,286,0.118881,0.846154,0.034965,0.123188,208,0.753623,Republican,22603,14523,0.64,0.642525,8888,5635,0.39,0.388005,https://www.in.gov/sos/elections/voter-information/files/2024-General-Election-Turnout-and-Registration-Report.pdf,9,no
2024,Indiana,9,US House,Ripley,18137,Ripley,JOHNSON 1 - VERSAILLES,"Timothy ""Tim"" Peck",Erin Houchin,"Russell ""Russ"" Brooksbank",62,242,6,0,310,0.2,0.780645,0.019355,0.203947,180,0.592105,Republican,22603,14523,0.64,0.642525,8888,5635,0.39,0.388005,https://www.in.gov/sos/elections/voter-information/files/2024-General-Election-Turnout-and-Registration-Report.pdf,9,no
2024,Indiana,9,US House,Ripley,18137,Ripley,JOHNSON 2,"Timothy ""Tim"" Peck",Erin Houchin,"Russell ""Russ"" Brooksbank",27,215,7,0,249,0.108434,0.863454,0.028112,0.11157,188,0.77686,Republican,22603,14523,0.64,0.642525,8888,5635,0.39,0.388005,https://www.in.gov/sos/elections/voter-information/files/2024-General-Election-Turnout-and-Registration-Report.pdf,9,no
2024,Indiana,9,US House,Ripley,18137,Ripley,JOHNSON 2 - VERSAILLES,"Timothy ""Tim"" Peck",Erin Houchin,"Russell ""Russ"" Brooksbank",61,249,8,0,318,0.191824,0.783019,0.025157,0.196774,188,0.606452,Republican,22603,14523,0.64,0.642525,8888,5635,0.39,0.388005,https://www.in.gov/sos/elections/voter-information/files/2024-General-Election-Turnout-and-Registration-Report.pdf,9,no
2024,Indiana,9,US House,Ripley,18137,Ripley,JOHNSON 3,"Timothy ""Tim"" Peck",Erin Houchin,"Russell ""Russ"" Brooksbank",66,294,12,0,372,0.177419,0.790323,0.032258,0.183333,228,0.633333,Republican,22603,14523,0.64,0.642525,8888,5635,0.39,0.388005,https://www.in.gov/sos/elections/voter-information/files/2024-General-Election-Turnout-and-Registration-Report.pdf,9,no
2024,Indiana,9,US House,Ripley,18137,Ripley,JOHNSON 3 - VERSAILLES,"Timothy ""Tim"" Peck",Erin Houchin,"Russell ""Russ"" Brooksbank",67,201,6,0,274,0.244526,0.733577,0.021898,0.25,134,0.5,Republican,22603,14523,0.64,0.642525,8888,5635,0.39,0.388005,https://www.in.gov/sos/elections/voter-information/files/2024-General-Election-Turnout-and-Registration-Report.pdf,9,no
2024,Indiana,9,US House,Ripley,18137,Ripley,LAUGHERY 1 - BATESVILLE,"Timothy ""Tim"" Peck",Erin Houchin,"Russell ""Russ"" Brooksbank",120,586,12,0,718,0.167131,0.816156,0.016713,0.169972,466,0.660057,Republican,22603,14523,0.64,0.642525,8888,5635,0.39,0.388005,https://www.in.gov/sos/elections/voter-information/files/2024-General-Election-Turnout-and-Registration-Report.pdf,9,no
2024,Indiana,9,US House,Ripley,18137,Ripley,LAUGHERY 1 - JAC-CEN-DE,"Timothy ""Tim"" Peck",Erin Houchin,"Russell ""Russ"" Brooksbank",3,21,1,0,25,0.12,0.84,0.04,0.125,18,0.75,Republican,22603,14523,0.64,0.642525,8888,5635,0.39,0.388005,https://www.in.gov/sos/elections/voter-information/files/2024-General-Election-Turnout-and-Registration-Report.pdf,9,no
2024,Indiana,9,US House,Ripley,18137,Ripley,LAUGHERY 1-1,"Timothy ""Tim"" Peck",Erin Houchin,"Russell ""Russ"" Brooksbank",242,560,25,0,827,0.292624,0.677146,0.03023,0.301746,318,0.396509,Republican,22603,14523,0.64,0.642525,8888,5635,0.39,0.388005,https://www.in.gov/sos/elections/voter-information/files/2024-General-Election-Turnout-and-Registration-Report.pdf,9,no
2024,Indiana,9,US House,Ripley,18137,Ripley,LAUGHERY 2-1,"Timothy ""Tim"" Peck",Erin Houchin,"Russell ""Russ"" Brooksbank",96,272,7,0,375,0.256,0.725333,0.018667,0.26087,176,0.478261,Republican,22603,14523,0.64,0.642525,8888,5635,0.39,0.388005,https://www.in.gov/sos/elections/voter-information/files/2024-General-Election-Turnout-and-Registration-Report.pdf,9,no
2024,Indiana,9,US House,Ripley,18137,Ripley,LAUGHERY 3-1,"Timothy ""Tim"" Peck",Erin Houchin,"Russell ""Russ"" Brooksbank",158,359,14,0,531,0.297552,0.676083,0.026365,0.305609,201,0.388781,Republican,22603,14523,0.64,0.642525,8888,5635,0.39,0.388005,https://www.in.gov/sos/elections/voter-information/files/2024-General-Election-Turnout-and-Registration-Report.pdf,9,no
2024,Indiana,9,US House,Ripley,18137,Ripley,OTTER CREEK 1,"Timothy ""Tim"" Peck",Erin Houchin,"Russell ""Russ"" Brooksbank",18,195,6,0,219,0.082192,0.890411,0.027397,0.084507,177,0.830986,Republican,22603,14523,0.64,0.642525,8888,5635,0.39,0.388005,https://www.in.gov/sos/elections/voter-information/files/2024-General-Election-Turnout-and-Registration-Report.pdf,9,no
2024,Indiana,9,US House,Ripley,18137,Ripley,OTTER CREEK 1 - HOLTON,"Timothy ""Tim"" Peck",Erin Houchin,"Russell ""Russ"" Brooksbank",15,60,0,0,75,0.2,0.8,0.0,0.2,45,0.6,Republican,22603,14523,0.64,0.642525,8888,5635,0.39,0.388005,https://www.in.gov/sos/elections/voter-information/files/2024-General-Election-Turnout-and-Registration-Report.pdf,9,no
2024,Indiana,9,US House,Ripley,18137,Ripley,OTTER CREEK 2,"Timothy ""Tim"" Peck",Erin Houchin,"Russell ""Russ"" Brooksbank",36,243,6,0,285,0.126316,0.852632,0.021053,0.129032,207,0.741935,Republican,22603,14523,0.64,0.642525,8888,5635,0.39,0.388005,https://www.in.gov/sos/elections/voter-information/files/2024-General-Election-Turnout-and-Registration-Report.pdf,9,no
2024,Indiana,9,US House,Ripley,18137,Ripley,OTTER CREEK 2 - HOLTON,"Timothy ""Tim"" Peck",Erin Houchin,"Russell ""Russ"" Brooksbank",19,60,1,0,80,0.2375,0.75,0.0125,0.240506,41,0.518987,Republican,22603,14523,0.64,0.642525,8888,5635,0.39,0.388005,https://www.in.gov/sos/elections/voter-information/files/2024-General-Election-Turnout-and-Registration-Report.pdf,9,no
2024,Indiana,9,US House,Ripley,18137,Ripley,SHELBY,"Timothy ""Tim"" Peck",Erin Houchin,"Russell ""Russ"" Brooksbank",74,338,8,0,420,0.17619,0.804762,0.019048,0.179612,264,0.640777,Republican,22603,14523,0.64,0.642525,8888,5635,0.39,0.388005,https://www.in.gov/sos/elections/voter-information/files/2024-General-Election-Turnout-and-Registration-Report.pdf,9,no
2024,Indiana,9,US House,Ripley,18137,Ripley,WASHINGTON 1,"Timothy ""Tim"" Peck",Erin Houchin,"Russell ""Russ"" Brooksbank",70,422,9,0,501,0.139721,0.842315,0.017964,0.142276,352,0.715447,Republican,22603,14523,0.64,0.642525,8888,5635,0.39,0.388005,https://www.in.gov/sos/elections/voter-information/files/2024-General-Election-Turnout-and-Registration-Report.pdf,9,no
2024,Indiana,9,US House,Ripley,18137,Ripley,WASHINGTON 2,"Timothy ""Tim"" Peck",Erin Houchin,"Russell ""Russ"" Brooksbank",132,605,16,0,753,0.175299,0.803453,0.021248,0.179104,473,0.641791,Republican,22603,14523,0.64,0.642525,8888,5635,0.39,0.388005,https://www.in.gov/sos/elections/voter-information/files/2024-General-Election-Turnout-and-Registration-Report.pdf,9,no
2024,Indiana,9,US House,Scott,18143,Scott,01-Finley 1,"Timothy ""Tim"" Peck",Erin Houchin,"Russell ""Russ"" Brooksbank",153,591,20,0,764,0.200262,0.77356,0.026178,0.205645,438,0.58871,Republican,17390,10318,0.59,0.593329,5279,5039,0.49,0.48837,https://www.in.gov/sos/elections/voter-information/files/2024-General-Election-Turnout-and-Registration-Report.pdf,9,no
2024,Indiana,9,US House,Scott,18143,Scott,02-Jennings 1,"Timothy ""Tim"" Peck",Erin Houchin,"Russell ""Russ"" Brooksbank",81,265,6,0,352,0.230114,0.752841,0.017045,0.234104,184,0.531792,Republican,17390,10318,0.59,0.593329,5279,5039,0.49,0.48837,https://www.in.gov/sos/elections/voter-information/files/2024-General-Election-Turnout-and-Registration-Report.pdf,9,no
2024,Indiana,9,US House,Scott,18143,Scott,03-Jennings 2,"Timothy ""Tim"" Peck",Erin Houchin,"Russell ""Russ"" Brooksbank",126,216,11,0,353,0.356941,0.611898,0.031161,0.368421,90,0.263158,Republican,17390,10318,0.59,0.593329,5279,5039,0.49,0.48837,https://www.in.gov/sos/elections/voter-information/files/2024-General-Election-Turnout-and-Registration-Report.pdf,9,no
2024,Indiana,9,US House,Scott,18143,Scott,04-Jennings 3,"Timothy ""Tim"" Peck",Erin Houchin,"Russell ""Russ"" Brooksbank",106,254,5,0,365,0.290411,0.69589,0.013699,0.294444,148,0.411111,Republican,17390,10318,0.59,0.593329,5279,5039,0.49,0.48837,https://www.in.gov/sos/elections/voter-information/files/2024-General-Election-Turnout-and-Registration-Report.pdf,9,no
2024,Indiana,9,US House,Scott,18143,Scott,05-Jennings 4,"Timothy ""Tim"" Peck",Erin Houchin,"Russell ""Russ"" Brooksbank",143,480,10,0,633,0.225908,0.758294,0.015798,0.229535,337,0.540931,Republican,17390,10318,0.59,0.593329,5279,5039,0.49,0.48837,https://www.in.gov/sos/elections/voter-information/files/2024-General-Election-Turnout-and-Registration-Report.pdf,9,no
2024,Indiana,9,US House,Scott,18143,Scott,06-Jennings 5,"Timothy ""Tim"" Peck",Erin Houchin,"Russell ""Russ"" Brooksbank",98,260,10,0,368,0.266304,0.706522,0.027174,0.273743,162,0.452514,Republican,17390,10318,0.59,0.593329,5279,5039,0.49,0.48837,https://www.in.gov/sos/elections/voter-information/files/2024-General-Election-Turnout-and-Registration-Report.pdf,9,no
2024,Indiana,9,US House,Scott,18143,Scott,07-Johnson 1,"Timothy ""Tim"" Peck",Erin Houchin,"Russell ""Russ"" Brooksbank",200,729,26,0,955,0.209424,0.763351,0.027225,0.215285,529,0.569429,Republican,17390,10318,0.59,0.593329,5279,5039,0.49,0.48837,https://www.in.gov/sos/elections/voter-information/files/2024-General-Election-Turnout-and-Registration-Report.pdf,9,no
2024,Indiana,9,US House,Scott,18143,Scott,08-Lexington 1,"Timothy ""Tim"" Peck",Erin Houchin,"Russell ""Russ"" Brooksbank",140,570,13,0,723,0.193638,0.788382,0.017981,0.197183,430,0.605634,Republican,17390,10318,0.59,0.593329,5279,5039,0.49,0.48837,https://www.in.gov/sos/elections/voter-information/files/2024-General-Election-Turnout-and-Registration-Report.pdf,9,no
2024,Indiana,9,US House,Scott,18143,Scott,09-Lexington 2,"Timothy ""Tim"" Peck",Erin Houchin,"Russell ""Russ"" Brooksbank",138,428,14,0,580,0.237931,0.737931,0.024138,0.243816,290,0.512367,Republican,17390,10318,0.59,0.593329,5279,5039,0.49,0.48837,https://www.in.gov/sos/elections/voter-information/files/2024-General-Election-Turnout-and-Registration-Report.pdf,9,no
2024,Indiana,9,US House,Scott,18143,Scott,10-Lexington 3,"Timothy ""Tim"" Peck",Erin Houchin,"Russell ""Russ"" Brooksbank",19,96,4,0,119,0.159664,0.806723,0.033613,0.165217,77,0.669565,Republican,17390,10318,0.59,0.593329,5279,5039,0.49,0.48837,https://www.in.gov/sos/elections/voter-information/files/2024-General-Election-Turnout-and-Registration-Report.pdf,9,no
2024,Indiana,9,US House,Scott,18143,Scott,11-Vienna 1,"Timothy ""Tim"" Peck",Erin Houchin,"Russell ""Russ"" Brooksbank",210,662,16,0,888,0.236486,0.745495,0.018018,0.240826,452,0.518349,Republican,17390,10318,0.59,0.593329,5279,5039,0.49,0.48837,https://www.in.gov/sos/elections/voter-information/files/2024-General-Election-Turnout-and-Registration-Report.pdf,9,no
2024,Indiana,9,US House,Scott,18143,Scott,12-Vienna 2,"Timothy ""Tim"" Peck",Erin Houchin,"Russell ""Russ"" Brooksbank",166,347,12,0,525,0.31619,0.660952,0.022857,0.323587,181,0.352827,Republican,17390,10318,0.59,0.593329,5279,5039,0.49,0.48837,https://www.in.gov/sos/elections/voter-information/files/2024-General-Election-Turnout-and-Registration-Report.pdf,9,no
2024,Indiana,9,US House,Scott,18143,Scott,13-Vienna 3,"Timothy ""Tim"" Peck",Erin Houchin,"Russell ""Russ"" Brooksbank",134,332,14,0,480,0.279167,0.691667,0.029167,0.287554,198,0.424893,Republican,17390,10318,0.59,0.593329,5279,5039,0.49,0.48837,https://www.in.gov/sos/elections/voter-information/files/2024-General-Election-Turnout-and-Registration-Report.pdf,9,no
2024,Indiana,9,US House,Scott,18143,Scott,14-Vienna 4,"Timothy ""Tim"" Peck",Erin Houchin,"Russell ""Russ"" Brooksbank",186,456,21,0,663,0.280543,0.687783,0.031674,0.28972,270,0.420561,Republican,17390,10318,0.59,0.593329,5279,5039,0.49,0.48837,https://www.in.gov/sos/elections/voter-information/files/2024-General-Election-Turnout-and-Registration-Report.pdf,9,no
2024,Indiana,9,US House,Scott,18143,Scott,15-Vienna 5,"Timothy ""Tim"" Peck",Erin Houchin,"Russell ""Russ"" Brooksbank",226,640,27,0,893,0.25308,0.716685,0.030235,0.26097,414,0.47806,Republican,17390,10318,0.59,0.593329,5279,5039,0.49,0.48837,https://www.in.gov/sos/elections/voter-information/files/2024-General-Election-Turnout-and-Registration-Report.pdf,9,no
2024,Indiana,9,US House,Scott,18143,Scott,16-Vienna 6,"Timothy ""Tim"" Peck",Erin Houchin,"Russell ""Russ"" Brooksbank",174,490,11,0,675,0.257778,0.725926,0.016296,0.262048,316,0.475904,Republican,17390,10318,0.59,0.593329,5279,5039,0.49,0.48837,https://www.in.gov/sos/elections/voter-information/files/2024-General-Election-Turnout-and-Registration-Report.pdf,9,no
2024,Indiana,9,US House,Switzerland,18155,Switzerland,1-Cotton 1,"Timothy ""Tim"" Peck",Erin Houchin,"Russell ""Russ"" Brooksbank",105,385,9,0,499,0.210421,0.771543,0.018036,0.214286,280,0.571429,Republican,7683,4315,0.56,0.56163,1320,2995,0.69,0.69409,https://www.in.gov/sos/elections/voter-information/files/2024-General-Election-Turnout-and-Registration-Report.pdf,9,no
2024,Indiana,9,US House,Switzerland,18155,Switzerland,10-Posey 1,"Timothy ""Tim"" Peck",Erin Houchin,"Russell ""Russ"" Brooksbank",52,175,5,0,232,0.224138,0.75431,0.021552,0.229075,123,0.54185,Republican,7683,4315,0.56,0.56163,1320,2995,0.69,0.69409,https://www.in.gov/sos/elections/voter-information/files/2024-General-Election-Turnout-and-Registration-Report.pdf,9,no
2024,Indiana,9,US House,Switzerland,18155,Switzerland,11-Posey 2,"Timothy ""Tim"" Peck",Erin Houchin,"Russell ""Russ"" Brooksbank",87,305,10,0,402,0.216418,0.758706,0.024876,0.221939,218,0.556122,Republican,7683,4315,0.56,0.56163,1320,2995,0.69,0.69409,https://www.in.gov/sos/elections/voter-information/files/2024-General-Election-Turnout-and-Registration-Report.pdf,9,no
2024,Indiana,9,US House,Switzerland,18155,Switzerland,12-York,"Timothy ""Tim"" Peck",Erin Houchin,"Russell ""Russ"" Brooksbank",85,343,9,0,437,0.194508,0.784897,0.020595,0.198598,258,0.602804,Republican,7683,4315,0.56,0.56163,1320,2995,0.69,0.69409,https://www.in.gov/sos/elections/voter-information/files/2024-General-Election-Turnout-and-Registration-Report.pdf,9,no
2024,Indiana,9,US House,Switzerland,18155,Switzerland,2-Cotton 2,"Timothy ""Tim"" Peck",Erin Houchin,"Russell ""Russ"" Brooksbank",39,194,3,0,236,0.165254,0.822034,0.012712,0.167382,155,0.665236,Republican,7683,4315,0.56,0.56163,1320,2995,0.69,0.69409,https://www.in.gov/sos/elections/voter-information/files/2024-General-Election-Turnout-and-Registration-Report.pdf,9,no
2024,Indiana,9,US House,Switzerland,18155,Switzerland,3-Craig 1,"Timothy ""Tim"" Peck",Erin Houchin,"Russell ""Russ"" Brooksbank",28,173,5,0,206,0.135922,0.839806,0.024272,0.139303,145,0.721393,Republican,7683,4315,0.56,0.56163,1320,2995,0.69,0.69409,https://www.in.gov/sos/elections/voter-information/files/2024-General-Election-Turnout-and-Registration-Report.pdf,9,no
2024,Indiana,9,US House,Switzerland,18155,Switzerland,4-Craig 2,"Timothy ""Tim"" Peck",Erin Houchin,"Russell ""Russ"" Brooksbank",35,169,3,0,207,0.169082,0.816425,0.014493,0.171569,134,0.656863,Republican,7683,4315,0.56,0.56163,1320,2995,0.69,0.69409,https://www.in.gov/sos/elections/voter-information/files/2024-General-Election-Turnout-and-Registration-Report.pdf,9,no
2024,Indiana,9,US House,Switzerland,18155,Switzerland,5-Jefferson 1,"Timothy ""Tim"" Peck",Erin Houchin,"Russell ""Russ"" Brooksbank",115,328,8,0,451,0.254989,0.727273,0.017738,0.259594,213,0.480813,Republican,7683,4315,0.56,0.56163,1320,2995,0.69,0.69409,https://www.in.gov/sos/elections/voter-information/files/2024-General-Election-Turnout-and-Registration-Report.pdf,9,no
2024,Indiana,9,US House,Switzerland,18155,Switzerland,6-Jefferson 2,"Timothy ""Tim"" Peck",Erin Houchin,"Russell ""Russ"" Brooksbank",179,394,16,0,589,0.303905,0.66893,0.027165,0.312391,215,0.375218,Republican,7683,4315,0.56,0.56163,1320,2995,0.69,0.69409,https://www.in.gov/sos/elections/voter-information/files/2024-General-Election-Turnout-and-Registration-Report.pdf,9,no
2024,Indiana,9,US House,Switzerland,18155,Switzerland,7-Jefferson 3,"Timothy ""Tim"" Peck",Erin Houchin,"Russell ""Russ"" Brooksbank",80,287,7,0,374,0.213904,0.76738,0.018717,0.217984,207,0.564033,Republican,7683,4315,0.56,0.56163,1320,2995,0.69,0.69409,https://www.in.gov/sos/elections/voter-information/files/2024-General-Election-Turnout-and-Registration-Report.pdf,9,no
2024,Indiana,9,US House,Switzerland,18155,Switzerland,8-Pleasant 1,"Timothy ""Tim"" Peck",Erin Houchin,"Russell ""Russ"" Brooksbank",26,120,5,0,151,0.172185,0.794702,0.033113,0.178082,94,0.643836,Republican,7683,4315,0.56,0.56163,1320,2995,0.69,0.69409,https://www.in.gov/sos/elections/voter-information/files/2024-General-Election-Turnout-and-Registration-Report.pdf,9,no
2024,Indiana,9,US House,Switzerland,18155,Switzerland,9-Pleasant 2,"Timothy ""Tim"" Peck",Erin Houchin,"Russell ""Russ"" Brooksbank",44,310,5,0,359,0.122563,0.86351,0.013928,0.124294,266,0.751412,Republican,7683,4315,0.56,0.56163,1320,2995,0.69,0.69409,https://www.in.gov/sos/elections/voter-information/files/2024-General-Election-Turnout-and-Registration-Report.pdf,9,no
2024,Indiana,9,US House,Washington,18175,Washington,BROW - CAMP-WWASH,"Timothy ""Tim"" Peck",Erin Houchin,"Russell ""Russ"" Brooksbank",34,149,7,0,190,0.178947,0.784211,0.036842,0.185792,115,0.628415,Republican,19396,12786,0.66,0.659208,8183,4603,0.36,0.360003,https://www.in.gov/sos/elections/voter-information/files/2024-General-Election-Turnout-and-Registration-Report.pdf,9,no
2024,Indiana,9,US House,Washington,18175,Washington,BROW - WWASH,"Timothy ""Tim"" Peck",Erin Houchin,"Russell ""Russ"" Brooksbank",49,233,11,0,293,0.167235,0.795222,0.037543,0.173759,184,0.652482,Republican,19396,12786,0.66,0.659208,8183,4603,0.36,0.360003,https://www.in.gov/sos/elections/voter-information/files/2024-General-Election-Turnout-and-Registration-Report.pdf,9,no
2024,Indiana,9,US House,Washington,18175,Washington,FEDERAL,"Timothy ""Tim"" Peck",Erin Houchin,"Russell ""Russ"" Brooksbank",3,1,0,0,4,0.75,0.25,0.0,0.75,-2,-0.5,Democratic,19396,12786,0.66,0.659208,8183,4603,0.36,0.360003,https://www.in.gov/sos/elections/voter-information/files/2024-General-Election-Turnout-and-Registration-Report.pdf,9,no
2024,Indiana,9,US House,Washington,18175,Washington,FRAN - EWASH,"Timothy ""Tim"" Peck",Erin Houchin,"Russell ""Russ"" Brooksbank",171,774,34,0,979,0.174668,0.790603,0.034729,0.180952,603,0.638095,Republican,19396,12786,0.66,0.659208,8183,4603,0.36,0.360003,https://www.in.gov/sos/elections/voter-information/files/2024-General-Election-Turnout-and-Registration-Report.pdf,9,no
2024,Indiana,9,US House,Washington,18175,Washington,GIBS - SAL,"Timothy ""Tim"" Peck",Erin Houchin,"Russell ""Russ"" Brooksbank",109,390,17,0,516,0.21124,0.755814,0.032946,0.218437,281,0.563126,Republican,19396,12786,0.66,0.659208,8183,4603,0.36,0.360003,https://www.in.gov/sos/elections/voter-information/files/2024-General-Election-Turnout-and-Registration-Report.pdf,9,no
2024,Indiana,9,US House,Washington,18175,Washington,HOWD - WWASH,"Timothy ""Tim"" Peck",Erin Houchin,"Russell ""Russ"" Brooksbank",95,408,20,0,523,0.181644,0.780115,0.038241,0.188867,313,0.622266,Republican,19396,12786,0.66,0.659208,8183,4603,0.36,0.360003,https://www.in.gov/sos/elections/voter-information/files/2024-General-Election-Turnout-and-Registration-Report.pdf,9,no
2024,Indiana,9,US House,Washington,18175,Washington,JACK - EWASH,"Timothy ""Tim"" Peck",Erin Houchin,"Russell ""Russ"" Brooksbank",205,821,25,0,1051,0.195052,0.781161,0.023787,0.199805,616,0.60039,Republican,19396,12786,0.66,0.659208,8183,4603,0.36,0.360003,https://www.in.gov/sos/elections/voter-information/files/2024-General-Election-Turnout-and-Registration-Report.pdf,9,no
2024,Indiana,9,US House,Washington,18175,Washington,JEFF - SAL,"Timothy ""Tim"" Peck",Erin Houchin,"Russell ""Russ"" Brooksbank",54,299,17,0,370,0.145946,0.808108,0.045946,0.152975,245,0.694051,Republican,19396,12786,0.66,0.659208,8183,4603,0.36,0.360003,https://www.in.gov/sos/elections/voter-information/files/2024-General-Election-Turnout-and-Registration-Report.pdf,9,no
2024,Indiana,9,US House,Washington,18175,Washington,MADI - WWASH,"Timothy ""Tim"" Peck",Erin Houchin,"Russell ""Russ"" Brooksbank",48,214,13,0,275,0.174545,0.778182,0.047273,0.183206,166,0.633588,Republican,19396,12786,0.66,0.659208,8183,4603,0.36,0.360003,https://www.in.gov/sos/elections/voter-information/files/2024-General-Election-Turnout-and-Registration-Report.pdf,9,no
2024,Indiana,9,US House,Washington,18175,Washington,MONR - SAL,"Timothy ""Tim"" Peck",Erin Houchin,"Russell ""Russ"" Brooksbank",65,217,9,0,291,0.223368,0.745704,0.030928,0.230496,152,0.539007,Republican,19396,12786,0.66,0.659208,8183,4603,0.36,0.360003,https://www.in.gov/sos/elections/voter-information/files/2024-General-Election-Turnout-and-Registration-Report.pdf,9,no
2024,Indiana,9,US House,Washington,18175,Washington,PIER - EWASH,"Timothy ""Tim"" Peck",Erin Houchin,"Russell ""Russ"" Brooksbank",148,683,32,0,863,0.171495,0.791425,0.03708,0.178099,535,0.643803,Republican,19396,12786,0.66,0.659208,8183,4603,0.36,0.360003,https://www.in.gov/sos/elections/voter-information/files/2024-General-Election-Turnout-and-Registration-Report.pdf,9,no
2024,Indiana,9,US House,Washington,18175,Washington,PIER - NPEK-EWASH,"Timothy ""Tim"" Peck",Erin Houchin,"Russell ""Russ"" Brooksbank",55,193,8,0,256,0.214844,0.753906,0.03125,0.221774,138,0.556452,Republican,19396,12786,0.66,0.659208,8183,4603,0.36,0.360003,https://www.in.gov/sos/elections/voter-information/files/2024-General-Election-Turnout-and-Registration-Report.pdf,9,no
2024,Indiana,9,US House,Washington,18175,Washington,POLK - EWASH,"Timothy ""Tim"" Peck",Erin Houchin,"Russell ""Russ"" Brooksbank",178,767,37,0,982,0.181263,0.781059,0.037678,0.18836,589,0.62328,Republican,19396,12786,0.66,0.659208,8183,4603,0.36,0.360003,https://www.in.gov/sos/elections/voter-information/files/2024-General-Election-Turnout-and-Registration-Report.pdf,9,no
2024,Indiana,9,US House,Washington,18175,Washington,POLK - NPEK-EWASH,"Timothy ""Tim"" Peck",Erin Houchin,"Russell ""Russ"" Brooksbank",40,123,10,0,173,0.231214,0.710983,0.057803,0.245399,83,0.509202,Republican,19396,12786,0.66,0.659208,8183,4603,0.36,0.360003,https://www.in.gov/sos/elections/voter-information/files/2024-General-Election-Turnout-and-Registration-Report.pdf,9,no
2024,Indiana,9,US House,Washington,18175,Washington,POSY - WWASH,"Timothy ""Tim"" Peck",Erin Houchin,"Russell ""Russ"" Brooksbank",156,621,34,0,811,0.192355,0.765721,0.041924,0.200772,465,0.598456,Republican,19396,12786,0.66,0.659208,8183,4603,0.36,0.360003,https://www.in.gov/sos/elections/voter-information/files/2024-General-Election-Turnout-and-Registration-Report.pdf,9,no
2024,Indiana,9,US House,Washington,18175,Washington,SAL1 - SAL,"Timothy ""Tim"" Peck",Erin Houchin,"Russell ""Russ"" Brooksbank",141,421,18,0,580,0.243103,0.725862,0.031034,0.25089,280,0.498221,Republican,19396,12786,0.66,0.659208,8183,4603,0.36,0.360003,https://www.in.gov/sos/elections/voter-information/files/2024-General-Election-Turnout-and-Registration-Report.pdf,9,no
2024,Indiana,9,US House,Washington,18175,Washington,SAL2 - SAL,"Timothy ""Tim"" Peck",Erin Houchin,"Russell ""Russ"" Brooksbank",174,440,21,0,635,0.274016,0.692913,0.033071,0.283388,266,0.433225,Republican,19396,12786,0.66,0.659208,8183,4603,0.36,0.360003,https://www.in.gov/sos/elections/voter-information/files/2024-General-Election-Turnout-and-Registration-Report.pdf,9,no
2024,Indiana,9,US House,Washington,18175,Washington,SAL3 - SAL,"Timothy ""Tim"" Peck",Erin Houchin,"Russell ""Russ"" Brooksbank",188,482,27,0,697,0.269727,0.691535,0.038737,0.280597,294,0.438806,Republican,19396,12786,0.66,0.659208,8183,4603,0.36,0.360003,https://www.in.gov/sos/elections/voter-information/files/2024-General-Election-Turnout-and-Registration-Report.pdf,9,no
2024,Indiana,9,US House,Washington,18175,Washington,SAL4 - SAL,"Timothy ""Tim"" Peck",Erin Houchin,"Russell ""Russ"" Brooksbank",155,453,23,0,631,0.245642,0.717908,0.03645,0.254934,298,0.490132,Republican,19396,12786,0.66,0.659208,8183,4603,0.36,0.360003,https://www.in.gov/sos/elections/voter-information/files/2024-General-Election-Turnout-and-Registration-Report.pdf,9,no
2024,Indiana,9,US House,Washington,18175,Washington,VERN - WWASH,"Timothy ""Tim"" Peck",Erin Houchin,"Russell ""Russ"" Brooksbank",54,297,11,0,362,0.149171,0.820442,0.030387,0.153846,243,0.692308,Republican,19396,12786,0.66,0.659208,8183,4603,0.36,0.360003,https://www.in.gov/sos/elections/voter-information/files/2024-General-Election-Turnout-and-Registration-Report.pdf,9,no
2024,Indiana,9,US House,Washington,18175,Washington,WAS1 - SAL,"Timothy ""Tim"" Peck",Erin Houchin,"Russell ""Russ"" Brooksbank",145,508,17,0,670,0.216418,0.758209,0.025373,0.222052,363,0.555896,Republican,19396,12786,0.66,0.659208,8183,4603,0.36,0.360003,https://www.in.gov/sos/elections/voter-information/files/2024-General-Election-Turnout-and-Registration-Report.pdf,9,no
2024,Indiana,9,US House,Washington,18175,Washington,WAS3 - SAL,"Timothy ""Tim"" Peck",Erin Houchin,"Russell ""Russ"" Brooksbank",167,682,26,0,875,0.190857,0.779429,0.029714,0.196702,515,0.606596,Republican,19396,12786,0.66,0.659208,8183,4603,0.36,0.360003,https://www.in.gov/sos/elections/voter-information/files/2024-General-Election-Turnout-and-Registration-Report.pdf,9,no
2024,Indiana,9,US House,Washington,18175,Washington,WAS4 - SAL,"Timothy ""Tim"" Peck",Erin Houchin,"Russell ""Russ"" Brooksbank",101,389,13,0,503,0.200795,0.77336,0.025845,0.206122,288,0.587755,Republican,19396,12786,0.66,0.659208,8183,4603,0.36,0.360003,https://www.in.gov/sos/elections/voter-information/files/2024-General-Election-Turnout-and-Registration-Report.pdf,9,no
